SECTION_ID,SECTION_NUMBER,SECTION_TITLE,SOURCE_ATOM_ID,REQUIREMENT_ID,ATOMIC_REQUIREMENT,A_CLASSIFICATIONS,A_EXPECTED_OWNER,CONTROLLER_OWNERSHIP_LAYER,REUSABLE_MECHANIC_OR_DOMAIN_OWNER,W03_DISPOSITION,WORK_ADMISSION,ADMITTED_TASK_ID,RATIONALE
W03-PROP-00,0,CORE PRODUCT THESIS,W03-PROP-00-A000,CEP-REQ-W03-00-000,"W03 must behave as a coherent professional cyber-simulation workstation, not a decorative graph/dashboard/card collection or fake terminal experience.",DESIGN_GUIDANCE_ONLY;DOMAIN_ADAPTER,DomainW03,FUTURE_WRITER_INPUT,WriterGovernance / W03 Product-Thesis Guard,PRESERVE_AS_FUTURE_WRITER_INPUT,DEFER_HIGH_VALUE,,"W03 product-thesis/anti-decoration guidance is a future Writer guard, not an Operational runtime owner."
W03-PROP-00,0,CORE PRODUCT THESIS,W03-PROP-00-A001,CEP-REQ-W03-00-001,Do NOT design W03 as must support the following set where semantically applicable: a graph editor;; a collection of cards;; five disconnected pages;; a topology viewer;; a dashboard;; a fake terminal shell;; a node-and-edge drawing application;; a visual-only prototype;; static devices connected by decorative lines..,DESIGN_GUIDANCE_ONLY;DOMAIN_ADAPTER,DomainW03,FUTURE_WRITER_INPUT,WriterGovernance / W03 Product-Thesis Guard,PRESERVE_AS_FUTURE_WRITER_INPUT,DO_NOW_P0,FND-RSM-P0-003,"W03 anti-fake/disconnected-page thesis is a future Writer guard spanning multiple families, not solely Operational ownership."
W03-PROP-01,1,THE MOST IMPORTANT PRODUCT PRINCIPLE,W03-PROP-01-A000,CEP-REQ-W03-01-000,"Enterprise, Scenarios, Labs, Runs and Results must participate in one continuous build→prepare→operate→observe→replay/analyze workbench while preserving orientation and identity.",FAMILY_ENGINE_OPERATIONAL;FAMILY_ENGINE_ANALYTICAL;STATE_OWNERSHIP,OperationalSurfaceManager,GLOBAL_FOUNDATION,CrossSurfaceContinuityContract + WorkspaceFoundation,EXTRACT_REUSABLE_MECHANIC,DEFER_TO_FAMILY_BUILD,,"Cross-surface workbench continuity and preserved orientation are global workspace/identity concerns, not Review/Audit ownership. Work admission and atom identity preserved; no implementation expansion."
W03-PROP-01,1,THE MOST IMPORTANT PRODUCT PRINCIPLE,W03-PROP-01-A001,CEP-REQ-W03-01-001,Instead: the same or equivalent topology becomes the Runtime projection,FAMILY_ENGINE_OPERATIONAL;FAMILY_ENGINE_ANALYTICAL;STATE_OWNERSHIP,OperationalSurfaceManager,OPERATIONAL_FAMILY,OperationalSurfaceManager / TerminalSurface / RuntimeAdapter / OperationalSessionModel,EXTRACT_REUSABLE_MECHANIC,DEFER_HIGH_VALUE,,Operational mechanic is reusable; only provider-neutral/runtime-causal subset is current bounded work.
W03-PROP-01,1,THE MOST IMPORTANT PRODUCT PRINCIPLE,W03-PROP-01-A002,CEP-REQ-W03-01-002,Instead: device states become alive,FAMILY_ENGINE_OPERATIONAL;FAMILY_ENGINE_ANALYTICAL;STATE_OWNERSHIP,OperationalSurfaceManager,DOMAIN_ADAPTER,RuntimeAdapter state projection + EnterpriseTopologyDomainAdapter,EXTRACT_DOMAIN_VALUE,DEFER_TO_SURFACE_BUILD,,Live device state is runtime truth projected through the Enterprise domain adapter; it is not Enterprise-authored state alone.
W03-PROP-01,1,THE MOST IMPORTANT PRODUCT PRINCIPLE,W03-PROP-01-A003,CEP-REQ-W03-01-003,Instead: links show runtime state,FAMILY_ENGINE_OPERATIONAL;FAMILY_ENGINE_ANALYTICAL;STATE_OWNERSHIP,OperationalSurfaceManager,OPERATIONAL_FAMILY,OperationalSurfaceManager / TerminalSurface / RuntimeAdapter / OperationalSessionModel,EXTRACT_REUSABLE_MECHANIC,DEFER_HIGH_VALUE,,Operational mechanic is reusable; only provider-neutral/runtime-causal subset is current bounded work.
W03-PROP-01,1,THE MOST IMPORTANT PRODUCT PRINCIPLE,W03-PROP-01-A004,CEP-REQ-W03-01-004,Instead: operational tools become available,FAMILY_ENGINE_OPERATIONAL;FAMILY_ENGINE_ANALYTICAL;STATE_OWNERSHIP,OperationalSurfaceManager,OPERATIONAL_FAMILY,ActionAvailabilityCore + RuntimeAdapter capability contract,EXTRACT_DOMAIN_VALUE,DEFER_TO_W03_SURFACE_BUILD,,Operational-tool availability is an Operational capability/policy concern. Work admission and atom identity preserved; no implementation expansion.
W03-PROP-01,1,THE MOST IMPORTANT PRODUCT PRINCIPLE,W03-PROP-01-A005,CEP-REQ-W03-01-005,Instead: commands produce state changes,FAMILY_ENGINE_OPERATIONAL;FAMILY_ENGINE_ANALYTICAL;STATE_OWNERSHIP;SEMANTIC_COMMAND,OperationalSurfaceManager,OPERATIONAL_FAMILY,RuntimeAdapter + domain causal command adapters,EXTRACT_DOMAIN_VALUE,DEFER_TO_W03_SURFACE_BUILD,,Runtime commands producing canonical state changes belong to the operational/runtime command boundary. Work admission and atom identity preserved; no implementation expansion.
W03-PROP-01,1,THE MOST IMPORTANT PRODUCT PRINCIPLE,W03-PROP-01-A006,CEP-REQ-W03-01-006,Instead: telemetry/events appear,FAMILY_ENGINE_OPERATIONAL;FAMILY_ENGINE_ANALYTICAL;STATE_OWNERSHIP,OperationalSurfaceManager,OPERATIONAL_FAMILY,RuntimeAdapter event/telemetry projection contract,EXTRACT_DOMAIN_VALUE,DEFER_TO_W03_SURFACE_BUILD,,"Runtime telemetry/events are operational runtime projections, not a generic W03 domain bucket. Work admission and atom identity preserved; no implementation expansion."
W03-PROP-01,1,THE MOST IMPORTANT PRODUCT PRINCIPLE,W03-PROP-01-A007,CEP-REQ-W03-01-007,Instead: tasks/scenario progression activates,FAMILY_ENGINE_OPERATIONAL;FAMILY_ENGINE_ANALYTICAL;STATE_OWNERSHIP,OperationalSurfaceManager,DOMAIN_ADAPTER,ScenarioDomainAdapter + RunDomainAdapter progression projection,EXTRACT_DOMAIN_VALUE,DEFER_TO_SURFACE_BUILD,,"Scenario/task progression is Scenario domain truth driven/projected through Run execution semantics, not Lab ownership."
W03-PROP-01,1,THE MOST IMPORTANT PRODUCT PRINCIPLE,W03-PROP-01-A008,CEP-REQ-W03-01-008,Instead: the user remains oriented inside the same environment.,FAMILY_ENGINE_OPERATIONAL;FAMILY_ENGINE_ANALYTICAL;STATE_OWNERSHIP,OperationalSurfaceManager,GLOBAL_FOUNDATION,CrossSurfaceContinuityContract + WorkspaceFoundation,EXTRACT_DOMAIN_VALUE,DEFER_TO_W03_SURFACE_BUILD,,Preserving user orientation across mode/surface transitions is a global workbench continuity concern. Work admission and atom identity preserved; no implementation expansion.
W03-PROP-01,1,THE MOST IMPORTANT PRODUCT PRINCIPLE,W03-PROP-01-A009,CEP-REQ-W03-01-009,When the Run ends: Results / Replay should retain device identity,FAMILY_ENGINE_OPERATIONAL;FAMILY_ENGINE_ANALYTICAL;STATE_OWNERSHIP,OperationalSurfaceManager,REVIEW_AUDIT_FAMILY,Evidence/Result/Review contract,EXTRACT_REUSABLE_MECHANIC,DEFER_TO_FAMILY_BUILD,,"Strong future family boundary, not required for current v0.2.1 implementation."
W03-PROP-01,1,THE MOST IMPORTANT PRODUCT PRINCIPLE,W03-PROP-01-A010,CEP-REQ-W03-01-010,When the Run ends: topology context should remain recognizable,FAMILY_ENGINE_OPERATIONAL;FAMILY_ENGINE_ANALYTICAL;STATE_OWNERSHIP,OperationalSurfaceManager,DOMAIN_ADAPTER,EnterpriseTopologyDomainAdapter,EXTRACT_DOMAIN_VALUE,DEFER_TO_SURFACE_BUILD,,Preserve domain value without promoting W03 implementation/design authority.
W03-PROP-01,1,THE MOST IMPORTANT PRODUCT PRINCIPLE,W03-PROP-01-A011,CEP-REQ-W03-01-011,When the Run ends: selecting an historical event may highlight the exact device/link/service,FAMILY_ENGINE_OPERATIONAL;FAMILY_ENGINE_ANALYTICAL;STATE_OWNERSHIP,OperationalSurfaceManager,REVIEW_AUDIT_FAMILY,ReplayContextManager contract + Spatial/domain historical projection,EXTRACT_REUSABLE_MECHANIC,DEFER_TO_SURFACE_BUILD,,Historical event selection/replay context belongs to review/replay semantics with spatial/domain projection.
W03-PROP-01,1,THE MOST IMPORTANT PRODUCT PRINCIPLE,W03-PROP-01-A012,CEP-REQ-W03-01-012,When the Run ends: historical tools become read-only historical views where appropriate.,FAMILY_ENGINE_OPERATIONAL;FAMILY_ENGINE_ANALYTICAL;STATE_OWNERSHIP,OperationalSurfaceManager,REVIEW_AUDIT_FAMILY,ReplayContextManager contract + recorded RuntimeAdapter projection,EXTRACT_DOMAIN_VALUE,DEFER_TO_W03_SURFACE_BUILD,,Historical tools becoming read-only is a replay/review truth-boundary requirement. Work admission and atom identity preserved; no implementation expansion.
W03-PROP-02,2,"BUILD MODE != RUN MODE, BUT THEY SHOULD FEEL CONTINUOUS",W03-PROP-02-A000,CEP-REQ-W03-02-000,Authored definitions and runtime truth must be separate; Runs operate frozen projections and must not silently mutate source definitions.,STATE_OWNERSHIP;DOMAIN_ADAPTER;FAMILY_ENGINE_OPERATIONAL,RuntimeAdapter,GLOBAL_FOUNDATION,StateOwnershipRegistry + RunModeController/RuntimeAdapter frozen-projection boundary,EXTRACT_REUSABLE_MECHANIC,DEFER_HIGH_VALUE,,"Authored-definition versus frozen runtime truth is a cross-family state-ownership boundary, specialized by RuntimeAdapter."
W03-PROP-02,2,"BUILD MODE != RUN MODE, BUT THEY SHOULD FEEL CONTINUOUS",W03-PROP-02-A001,CEP-REQ-W03-02-001,BUILD MODE must support the following set where semantically applicable: edit definitions;; add/remove devices;; connect interfaces;; configure intended properties;; design Digital Twin;; define Scenario;; define Lab;; configure initial state..,STATE_OWNERSHIP;DOMAIN_ADAPTER;FAMILY_ENGINE_OPERATIONAL,RuntimeAdapter,DOMAIN_ADAPTER,W03 authoring domain adapters + SemanticCommand boundary,EXTRACT_REUSABLE_MECHANIC,DO_NOW_P1,FND-RSM-P1-004,"Build-mode authoring spans Enterprise, Twin, Scenario and Lab semantics; it is not primarily Spatial selection ownership. Work admission and atom identity preserved; no implementation expansion."
W03-PROP-02,2,"BUILD MODE != RUN MODE, BUT THEY SHOULD FEEL CONTINUOUS",W03-PROP-02-A002,CEP-REQ-W03-02-002,RUN MODE must support the following set where semantically applicable: operate a frozen runtime projection;; interact with devices;; issue simulated commands;; observe runtime state;; generate events;; inspect telemetry;; execute tasks;; pause/resume/stop;; troubleshoot..,STATE_OWNERSHIP;DOMAIN_ADAPTER;FAMILY_ENGINE_OPERATIONAL;SEMANTIC_COMMAND,RuntimeAdapter,OPERATIONAL_FAMILY,OperationalSurfaceManager / TerminalSurface / RuntimeAdapter / OperationalSessionModel,EXTRACT_REUSABLE_MECHANIC,DEFER_HIGH_VALUE,,Operational mechanic is reusable; only provider-neutral/runtime-causal subset is current bounded work.
W03-PROP-02,2,"BUILD MODE != RUN MODE, BUT THEY SHOULD FEEL CONTINUOUS",W03-PROP-02-A003,CEP-REQ-W03-02-003,Provide an explicit future-only PROMOTE_RUNTIME_CHANGE_TO_NEW_DRAFT path if runtime state is ever promoted; never make promotion implicit.,STATE_OWNERSHIP;DOMAIN_ADAPTER;FAMILY_ENGINE_OPERATIONAL,RuntimeAdapter,OPERATIONAL_FAMILY,OperationalSurfaceManager / TerminalSurface / RuntimeAdapter / OperationalSessionModel,EXTRACT_REUSABLE_MECHANIC,DEFER_HIGH_VALUE,,Operational mechanic is reusable; only provider-neutral/runtime-causal subset is current bounded work.
W03-PROP-03,3,W03 IS NOT THE VISUALIZE ENGINE,W03-PROP-03-A000,CEP-REQ-W03-03-000,Reuse generic spatial mechanics through the shared spatial engine while W03 retains device/network/scenario/lab/run/result semantics and canonical relationship authority.,FAMILY_ENGINE_SPATIAL;DOMAIN_ADAPTER;STATE_OWNERSHIP,SpatialInteractionCore,SPATIAL_FAMILY,RelationInteraction + RelationDomainAdapter + RelationComposer,EXTRACT_REUSABLE_MECHANIC,PRESENT_NEEDS_BETTER_TEST,FND-RSM-P1-004;FND-RSM-P1-009,Canonical relation mutation already exists; reuse/tighten rather than reimplement.
W03-PROP-03,3,W03 IS NOT THE VISUALIZE ENGINE,W03-PROP-03-A001,CEP-REQ-W03-03-001,VISUALIZE / SPATIAL ENGINE can provide generic mechanics must support the following set where semantically applicable: viewport;; pan;; zoom;; fit;; minimap;; node representation;; generic edges;; drag;; multi-select;; marquee;; keyboard spatial navigation;; group movement;; snapping;; grid;; alignment;; distribution;; layering;; canvas object placement;; representation positioning;; viewport persistence..,FAMILY_ENGINE_SPATIAL;DOMAIN_ADAPTER;STATE_OWNERSHIP;ACCESSIBILITY;RESPONSIVE,SpatialInteractionCore,SPATIAL_FAMILY,SemanticSpatialNavigator + PointerContextLifecycle,EXTRACT_REUSABLE_MECHANIC,DO_NOW_P1,FND-RSM-P1-007,Current bounded Spatial hardening.
W03-PROP-03,3,W03 IS NOT THE VISUALIZE ENGINE,W03-PROP-03-A002,CEP-REQ-W03-03-002,W03 owns meaning must support the following set where semantically applicable: Device identity;; Device type;; Device behavior;; interfaces/ports;; network semantics;; Enterprise relationships;; Digital Twin semantics;; Scenario semantics;; Lab semantics;; runtime state;; Run identity;; simulated command semantics;; causal effects;; events;; telemetry;; validation;; tasks;; Results truth..,FAMILY_ENGINE_SPATIAL;DOMAIN_ADAPTER;STATE_OWNERSHIP;SEMANTIC_COMMAND,SpatialInteractionCore,DOMAIN_ADAPTER,W03 domain adapters / canonical semantic owners,EXTRACT_REUSABLE_MECHANIC,PRESENT_NEEDS_BETTER_TEST,FND-RSM-P1-004;FND-RSM-P1-009,"The atom explicitly assigns W03 semantic meaning and canonical domain truth, while Spatial remains representation. Work admission and atom identity preserved; no implementation expansion."
W03-PROP-03,3,W03 IS NOT THE VISUALIZE ENGINE,W03-PROP-03-A003,CEP-REQ-W03-03-003,Visual/spatial representation state and W03 canonical domain meaning must remain separate state/semantic owners.,FAMILY_ENGINE_SPATIAL;DOMAIN_ADAPTER;STATE_OWNERSHIP,SpatialInteractionCore,SPATIAL_FAMILY,SpatialModel representation state + W03 domain-adapter canonical truth boundary,EXTRACT_REUSABLE_MECHANIC,DEFER_TO_W03_SURFACE_BUILD,,Spatial representation state must remain separate from W03 canonical domain truth through an adapter boundary.
W03-PROP-04,4,GLOBAL W03 WORKBENCH STRUCTURE,W03-PROP-04-A000,CEP-REQ-W03-04-000,"Compose W03 inside a configurable professional workspace shell with CENTER as primary work and progressive disclosure for panes, shelves, floating tools, palettes and status layers.",GLOBAL_FOUNDATION;LAYOUT_PRIMITIVE;PREFERENCE,WorkspaceFoundation,GLOBAL_FOUNDATION,WorkspaceFoundation + PaneLayoutController + ContextInspector,EXTRACT_REUSABLE_MECHANIC,DO_NOW_P1,FND-RSM-P1-005,Global host/presentation only; domain context comes through descriptors.
W03-PROP-04,4,GLOBAL W03 WORKBENCH STRUCTURE,W03-PROP-04-A001,CEP-REQ-W03-04-001,Support must support the following set where semantically applicable: dock;; undock;; resize;; collapse;; hide;; overlay;; move;; tab;; split;; restore;; save layout..,GLOBAL_FOUNDATION;LAYOUT_PRIMITIVE;PREFERENCE,WorkspaceFoundation,GLOBAL_FOUNDATION,PaneLayoutController + WorkspaceFoundation + future LayoutProfileManager,EXTRACT_REUSABLE_MECHANIC,DO_NOW_P0,FND-RSM-P0-003,"Dock/undock/resize/collapse/tab/split/restore layout are workspace layout mechanics, not Structured document ownership. Work admission and atom identity preserved; no implementation expansion."
W03-PROP-04,4,GLOBAL W03 WORKBENCH STRUCTURE,W03-PROP-04-A002,CEP-REQ-W03-04-002,CENTER remains the current primary work region; panels/tools use progressive disclosure instead of permanent competition.,GLOBAL_FOUNDATION;LAYOUT_PRIMITIVE;PREFERENCE,WorkspaceFoundation,GLOBAL_FOUNDATION,WorkspaceFoundation + PaneLayoutController + ContextInspector,EXTRACT_REUSABLE_MECHANIC,DO_NOW_P1,FND-RSM-P1-005,Global host/presentation only; domain context comes through descriptors.
W03-PROP-05,5,OPERATIONAL SURFACE MANAGER — CRITICAL,W03-PROP-05-A000,CEP-REQ-W03-05-000,Operational device/service tools require a professional Operational Surface Manager supporting movable/resizable/dockable/tabbed/split/pinned/minimized/maximized presentation without becoming ordinary modal dialogs.,FAMILY_ENGINE_OPERATIONAL;LAYOUT_PRIMITIVE;INTERACTION_GRAMMAR;ACCESSIBILITY,OperationalSurfaceManager,OPERATIONAL_FAMILY,OperationalSurfaceManager / TerminalSurface / RuntimeAdapter / OperationalSessionModel,EXTRACT_REUSABLE_MECHANIC,DEFER_TO_FAMILY_BUILD,,Operational mechanic is reusable; only provider-neutral/runtime-causal subset is current bounded work.
W03-PROP-05,5,OPERATIONAL SURFACE MANAGER — CRITICAL,W03-PROP-05-A001,CEP-REQ-W03-05-001,"Each Operational Surface should support, when applicable must support the following set where semantically applicable: drag;; resize;; snap;; dock;; undock;; pin;; unpin;; minimize;; maximize;; restore;; close;; reopen;; focus;; move-to-pane;; move-to-tab-group;; split;; merge;; reorder;; keyboard move;; keyboard resize;; session status;; device identity;; Run identity;; tool identity..",FAMILY_ENGINE_OPERATIONAL;LAYOUT_PRIMITIVE;INTERACTION_GRAMMAR;ACCESSIBILITY;STATE_OWNERSHIP,OperationalSurfaceManager,OPERATIONAL_FAMILY,OperationalSurfaceAttachmentController interface / OperationalSessionModel,EXTRACT_REUSABLE_MECHANIC,DO_NOW_P0,FND-RSM-P0-003,Operational window attachment/presentation lifecycle belongs to Operational family; future attachment controller remains deferred. Work admission and atom identity preserved; no implementation expansion.
W03-PROP-05,5,OPERATIONAL SURFACE MANAGER — CRITICAL,W03-PROP-05-A002,CEP-REQ-W03-05-002,"Operational presentation-state changes must preserve device identity, Run identity, tool identity and session identity.",FAMILY_ENGINE_OPERATIONAL;LAYOUT_PRIMITIVE;INTERACTION_GRAMMAR;ACCESSIBILITY;STATE_OWNERSHIP,OperationalSurfaceManager,OPERATIONAL_FAMILY,OperationalSurfaceManager / TerminalSurface / RuntimeAdapter / OperationalSessionModel,EXTRACT_REUSABLE_MECHANIC,DEFER_HIGH_VALUE,,Operational mechanic is reusable; only provider-neutral/runtime-causal subset is current bounded work.
W03-PROP-06,6,TWO DIFFERENT KINDS OF PINNING,W03-PROP-06-A000,CEP-REQ-W03-06-000,Operational surfaces must distinguish viewport pinning from device anchoring and permit presentation-mode conversion without destroying session identity.,FAMILY_ENGINE_OPERATIONAL;FAMILY_ENGINE_SPATIAL;STATE_OWNERSHIP,OperationalSurfaceManager,OPERATIONAL_FAMILY,OperationalSurfaceAttachmentController interface / OperationalSessionModel,EXTRACT_REUSABLE_MECHANIC,PRESENT_NEEDS_BETTER_TEST,,Device anchoring vs viewport pinning is an Operational surface attachment state over stable session identity. Work admission and atom identity preserved; no implementation expansion.
W03-PROP-06,6,TWO DIFFERENT KINDS OF PINNING,W03-PROP-06-A001,CEP-REQ-W03-06-001,"ANCHOR_TO_DEVICE, PIN_TO_VIEWPORT, DOCKED and CENTER_TAB are presentation states, not session recreation commands.",FAMILY_ENGINE_OPERATIONAL;FAMILY_ENGINE_SPATIAL;STATE_OWNERSHIP;RESPONSIVE;SEMANTIC_COMMAND,OperationalSurfaceManager,OPERATIONAL_FAMILY,OperationalSurfaceAttachmentController interface / OperationalSessionModel,EXTRACT_REUSABLE_MECHANIC,PRESENT_NEEDS_BETTER_TEST,,Attachment/presentation modes must not recreate operational sessions. Work admission and atom identity preserved; no implementation expansion.
W03-PROP-07,7,"STICKY-NOTE FREEDOM, BUT PROFESSIONAL SESSION SEMANTICS",W03-PROP-07-A000,CEP-REQ-W03-07-000,"Operational surfaces may borrow free-movement affordances from sticky notes but must preserve session lifecycle, I/O, device/run association, reconnect, focus, accessibility, history and status semantics.",FAMILY_ENGINE_OPERATIONAL;STATE_OWNERSHIP,OperationalSurfaceManager,OPERATIONAL_FAMILY,OperationalSurfaceManager / TerminalSurface / RuntimeAdapter / OperationalSessionModel,EXTRACT_REUSABLE_MECHANIC,DO_NOW_P0,FND-RSM-P0-003,"Operational lifecycle, I/O, reconnect and status semantics dominate borrowed visual affordances. Work admission and atom identity preserved; no implementation expansion."
W03-PROP-07,7,"STICKY-NOTE FREEDOM, BUT PROFESSIONAL SESSION SEMANTICS",W03-PROP-07-A001,CEP-REQ-W03-07-001,Floating shells may borrow UX qualities from Sticky Notes must support the following set where semantically applicable: free movement;; pinning;; resizable frame;; always-visible option;; spatial memory..,FAMILY_ENGINE_OPERATIONAL;STATE_OWNERSHIP,OperationalSurfaceManager,OPERATIONAL_FAMILY,OperationalSurfaceAttachmentController interface + SessionPresentation,EXTRACT_REUSABLE_MECHANIC,DO_NOW_P0,FND-RSM-P0-003,Sticky-note-like floating affordances are presentation mechanics of Operational surfaces and must preserve session identity. Work admission and atom identity preserved; no implementation expansion.
W03-PROP-07,7,"STICKY-NOTE FREEDOM, BUT PROFESSIONAL SESSION SEMANTICS",W03-PROP-07-A002,CEP-REQ-W03-07-002,An Operational Surface has must support the following set where semantically applicable: session lifecycle;; active I/O;; device association;; runtime association;; reconnect behavior;; accessibility semantics;; focus semantics;; command history;; status;; possibly authentication/context identity..,FAMILY_ENGINE_OPERATIONAL;STATE_OWNERSHIP;SEMANTIC_COMMAND,OperationalSurfaceManager,OPERATIONAL_FAMILY,OperationalSurfaceManager / TerminalSurface / RuntimeAdapter / OperationalSessionModel,EXTRACT_REUSABLE_MECHANIC,DO_NOW_P1,FND-RSM-P1-007,Explicit operational session/I-O/runtime/reconnect semantics are not Spatial-navigation ownership. Work admission and atom identity preserved; no implementation expansion.
W03-PROP-08,8,DEVICE INTERACTION GRAMMAR,W03-PROP-08-A000,CEP-REQ-W03-08-000,Multiple pointer/keyboard/context/palette/inspector routes for device operations must converge on one semantic command owner.,SEMANTIC_COMMAND;ACTION_AVAILABILITY;INTERACTION_GRAMMAR,SemanticCommandCore,GLOBAL_FOUNDATION,SemanticCommandRegistry + ActionSurfaceRegistry + domain capability adapters,EXTRACT_REUSABLE_MECHANIC,DO_NOW_P1,FND-RSM-P1-005,"Multiple routes must converge on one semantic command/action-surface owner; panes/context presentation are consumers, not command ownership."
W03-PROP-08,8,DEVICE INTERACTION GRAMMAR,W03-PROP-08-A001,CEP-REQ-W03-08-001,Possible interaction routes must support the following set where semantically applicable: double click;; context menu;; keyboard shortcut;; command palette;; quick-action button;; device inspector;; device list;; action ring;; multi-select actions..,SEMANTIC_COMMAND;ACTION_AVAILABILITY;INTERACTION_GRAMMAR;ACCESSIBILITY,SemanticCommandCore,GLOBAL_FOUNDATION,ActionSurfaceRegistry + SemanticCommandRegistry + domain capability adapters,EXTRACT_REUSABLE_MECHANIC,DO_NOW_P1,FND-RSM-P1-005,Device interaction routes are shared action/command grammar with domain capability filtering.
W03-PROP-08,8,DEVICE INTERACTION GRAMMAR,W03-PROP-08-A002,CEP-REQ-W03-08-002,Availability of OPEN_TERMINAL/OPEN_BROWSER/START/STOP/etc. is capability- and mode-dependent even when multiple routes expose the same semantic command.,SEMANTIC_COMMAND;ACTION_AVAILABILITY;INTERACTION_GRAMMAR,SemanticCommandCore,GLOBAL_FOUNDATION,ActionAvailabilityCore + RuntimeAdapter capability predicate,EXTRACT_REUSABLE_MECHANIC,DEFER_HIGH_VALUE,,Multi-route command availability should use the shared generic availability seam with Operational capability input. Work admission and atom identity preserved; no implementation expansion.
W03-PROP-09,9,DOUBLE-CLICK BEHAVIOR,W03-PROP-09-A000,CEP-REQ-W03-09-000,Double-click behavior must be capability- and mode-aware and configurable rather than hard-coded globally to Terminal.,SEMANTIC_COMMAND;PREFERENCE;ACTION_AVAILABILITY,ActionAvailabilityCore,GLOBAL_FOUNDATION,ActionSurfaceRegistry + ActionAvailabilityCore + domain capability predicate,EXTRACT_REUSABLE_MECHANIC,DEFER_HIGH_VALUE,,Double-click dispatch is a shared interaction-route policy whose semantic target depends on domain capability/mode. Work admission and atom identity preserved; no implementation expansion.
W03-PROP-09,9,DOUBLE-CLICK BEHAVIOR,W03-PROP-09-A001,CEP-REQ-W03-09-001,Double-click policy must resolve per mode/entity capability and be stored as a preference when configurable.,SEMANTIC_COMMAND;PREFERENCE;ACTION_AVAILABILITY,ActionAvailabilityCore,GLOBAL_FOUNDATION,ActionSurfaceRegistry + ScopedPreferences + domain capability predicate,EXTRACT_DOMAIN_VALUE,DEFER_TO_W03_SURFACE_BUILD,,"Configurable double-click policy combines shared interaction routing, preferences and domain capabilities. Work admission and atom identity preserved; no implementation expansion."
W03-PROP-10,10,TERMINAL / SHELL EXPERIENCE,W03-PROP-10-A000,CEP-REQ-W03-10-000,"Terminal/Shell must provide professional stable-session behavior, editing/navigation/scrollback, multi-session tabs/splits, reconnect/state truth and configurable presentation without session recreation.",FAMILY_ENGINE_OPERATIONAL;PREFERENCE;ACCESSIBILITY;STATE_OWNERSHIP,TerminalSessionManager,OPERATIONAL_FAMILY,TerminalSurface / RuntimeAdapter / OperationalSessionModel,EXTRACT_REUSABLE_MECHANIC,DO_NOW_P1,FND-RSM-P1-004,Terminal stable-session behavior and multi-session lifecycle are Operational/Terminal semantics. Work admission and atom identity preserved; no implementation expansion.
W03-PROP-10,10,TERMINAL / SHELL EXPERIENCE,W03-PROP-10-A001,CEP-REQ-W03-10-001,Design for must support the following set where semantically applicable: true session identity;; device hostname;; prompt;; command history;; autocomplete if device behavior supports it;; scrollback;; selection;; copy;; paste;; find;; clear;; command navigation;; resize;; persistent scroll;; terminal tabs;; split terminal;; multiple sessions per device where supported;; reconnect;; connection state;; pause state;; stale state;; ended-run state;; historical replay/read-only mode..,FAMILY_ENGINE_OPERATIONAL;PREFERENCE;ACCESSIBILITY;STATE_OWNERSHIP;SEMANTIC_COMMAND,TerminalSessionManager,OPERATIONAL_FAMILY,TerminalSurface / RuntimeAdapter / OperationalSessionModel,EXTRACT_REUSABLE_MECHANIC,DO_NOW_P1,FND-RSM-P1-004,Terminal history/scrollback/copy/paste/find/session/reconnect semantics belong to Terminal/Operational family. Work admission and atom identity preserved; no implementation expansion.
W03-PROP-10,10,TERMINAL / SHELL EXPERIENCE,W03-PROP-10-A002,CEP-REQ-W03-10-002,Provide customization must support the following set where semantically applicable: font family;; font size;; line height;; cursor style;; cursor blink;; scrollback size;; contrast;; terminal theme;; padding;; opacity/transparency where appropriate;; audible/visual bell;; shell profile;; keyboard mapping..,FAMILY_ENGINE_OPERATIONAL;PREFERENCE;ACCESSIBILITY;STATE_OWNERSHIP,TerminalSessionManager,OPERATIONAL_FAMILY,TerminalSurface accessibility/preferences seam,EXTRACT_REUSABLE_MECHANIC,DO_NOW_P1,FND-RSM-P1-007,Terminal-specific presentation preferences belong to Terminal/Operational family with shared preference binding. Work admission and atom identity preserved; no implementation expansion.
W03-PROP-10,10,TERMINAL / SHELL EXPERIENCE,W03-PROP-10-A003,CEP-REQ-W03-10-003,Changing terminal presentation among FLOATING/DOCKED/TABBED/SPLIT/MAXIMIZED/ZEN/POPOUT must not start a new runtime session.,FAMILY_ENGINE_OPERATIONAL;PREFERENCE;ACCESSIBILITY;STATE_OWNERSHIP;SEMANTIC_COMMAND,TerminalSessionManager,OPERATIONAL_FAMILY,OperationalSurfaceManager / TerminalSurface / RuntimeAdapter / OperationalSessionModel,EXTRACT_REUSABLE_MECHANIC,DEFER_TO_FAMILY_BUILD,,Operational mechanic is reusable; only provider-neutral/runtime-causal subset is current bounded work.
W03-PROP-11,11,TERMINAL REALISM,W03-PROP-11-A000,CEP-REQ-W03-11-000,Terminal output must be causally backed by simulation state/behavior/events/telemetry/validation rather than decorative text.,FAMILY_ENGINE_OPERATIONAL;DOMAIN_ADAPTER;CONFORMANCE_TEST,InternalSimulationAdapter,OPERATIONAL_FAMILY,OperationalSurfaceManager / TerminalSurface / RuntimeAdapter / OperationalSessionModel,EXTRACT_REUSABLE_MECHANIC,DEFER_HIGH_VALUE,,Operational mechanic is reusable; only provider-neutral/runtime-causal subset is current bounded work.
W03-PROP-11,11,TERMINAL REALISM,W03-PROP-11-A001,CEP-REQ-W03-11-001,The simulation should also be capable of producing must support the following set where semantically applicable: interface state change;; route impact;; reachability change;; dependent service impact;; event;; telemetry;; Scenario/Lab validation effect..,FAMILY_ENGINE_OPERATIONAL;DOMAIN_ADAPTER;CONFORMANCE_TEST;STATE_OWNERSHIP,InternalSimulationAdapter,DOMAIN_ADAPTER,InternalSimulationAdapter + RuntimeAdapter causal projection + Scenario/Lab validation adapters,EXTRACT_DOMAIN_VALUE,DEFER_TO_SURFACE_BUILD,,Simulation consequences originate in runtime/simulation truth and may feed Scenario/Lab validation adapters; Lab cannot own the causal engine.
W03-PROP-11,11,TERMINAL REALISM,W03-PROP-11-A002,CEP-REQ-W03-11-002,"A simulated command consequence should propagate through canonical device/network/service state, events, telemetry, task/validation and visible output when those semantics exist.",FAMILY_ENGINE_OPERATIONAL;DOMAIN_ADAPTER;CONFORMANCE_TEST;SEMANTIC_COMMAND;STATE_OWNERSHIP,InternalSimulationAdapter,DOMAIN_ADAPTER,InternalSimulationAdapter + RuntimeAdapter causal/event projection + domain observers,EXTRACT_DOMAIN_VALUE,DEFER_TO_SURFACE_BUILD,,Canonical simulation consequences are Runtime/Simulation owned and projected to telemetry/tasks/validation/output observers.
W03-PROP-12,12,MULTI-DEVICE OPERATION,W03-PROP-12-A000,CEP-REQ-W03-12-000,"The Operational family must support simultaneous multi-device tools with stable sessions, rapid switching, grouping, tabs/splits, search, keyboard navigation and restoration without visual chaos.",FAMILY_ENGINE_OPERATIONAL;LAYOUT_PRIMITIVE;INTERACTION_GRAMMAR,TerminalSessionManager,OPERATIONAL_FAMILY,OperationalSessionModel + SessionPresentation + future SessionShelf,EXTRACT_REUSABLE_MECHANIC,DO_NOW_P1,FND-RSM-P1-007,"The atom explicitly defines multi-device operational sessions, switching, grouping, search and restoration. Work admission and atom identity preserved; no implementation expansion."
W03-PROP-12,12,MULTI-DEVICE OPERATION,W03-PROP-12-A001,CEP-REQ-W03-12-001,Allow must support the following set where semantically applicable: multiple sessions;; fast switching;; tabs;; split panes;; session groups;; session shelf;; quick switcher;; search sessions;; keyboard next/previous session;; close/reopen;; session restoration..,FAMILY_ENGINE_OPERATIONAL;LAYOUT_PRIMITIVE;INTERACTION_GRAMMAR;ACCESSIBILITY,TerminalSessionManager,OPERATIONAL_FAMILY,OperationalSessionModel / SessionPresentation / future SessionShelf,EXTRACT_REUSABLE_MECHANIC,DO_NOW_P1,FND-RSM-P1-005,Multi-session switching/shelf/search/reopen is Operational session ownership; SessionShelf remains deferred. Work admission and atom identity preserved; no implementation expansion.
W03-PROP-13,13,SESSION SHELF,W03-PROP-13-A000,CEP-REQ-W03-13-000,A compact Session Shelf should expose stable operational session identities/status and allow focus/restore/close/pin/move/group without becoming a duplicate session owner.,FAMILY_ENGINE_OPERATIONAL;STATE_OWNERSHIP;ACTION_AVAILABILITY,TerminalSessionManager,OPERATIONAL_FAMILY,future SessionShelf over OperationalSessionModel,PRESERVE_AND_IMPROVE,DO_NOW_P1,FND-RSM-P1-005,"Session Shelf is an Operational presentation over stable session identities, not ResponsiveLayoutState ownership. Work admission and atom identity preserved; no implementation expansion."
W03-PROP-13,13,SESSION SHELF,W03-PROP-13-A001,CEP-REQ-W03-13-001,Each item may show must support the following set where semantically applicable: active;; idle;; warning;; disconnected;; paused;; ended;; historical..,FAMILY_ENGINE_OPERATIONAL;STATE_OWNERSHIP;ACTION_AVAILABILITY;SEMANTIC_COMMAND,TerminalSessionManager,OPERATIONAL_FAMILY,OperationalSessionModel + future SessionShelf presentation,EXTRACT_REUSABLE_MECHANIC,DO_NOW_P1,FND-RSM-P1-004,Active/idle/warning/disconnected/paused/ended/historical are session lifecycle/status projections. Work admission and atom identity preserved; no implementation expansion.
W03-PROP-13,13,SESSION SHELF,W03-PROP-13-A002,CEP-REQ-W03-13-002,User can must support the following set where semantically applicable: focus;; restore;; close;; pin;; move;; group..,FAMILY_ENGINE_OPERATIONAL;STATE_OWNERSHIP;ACTION_AVAILABILITY,TerminalSessionManager,OPERATIONAL_FAMILY,SessionPresentation + future SessionShelf,EXTRACT_REUSABLE_MECHANIC,DO_NOW_P1,FND-RSM-P1-007,Focus/restore/close/pin/move/group are Session Shelf/operational presentation actions. Work admission and atom identity preserved; no implementation expansion.
W03-PROP-14,14,ENTERPRISE SURFACE,W03-PROP-14-A000,CEP-REQ-W03-14-000,"Enterprise is a domain environment builder over shared structured/spatial mechanics; object, device, network, zone, service and relation semantics remain Enterprise-owned and connections are interface-aware.",DOMAIN_ADAPTER;FAMILY_ENGINE_SPATIAL;FAMILY_ENGINE_STRUCTURED,DomainW03,DOMAIN_ADAPTER,EnterpriseTopologyDomainAdapter + shared Structured/Spatial/Operational family adapters,EXTRACT_DOMAIN_VALUE,PRESENT_NEEDS_BETTER_TEST,FND-RSM-P1-004;FND-RSM-P1-009,Enterprise environment semantics are Enterprise-owned while reusable workbench mechanics come from shared families.
W03-PROP-14,14,ENTERPRISE SURFACE,W03-PROP-14-A001,CEP-REQ-W03-14-001,Primary purposes must support the following set where semantically applicable: define the organization/environment;; define systems;; devices;; networks;; services;; applications;; identities;; controls;; dependencies;; relationships;; Digital Twins;; Baselines..,DOMAIN_ADAPTER;FAMILY_ENGINE_SPATIAL;FAMILY_ENGINE_STRUCTURED,DomainW03,DOMAIN_ADAPTER,EnterpriseTopologyDomainAdapter + shared family capabilities,EXTRACT_DOMAIN_VALUE,PRESENT_NEEDS_BETTER_TEST,FND-RSM-P1-004;FND-RSM-P1-009,"Enterprise systems/devices/networks/services/identities/control semantics are domain-owned, not RelationInteraction-owned."
W03-PROP-14,14,ENTERPRISE SURFACE,W03-PROP-14-A002,CEP-REQ-W03-14-002,LEFT must support the following set where semantically applicable: asset/device palette;; Enterprise object catalog;; layers;; search;; saved views..,DOMAIN_ADAPTER;FAMILY_ENGINE_SPATIAL;FAMILY_ENGINE_STRUCTURED,DomainW03,DOMAIN_ADAPTER,EnterpriseTopologyDomainAdapter,EXTRACT_DOMAIN_VALUE,DEFER_TO_SURFACE_BUILD,,Preserve domain value without promoting W03 implementation/design authority.
W03-PROP-14,14,ENTERPRISE SURFACE,W03-PROP-14-A003,CEP-REQ-W03-14-003,CENTER must support the following set where semantically applicable: topology / Digital Twin canvas;; flexible spatial modeling;; devices;; networks;; groups;; zones;; relationships..,DOMAIN_ADAPTER;FAMILY_ENGINE_SPATIAL;FAMILY_ENGINE_STRUCTURED,DomainW03,SPATIAL_FAMILY,SpatialViewportEngine / CameraModel,EXTRACT_REUSABLE_MECHANIC,PRESENT_NEEDS_BETTER_TEST,FND-RSM-P1-004;FND-RSM-P1-009,Shared spatial representation mechanic; retain domain model separately.
W03-PROP-14,14,ENTERPRISE SURFACE,W03-PROP-14-A004,CEP-REQ-W03-14-004,Device selected must support the following set where semantically applicable: identity;; type;; interfaces;; capabilities;; properties;; simulation behavior;; associated services;; source;; revision..,DOMAIN_ADAPTER;FAMILY_ENGINE_SPATIAL;FAMILY_ENGINE_STRUCTURED;STATE_OWNERSHIP,DomainW03,DOMAIN_ADAPTER,EnterpriseTopologyDomainAdapter,EXTRACT_DOMAIN_VALUE,DEFER_TO_SURFACE_BUILD,,Preserve domain value without promoting W03 implementation/design authority.
W03-PROP-14,14,ENTERPRISE SURFACE,W03-PROP-14-A005,CEP-REQ-W03-14-005,Link selected must support the following set where semantically applicable: endpoints;; interfaces;; link type;; bandwidth;; status;; semantics..,DOMAIN_ADAPTER;FAMILY_ENGINE_SPATIAL;FAMILY_ENGINE_STRUCTURED,DomainW03,DOMAIN_ADAPTER,EnterpriseTopologyDomainAdapter,EXTRACT_DOMAIN_VALUE,DEFER_TO_W03_SURFACE_BUILD,,Selected-link interface/bandwidth/status semantics are Enterprise domain properties presented through shared spatial mechanics.
W03-PROP-14,14,ENTERPRISE SURFACE,W03-PROP-14-A006,CEP-REQ-W03-14-006,Zone selected must support the following set where semantically applicable: name;; network;; trust;; segmentation;; members..,DOMAIN_ADAPTER;FAMILY_ENGINE_SPATIAL;FAMILY_ENGINE_STRUCTURED,DomainW03,DOMAIN_ADAPTER,EnterpriseTopologyDomainAdapter,EXTRACT_DOMAIN_VALUE,DEFER_TO_SURFACE_BUILD,,Preserve domain value without promoting W03 implementation/design authority.
W03-PROP-14,14,ENTERPRISE SURFACE,W03-PROP-14-A007,CEP-REQ-W03-14-007,Provide must support the following set where semantically applicable: drag/drop;; quick add;; duplicate;; multi-select;; group;; align;; distribute;; copy/paste;; keyboard move;; undo/redo;; snapping;; grid;; zoom;; minimap;; search-to-focus..,DOMAIN_ADAPTER;FAMILY_ENGINE_SPATIAL;FAMILY_ENGINE_STRUCTURED;ACCESSIBILITY,DomainW03,SPATIAL_FAMILY,SpatialModel / SpatialInteraction / SemanticSpatialNavigator,EXTRACT_REUSABLE_MECHANIC,DO_NOW_P0,FND-RSM-P0-003,Drag/multi-select/group/align/distribute/grid/zoom/minimap/search-to-focus are Spatial mechanics. Work admission and atom identity preserved; no implementation expansion.
W03-PROP-14,14,ENTERPRISE SURFACE,W03-PROP-14-A008,CEP-REQ-W03-14-008,Enterprise relation authoring must choose explicit compatible source/target interfaces and reject incompatible combinations before canonical commit.,DOMAIN_ADAPTER;FAMILY_ENGINE_SPATIAL;FAMILY_ENGINE_STRUCTURED,DomainW03,SPATIAL_FAMILY,RelationInteraction + RelationDomainAdapter + RelationComposer,EXTRACT_REUSABLE_MECHANIC,PRESENT_NEEDS_BETTER_TEST,FND-RSM-P1-004;FND-RSM-P1-009,Canonical relation mutation already exists; reuse/tighten rather than reimplement.
W03-PROP-15,15,ENTERPRISE — DEVICE LIBRARY,W03-PROP-15-A000,CEP-REQ-W03-15-000,Enterprise device/object palette needs searchable/filterable/favoritable/recent/custom-template/preset behavior without hard vendor dependency.,DOMAIN_ADAPTER;SURFACE_SPECIFIC,DomainW03,DOMAIN_ADAPTER,EnterpriseTopologyDomainAdapter,EXTRACT_DOMAIN_VALUE,DEFER_TO_SURFACE_BUILD,,Preserve domain value without promoting W03 implementation/design authority.
W03-PROP-15,15,ENTERPRISE — DEVICE LIBRARY,W03-PROP-15-A001,CEP-REQ-W03-15-001,Support must support the following set where semantically applicable: search;; favorites;; recently used;; categories;; filters;; custom templates;; saved device presets..,DOMAIN_ADAPTER;SURFACE_SPECIFIC,DomainW03,DOMAIN_ADAPTER,EnterpriseTopologyDomainAdapter,EXTRACT_DOMAIN_VALUE,DEFER_TO_SURFACE_BUILD,,Preserve domain value without promoting W03 implementation/design authority.
W03-PROP-16,16,DIGITAL TWIN EXPERIENCE,W03-PROP-16-A000,CEP-REQ-W03-16-000,"Digital Twin must separate Enterprise definition, Twin simulation properties and Run state, with explicit revision/validation/publish/clone/compare/baseline semantics.",DOMAIN_ADAPTER;STATE_OWNERSHIP;SURFACE_SPECIFIC,DomainW03,ANALYTICAL_FAMILY,AnalyticalCompare contract,EXTRACT_REUSABLE_MECHANIC,DEFER_TO_FAMILY_BUILD,,"Strong future family boundary, not required for current v0.2.1 implementation."
W03-PROP-16,16,DIGITAL TWIN EXPERIENCE,W03-PROP-16-A001,CEP-REQ-W03-16-001,Support must support the following set where semantically applicable: Draft;; Revision;; Validate;; Publish Revision;; Clone Revision;; Compare Revision;; Create Baseline..,DOMAIN_ADAPTER;STATE_OWNERSHIP;SURFACE_SPECIFIC,DomainW03,ANALYTICAL_FAMILY,AnalyticalCompare contract,EXTRACT_REUSABLE_MECHANIC,DEFER_TO_FAMILY_BUILD,,"Strong future family boundary, not required for current v0.2.1 implementation."
W03-PROP-16,16,DIGITAL TWIN EXPERIENCE,W03-PROP-16-A002,CEP-REQ-W03-16-002,Potential per-device Twin properties must support the following set where semantically applicable: initial state;; capabilities;; behavior;; service state;; control behavior;; telemetry generation;; event rules;; reset rules..,DOMAIN_ADAPTER;STATE_OWNERSHIP;SURFACE_SPECIFIC,DomainW03,DOMAIN_ADAPTER,EnterpriseTopologyDomainAdapter,EXTRACT_DOMAIN_VALUE,DEFER_TO_SURFACE_BUILD,,Preserve domain value without promoting W03 implementation/design authority.
W03-PROP-17,17,SCENARIOS SURFACE,W03-PROP-17-A000,CEP-REQ-W03-17-000,"Scenario authoring must model phases, branches, tasks, conditions, triggers, roles, environment contracts, Lab references, paths, events, timing, dependencies, checkpoints and validation across interchangeable representations without duplicating truth.",DOMAIN_ADAPTER;FAMILY_ENGINE_STRUCTURED;FAMILY_ENGINE_SPATIAL,DomainW03,DOMAIN_ADAPTER,ScenarioDomainAdapter / Scenario composition,EXTRACT_DOMAIN_VALUE,DEFER_TO_SURFACE_BUILD,,Scenario authoring phases/branches/tasks/triggers/conditions are Scenario domain truth over shared family mechanics.
W03-PROP-17,17,SCENARIOS SURFACE,W03-PROP-17-A001,CEP-REQ-W03-17-001,Support must support the following set where semantically applicable: scenario identity;; purpose;; learning/operational objective;; phases;; branches;; tasks;; conditions;; triggers;; roles;; teams;; environment contract;; Lab module references;; success/failure paths;; injects;; events;; timing;; dependencies;; checkpoints;; scoring/validation logic where appropriate..,DOMAIN_ADAPTER;FAMILY_ENGINE_STRUCTURED;FAMILY_ENGINE_SPATIAL;STATE_OWNERSHIP,DomainW03,DOMAIN_ADAPTER,ScenarioDomainAdapter / Scenario composition,EXTRACT_DOMAIN_VALUE,DEFER_TO_SURFACE_BUILD,,Scenario-specific representations and semantics remain Scenario-owned while consuming reusable engines.
W03-PROP-17,17,SCENARIOS SURFACE,W03-PROP-17-A002,CEP-REQ-W03-17-002,Switching Scenario representations (timeline/lanes/flow/dependency/outline) must not duplicate Scenario truth.,DOMAIN_ADAPTER;FAMILY_ENGINE_STRUCTURED;FAMILY_ENGINE_SPATIAL,DomainW03,DOMAIN_ADAPTER,ScenarioDomainAdapter / Scenario composition,EXTRACT_DOMAIN_VALUE,DEFER_TO_SURFACE_BUILD,,Scenario semantics remain W03 domain value; no current surface build.
W03-PROP-18,18,SCENARIO AUTHORING INTERACTIONS,W03-PROP-18-A000,CEP-REQ-W03-18-000,Scenario authoring interactions must dispatch semantic commands; arbitrary visual edges must never silently define execution logic.,DOMAIN_ADAPTER;SEMANTIC_COMMAND;INTERACTION_GRAMMAR,RelationInteraction,SPATIAL_FAMILY,RelationInteraction + RelationDomainAdapter + RelationComposer,EXTRACT_REUSABLE_MECHANIC,PRESENT_NEEDS_BETTER_TEST,FND-RSM-P1-004;FND-RSM-P1-009,Canonical relation mutation already exists; reuse/tighten rather than reimplement.
W03-PROP-18,18,SCENARIO AUTHORING INTERACTIONS,W03-PROP-18-A001,CEP-REQ-W03-18-001,Support must support the following set where semantically applicable: add phase;; reorder phase;; create branch;; connect condition;; add task;; assign role;; reference Lab;; define trigger;; define completion condition;; attach event/inject;; set timing;; duplicate component;; group;; collapse;; expand;; filter;; search;; validate..,DOMAIN_ADAPTER;SEMANTIC_COMMAND;INTERACTION_GRAMMAR,RelationInteraction,DOMAIN_ADAPTER,ScenarioDomainAdapter + semantic authoring commands,EXTRACT_REUSABLE_MECHANIC,PRESENT_NEEDS_BETTER_TEST,FND-RSM-P1-004,Phase/branch/task/role/trigger/condition authoring is Scenario semantic state; Spatial mechanics are optional representations. Work admission and atom identity preserved; no implementation expansion.
W03-PROP-18,18,SCENARIO AUTHORING INTERACTIONS,W03-PROP-18-A002,CEP-REQ-W03-18-002,"Scenario relation/branch authoring must be semantic and validated, not a decorative line gesture.",DOMAIN_ADAPTER;SEMANTIC_COMMAND;INTERACTION_GRAMMAR,RelationInteraction,SPATIAL_FAMILY,RelationInteraction + RelationDomainAdapter + RelationComposer,EXTRACT_REUSABLE_MECHANIC,PRESENT_NEEDS_BETTER_TEST,FND-RSM-P1-004;FND-RSM-P1-009,Canonical relation mutation already exists; reuse/tighten rather than reimplement.
W03-PROP-19,19,SCENARIO RUNTIME CONTINUITY,W03-PROP-19-A000,CEP-REQ-W03-19-000,"During a Run, Scenario representation should become a live projection of current phase/tasks/transitions/injects/events/activity rather than be replaced by a generic dashboard.",DOMAIN_ADAPTER;FAMILY_ENGINE_OPERATIONAL;STATE_OWNERSHIP,RuntimeAdapter,DOMAIN_ADAPTER,ScenarioDomainAdapter + RunDomainAdapter/runtime projection,EXTRACT_DOMAIN_VALUE,DEFER_TO_SURFACE_BUILD,,Scenario runtime continuity crosses Scenario definition and Run/runtime projection; it is not Lab domain ownership.
W03-PROP-20,20,LABS SURFACE,W03-PROP-20-A000,CEP-REQ-W03-20-000,"Labs must be reusable practical-exercise definitions with metadata, objectives, environment requirements, tasks/exercises, validation, hints, artifacts, telemetry expectations, outcomes and assessment across professional views.",DOMAIN_ADAPTER;FAMILY_ENGINE_STRUCTURED,StructuredDocumentDomainAdapter,SURFACE_SPECIFIC,W03 composition/design guidance,DEFER_TO_W03_SURFACE_BUILD,DEFER_TO_SURFACE_BUILD,,Design guidance is valuable but cannot define Foundation implementation.
W03-PROP-20,20,LABS SURFACE,W03-PROP-20-A001,CEP-REQ-W03-20-001,A Lab may contain must support the following set where semantically applicable: metadata;; objectives;; instructions;; environment requirements;; devices;; services;; tasks;; exercises;; validation;; hints;; artifacts;; telemetry expectations;; simulated outcomes;; assessment points..,DOMAIN_ADAPTER;FAMILY_ENGINE_STRUCTURED,StructuredDocumentDomainAdapter,DOMAIN_ADAPTER,LabDomainAdapter / Lab composition,EXTRACT_DOMAIN_VALUE,DEFER_TO_SURFACE_BUILD,,The atom enumerates Lab definition semantics and should not be owned by Enterprise topology. Work admission and atom identity preserved; no implementation expansion.
W03-PROP-21,21,LAB TASK EXPERIENCE,W03-PROP-21-A000,CEP-REQ-W03-21-000,"Lab tasks may be ordered, unordered, dependency-bound, branching, conditional, optional or trigger-hidden and bind to concrete device/service/event/telemetry/command/state/artifact/validation semantics.",DOMAIN_ADAPTER;STATE_OWNERSHIP,DomainW03,DOMAIN_ADAPTER,LabDomainAdapter / Lab task model,EXTRACT_DOMAIN_VALUE,DEFER_TO_SURFACE_BUILD,,Task ordering/dependency/branching/validation semantics are Lab-domain ownership. Work admission and atom identity preserved; no implementation expansion.
W03-PROP-21,21,LAB TASK EXPERIENCE,W03-PROP-21-A001,CEP-REQ-W03-21-001,Lab tasks may support must support the following set where semantically applicable: ordered;; unordered;; dependency-bound;; branching;; conditional;; optional;; hidden-until-triggered..,DOMAIN_ADAPTER;STATE_OWNERSHIP,DomainW03,DOMAIN_ADAPTER,LabDomainAdapter / Lab composition,EXTRACT_DOMAIN_VALUE,DEFER_TO_SURFACE_BUILD,,Preserve domain value without promoting W03 implementation/design authority.
W03-PROP-22,22,LAB RUNTIME EXPERIENCE,W03-PROP-22-A000,CEP-REQ-W03-22-000,"Lab runtime should activate the same environment, context-sensitive tasks, direct operational tools and truthful state-based validation/progress without forcing a disconnected generic Run page.",DOMAIN_ADAPTER;FAMILY_ENGINE_OPERATIONAL;ACTION_AVAILABILITY,RuntimeAdapter,DOMAIN_ADAPTER,LabDomainAdapter + Run projection contract,EXTRACT_REUSABLE_MECHANIC,DO_NOW_P1,FND-RSM-P1-004,"Lab runtime continuity, contextual tasks and validation are Lab/Run-domain semantics consuming shared Operational tools. Work admission and atom identity preserved; no implementation expansion."
W03-PROP-22,22,LAB RUNTIME EXPERIENCE,W03-PROP-22-A001,CEP-REQ-W03-22-001,When running a Lab must support the following set where semantically applicable: environment becomes operational;; task panel becomes context-sensitive;; operational tools open directly from devices;; validation can observe state;; hints may be available depending policy;; progress should never fake completion;; user actions should drive state..,DOMAIN_ADAPTER;FAMILY_ENGINE_OPERATIONAL;ACTION_AVAILABILITY;STATE_OWNERSHIP,RuntimeAdapter,DOMAIN_ADAPTER,LabDomainAdapter + RuntimeAdapter validation projection,EXTRACT_REUSABLE_MECHANIC,DO_NOW_P1,FND-RSM-P1-005,"Environment activation, task context and state-based validation are Lab runtime-domain behavior, not workspace pane ownership. Work admission and atom identity preserved; no implementation expansion."
W03-PROP-23,23,RUNS SURFACE,W03-PROP-23-A000,CEP-REQ-W03-23-000,Runs require explicit lifecycle states and preflight/readiness validation while keeping the operational topology/work area central instead of becoming a dashboard wall.,DOMAIN_ADAPTER;FAMILY_ENGINE_OPERATIONAL;STATE_OWNERSHIP,RuntimeAdapter,DOMAIN_ADAPTER,RunDomainAdapter / RunModeController contract,EXTRACT_DOMAIN_VALUE,DEFER_TO_SURFACE_BUILD,,Run lifecycle and preflight/readiness are Run-domain state-machine semantics. Work admission and atom identity preserved; no implementation expansion.
W03-PROP-23,23,RUNS SURFACE,W03-PROP-23-A001,CEP-REQ-W03-23-001,Preflight may inspect must support the following set where semantically applicable: required environment;; required devices;; configuration validity;; capabilities;; Scenario/Lab compatibility;; unresolved dependencies;; simulation readiness..,DOMAIN_ADAPTER;FAMILY_ENGINE_OPERATIONAL;STATE_OWNERSHIP,RuntimeAdapter,DOMAIN_ADAPTER,RunDomainAdapter / Preflight capability contract,EXTRACT_DOMAIN_VALUE,DEFER_TO_SURFACE_BUILD,,"Preflight validation is Run-domain readiness logic, not Enterprise topology ownership. Work admission and atom identity preserved; no implementation expansion."
W03-PROP-23,23,RUNS SURFACE,W03-PROP-23-A002,CEP-REQ-W03-23-002,Possible runtime information must support the following set where semantically applicable: current task;; current phase;; device states;; link states;; alerts;; events;; telemetry;; active sessions;; operational surfaces;; runtime topology;; task progression;; snapshots;; checkpoints where appropriate;; elapsed time;; pause/resume..,DOMAIN_ADAPTER;FAMILY_ENGINE_OPERATIONAL;STATE_OWNERSHIP;SEMANTIC_COMMAND,RuntimeAdapter,OPERATIONAL_FAMILY,OperationalSurfaceManager + RuntimeAdapter session/event projection,EXTRACT_REUSABLE_MECHANIC,PRESENT_NEEDS_BETTER_TEST,,"Current task/phase, device/link state, telemetry, sessions and runtime controls are operational runtime projections. Work admission and atom identity preserved; no implementation expansion."
W03-PROP-23,23,RUNS SURFACE,W03-PROP-23-A003,CEP-REQ-W03-23-003,Preflight must expose missing environment/device/config/capability/scenario-lab/dependency/readiness truth before RUNNING.,DOMAIN_ADAPTER;FAMILY_ENGINE_OPERATIONAL;STATE_OWNERSHIP,RuntimeAdapter,DOMAIN_ADAPTER,RunDomainAdapter / Preflight capability contract,EXTRACT_DOMAIN_VALUE,DEFER_TO_SURFACE_BUILD,,Preflight missing-readiness truth belongs to the Run-domain preflight boundary. Work admission and atom identity preserved; no implementation expansion.
W03-PROP-24,24,RUN START EXPERIENCE,W03-PROP-24-A000,CEP-REQ-W03-24-000,Run start must be a deliberate Build→Preflight→Freeze/Project→Prepare→Ready→Running transition that preserves workspace context and changes action availability/state truth appropriately.,DOMAIN_ADAPTER;FAMILY_ENGINE_OPERATIONAL;STATE_OWNERSHIP;ACTION_AVAILABILITY,RuntimeAdapter,DOMAIN_ADAPTER,RunDomainAdapter / RunModeController contract,EXTRACT_DOMAIN_VALUE,DEFER_TO_W03_SURFACE_BUILD,,Build→Preflight→Ready→Running is the Run-domain transition that feeds shared availability/presentation policies. Work admission and atom identity preserved; no implementation expansion.
W03-PROP-24,24,RUN START EXPERIENCE,W03-PROP-24-A001,CEP-REQ-W03-24-001,For example must support the following set where semantically applicable: canvas remains;; authored editing controls become locked/disabled;; runtime status appears;; device state badges activate;; operational tool actions become prominent;; runtime toolbar appears..,DOMAIN_ADAPTER;FAMILY_ENGINE_OPERATIONAL;STATE_OWNERSHIP;ACTION_AVAILABILITY,RuntimeAdapter,GLOBAL_FOUNDATION,ActionAvailabilityCore + WorkspaceFoundation mode projection,EXTRACT_REUSABLE_MECHANIC,PRESENT_NEEDS_BETTER_TEST,,Mode transitions change visible/enabled authoring/runtime routes through shared availability and workspace projection. Work admission and atom identity preserved; no implementation expansion.
W03-PROP-24,24,RUN START EXPERIENCE,W03-PROP-24-A002,CEP-REQ-W03-24-002,Run transition may disable authored mutation routes and enable runtime operational routes without losing canvas/object context.,DOMAIN_ADAPTER;FAMILY_ENGINE_OPERATIONAL;STATE_OWNERSHIP;ACTION_AVAILABILITY,RuntimeAdapter,GLOBAL_FOUNDATION,ActionAvailabilityCore + WorkspaceFoundation + RunModeController input,EXTRACT_REUSABLE_MECHANIC,PRESENT_NEEDS_BETTER_TEST,,Disabling authoring mutation and enabling runtime routes is shared action availability driven by canonical Run mode. Work admission and atom identity preserved; no implementation expansion.
W03-PROP-25,25,RUN TOOLBAR,W03-PROP-25-A000,CEP-REQ-W03-25-000,Run controls should be compact/contextual and route Start/Pause/Resume/Stop and task/events/telemetry/session/timeline/navigation actions through semantic commands.,DOMAIN_ADAPTER;ACTION_AVAILABILITY;SEMANTIC_COMMAND;LAYOUT_PRIMITIVE,ActionAvailabilityCore,GLOBAL_FOUNDATION,ActionAvailabilityCore + SemanticCommandRegistry + RunDomainAdapter capability binding,EXTRACT_REUSABLE_MECHANIC,DO_NOW_P1,FND-RSM-P1-005,"Run toolbar controls are contextual actions governed by shared availability/semantic-command ownership plus Run capabilities, not responsive layout state."
W03-PROP-26,26,DEVICE STATES,W03-PROP-26-A000,CEP-REQ-W03-26-000,Device runtime states require strong visual and non-visual representation and must never rely on color alone.,DOMAIN_ADAPTER;ACCESSIBILITY,ConformanceHarness,OPERATIONAL_FAMILY,OperationalSurfaceManager / TerminalSurface / RuntimeAdapter / OperationalSessionModel,EXTRACT_REUSABLE_MECHANIC,DEFER_HIGH_VALUE,,Operational mechanic is reusable; only provider-neutral/runtime-causal subset is current bounded work.
W03-PROP-27,27,LINKS / CONNECTIONS DURING RUN,W03-PROP-27-A000,CEP-REQ-W03-27-000,Runtime links must communicate operational state/traffic/security overlays with user-controllable detail and clutter reduction.,DOMAIN_ADAPTER;FAMILY_ENGINE_SPATIAL;PREFERENCE,SpatialInteractionCore,SPATIAL_FAMILY,Spatial link representation + RuntimeAdapter link-state projection + CameraModel clutter policy,EXTRACT_REUSABLE_MECHANIC,DEFER_HIGH_VALUE,,Runtime link state is projected onto shared spatial link representation; camera policy controls clutter while runtime owns live state.
W03-PROP-28,28,PACKET / NETWORK INTERACTION,W03-PROP-28-A000,CEP-REQ-W03-28-000,Network operational tools may expose interface/capture/protocol/flow/route/table/policy/connectivity semantics only when supported by the active simulation provider; unsupported protocol depth must not be faked.,DOMAIN_ADAPTER;FAMILY_ENGINE_OPERATIONAL;ACTION_AVAILABILITY,RuntimeAdapter,OPERATIONAL_FAMILY,OperationalSurfaceManager + RuntimeAdapter capability + ActionAvailabilityCore,EXTRACT_REUSABLE_MECHANIC,DO_NOW_P1,FND-RSM-P1-004,"Network operational tools are provider-capability-gated Operational actions, not Spatial selection ownership. Work admission and atom identity preserved; no implementation expansion."
W03-PROP-28,28,PACKET / NETWORK INTERACTION,W03-PROP-28-A001,CEP-REQ-W03-28-001,Consider first-class network operations must support the following set where semantically applicable: inspect interface;; packet capture;; protocol summary;; link statistics;; flow history;; connection state;; route view;; ARP/table-like simulated views;; firewall policy effect;; connectivity testing..,DOMAIN_ADAPTER;FAMILY_ENGINE_OPERATIONAL;ACTION_AVAILABILITY;STATE_OWNERSHIP,RuntimeAdapter,OPERATIONAL_FAMILY,OperationalSurfaceManager + RuntimeAdapter network-tool capability contract,EXTRACT_REUSABLE_MECHANIC,DO_NOW_P1,FND-RSM-P1-004,Packet/protocol/route/flow/policy/connectivity tools are Operational surfaces/actions gated by provider capability. Work admission and atom identity preserved; no implementation expansion.
W03-PROP-29,29,RESULTS SURFACE,W03-PROP-29-A000,CEP-REQ-W03-29-000,"Results must be an analytical continuation of the exact Run identity with summary, replay, AAR, compare and evidence-candidate handoff—not a metric-card dashboard.",FAMILY_ENGINE_ANALYTICAL;DOMAIN_ADAPTER;STATE_OWNERSHIP,AnalyticalWorkbenchCore,ANALYTICAL_FAMILY,AnalyticalCompare contract,EXTRACT_REUSABLE_MECHANIC,DEFER_TO_FAMILY_BUILD,,"Strong future family boundary, not required for current v0.2.1 implementation."
W03-PROP-29,29,RESULTS SURFACE,W03-PROP-29-A001,CEP-REQ-W03-29-001,Results preserves exact Run identity as the root of replay/AAR/compare/evidence candidate projections.,FAMILY_ENGINE_ANALYTICAL;DOMAIN_ADAPTER;STATE_OWNERSHIP,AnalyticalWorkbenchCore,ANALYTICAL_FAMILY,AnalyticalCompare contract,EXTRACT_REUSABLE_MECHANIC,DEFER_TO_FAMILY_BUILD,,"Strong future family boundary, not required for current v0.2.1 implementation."
W03-PROP-30,30,REPLAY EXPERIENCE,W03-PROP-30-A000,CEP-REQ-W03-30-000,Replay must navigate recorded Run history across timeline/topology/events/device-state/artifacts and never mutate history.,FAMILY_ENGINE_ANALYTICAL;STATE_OWNERSHIP,AnalyticalWorkbenchCore,REVIEW_AUDIT_FAMILY,future ReplayContextManager + recorded RuntimeAdapter projections,EXTRACT_REUSABLE_MECHANIC,DEFER_HIGH_VALUE,,Replay navigation over immutable Run history is Review/Audit historical-context ownership. Work admission and atom identity preserved; no implementation expansion.
W03-PROP-30,30,REPLAY EXPERIENCE,W03-PROP-30-A001,CEP-REQ-W03-30-001,Selecting timeline point must support the following set where semantically applicable: highlight relevant devices;; show historical state;; update event context;; allow historical terminal/tool output where preserved;; expose artifacts/snapshots..,FAMILY_ENGINE_ANALYTICAL;STATE_OWNERSHIP,AnalyticalWorkbenchCore,REVIEW_AUDIT_FAMILY,future ReplayContextManager + historical context projections,EXTRACT_REUSABLE_MECHANIC,DEFER_HIGH_VALUE,,Timeline-point historical state synchronization belongs to replay/review context. Work admission and atom identity preserved; no implementation expansion.
W03-PROP-30,30,REPLAY EXPERIENCE,W03-PROP-30-A002,CEP-REQ-W03-30-002,Timeline selection should synchronize historical device/link/service/event/tool context without enabling live mutation.,FAMILY_ENGINE_ANALYTICAL;STATE_OWNERSHIP,AnalyticalWorkbenchCore,REVIEW_AUDIT_FAMILY,future ReplayContextManager + ActionAvailabilityCore read-only policy,EXTRACT_REUSABLE_MECHANIC,DO_NOW_P1,FND-RSM-P1-004,Historical selection/context synchronization with live-mutation denial is replay/review policy. Work admission and atom identity preserved; no implementation expansion.
W03-PROP-31,31,REPLAY TOOL MODE,W03-PROP-31-A000,CEP-REQ-W03-31-000,Operational surfaces opened during Replay must clearly become recorded read-only historical viewers rather than live execution surfaces.,FAMILY_ENGINE_ANALYTICAL;FAMILY_ENGINE_OPERATIONAL;STATE_OWNERSHIP;ACTION_AVAILABILITY,AnalyticalWorkbenchCore,OPERATIONAL_FAMILY,OperationalSurfaceManager / TerminalSurface / RuntimeAdapter / OperationalSessionModel,EXTRACT_REUSABLE_MECHANIC,DEFER_HIGH_VALUE,,Operational mechanic is reusable; only provider-neutral/runtime-causal subset is current bounded work.
W03-PROP-31,31,REPLAY TOOL MODE,W03-PROP-31-A001,CEP-REQ-W03-31-001,Results/Replay has no live shell execution route; preserved terminal/tool output is RECORDED_READ_ONLY.,FAMILY_ENGINE_ANALYTICAL;FAMILY_ENGINE_OPERATIONAL;STATE_OWNERSHIP;ACTION_AVAILABILITY,AnalyticalWorkbenchCore,OPERATIONAL_FAMILY,OperationalSurfaceManager / TerminalSurface / RuntimeAdapter / OperationalSessionModel,EXTRACT_REUSABLE_MECHANIC,DEFER_HIGH_VALUE,,Operational mechanic is reusable; only provider-neutral/runtime-causal subset is current bounded work.
W03-PROP-32,32,AFTER-ACTION REVIEW — AAR,W03-PROP-32-A000,CEP-REQ-W03-32-000,AAR annotations/findings/bookmarks/lessons/comments/tags/evidence links are analytical interpretation and must not rewrite historical Run facts.,FAMILY_ENGINE_ANALYTICAL;FAMILY_ENGINE_REVIEW_AUDIT;STATE_OWNERSHIP,ReviewAuditCore,REVIEW_AUDIT_FAMILY,future ReviewAudit family / AARAnnotation contract,EXTRACT_REUSABLE_MECHANIC,DO_NOW_P0,FND-RSM-P0-003,AAR annotations/findings/evidence links are Review/Audit semantics; Structured storage may be a reusable subordinate seam. Work admission and atom identity preserved; no implementation expansion.
W03-PROP-32,32,AFTER-ACTION REVIEW — AAR,W03-PROP-32-A001,CEP-REQ-W03-32-001,Support must support the following set where semantically applicable: annotations;; observations;; findings;; bookmarks;; lessons;; event commentary;; device commentary;; timeline notes;; tags;; linked evidence candidates..,FAMILY_ENGINE_ANALYTICAL;FAMILY_ENGINE_REVIEW_AUDIT;STATE_OWNERSHIP,ReviewAuditCore,REVIEW_AUDIT_FAMILY,future ReviewAudit family / AARAnnotation contract,EXTRACT_REUSABLE_MECHANIC,DO_NOW_P0,FND-RSM-P0-003,The listed annotations/findings/bookmarks/evidence links are AAR/Review domain semantics. Work admission and atom identity preserved; no implementation expansion.
W03-PROP-32,32,AFTER-ACTION REVIEW — AAR,W03-PROP-32-A002,CEP-REQ-W03-32-002,"AAR analytical annotations are append/linked interpretation state, not historical event truth.",FAMILY_ENGINE_ANALYTICAL;FAMILY_ENGINE_REVIEW_AUDIT;STATE_OWNERSHIP,ReviewAuditCore,REVIEW_AUDIT_FAMILY,future ReviewAudit family / AARAnnotation contract,EXTRACT_REUSABLE_MECHANIC,DO_NOW_P0,FND-RSM-P0-003,Append/linked interpretation versus historical fact is a Review/Audit truth-boundary rule. Work admission and atom identity preserved; no implementation expansion.
W03-PROP-33,33,COMPARE RUNS,W03-PROP-33-A000,CEP-REQ-W03-33-000,"Compare Runs must compare exact Run identities across outcomes, timing, events, telemetry, device state, actions, alerts, milestones and artifacts with synchronized timelines where meaningful.",FAMILY_ENGINE_ANALYTICAL;DOMAIN_ADAPTER,AnalyticalWorkbenchCore,ANALYTICAL_FAMILY,AnalyticalCompare contract,EXTRACT_REUSABLE_MECHANIC,DEFER_TO_FAMILY_BUILD,,"Strong future family boundary, not required for current v0.2.1 implementation."
W03-PROP-33,33,COMPARE RUNS,W03-PROP-33-A001,CEP-REQ-W03-33-001,Possible dimensions must support the following set where semantically applicable: outcomes;; task timing;; event sequence;; telemetry;; device state;; user actions;; alerts;; selected timeline milestones;; artifacts..,FAMILY_ENGINE_ANALYTICAL;DOMAIN_ADAPTER;STATE_OWNERSHIP,AnalyticalWorkbenchCore,ANALYTICAL_FAMILY,AnalyticalCompare contract,EXTRACT_DOMAIN_VALUE,DEFER_TO_SURFACE_BUILD,,Outcome/timing/event/telemetry/device/action/artifact dimensions are Compare Runs analytical dimensions. Work admission and atom identity preserved; no implementation expansion.
W03-PROP-34,34,GLOBAL INSPECTOR SYSTEM,W03-PROP-34-A000,CEP-REQ-W03-34-000,"RIGHT Context/Inspector must resolve to the current selection semantic type, remain relevant, support pinned context where useful, and avoid stale/duplicate inspector ownership.",GLOBAL_FOUNDATION;INTERACTION_GRAMMAR;STATE_OWNERSHIP,ContextEngine,GLOBAL_FOUNDATION,WorkspaceFoundation + PaneLayoutController + ContextInspector,EXTRACT_REUSABLE_MECHANIC,DO_NOW_P1,FND-RSM-P1-005,Global host/presentation only; domain context comes through descriptors.
W03-PROP-34,34,GLOBAL INSPECTOR SYSTEM,W03-PROP-34-A001,CEP-REQ-W03-34-001,"Workspace/View controls change CENTER; Context/Inspector lenses change RIGHT Context, and both use one semantic state/command owner.",GLOBAL_FOUNDATION;INTERACTION_GRAMMAR;STATE_OWNERSHIP;SEMANTIC_COMMAND,ContextEngine,GLOBAL_FOUNDATION,WorkspaceFoundation + PaneLayoutController + ContextInspector,EXTRACT_REUSABLE_MECHANIC,DO_NOW_P1,FND-RSM-P1-005,Global host/presentation only; domain context comes through descriptors.
W03-PROP-35,35,COMMAND PALETTE,W03-PROP-35-A000,CEP-REQ-W03-35-000,"Command Palette and other routes must converge on one semantic command registry for workspace, operational, layout, replay and domain actions.",GLOBAL_FOUNDATION;SEMANTIC_COMMAND;ACTION_AVAILABILITY,SemanticCommandCore,GLOBAL_FOUNDATION,SemanticCommandRegistry + ActionSurfaceRegistry,EXTRACT_REUSABLE_MECHANIC,DEFER_TO_FAMILY_BUILD,,Command Palette route convergence belongs to shared SemanticCommand/action routing. Work admission and atom identity preserved; no implementation expansion.
W03-PROP-36,36,KEYBOARD SYSTEM,W03-PROP-36-A000,CEP-REQ-W03-36-000,"W03 must expose keyboard routes for all critical navigation, selection, spatial, operational, layout, search, inspect and Run controls.",GLOBAL_FOUNDATION;INTERACTION_GRAMMAR;ACCESSIBILITY,ConformanceHarness,GLOBAL_FOUNDATION,SemanticCommandRegistry + Keymap/Focus navigation contract,EXTRACT_REUSABLE_MECHANIC,DO_NOW_P1,FND-RSM-P1-007,"Keyboard routes spanning spatial, operational, layout, search, inspect and Run controls are global command/keymap ownership. Work admission and atom identity preserved; no implementation expansion."
W03-PROP-36,36,KEYBOARD SYSTEM,W03-PROP-36-A001,CEP-REQ-W03-36-001,Provide keyboard paths for must support the following set where semantically applicable: navigate devices;; select device;; multi-select;; focus canvas;; move device;; open device;; open terminal;; context actions;; open command palette;; switch sessions;; switch tabs;; switch panes;; resize pane;; move floating window;; resize floating window;; dock/undock;; close;; restore;; search;; fit;; zoom;; inspect;; start/pause Run..,GLOBAL_FOUNDATION;INTERACTION_GRAMMAR;ACCESSIBILITY;SEMANTIC_COMMAND,ConformanceHarness,GLOBAL_FOUNDATION,SemanticCommandRegistry + ActionSurfaceRegistry + FocusAndDismissal,EXTRACT_REUSABLE_MECHANIC,DO_NOW_P0,FND-RSM-P0-003,Cross-family keyboard command routes belong to shared command/focus/action routing; domain commands remain adapter-owned. Work admission and atom identity preserved; no implementation expansion.
W03-PROP-37,37,POINTER / MOUSE SYSTEM,W03-PROP-37-A000,CEP-REQ-W03-37-000,Critical pointer interactions must have keyboard equivalents; pointer grammar should be explicit for click/double-click/context/drag/marquee/connect/resize/dock/snap/wheel/pan.,GLOBAL_FOUNDATION;INTERACTION_GRAMMAR;ACCESSIBILITY,SpatialInteractionCore,GLOBAL_FOUNDATION,PointerContextLifecycle + ActionSurfaceRegistry + family adapters,EXTRACT_REUSABLE_MECHANIC,DO_NOW_P1,FND-RSM-P1-007,Cross-family pointer grammar and keyboard equivalence are shared interaction-route rules. Work admission and atom identity preserved; no implementation expansion.
W03-PROP-37,37,POINTER / MOUSE SYSTEM,W03-PROP-37-A001,CEP-REQ-W03-37-001,Plain RMB opens Context while pan/marquee/object-move routes must remain collision-safe and scope-aware.,GLOBAL_FOUNDATION;INTERACTION_GRAMMAR;ACCESSIBILITY,SpatialInteractionCore,GLOBAL_FOUNDATION,PointerContextLifecycle + Context Action Surface,EXTRACT_REUSABLE_MECHANIC,DO_NOW_P1,FND-RSM-P1-007,Plain RMB versus pan/marquee/move collision handling is a shared context/pointer lifecycle concern. Work admission and atom identity preserved; no implementation expansion.
W03-PROP-38,38,ACCESSIBILITY — FIRST-CLASS,W03-PROP-38-A000,CEP-REQ-W03-38-000,"Accessibility must support keyboard-only operation, screen readers, deterministic focus/region navigation, visible focus, contrast/reduced motion/zoom/status announcements, accessible terminal and a non-spatial topology representation.",GLOBAL_FOUNDATION;ACCESSIBILITY;FAMILY_ENGINE_SPATIAL,AccessibleSpatialNavigator,GLOBAL_FOUNDATION,Workspace accessibility + FocusAndDismissal + family adapters,EXTRACT_REUSABLE_MECHANIC,DO_NOW_P1,FND-RSM-P1-007,Cross-workbench accessibility spans Foundation with family-specific adapters; it is not solely Spatial ownership. Work admission and atom identity preserved; no implementation expansion.
W03-PROP-38,38,ACCESSIBILITY — FIRST-CLASS,W03-PROP-38-A001,CEP-REQ-W03-38-001,Design for must support the following set where semantically applicable: keyboard-only operation;; screen readers;; focus visibility;; logical tab order;; region navigation;; focus return;; no focus loss under floating surfaces;; high contrast;; reduced motion;; zoom;; color-independent statuses;; status announcements;; accessible modal behavior;; accessible terminal;; accessible canvas alternative..,GLOBAL_FOUNDATION;ACCESSIBILITY;FAMILY_ENGINE_SPATIAL,AccessibleSpatialNavigator,GLOBAL_FOUNDATION,Workspace accessibility + FocusAndDismissal + family adapters,EXTRACT_REUSABLE_MECHANIC,DO_NOW_P1,FND-RSM-P1-007,Global keyboard/screen-reader/focus/contrast/modal requirements are shared accessibility ownership. Work admission and atom identity preserved; no implementation expansion.
W03-PROP-39,39,TERMINAL ACCESSIBILITY,W03-PROP-39-A000,CEP-REQ-W03-39-000,"Terminal accessibility requires an accessible buffer, screen-reader navigation, command/output distinction, connection announcements, no keyboard traps, configurable Tab behavior, visible focus, contrast and text scaling.",FAMILY_ENGINE_OPERATIONAL;ACCESSIBILITY,TerminalSessionManager,OPERATIONAL_FAMILY,TerminalSurface accessibility contract,EXTRACT_REUSABLE_MECHANIC,DO_NOW_P1,FND-RSM-P1-007,Terminal buffer/screen-reader/command-output/connection accessibility is Terminal-specific. Work admission and atom identity preserved; no implementation expansion.
W03-PROP-39,39,TERMINAL ACCESSIBILITY,W03-PROP-39-A001,CEP-REQ-W03-39-001,Provide must support the following set where semantically applicable: accessible terminal buffer;; screen-reader mode;; command/output navigation;; copy output;; jump to previous command;; jump to next command;; announce connection state;; distinguish input/output;; avoid keyboard traps;; configurable Tab-key behavior;; visible focus;; high contrast;; text scaling..,FAMILY_ENGINE_OPERATIONAL;ACCESSIBILITY;SEMANTIC_COMMAND;STATE_OWNERSHIP,TerminalSessionManager,OPERATIONAL_FAMILY,TerminalSurface accessibility contract,EXTRACT_REUSABLE_MECHANIC,DO_NOW_P1,FND-RSM-P1-007,Terminal-specific accessible buffer/navigation/Tab/connection announcements belong to Operational/Terminal family. Work admission and atom identity preserved; no implementation expansion.
W03-PROP-40,40,RTL / BIDI,W03-PROP-40-A000,CEP-REQ-W03-40-000,"Localization must separate RTL/LTR presentation from technical-token sequence; commands, output, addresses, paths, hashes, IDs, hostnames, interfaces, protocols and logs require LTR-safe isolation inside mixed-language UI.",GLOBAL_FOUNDATION;BIDI_LOCALIZATION;PREFERENCE;ACCESSIBILITY,LocalizationBidiCore,GLOBAL_FOUNDATION,BidiLocalizationPreferences,PRESERVE_AND_IMPROVE,PRESENT_NEEDS_BETTER_TEST,FND-RSM-P1-009,Language/direction independence is global preference/conformance law.
W03-PROP-40,40,RTL / BIDI,W03-PROP-40-A001,CEP-REQ-W03-40-001,"UI locale, chrome direction, natural-text direction, alignment, technical-token isolation and terminal/code direction are independent axes.",GLOBAL_FOUNDATION;BIDI_LOCALIZATION;PREFERENCE;ACCESSIBILITY,LocalizationBidiCore,GLOBAL_FOUNDATION,BidiLocalizationPreferences + TerminalSurface direction adapter,PRESERVE_AND_IMPROVE,PRESENT_NEEDS_BETTER_TEST,FND-RSM-P1-009,Locale/chrome/natural-text/technical-token axes are global; terminal direction is a bounded family adapter. Work admission and atom identity preserved; no implementation expansion.
W03-PROP-41,41,EXTREME CUSTOMIZATION,W03-PROP-41-A000,CEP-REQ-W03-41-000,"Workspace customization must cover meaningful pane, toolbar, operational-surface, layout, terminal, keymap, density, grid/snap/minimap/link, animation/theme/high-contrast preferences while preserving safety and recoverability.",GLOBAL_FOUNDATION;PREFERENCE;LAYOUT_PRIMITIVE,GlobalPreferenceCore,GLOBAL_FOUNDATION,ScopedPreferences + PaneLayoutController + family preference adapters,EXTRACT_REUSABLE_MECHANIC,DO_NOW_P1,FND-RSM-P1-005,Customization is global preference governance with family adapters; no single Operational owner. Work admission and atom identity preserved; no implementation expansion.
W03-PROP-41,41,EXTREME CUSTOMIZATION,W03-PROP-41-A001,CEP-REQ-W03-41-001,Allow customization of must support the following set where semantically applicable: left pane location;; right pane location;; bottom panel location;; widths;; heights;; hidden/visible regions;; terminal placement;; session shelf location;; floating surface size;; floating surface position;; preferred dock target;; split layouts;; tab ordering;; toolbar buttons;; icon density;; label density;; topology grid;; snapping;; minimap;; link detail;; inspector behavior;; terminal font;; terminal theme;; keybindings;; double-click action;; animation level;; display density;; themes;; high contrast..,GLOBAL_FOUNDATION;PREFERENCE;LAYOUT_PRIMITIVE;ACCESSIBILITY,GlobalPreferenceCore,GLOBAL_FOUNDATION,ScopedPreferences + PaneLayoutController + family preference adapters,EXTRACT_REUSABLE_MECHANIC,DO_NOW_P1,FND-RSM-P1-005,Mixed workspace/terminal/spatial settings are governed by global scoped preferences and delegated adapters. Work admission and atom identity preserved; no implementation expansion.
W03-PROP-42,42,LAYOUT PROFILES,W03-PROP-42-A000,CEP-REQ-W03-42-000,"Layout profiles must be saveable/duplicable/resettable and optionally import/exportable examples, not mandatory fixed presets.",GLOBAL_FOUNDATION;PREFERENCE;LAYOUT_PRIMITIVE,PaneAndLayoutEngine,GLOBAL_FOUNDATION,future LayoutProfileManager over PaneLayoutController/ScopedPreferences,EXTRACT_DOMAIN_VALUE,DEFER_TO_W03_SURFACE_BUILD,,Save/duplicate/reset/import/export layout profiles are shared workspace layout-profile ownership. Work admission and atom identity preserved; no implementation expansion.
W03-PROP-43,43,STATE OWNERSHIP FOR CUSTOMIZATION,W03-PROP-43-A000,CEP-REQ-W03-43-000,"Customization must keep domain state, Run state, user preferences, workspace layout state and transient-window state as separate owners.",GLOBAL_FOUNDATION;STATE_OWNERSHIP;PREFERENCE,GlobalPreferenceCore,GLOBAL_FOUNDATION,StateOwnershipRegistry + ScopedPreferences + family/domain owners,EXTRACT_DOMAIN_VALUE,DEFER_TO_W03_SURFACE_BUILD,,Requirement is explicitly about separation of canonical state owners. Work admission and atom identity preserved; no implementation expansion.
W03-PROP-43,43,STATE OWNERSHIP FOR CUSTOMIZATION,W03-PROP-43-A001,CEP-REQ-W03-43-001,"Preferred presentation state, effective responsive state, canonical domain state and transient interaction state must not be conflated.",GLOBAL_FOUNDATION;STATE_OWNERSHIP;PREFERENCE;RESPONSIVE,GlobalPreferenceCore,GLOBAL_FOUNDATION,ResponsiveLayoutState / PreferenceProjection,PRESERVE_AND_IMPROVE,DO_NOW_P1,FND-RSM-P1-005,Preferred and effective layout states must remain distinct.
W03-PROP-44,44,CONTEXT MENUS,W03-PROP-44-A000,CEP-REQ-W03-44-000,Context actions must be capability/mode-sensitive and compact; giant universal menus are forbidden.,GLOBAL_FOUNDATION;ACTION_AVAILABILITY;INTERACTION_GRAMMAR,ActionAvailabilityCore,GLOBAL_FOUNDATION,ActionSurfaceRegistry + ActionAvailabilityCore + domain/mode capability predicates,EXTRACT_REUSABLE_MECHANIC,DO_NOW_P1,FND-RSM-P1-005,"Context actions are capability/mode-sensitive shared action-surface mechanics, not responsive layout ownership."
W03-PROP-45,45,EMPTY / FAILURE / DEGRADED STATES,W03-PROP-45-A000,CEP-REQ-W03-45-000,"Empty/failure/degraded states must be explicit and truthful for missing data, unsupported tools, connection/runtime/session/validation/simulation failures and performance degradation; never hide failure with fake output.",GLOBAL_FOUNDATION;STATE_OWNERSHIP;ACTION_AVAILABILITY,EpistemicStateCore,GLOBAL_FOUNDATION,StatusFeedback + capability/failure-state contract,EXTRACT_REUSABLE_MECHANIC,DO_NOW_P1,FND-RSM-P1-004,Truthful empty/failure/degraded semantics span families and must not be tied to Spatial selection actions. Work admission and atom identity preserved; no implementation expansion.
W03-PROP-45,45,EMPTY / FAILURE / DEGRADED STATES,W03-PROP-45-A001,CEP-REQ-W03-45-001,Unavailable/error/stale/unobserved/empty/platform-limited conditions must remain distinguishable from user-hidden/collapsed/filtered preference state.,GLOBAL_FOUNDATION;STATE_OWNERSHIP;ACTION_AVAILABILITY;PREFERENCE,EpistemicStateCore,GLOBAL_FOUNDATION,StatusFeedback + PreferenceProjection,EXTRACT_DOMAIN_VALUE,DEFER_TO_W03_SURFACE_BUILD,,Global truthful status vs user-hidden preference state is Foundation presentation/state ownership. Work admission and atom identity preserved; no implementation expansion.
W03-PROP-46,46,RESPONSIVE DESIGN,W03-PROP-46-A000,CEP-REQ-W03-46-000,Responsive behavior targets desktop first but must intentionally transform medium/narrow layouts through overlay/drawer/tab/snap/compact modes without overwriting preferred state or losing reopen routes.,GLOBAL_FOUNDATION;RESPONSIVE;LAYOUT_PRIMITIVE,ResponsivePresentationCore,GLOBAL_FOUNDATION,ResponsiveLayoutState / PreferenceProjection,PRESERVE_AND_IMPROVE,DO_NOW_P1,FND-RSM-P1-005,Preferred and effective layout states must remain distinct.
W03-PROP-46,46,RESPONSIVE DESIGN,W03-PROP-46-A001,CEP-REQ-W03-46-001,At medium widths must support the following set where semantically applicable: side panes may become overlay;; splits may collapse to tabs;; floating sessions may snap into manageable layouts;; Session Shelf may become compact;; inspector may become drawer..,GLOBAL_FOUNDATION;RESPONSIVE;LAYOUT_PRIMITIVE;PREFERENCE,ResponsivePresentationCore,GLOBAL_FOUNDATION,ResponsiveLayoutState / PreferenceProjection,PRESERVE_AND_IMPROVE,DO_NOW_P1,FND-RSM-P1-005,Preferred and effective layout states must remain distinct.
W03-PROP-46,46,RESPONSIVE DESIGN,W03-PROP-46-A002,CEP-REQ-W03-46-002,Responsive transformation is effective presentation only and must preserve Owner preferred layout for restoration.,GLOBAL_FOUNDATION;RESPONSIVE;LAYOUT_PRIMITIVE;PREFERENCE,ResponsivePresentationCore,GLOBAL_FOUNDATION,ResponsiveLayoutState / PreferenceProjection,PRESERVE_AND_IMPROVE,DO_NOW_P1,FND-RSM-P1-005,Preferred and effective layout states must remain distinct.
W03-PROP-47,47,PERFORMANCE / SCALE,W03-PROP-47-A000,CEP-REQ-W03-47-000,"Large environments require lazy/virtualized/progressive/visibility-aware rendering, bounded buffers, telemetry batching/streaming and selective animation while preserving state integrity.",DESIGN_GUIDANCE_ONLY;FAMILY_ENGINE_SPATIAL;FAMILY_ENGINE_OPERATIONAL,SpatialInteractionCore,GLOBAL_FOUNDATION,Performance/Scale contract + family/domain adapters,EXTRACT_DOMAIN_VALUE,DEFER_TO_W03_SURFACE_BUILD,,"Virtualization, progressive rendering, bounded buffers and batching are cross-family performance policies with adapter-specific implementations. Work admission and atom identity preserved; no implementation expansion."
W03-PROP-48,48,DEVICE RUNTIME ABSTRACTION,W03-PROP-48-A000,CEP-REQ-W03-48-000,Operational UX must depend on a provider-neutral DEVICE_RUNTIME_ADAPTER/RuntimeAdapter so backend runtime technology can change without redesigning W03; v1 may remain InternalSimulation.,FAMILY_ENGINE_OPERATIONAL;DOMAIN_ADAPTER;STATE_OWNERSHIP,RuntimeAdapter,OPERATIONAL_FAMILY,OperationalSurfaceManager / TerminalSurface / RuntimeAdapter / OperationalSessionModel,EXTRACT_REUSABLE_MECHANIC,DO_NOW_P1,FND-RSM-P1-006,Operational mechanic is reusable; only provider-neutral/runtime-causal subset is current bounded work.
W03-PROP-48,48,DEVICE RUNTIME ABSTRACTION,W03-PROP-48-A001,CEP-REQ-W03-48-001,RuntimeAdapter must expose provider capabilities and stable semantic command/session contracts while renderer/window presentation remains provider-neutral.,FAMILY_ENGINE_OPERATIONAL;DOMAIN_ADAPTER;STATE_OWNERSHIP;SEMANTIC_COMMAND,RuntimeAdapter,OPERATIONAL_FAMILY,OperationalSurfaceManager / TerminalSurface / RuntimeAdapter / OperationalSessionModel,EXTRACT_REUSABLE_MECHANIC,DO_NOW_P1,FND-RSM-P1-006,Operational mechanic is reusable; only provider-neutral/runtime-causal subset is current bounded work.
W03-PROP-49,49,FUTURE REAL RUNTIME,W03-PROP-49-A000,CEP-REQ-W03-49-000,Future Container/VM/Remote/Real runtime adapters may replace the backend while preserving the same select→open tool→operate interaction grammar; they are deferred until needed.,FAMILY_ENGINE_OPERATIONAL;DOMAIN_ADAPTER;DESIGN_GUIDANCE_ONLY;OWNER_DECISION_REQUIRED,RuntimeAdapter,OPERATIONAL_FAMILY,OperationalSurfaceManager / TerminalSurface / RuntimeAdapter / OperationalSessionModel,EXTRACT_REUSABLE_MECHANIC,DO_NOW_P1,FND-RSM-P1-006,Operational mechanic is reusable; only provider-neutral/runtime-causal subset is current bounded work.
W03-PROP-50,50,EDUCATIONAL SUPERPOWERS,W03-PROP-50-A000,CEP-REQ-W03-50-000,"W03 educational enhancements should explain causality, telemetry, expected-vs-actual, task guidance/hints, replay decisions, control effects, annotations/AAR/evidence while maintaining professional realism.",DOMAIN_ADAPTER;FAMILY_ENGINE_ANALYTICAL,DomainW03,GLOBAL_FOUNDATION,future GuidanceSupportUI + domain guidance/evidence adapters,EXTRACT_REUSABLE_MECHANIC,DO_NOW_P0,FND-RSM-P0-003,"Educational guidance/explanation is a shared guidance-support seam consuming causal/domain evidence, not Structured document ownership. Work admission and atom identity preserved; no implementation expansion."
W03-PROP-50,50,EDUCATIONAL SUPERPOWERS,W03-PROP-50-A001,CEP-REQ-W03-50-001,Possible capabilities must support the following set where semantically applicable: explain why action caused outcome;; inspect causal chain;; reveal telemetry;; compare expected vs actual;; timeline learning markers;; task guidance;; hints under policy;; replay user decisions;; show security-control effect;; instructor annotations;; AAR;; exact evidence candidates..,DOMAIN_ADAPTER;FAMILY_ENGINE_ANALYTICAL,DomainW03,GLOBAL_FOUNDATION,future GuidanceSupportUI + domain guidance/evidence adapters,EXTRACT_REUSABLE_MECHANIC,DO_NOW_P0,FND-RSM-P0-003,"Hints, causal explanations, expected-vs-actual and evidence guidance belong to the deferred shared guidance-support owner. Work admission and atom identity preserved; no implementation expansion."
W03-PROP-51,51,USE CASES — EXHAUSTIVE COVERAGE,W03-PROP-51-A000,CEP-REQ-W03-51-000,The W03 design and conformance system must cover the complete professional use-case ledger and expand it when additional meaningful cases are found.,CONFORMANCE_TEST,ConformanceHarness,FUTURE_WRITER_INPUT,WriterGovernance / UseCaseCoverageContract,PRESERVE_AS_FUTURE_WRITER_INPUT,PRESENT_NEEDS_BETTER_TEST,FND-RSM-P1-004;FND-RSM-P1-009,Use-case coverage completeness is a future design/Writer conformance obligation. Work admission and atom identity preserved; no implementation expansion.
W03-PROP-51,51,USE CASES — EXHAUSTIVE COVERAGE,W03-PROP-51-A001,CEP-REQ-W03-51-001,"UC-01: Build a network by dragging Router, Switch, Firewall, Server and Endpoint.",CONFORMANCE_TEST,ConformanceHarness,DOMAIN_ADAPTER,EnterpriseTopologyDomainAdapter,EXTRACT_DOMAIN_VALUE,DEFER_TO_SURFACE_BUILD,,Preserve domain value without promoting W03 implementation/design authority.
W03-PROP-51,51,USE CASES — EXHAUSTIVE COVERAGE,W03-PROP-51-A002,CEP-REQ-W03-51-002,UC-02: Connect exact interfaces.,CONFORMANCE_TEST,ConformanceHarness,SPATIAL_FAMILY,SelectionModel + SelectionActionSurface + ActionAvailabilityResolver,EXTRACT_REUSABLE_MECHANIC,DO_NOW_P1,FND-RSM-P1-004,Shared selection/action availability belongs to Spatial family with domain capability adapter.
W03-PROP-51,51,USE CASES — EXHAUSTIVE COVERAGE,W03-PROP-51-A003,CEP-REQ-W03-51-003,UC-03: Detect invalid port connection.,CONFORMANCE_TEST,ConformanceHarness,SPATIAL_FAMILY,SelectionModel + SelectionActionSurface + ActionAvailabilityResolver,EXTRACT_REUSABLE_MECHANIC,DO_NOW_P1,FND-RSM-P1-004,Shared selection/action availability belongs to Spatial family with domain capability adapter.
W03-PROP-51,51,USE CASES — EXHAUSTIVE COVERAGE,W03-PROP-51-A004,CEP-REQ-W03-51-004,UC-04: Configure device properties.,CONFORMANCE_TEST,ConformanceHarness,DOMAIN_ADAPTER,EnterpriseTopologyDomainAdapter,EXTRACT_DOMAIN_VALUE,DEFER_TO_SURFACE_BUILD,,Preserve domain value without promoting W03 implementation/design authority.
W03-PROP-51,51,USE CASES — EXHAUSTIVE COVERAGE,W03-PROP-51-A005,CEP-REQ-W03-51-005,UC-05: Create Digital Twin revision.,CONFORMANCE_TEST,ConformanceHarness,DOMAIN_ADAPTER,DigitalTwinDomainAdapter / revision contract,EXTRACT_DOMAIN_VALUE,DEFER_TO_W03_SURFACE_BUILD,,Creating a Digital Twin revision is Twin-domain revision ownership. Work admission and atom identity preserved; no implementation expansion.
W03-PROP-51,51,USE CASES — EXHAUSTIVE COVERAGE,W03-PROP-51-A006,CEP-REQ-W03-51-006,UC-06: Validate environment.,CONFORMANCE_TEST,ConformanceHarness,DOMAIN_ADAPTER,Enterprise/Run validation adapter contract,EXTRACT_DOMAIN_VALUE,DEFER_TO_W03_SURFACE_BUILD,,"Environment validation is domain validation, not an unscoped W03 bucket. Work admission and atom identity preserved; no implementation expansion."
W03-PROP-51,51,USE CASES — EXHAUSTIVE COVERAGE,W03-PROP-51-A007,CEP-REQ-W03-51-007,UC-07: Create baseline.,CONFORMANCE_TEST,ConformanceHarness,ANALYTICAL_FAMILY,DigitalTwin baseline/compare contract,EXTRACT_DOMAIN_VALUE,DEFER_TO_W03_SURFACE_BUILD,,Creating a baseline is revision/baseline analytical ownership for the Digital Twin. Work admission and atom identity preserved; no implementation expansion.
W03-PROP-51,51,USE CASES — EXHAUSTIVE COVERAGE,W03-PROP-51-A008,CEP-REQ-W03-51-008,UC-08: Build Scenario phases.,CONFORMANCE_TEST,ConformanceHarness,DOMAIN_ADAPTER,ScenarioDomainAdapter / Scenario composition,EXTRACT_DOMAIN_VALUE,DEFER_TO_SURFACE_BUILD,,Scenario semantics remain W03 domain value; no current surface build.
W03-PROP-51,51,USE CASES — EXHAUSTIVE COVERAGE,W03-PROP-51-A009,CEP-REQ-W03-51-009,UC-09: Add conditional branch.,CONFORMANCE_TEST,ConformanceHarness,DOMAIN_ADAPTER,ScenarioDomainAdapter / Scenario composition,EXTRACT_DOMAIN_VALUE,DEFER_TO_W03_SURFACE_BUILD,,A conditional branch is Scenario-domain authoring. Work admission and atom identity preserved; no implementation expansion.
W03-PROP-51,51,USE CASES — EXHAUSTIVE COVERAGE,W03-PROP-51-A010,CEP-REQ-W03-51-010,UC-10: Attach reusable Lab module.,CONFORMANCE_TEST,ConformanceHarness,DOMAIN_ADAPTER,LabDomainAdapter / Lab composition,EXTRACT_DOMAIN_VALUE,DEFER_TO_SURFACE_BUILD,,Preserve domain value without promoting W03 implementation/design authority.
W03-PROP-51,51,USE CASES — EXHAUSTIVE COVERAGE,W03-PROP-51-A011,CEP-REQ-W03-51-011,UC-11: Build Lab task dependency graph.,CONFORMANCE_TEST,ConformanceHarness,DOMAIN_ADAPTER,LabDomainAdapter / Lab composition,EXTRACT_DOMAIN_VALUE,DEFER_TO_SURFACE_BUILD,,Preserve domain value without promoting W03 implementation/design authority.
W03-PROP-51,51,USE CASES — EXHAUSTIVE COVERAGE,W03-PROP-51-A012,CEP-REQ-W03-51-012,UC-12: Run standalone Lab.,CONFORMANCE_TEST,ConformanceHarness,DOMAIN_ADAPTER,LabDomainAdapter + RunDomainAdapter,EXTRACT_DOMAIN_VALUE,DEFER_TO_W03_SURFACE_BUILD,,Running a standalone Lab binds Lab definition to Run-domain execution. Work admission and atom identity preserved; no implementation expansion.
W03-PROP-51,51,USE CASES — EXHAUSTIVE COVERAGE,W03-PROP-51-A013,CEP-REQ-W03-51-013,UC-13: Run Scenario.,CONFORMANCE_TEST,ConformanceHarness,DOMAIN_ADAPTER,ScenarioDomainAdapter / Scenario composition,EXTRACT_DOMAIN_VALUE,DEFER_TO_SURFACE_BUILD,,Scenario semantics remain W03 domain value; no current surface build.
W03-PROP-51,51,USE CASES — EXHAUSTIVE COVERAGE,W03-PROP-51-A014,CEP-REQ-W03-51-014,UC-14: Preflight catches missing capability.,CONFORMANCE_TEST,ConformanceHarness,DOMAIN_ADAPTER,RunDomainAdapter / Preflight capability contract,EXTRACT_DOMAIN_VALUE,DEFER_TO_W03_SURFACE_BUILD,,Missing-capability preflight is Run-domain readiness validation. Work admission and atom identity preserved; no implementation expansion.
W03-PROP-51,51,USE CASES — EXHAUSTIVE COVERAGE,W03-PROP-51-A015,CEP-REQ-W03-51-015,UC-15: Run transitions to RUNNING without destroying canvas context.,CONFORMANCE_TEST,ConformanceHarness,GLOBAL_FOUNDATION,WorkspaceFoundation + RunModeController projection,EXTRACT_REUSABLE_MECHANIC,PRESENT_NEEDS_BETTER_TEST,,Preserving canvas/workspace context across RUNNING transition is global continuity driven by Run mode. Work admission and atom identity preserved; no implementation expansion.
W03-PROP-51,51,USE CASES — EXHAUSTIVE COVERAGE,W03-PROP-51-A016,CEP-REQ-W03-51-016,UC-16: Double-click router → Terminal.,CONFORMANCE_TEST,ConformanceHarness,OPERATIONAL_FAMILY,OperationalSurfaceManager / TerminalSurface / RuntimeAdapter / OperationalSessionModel,EXTRACT_REUSABLE_MECHANIC,DEFER_HIGH_VALUE,,Operational mechanic is reusable; only provider-neutral/runtime-causal subset is current bounded work.
W03-PROP-51,51,USE CASES — EXHAUSTIVE COVERAGE,W03-PROP-51-A017,CEP-REQ-W03-51-017,UC-17: Open two router terminals side by side.,CONFORMANCE_TEST,ConformanceHarness,OPERATIONAL_FAMILY,OperationalSurfaceManager / TerminalSurface / RuntimeAdapter / OperationalSessionModel,EXTRACT_REUSABLE_MECHANIC,DEFER_HIGH_VALUE,,Operational mechanic is reusable; only provider-neutral/runtime-causal subset is current bounded work.
W03-PROP-51,51,USE CASES — EXHAUSTIVE COVERAGE,W03-PROP-51-A018,CEP-REQ-W03-51-018,UC-18: Open attacker terminal + victim Event Viewer.,CONFORMANCE_TEST,ConformanceHarness,OPERATIONAL_FAMILY,OperationalSurfaceManager / TerminalSurface / RuntimeAdapter / OperationalSessionModel,EXTRACT_REUSABLE_MECHANIC,DEFER_HIGH_VALUE,,Operational mechanic is reusable; only provider-neutral/runtime-causal subset is current bounded work.
W03-PROP-51,51,USE CASES — EXHAUSTIVE COVERAGE,W03-PROP-51-A019,CEP-REQ-W03-51-019,UC-19: Float terminal beside selected node.,CONFORMANCE_TEST,ConformanceHarness,OPERATIONAL_FAMILY,OperationalSurfaceManager / TerminalSurface / RuntimeAdapter / OperationalSessionModel,EXTRACT_REUSABLE_MECHANIC,DEFER_TO_FAMILY_BUILD,,Operational mechanic is reusable; only provider-neutral/runtime-causal subset is current bounded work.
W03-PROP-51,51,USE CASES — EXHAUSTIVE COVERAGE,W03-PROP-51-A020,CEP-REQ-W03-51-020,UC-20: Anchor terminal to device.,CONFORMANCE_TEST,ConformanceHarness,OPERATIONAL_FAMILY,OperationalSurfaceManager / TerminalSurface / RuntimeAdapter / OperationalSessionModel,EXTRACT_REUSABLE_MECHANIC,DEFER_HIGH_VALUE,,Operational mechanic is reusable; only provider-neutral/runtime-causal subset is current bounded work.
W03-PROP-51,51,USE CASES — EXHAUSTIVE COVERAGE,W03-PROP-51-A021,CEP-REQ-W03-51-021,UC-21: Pin terminal to viewport.,CONFORMANCE_TEST;RESPONSIVE,ConformanceHarness,OPERATIONAL_FAMILY,OperationalSurfaceManager / TerminalSurface / RuntimeAdapter / OperationalSessionModel,EXTRACT_REUSABLE_MECHANIC,DEFER_HIGH_VALUE,,Operational mechanic is reusable; only provider-neutral/runtime-causal subset is current bounded work.
W03-PROP-51,51,USE CASES — EXHAUSTIVE COVERAGE,W03-PROP-51-A022,CEP-REQ-W03-51-022,UC-22: Convert floating terminal to docked pane.,CONFORMANCE_TEST,ConformanceHarness,GLOBAL_FOUNDATION,WorkspaceFoundation + PaneLayoutController + ContextInspector,EXTRACT_REUSABLE_MECHANIC,DO_NOW_P1,FND-RSM-P1-005,Global host/presentation only; domain context comes through descriptors.
W03-PROP-51,51,USE CASES — EXHAUSTIVE COVERAGE,W03-PROP-51-A023,CEP-REQ-W03-51-023,UC-23: Convert pane to tab.,CONFORMANCE_TEST,ConformanceHarness,GLOBAL_FOUNDATION,WorkspaceFoundation + PaneLayoutController + ContextInspector,EXTRACT_REUSABLE_MECHANIC,DO_NOW_P1,FND-RSM-P1-005,Global host/presentation only; domain context comes through descriptors.
W03-PROP-51,51,USE CASES — EXHAUSTIVE COVERAGE,W03-PROP-51-A024,CEP-REQ-W03-51-024,UC-24: Maximize terminal.,CONFORMANCE_TEST,ConformanceHarness,OPERATIONAL_FAMILY,OperationalSurfaceManager / TerminalSurface / RuntimeAdapter / OperationalSessionModel,EXTRACT_REUSABLE_MECHANIC,DEFER_HIGH_VALUE,,Operational mechanic is reusable; only provider-neutral/runtime-causal subset is current bounded work.
W03-PROP-51,51,USE CASES — EXHAUSTIVE COVERAGE,W03-PROP-51-A025,CEP-REQ-W03-51-025,UC-25: Enter Zen mode.,CONFORMANCE_TEST,ConformanceHarness,GLOBAL_FOUNDATION,WorkspaceFoundation focus/Zen presentation state,EXTRACT_DOMAIN_VALUE,DEFER_TO_W03_SURFACE_BUILD,,"Zen mode is workspace presentation state, not W03 domain truth. Work admission and atom identity preserved; no implementation expansion."
W03-PROP-51,51,USE CASES — EXHAUSTIVE COVERAGE,W03-PROP-51-A026,CEP-REQ-W03-51-026,UC-26: Minimize terminal to Session Shelf.,CONFORMANCE_TEST,ConformanceHarness,OPERATIONAL_FAMILY,OperationalSurfaceManager / TerminalSurface / RuntimeAdapter / OperationalSessionModel,EXTRACT_REUSABLE_MECHANIC,DEFER_TO_FAMILY_BUILD,,Operational mechanic is reusable; only provider-neutral/runtime-causal subset is current bounded work.
W03-PROP-51,51,USE CASES — EXHAUSTIVE COVERAGE,W03-PROP-51-A027,CEP-REQ-W03-51-027,UC-27: Restore terminal.,CONFORMANCE_TEST,ConformanceHarness,OPERATIONAL_FAMILY,OperationalSurfaceManager / TerminalSurface / RuntimeAdapter / OperationalSessionModel,EXTRACT_REUSABLE_MECHANIC,DEFER_HIGH_VALUE,,Operational mechanic is reusable; only provider-neutral/runtime-causal subset is current bounded work.
W03-PROP-51,51,USE CASES — EXHAUSTIVE COVERAGE,W03-PROP-51-A028,CEP-REQ-W03-51-028,UC-28: Reconnect disconnected terminal.,CONFORMANCE_TEST,ConformanceHarness,OPERATIONAL_FAMILY,RuntimeAdapter / OperationalSessionModel,EXTRACT_REUSABLE_MECHANIC,DO_NOW_P1,FND-RSM-P1-004,Reconnect is an Operational provider/session lifecycle command. Work admission and atom identity preserved; no implementation expansion.
W03-PROP-51,51,USE CASES — EXHAUSTIVE COVERAGE,W03-PROP-51-A029,CEP-REQ-W03-51-029,UC-29: Issue command that changes interface state.,CONFORMANCE_TEST;SEMANTIC_COMMAND;STATE_OWNERSHIP,ConformanceHarness,OPERATIONAL_FAMILY,RuntimeAdapter + domain causal command adapter,EXTRACT_DOMAIN_VALUE,DEFER_TO_W03_SURFACE_BUILD,,Issuing a runtime command that changes interface state is Operational/runtime command ownership. Work admission and atom identity preserved; no implementation expansion.
W03-PROP-51,51,USE CASES — EXHAUSTIVE COVERAGE,W03-PROP-51-A030,CEP-REQ-W03-51-030,UC-30: Observe topology consequence.,CONFORMANCE_TEST,ConformanceHarness,DOMAIN_ADAPTER,EnterpriseTopologyDomainAdapter,EXTRACT_DOMAIN_VALUE,DEFER_TO_SURFACE_BUILD,,Preserve domain value without promoting W03 implementation/design authority.
W03-PROP-51,51,USE CASES — EXHAUSTIVE COVERAGE,W03-PROP-51-A031,CEP-REQ-W03-51-031,UC-31: Observe telemetry consequence.,CONFORMANCE_TEST,ConformanceHarness,OPERATIONAL_FAMILY,RuntimeAdapter event/telemetry projection contract,EXTRACT_DOMAIN_VALUE,DEFER_TO_W03_SURFACE_BUILD,,Observing telemetry consequence is an Operational runtime projection. Work admission and atom identity preserved; no implementation expansion.
W03-PROP-51,51,USE CASES — EXHAUSTIVE COVERAGE,W03-PROP-51-A032,CEP-REQ-W03-51-032,UC-32: Observe Scenario task consequence.,CONFORMANCE_TEST,ConformanceHarness,DOMAIN_ADAPTER,ScenarioDomainAdapter + RuntimeAdapter causal/progression projection,EXTRACT_DOMAIN_VALUE,DEFER_TO_SURFACE_BUILD,,"Scenario task consequence belongs to Scenario progression observed from runtime causal state, not Lab composition."
W03-PROP-51,51,USE CASES — EXHAUSTIVE COVERAGE,W03-PROP-51-A033,CEP-REQ-W03-51-033,UC-33: Pause Run.,CONFORMANCE_TEST;SEMANTIC_COMMAND,ConformanceHarness,DOMAIN_ADAPTER,RunDomainAdapter / RunModeController,EXTRACT_DOMAIN_VALUE,DEFER_TO_W03_SURFACE_BUILD,,Pause is a canonical Run lifecycle transition. Work admission and atom identity preserved; no implementation expansion.
W03-PROP-51,51,USE CASES — EXHAUSTIVE COVERAGE,W03-PROP-51-A034,CEP-REQ-W03-51-034,UC-34: Inspect state while paused.,CONFORMANCE_TEST;SEMANTIC_COMMAND;STATE_OWNERSHIP,ConformanceHarness,REVIEW_AUDIT_FAMILY,Run inspection/read-only context contract,EXTRACT_DOMAIN_VALUE,DEFER_TO_W03_SURFACE_BUILD,,Inspecting state while paused is a non-mutating observation/review context over Run truth. Work admission and atom identity preserved; no implementation expansion.
W03-PROP-51,51,USE CASES — EXHAUSTIVE COVERAGE,W03-PROP-51-A035,CEP-REQ-W03-51-035,UC-35: Resume Run.,CONFORMANCE_TEST,ConformanceHarness,DOMAIN_ADAPTER,RunDomainAdapter / RunModeController,EXTRACT_DOMAIN_VALUE,DEFER_TO_W03_SURFACE_BUILD,,Resume is a canonical Run lifecycle transition. Work admission and atom identity preserved; no implementation expansion.
W03-PROP-51,51,USE CASES — EXHAUSTIVE COVERAGE,W03-PROP-51-A036,CEP-REQ-W03-51-036,UC-36: Open packet capture.,CONFORMANCE_TEST,ConformanceHarness,OPERATIONAL_FAMILY,OperationalSurfaceManager + RuntimeAdapter network-tool capability,EXTRACT_DOMAIN_VALUE,DEFER_TO_W03_SURFACE_BUILD,,Packet capture is an Operational tool gated by provider capability. Work admission and atom identity preserved; no implementation expansion.
W03-PROP-51,51,USE CASES — EXHAUSTIVE COVERAGE,W03-PROP-51-A037,CEP-REQ-W03-51-037,UC-37: Search and focus a device in large topology.,CONFORMANCE_TEST,ConformanceHarness,SPATIAL_FAMILY,SemanticSpatialNavigator + PointerContextLifecycle,EXTRACT_REUSABLE_MECHANIC,DO_NOW_P1,FND-RSM-P1-007,Current bounded Spatial hardening.
W03-PROP-51,51,USE CASES — EXHAUSTIVE COVERAGE,W03-PROP-51-A038,CEP-REQ-W03-51-038,UC-38: Use complete workflow without mouse.,CONFORMANCE_TEST,ConformanceHarness,GLOBAL_FOUNDATION,AccessibilityNavigationModel + SemanticCommand/Keymap contract,EXTRACT_DOMAIN_VALUE,DEFER_TO_W03_SURFACE_BUILD,,Complete keyboard-only workflow is a global accessibility/navigation requirement. Work admission and atom identity preserved; no implementation expansion.
W03-PROP-51,51,USE CASES — EXHAUSTIVE COVERAGE,W03-PROP-51-A039,CEP-REQ-W03-51-039,UC-39: Use screen reader topology list.,CONFORMANCE_TEST;ACCESSIBILITY,ConformanceHarness,GLOBAL_FOUNDATION,AccessibilityNavigationModel + Enterprise semantic projection,EXTRACT_DOMAIN_VALUE,DEFER_TO_SURFACE_BUILD,,Screen-reader topology route is global accessibility consuming an Enterprise semantic projection. Work admission and atom identity preserved; no implementation expansion.
W03-PROP-51,51,USE CASES — EXHAUSTIVE COVERAGE,W03-PROP-51-A040,CEP-REQ-W03-51-040,UC-40: Operate Arabic UI with English terminal output.,CONFORMANCE_TEST,ConformanceHarness,GLOBAL_FOUNDATION,BidiLocalizationPreferences + TerminalSurface direction adapter,EXTRACT_REUSABLE_MECHANIC,DEFER_HIGH_VALUE,,Arabic chrome and English terminal output require global Bidi/localization preferences with Terminal-specific direction projection.
W03-PROP-51,51,USE CASES — EXHAUSTIVE COVERAGE,W03-PROP-51-A041,CEP-REQ-W03-51-041,UC-41: Save custom layout.,CONFORMANCE_TEST;PREFERENCE,ConformanceHarness,GLOBAL_FOUNDATION,future LayoutProfileManager,EXTRACT_DOMAIN_VALUE,DEFER_TO_W03_SURFACE_BUILD,,Saving custom layout is shared layout-profile ownership. Work admission and atom identity preserved; no implementation expansion.
W03-PROP-51,51,USE CASES — EXHAUSTIVE COVERAGE,W03-PROP-51-A042,CEP-REQ-W03-51-042,UC-42: Restore custom layout.,CONFORMANCE_TEST;PREFERENCE,ConformanceHarness,GLOBAL_FOUNDATION,future LayoutProfileManager,EXTRACT_DOMAIN_VALUE,DEFER_TO_W03_SURFACE_BUILD,,Restoring custom layout is shared layout-profile ownership. Work admission and atom identity preserved; no implementation expansion.
W03-PROP-51,51,USE CASES — EXHAUSTIVE COVERAGE,W03-PROP-51-A043,CEP-REQ-W03-51-043,UC-43: Use four-console troubleshooting layout.,CONFORMANCE_TEST;PREFERENCE,ConformanceHarness,GLOBAL_FOUNDATION,future LayoutProfileManager + OperationalSurface presentation binding,EXTRACT_DOMAIN_VALUE,DEFER_TO_W03_SURFACE_BUILD,,A four-console troubleshooting layout is a saved layout/profile composition over Operational surfaces. Work admission and atom identity preserved; no implementation expansion.
W03-PROP-51,51,USE CASES — EXHAUSTIVE COVERAGE,W03-PROP-51-A044,CEP-REQ-W03-51-044,UC-44: Run ends; sessions become historical/read-only where appropriate.,CONFORMANCE_TEST,ConformanceHarness,OPERATIONAL_FAMILY,OperationalSurfaceManager / TerminalSurface / RuntimeAdapter / OperationalSessionModel,EXTRACT_REUSABLE_MECHANIC,DEFER_HIGH_VALUE,,Operational mechanic is reusable; only provider-neutral/runtime-causal subset is current bounded work.
W03-PROP-51,51,USE CASES — EXHAUSTIVE COVERAGE,W03-PROP-51-A045,CEP-REQ-W03-51-045,UC-45: Replay timeline.,CONFORMANCE_TEST,ConformanceHarness,REVIEW_AUDIT_FAMILY,Evidence/Result/Review contract,EXTRACT_REUSABLE_MECHANIC,DEFER_TO_FAMILY_BUILD,,"Strong future family boundary, not required for current v0.2.1 implementation."
W03-PROP-51,51,USE CASES — EXHAUSTIVE COVERAGE,W03-PROP-51-A046,CEP-REQ-W03-51-046,UC-46: Click event → highlight affected device.,CONFORMANCE_TEST,ConformanceHarness,REVIEW_AUDIT_FAMILY,future ReplayContextManager + Spatial projection adapter,EXTRACT_DOMAIN_VALUE,DEFER_TO_SURFACE_BUILD,,Event→affected-device highlighting in Results/Replay is historical replay context projected spatially. Work admission and atom identity preserved; no implementation expansion.
W03-PROP-51,51,USE CASES — EXHAUSTIVE COVERAGE,W03-PROP-51-A047,CEP-REQ-W03-51-047,UC-47: Open historical terminal output.,CONFORMANCE_TEST,ConformanceHarness,OPERATIONAL_FAMILY,OperationalSurfaceManager / TerminalSurface / RuntimeAdapter / OperationalSessionModel,EXTRACT_REUSABLE_MECHANIC,DEFER_HIGH_VALUE,,Operational mechanic is reusable; only provider-neutral/runtime-causal subset is current bounded work.
W03-PROP-51,51,USE CASES — EXHAUSTIVE COVERAGE,W03-PROP-51-A048,CEP-REQ-W03-51-048,UC-48: Annotate AAR without changing history.,CONFORMANCE_TEST;STATE_OWNERSHIP,ConformanceHarness,REVIEW_AUDIT_FAMILY,Evidence/Result/Review contract,EXTRACT_REUSABLE_MECHANIC,DEFER_TO_FAMILY_BUILD,,"Strong future family boundary, not required for current v0.2.1 implementation."
W03-PROP-51,51,USE CASES — EXHAUSTIVE COVERAGE,W03-PROP-51-A049,CEP-REQ-W03-51-049,UC-49: Compare Run A vs Run B.,CONFORMANCE_TEST,ConformanceHarness,ANALYTICAL_FAMILY,AnalyticalCompare contract,EXTRACT_REUSABLE_MECHANIC,DEFER_TO_FAMILY_BUILD,,"Strong future family boundary, not required for current v0.2.1 implementation."
W03-PROP-51,51,USE CASES — EXHAUSTIVE COVERAGE,W03-PROP-51-A050,CEP-REQ-W03-51-050,UC-50: Hand off selected Result evidence candidate.,CONFORMANCE_TEST,ConformanceHarness,REVIEW_AUDIT_FAMILY,Evidence/Result/Review contract,EXTRACT_REUSABLE_MECHANIC,DEFER_TO_FAMILY_BUILD,,"Strong future family boundary, not required for current v0.2.1 implementation."
W03-PROP-51,51,USE CASES — EXHAUSTIVE COVERAGE,W03-PROP-51-A051,CEP-REQ-W03-51-051,Expand the use-case ledger beyond UC-50 when additional meaningful professional cases exist.,CONFORMANCE_TEST,ConformanceHarness,FUTURE_WRITER_INPUT,WriterGovernance / UseCaseCoverageContract,PRESERVE_AS_FUTURE_WRITER_INPUT,PRESENT_NEEDS_BETTER_TEST,FND-RSM-P1-004;FND-RSM-P1-009,Expanding the professional use-case ledger is a future Writer/conformance obligation. Work admission and atom identity preserved; no implementation expansion.
W03-PROP-52,52,VISUAL DESIGN QUALITY,W03-PROP-52-A000,CEP-REQ-W03-52-000,"Visual design should prioritize high information density, hierarchy, precise spacing/typography, clear state/focus and compact functional controls over cards, gradients, glass, oversized headers or decorative whitespace.",DESIGN_GUIDANCE_ONLY,NoCode,FUTURE_WRITER_INPUT,WriterGovernance / VisualDesignQualityGuidance,PRESERVE_AS_FUTURE_WRITER_INPUT,DO_NOW_P1,FND-RSM-P1-005,Visual design quality is design guidance for future Writers/Owner review; it is not a runtime responsive-layout state owner.
W03-PROP-53,53,DEVICE VISUAL LANGUAGE,W03-PROP-53-A000,CEP-REQ-W03-53-000,Device representation should expose recognizable icon/name/type/status/critical badges with configurable density and avoid dashboard-card nodes.,DOMAIN_ADAPTER;PREFERENCE;DESIGN_GUIDANCE_ONLY,DomainW03,DOMAIN_ADAPTER,EnterpriseTopologyDomainAdapter,EXTRACT_DOMAIN_VALUE,DEFER_TO_SURFACE_BUILD,,Preserve domain value without promoting W03 implementation/design authority.
W03-PROP-54,54,LINK VISUAL LANGUAGE,W03-PROP-54-A000,CEP-REQ-W03-54-000,Link representation should expose real semantic/interface/state/network/traffic detail with zoom-dependent clutter reduction.,DOMAIN_ADAPTER;PREFERENCE;DESIGN_GUIDANCE_ONLY,DomainW03,SPATIAL_FAMILY,Spatial link representation + domain link-semantic projection + CameraModel clutter policy,EXTRACT_REUSABLE_MECHANIC,PRESENT_NEEDS_BETTER_TEST,,"Link visual language combines shared spatial representation, domain link semantics and camera-level clutter policy."
W03-PROP-55,55,SELECTION MODEL,W03-PROP-55-A000,CEP-REQ-W03-55-000,Selection must support single/multi/marquee/keyboard/connected/group/type/status patterns and route eligible multi-selection actions through shared availability/command ownership.,GLOBAL_FOUNDATION;FAMILY_ENGINE_SPATIAL;ACTION_AVAILABILITY;INTERACTION_GRAMMAR,SelectionEngine,SPATIAL_FAMILY,SemanticSpatialNavigator + PointerContextLifecycle,EXTRACT_REUSABLE_MECHANIC,DO_NOW_P1,FND-RSM-P1-007,Current bounded Spatial hardening.
W03-PROP-55,55,SELECTION MODEL,W03-PROP-55-A001,CEP-REQ-W03-55-001,Multi-selection action visibility/enabled state must come from central ActionAvailability using selection count/types/capabilities/canonical state/mode rather than local toolbar logic.,GLOBAL_FOUNDATION;FAMILY_ENGINE_SPATIAL;ACTION_AVAILABILITY;INTERACTION_GRAMMAR;STATE_OWNERSHIP,SelectionEngine,SPATIAL_FAMILY,SelectionModel + SelectionActionSurface + ActionAvailabilityResolver,EXTRACT_REUSABLE_MECHANIC,DO_NOW_P1,FND-RSM-P1-004,Shared selection/action availability belongs to Spatial family with domain capability adapter.
W03-PROP-56,56,SEARCH,W03-PROP-56-A000,CEP-REQ-W03-56-000,Global workspace search must find W03 objects/events/sessions and navigate/focus the exact selected context.,GLOBAL_FOUNDATION;SEMANTIC_COMMAND,SearchNavigationCore,GLOBAL_FOUNDATION,SearchQuickNavigation contract + domain search providers,EXTRACT_REUSABLE_MECHANIC,DO_NOW_P1,FND-RSM-P1-007,Global workspace search spans objects/events/sessions and exact-context navigation; it is not inherently Spatial search. Work admission and atom identity preserved; no implementation expansion.
W03-PROP-57,57,UNDO / REDO,W03-PROP-57-A000,CEP-REQ-W03-57-000,Professional undo/redo belongs to build/authoring transactions; runtime and historical simulation truth must not be visually undone with generic Ctrl+Z.,GLOBAL_FOUNDATION;STATE_OWNERSHIP;SEMANTIC_COMMAND,HistoryRecoveryCore,GLOBAL_FOUNDATION,SemanticTransactionHistory policy + family/domain mutation owners,EXTRACT_REUSABLE_MECHANIC,DO_NOW_P0,FND-RSM-P0-003,Undo/redo truth rules span authoring families and must exclude runtime/history truth; they are not Structured-only. Work admission and atom identity preserved; no implementation expansion.
W03-PROP-57,57,UNDO / REDO,W03-PROP-57-A001,CEP-REQ-W03-57-001,Authoring undo/redo transaction boundaries must never falsify runtime/history/event truth.,GLOBAL_FOUNDATION;STATE_OWNERSHIP;SEMANTIC_COMMAND,HistoryRecoveryCore,GLOBAL_FOUNDATION,SemanticTransactionHistory policy + family/domain mutation owners,EXTRACT_REUSABLE_MECHANIC,DO_NOW_P0,FND-RSM-P0-003,"Transaction-history boundaries are shared semantic mutation policy, with canonical history retained by each domain owner. Work admission and atom identity preserved; no implementation expansion."
W03-PROP-58,58,NOTIFICATIONS,W03-PROP-58-A000,CEP-REQ-W03-58-000,Feedback must distinguish info/warning/error/success/runtime-event classes and route high-frequency runtime events to event/telemetry systems instead of toast spam.,GLOBAL_FOUNDATION;ACTION_AVAILABILITY,NotificationFeedbackCore,GLOBAL_FOUNDATION,StatusFeedback + EventTelemetry routing contract,EXTRACT_REUSABLE_MECHANIC,DEFER_HIGH_VALUE,,"Info/warning/error/success feedback and high-frequency event routing are shared feedback policy, not Operational session ownership. Work admission and atom identity preserved; no implementation expansion."
W03-PROP-59,59,HISTORY / RECOVERY,W03-PROP-59-A000,CEP-REQ-W03-59-000,Recovery should preserve valid layout/tabs/sessions/selection/viewport/last-context state while never reconnecting stale sessions to the wrong Run identity.,GLOBAL_FOUNDATION;STATE_OWNERSHIP,HistoryRecoveryCore,GLOBAL_FOUNDATION,WorkspaceRecoveryCoordinator contract + identity guards,EXTRACT_REUSABLE_MECHANIC,PRESENT_NEEDS_BETTER_TEST,FND-RSM-P1-004,"Recovery spans layout, tabs, sessions, selection, viewport and context; only session reconnection remains Operational-specific. Work admission and atom identity preserved; no implementation expansion."
W03-PROP-59,59,HISTORY / RECOVERY,W03-PROP-59-A001,CEP-REQ-W03-59-001,Session recovery requires exact Run/provider/session identity matching before reconnection.,GLOBAL_FOUNDATION;STATE_OWNERSHIP,HistoryRecoveryCore,OPERATIONAL_FAMILY,RuntimeAdapter / OperationalSessionModel recovery seam,EXTRACT_REUSABLE_MECHANIC,DO_NOW_P1,FND-RSM-P1-004,Session recovery identity matching is Operational session/provider ownership. Work admission and atom identity preserved; no implementation expansion.
W03-PROP-60,60,CROSS-SURFACE CONTINUITY,W03-PROP-60-A000,CEP-REQ-W03-60-000,Cross-surface continuity must use references and frozen snapshots with exact identity rather than silent copies or historical rewrites across Enterprise→Scenario→Lab→Run→Results.,DOMAIN_ADAPTER;STATE_OWNERSHIP;FAMILY_ENGINE_ANALYTICAL,DomainW03,GLOBAL_FOUNDATION,CrossSurfaceReferenceContract + frozen identity/snapshot policy,EXTRACT_REUSABLE_MECHANIC,PRESENT_NEEDS_BETTER_TEST,,"Cross-surface continuity and exact-reference/frozen-snapshot identity are global continuity/identity rules, not Spatial viewport ownership. Work admission and atom identity preserved; no implementation expansion."
W03-PROP-60,60,CROSS-SURFACE CONTINUITY,W03-PROP-60-A001,CEP-REQ-W03-60-001,Run freezes exact source identities/versions; Results preserves the resulting historical identity and navigation back never rewrites it.,DOMAIN_ADAPTER;STATE_OWNERSHIP;FAMILY_ENGINE_ANALYTICAL,DomainW03,REVIEW_AUDIT_FAMILY,Evidence/Result/Review contract,EXTRACT_REUSABLE_MECHANIC,DEFER_TO_FAMILY_BUILD,,"Strong future family boundary, not required for current v0.2.1 implementation."
W03-PROP-61,61,PRODUCTION-MAPPABLE DESIGN,W03-PROP-61-A000,CEP-REQ-W03-61-000,"Every major capability must be production-mappable with explicit component, semantic/state owner, I/O, commands/events, persistence, runtime dependencies, accessibility, responsive and failure contracts.",CONFORMANCE_TEST;GLOBAL_FOUNDATION,WriterScaffoldGenerator,FUTURE_WRITER_INPUT,WriterGovernance / TraceabilityContract,PRESERVE_AS_FUTURE_WRITER_INPUT,DO_NOW_P1,FND-RSM-P1-005,"This atom is primarily a production-mappability contract for a future Writer; the referenced family/domain remains secondary applicability, not the primary reusable owner. Work admission and atom identity preserved; no implementation expansion."
W03-PROP-61,61,PRODUCTION-MAPPABLE DESIGN,W03-PROP-61-A001,CEP-REQ-W03-61-001,"Production mapping is a traceability contract, not evidence of implementation/interaction/runtime/Owner acceptance by itself.",CONFORMANCE_TEST;GLOBAL_FOUNDATION,WriterScaffoldGenerator,FUTURE_WRITER_INPUT,WriterGovernance / TraceabilityContract,PRESERVE_AS_FUTURE_WRITER_INPUT,DEFER_HIGH_VALUE,,"This atom is primarily a production-mappability contract for a future Writer; the referenced family/domain remains secondary applicability, not the primary reusable owner. Work admission and atom identity preserved; no implementation expansion."
W03-PROP-62,62,DO NOT BUILD — ANTI-PATTERNS,W03-PROP-62-A000,CEP-REQ-W03-62-000,"Foundation/Writers must enforce explicit W03 anti-patterns: no fake/decorative runtime, disconnected mini-apps, permanent overload, mouse/color-only semantics, silent canonical mutation, history mutation, fixed layout, session recreation or context loss.",CONFORMANCE_TEST;DESIGN_GUIDANCE_ONLY,ConformanceHarness,FUTURE_WRITER_INPUT,WriterGovernance / AntiPatternGuard,PRESERVE_AS_FUTURE_WRITER_INPUT,DO_NOW_P1,FND-RSM-P1-004,"This atom is primarily a anti-pattern guard for a future Writer; the referenced family/domain remains secondary applicability, not the primary reusable owner. Work admission and atom identity preserved; no implementation expansion."
W03-PROP-62,62,DO NOT BUILD — ANTI-PATTERNS,W03-PROP-62-A001,CEP-REQ-W03-62-001,Explicitly avoid: fake terminals,CONFORMANCE_TEST;DESIGN_GUIDANCE_ONLY,ConformanceHarness,FUTURE_WRITER_INPUT,WriterGovernance / AntiPatternGuard,PRESERVE_AS_FUTURE_WRITER_INPUT,DEFER_HIGH_VALUE,,"This atom is primarily a anti-pattern guard for a future Writer; the referenced family/domain remains secondary applicability, not the primary reusable owner. Work admission and atom identity preserved; no implementation expansion."
W03-PROP-62,62,DO NOT BUILD — ANTI-PATTERNS,W03-PROP-62-A002,CEP-REQ-W03-62-002,Explicitly avoid: decorative nodes,CONFORMANCE_TEST;DESIGN_GUIDANCE_ONLY,ConformanceHarness,FUTURE_WRITER_INPUT,WriterGovernance / AntiPatternGuard,PRESERVE_AS_FUTURE_WRITER_INPUT,DEFER_TO_SURFACE_BUILD,,"This atom is primarily a anti-pattern guard for a future Writer; the referenced family/domain remains secondary applicability, not the primary reusable owner. Work admission and atom identity preserved; no implementation expansion."
W03-PROP-62,62,DO NOT BUILD — ANTI-PATTERNS,W03-PROP-62-A003,CEP-REQ-W03-62-003,Explicitly avoid: decorative links,CONFORMANCE_TEST;DESIGN_GUIDANCE_ONLY,ConformanceHarness,FUTURE_WRITER_INPUT,WriterGovernance / AntiPatternGuard,PRESERVE_AS_FUTURE_WRITER_INPUT,DEFER_TO_SURFACE_BUILD,,"This atom is primarily a anti-pattern guard for a future Writer; the referenced family/domain remains secondary applicability, not the primary reusable owner. Work admission and atom identity preserved; no implementation expansion."
W03-PROP-62,62,DO NOT BUILD — ANTI-PATTERNS,W03-PROP-62-A004,CEP-REQ-W03-62-004,Explicitly avoid: generic dashboards replacing simulation,CONFORMANCE_TEST;DESIGN_GUIDANCE_ONLY,ConformanceHarness,FUTURE_WRITER_INPUT,WriterGovernance / AntiPatternGuard,PRESERVE_AS_FUTURE_WRITER_INPUT,DEFER_TO_W03_SURFACE_BUILD,,"This atom is primarily a anti-pattern guard for a future Writer; the referenced family/domain remains secondary applicability, not the primary reusable owner. Work admission and atom identity preserved; no implementation expansion."
W03-PROP-62,62,DO NOT BUILD — ANTI-PATTERNS,W03-PROP-62-A005,CEP-REQ-W03-62-005,Explicitly avoid: five disconnected mini-applications,CONFORMANCE_TEST;DESIGN_GUIDANCE_ONLY,ConformanceHarness,FUTURE_WRITER_INPUT,WriterGovernance / AntiPatternGuard,PRESERVE_AS_FUTURE_WRITER_INPUT,DO_NOW_P1,FND-RSM-P1-004,"This atom is primarily a anti-pattern guard for a future Writer; the referenced family/domain remains secondary applicability, not the primary reusable owner. Work admission and atom identity preserved; no implementation expansion."
W03-PROP-62,62,DO NOT BUILD — ANTI-PATTERNS,W03-PROP-62-A006,CEP-REQ-W03-62-006,Explicitly avoid: permanent panels everywhere,CONFORMANCE_TEST;DESIGN_GUIDANCE_ONLY,ConformanceHarness,FUTURE_WRITER_INPUT,WriterGovernance / AntiPatternGuard,PRESERVE_AS_FUTURE_WRITER_INPUT,DO_NOW_P1,FND-RSM-P1-005,"This atom is primarily a anti-pattern guard for a future Writer; the referenced family/domain remains secondary applicability, not the primary reusable owner. Work admission and atom identity preserved; no implementation expansion."
W03-PROP-62,62,DO NOT BUILD — ANTI-PATTERNS,W03-PROP-62-A007,CEP-REQ-W03-62-007,Explicitly avoid: mouse-only canvas,CONFORMANCE_TEST;DESIGN_GUIDANCE_ONLY,ConformanceHarness,FUTURE_WRITER_INPUT,WriterGovernance / AntiPatternGuard,PRESERVE_AS_FUTURE_WRITER_INPUT,PRESENT_NEEDS_BETTER_TEST,,"This atom is primarily a anti-pattern guard for a future Writer; the referenced family/domain remains secondary applicability, not the primary reusable owner. Work admission and atom identity preserved; no implementation expansion."
W03-PROP-62,62,DO NOT BUILD — ANTI-PATTERNS,W03-PROP-62-A008,CEP-REQ-W03-62-008,Explicitly avoid: color-only state,CONFORMANCE_TEST;DESIGN_GUIDANCE_ONLY;STATE_OWNERSHIP,ConformanceHarness,FUTURE_WRITER_INPUT,WriterGovernance / AntiPatternGuard,PRESERVE_AS_FUTURE_WRITER_INPUT,DEFER_TO_W03_SURFACE_BUILD,,"This atom is primarily a anti-pattern guard for a future Writer; the referenced family/domain remains secondary applicability, not the primary reusable owner. Work admission and atom identity preserved; no implementation expansion."
W03-PROP-62,62,DO NOT BUILD — ANTI-PATTERNS,W03-PROP-62-A009,CEP-REQ-W03-62-009,Explicitly avoid: unrestricted visual edge creation becoming semantic truth,CONFORMANCE_TEST;DESIGN_GUIDANCE_ONLY,ConformanceHarness,FUTURE_WRITER_INPUT,WriterGovernance / AntiPatternGuard,PRESERVE_AS_FUTURE_WRITER_INPUT,PRESENT_NEEDS_BETTER_TEST,FND-RSM-P1-004;FND-RSM-P1-009,"This atom is primarily a anti-pattern guard for a future Writer; the referenced family/domain remains secondary applicability, not the primary reusable owner. Work admission and atom identity preserved; no implementation expansion."
W03-PROP-62,62,DO NOT BUILD — ANTI-PATTERNS,W03-PROP-62-A010,CEP-REQ-W03-62-010,Explicitly avoid: runtime silently editing authored definitions,CONFORMANCE_TEST;DESIGN_GUIDANCE_ONLY,ConformanceHarness,FUTURE_WRITER_INPUT,WriterGovernance / AntiPatternGuard,PRESERVE_AS_FUTURE_WRITER_INPUT,DEFER_HIGH_VALUE,,"This atom is primarily a anti-pattern guard for a future Writer; the referenced family/domain remains secondary applicability, not the primary reusable owner. Work admission and atom identity preserved; no implementation expansion."
W03-PROP-62,62,DO NOT BUILD — ANTI-PATTERNS,W03-PROP-62-A011,CEP-REQ-W03-62-011,Explicitly avoid: replay mutating history,CONFORMANCE_TEST;DESIGN_GUIDANCE_ONLY;STATE_OWNERSHIP,ConformanceHarness,FUTURE_WRITER_INPUT,WriterGovernance / AntiPatternGuard,PRESERVE_AS_FUTURE_WRITER_INPUT,DEFER_TO_FAMILY_BUILD,,"This atom is primarily a anti-pattern guard for a future Writer; the referenced family/domain remains secondary applicability, not the primary reusable owner. Work admission and atom identity preserved; no implementation expansion."
W03-PROP-62,62,DO NOT BUILD — ANTI-PATTERNS,W03-PROP-62-A012,CEP-REQ-W03-62-012,Explicitly avoid: Writer-only success labels pretending acceptance,CONFORMANCE_TEST;DESIGN_GUIDANCE_ONLY,ConformanceHarness,FUTURE_WRITER_INPUT,WriterGovernance / AntiPatternGuard,PRESERVE_AS_FUTURE_WRITER_INPUT,DEFER_TO_W03_SURFACE_BUILD,,"This atom is primarily a anti-pattern guard for a future Writer; the referenced family/domain remains secondary applicability, not the primary reusable owner. Work admission and atom identity preserved; no implementation expansion."
W03-PROP-62,62,DO NOT BUILD — ANTI-PATTERNS,W03-PROP-62-A013,CEP-REQ-W03-62-013,Explicitly avoid: device tools opening as tiny modal popups only,CONFORMANCE_TEST;DESIGN_GUIDANCE_ONLY,ConformanceHarness,FUTURE_WRITER_INPUT,WriterGovernance / AntiPatternGuard,PRESERVE_AS_FUTURE_WRITER_INPUT,DEFER_TO_SURFACE_BUILD,,"This atom is primarily a anti-pattern guard for a future Writer; the referenced family/domain remains secondary applicability, not the primary reusable owner. Work admission and atom identity preserved; no implementation expansion."
W03-PROP-62,62,DO NOT BUILD — ANTI-PATTERNS,W03-PROP-62-A014,CEP-REQ-W03-62-014,Explicitly avoid: fixed pane positions,CONFORMANCE_TEST;DESIGN_GUIDANCE_ONLY,ConformanceHarness,FUTURE_WRITER_INPUT,WriterGovernance / AntiPatternGuard,PRESERVE_AS_FUTURE_WRITER_INPUT,DO_NOW_P1,FND-RSM-P1-005,"This atom is primarily a anti-pattern guard for a future Writer; the referenced family/domain remains secondary applicability, not the primary reusable owner. Work admission and atom identity preserved; no implementation expansion."
W03-PROP-62,62,DO NOT BUILD — ANTI-PATTERNS,W03-PROP-62-A015,CEP-REQ-W03-62-015,Explicitly avoid: fixed terminal position,CONFORMANCE_TEST;DESIGN_GUIDANCE_ONLY,ConformanceHarness,FUTURE_WRITER_INPUT,WriterGovernance / AntiPatternGuard,PRESERVE_AS_FUTURE_WRITER_INPUT,DEFER_HIGH_VALUE,,"This atom is primarily a anti-pattern guard for a future Writer; the referenced family/domain remains secondary applicability, not the primary reusable owner. Work admission and atom identity preserved; no implementation expansion."
W03-PROP-62,62,DO NOT BUILD — ANTI-PATTERNS,W03-PROP-62-A016,CEP-REQ-W03-62-016,Explicitly avoid: no customization,CONFORMANCE_TEST;DESIGN_GUIDANCE_ONLY,ConformanceHarness,FUTURE_WRITER_INPUT,WriterGovernance / AntiPatternGuard,PRESERVE_AS_FUTURE_WRITER_INPUT,DEFER_TO_W03_SURFACE_BUILD,,"This atom is primarily a anti-pattern guard for a future Writer; the referenced family/domain remains secondary applicability, not the primary reusable owner. Work admission and atom identity preserved; no implementation expansion."
W03-PROP-62,62,DO NOT BUILD — ANTI-PATTERNS,W03-PROP-62-A017,CEP-REQ-W03-62-017,Explicitly avoid: no keyboard control,CONFORMANCE_TEST;DESIGN_GUIDANCE_ONLY;ACCESSIBILITY,ConformanceHarness,FUTURE_WRITER_INPUT,WriterGovernance / AntiPatternGuard,PRESERVE_AS_FUTURE_WRITER_INPUT,DO_NOW_P1,FND-RSM-P1-007,"This atom is primarily a anti-pattern guard for a future Writer; the referenced family/domain remains secondary applicability, not the primary reusable owner. Work admission and atom identity preserved; no implementation expansion."
W03-PROP-62,62,DO NOT BUILD — ANTI-PATTERNS,W03-PROP-62-A018,CEP-REQ-W03-62-018,Explicitly avoid: blanket RTL on technical content,CONFORMANCE_TEST;DESIGN_GUIDANCE_ONLY,ConformanceHarness,FUTURE_WRITER_INPUT,WriterGovernance / AntiPatternGuard,PRESERVE_AS_FUTURE_WRITER_INPUT,PRESENT_NEEDS_BETTER_TEST,FND-RSM-P1-009,"This atom is primarily a anti-pattern guard for a future Writer; the referenced family/domain remains secondary applicability, not the primary reusable owner. Work admission and atom identity preserved; no implementation expansion."
W03-PROP-62,62,DO NOT BUILD — ANTI-PATTERNS,W03-PROP-62-A019,CEP-REQ-W03-62-019,Explicitly avoid: one-device-only workflow,CONFORMANCE_TEST;DESIGN_GUIDANCE_ONLY,ConformanceHarness,FUTURE_WRITER_INPUT,WriterGovernance / AntiPatternGuard,PRESERVE_AS_FUTURE_WRITER_INPUT,DEFER_TO_SURFACE_BUILD,,"This atom is primarily a anti-pattern guard for a future Writer; the referenced family/domain remains secondary applicability, not the primary reusable owner. Work admission and atom identity preserved; no implementation expansion."
W03-PROP-62,62,DO NOT BUILD — ANTI-PATTERNS,W03-PROP-62-A020,CEP-REQ-W03-62-020,Explicitly avoid: terminal session recreated when moved/docked,CONFORMANCE_TEST;DESIGN_GUIDANCE_ONLY,ConformanceHarness,FUTURE_WRITER_INPUT,WriterGovernance / AntiPatternGuard,PRESERVE_AS_FUTURE_WRITER_INPUT,DEFER_TO_FAMILY_BUILD,,"This atom is primarily a anti-pattern guard for a future Writer; the referenced family/domain remains secondary applicability, not the primary reusable owner. Work admission and atom identity preserved; no implementation expansion."
W03-PROP-62,62,DO NOT BUILD — ANTI-PATTERNS,W03-PROP-62-A021,CEP-REQ-W03-62-021,Explicitly avoid: losing topology context when starting Run,CONFORMANCE_TEST;DESIGN_GUIDANCE_ONLY;SEMANTIC_COMMAND,ConformanceHarness,FUTURE_WRITER_INPUT,WriterGovernance / AntiPatternGuard,PRESERVE_AS_FUTURE_WRITER_INPUT,DEFER_TO_SURFACE_BUILD,,"This atom is primarily a anti-pattern guard for a future Writer; the referenced family/domain remains secondary applicability, not the primary reusable owner. Work admission and atom identity preserved; no implementation expansion."
W03-PROP-62,62,DO NOT BUILD — ANTI-PATTERNS,W03-PROP-62-A022,CEP-REQ-W03-62-022,Explicitly avoid: losing Run context when opening Results,CONFORMANCE_TEST;DESIGN_GUIDANCE_ONLY,ConformanceHarness,FUTURE_WRITER_INPUT,WriterGovernance / AntiPatternGuard,PRESERVE_AS_FUTURE_WRITER_INPUT,DEFER_TO_FAMILY_BUILD,,"This atom is primarily a anti-pattern guard for a future Writer; the referenced family/domain remains secondary applicability, not the primary reusable owner. Work admission and atom identity preserved; no implementation expansion."
W03-PROP-62,62,DO NOT BUILD — ANTI-PATTERNS,W03-PROP-62-A023,CEP-REQ-W03-62-023,Explicitly avoid: giant card UI instead of a professional workbench.,CONFORMANCE_TEST;DESIGN_GUIDANCE_ONLY,ConformanceHarness,FUTURE_WRITER_INPUT,WriterGovernance / AntiPatternGuard,PRESERVE_AS_FUTURE_WRITER_INPUT,DEFER_TO_SURFACE_BUILD,,"This atom is primarily a anti-pattern guard for a future Writer; the referenced family/domain remains secondary applicability, not the primary reusable owner. Work admission and atom identity preserved; no implementation expansion."
W03-PROP-63,63,EXPECTED DESIGN OUTPUT PER SURFACE,W03-PROP-63-A000,CEP-REQ-W03-63-000,Each W03 surface specification must enumerate purpose/goals/IA/regions/components/actions/input/accessibility/responsive/customization/states/ownership/runtime/integration/persistence/mapping/use-cases/edge-cases/density/anti-patterns before implementation.,CONFORMANCE_TEST,WriterScaffoldGenerator,FUTURE_WRITER_INPUT,WriterGovernance / PerSurfaceDesignCompletenessContract,PRESERVE_AS_FUTURE_WRITER_INPUT,DO_NOW_P1,FND-RSM-P1-005,"This atom is primarily a per-surface design-output contract for a future Writer; the referenced family/domain remains secondary applicability, not the primary reusable owner. Work admission and atom identity preserved; no implementation expansion."
W03-PROP-63,63,EXPECTED DESIGN OUTPUT PER SURFACE,W03-PROP-63-A001,CEP-REQ-W03-63-001,"For each of Enterprise, Scenarios, Labs, Runs and Results, specify product purpose.",CONFORMANCE_TEST,WriterScaffoldGenerator,FUTURE_WRITER_INPUT,WriterGovernance / PerSurfaceDesignCompletenessContract,PRESERVE_AS_FUTURE_WRITER_INPUT,DEFER_TO_FAMILY_BUILD,,"This atom is primarily a per-surface design-output contract for a future Writer; the referenced family/domain remains secondary applicability, not the primary reusable owner. Work admission and atom identity preserved; no implementation expansion."
W03-PROP-63,63,EXPECTED DESIGN OUTPUT PER SURFACE,W03-PROP-63-A002,CEP-REQ-W03-63-002,"For each of Enterprise, Scenarios, Labs, Runs and Results, specify primary user goals.",CONFORMANCE_TEST,WriterScaffoldGenerator,FUTURE_WRITER_INPUT,WriterGovernance / PerSurfaceDesignCompletenessContract,PRESERVE_AS_FUTURE_WRITER_INPUT,DEFER_TO_FAMILY_BUILD,,"This atom is primarily a per-surface design-output contract for a future Writer; the referenced family/domain remains secondary applicability, not the primary reusable owner. Work admission and atom identity preserved; no implementation expansion."
W03-PROP-63,63,EXPECTED DESIGN OUTPUT PER SURFACE,W03-PROP-63-A003,CEP-REQ-W03-63-003,"For each of Enterprise, Scenarios, Labs, Runs and Results, specify information architecture.",CONFORMANCE_TEST,WriterScaffoldGenerator,FUTURE_WRITER_INPUT,WriterGovernance / PerSurfaceDesignCompletenessContract,PRESERVE_AS_FUTURE_WRITER_INPUT,DEFER_TO_FAMILY_BUILD,,"This atom is primarily a per-surface design-output contract for a future Writer; the referenced family/domain remains secondary applicability, not the primary reusable owner. Work admission and atom identity preserved; no implementation expansion."
W03-PROP-63,63,EXPECTED DESIGN OUTPUT PER SURFACE,W03-PROP-63-A004,CEP-REQ-W03-63-004,"For each of Enterprise, Scenarios, Labs, Runs and Results, specify main regions.",CONFORMANCE_TEST,WriterScaffoldGenerator,FUTURE_WRITER_INPUT,WriterGovernance / PerSurfaceDesignCompletenessContract,PRESERVE_AS_FUTURE_WRITER_INPUT,DEFER_TO_FAMILY_BUILD,,"This atom is primarily a per-surface design-output contract for a future Writer; the referenced family/domain remains secondary applicability, not the primary reusable owner. Work admission and atom identity preserved; no implementation expansion."
W03-PROP-63,63,EXPECTED DESIGN OUTPUT PER SURFACE,W03-PROP-63-A005,CEP-REQ-W03-63-005,"For each of Enterprise, Scenarios, Labs, Runs and Results, specify primary components.",CONFORMANCE_TEST,WriterScaffoldGenerator,FUTURE_WRITER_INPUT,WriterGovernance / PerSurfaceDesignCompletenessContract,PRESERVE_AS_FUTURE_WRITER_INPUT,DEFER_TO_FAMILY_BUILD,,"This atom is primarily a per-surface design-output contract for a future Writer; the referenced family/domain remains secondary applicability, not the primary reusable owner. Work admission and atom identity preserved; no implementation expansion."
W03-PROP-63,63,EXPECTED DESIGN OUTPUT PER SURFACE,W03-PROP-63-A006,CEP-REQ-W03-63-006,"For each of Enterprise, Scenarios, Labs, Runs and Results, specify secondary components.",CONFORMANCE_TEST,WriterScaffoldGenerator,FUTURE_WRITER_INPUT,WriterGovernance / PerSurfaceDesignCompletenessContract,PRESERVE_AS_FUTURE_WRITER_INPUT,DEFER_TO_FAMILY_BUILD,,"This atom is primarily a per-surface design-output contract for a future Writer; the referenced family/domain remains secondary applicability, not the primary reusable owner. Work admission and atom identity preserved; no implementation expansion."
W03-PROP-63,63,EXPECTED DESIGN OUTPUT PER SURFACE,W03-PROP-63-A007,CEP-REQ-W03-63-007,"For each of Enterprise, Scenarios, Labs, Runs and Results, specify contextual components.",CONFORMANCE_TEST,WriterScaffoldGenerator,FUTURE_WRITER_INPUT,WriterGovernance / PerSurfaceDesignCompletenessContract,PRESERVE_AS_FUTURE_WRITER_INPUT,DEFER_TO_FAMILY_BUILD,,"This atom is primarily a per-surface design-output contract for a future Writer; the referenced family/domain remains secondary applicability, not the primary reusable owner. Work admission and atom identity preserved; no implementation expansion."
W03-PROP-63,63,EXPECTED DESIGN OUTPUT PER SURFACE,W03-PROP-63-A008,CEP-REQ-W03-63-008,"For each of Enterprise, Scenarios, Labs, Runs and Results, specify menus.",CONFORMANCE_TEST,WriterScaffoldGenerator,FUTURE_WRITER_INPUT,WriterGovernance / PerSurfaceDesignCompletenessContract,PRESERVE_AS_FUTURE_WRITER_INPUT,DEFER_TO_FAMILY_BUILD,,"This atom is primarily a per-surface design-output contract for a future Writer; the referenced family/domain remains secondary applicability, not the primary reusable owner. Work admission and atom identity preserved; no implementation expansion."
W03-PROP-63,63,EXPECTED DESIGN OUTPUT PER SURFACE,W03-PROP-63-A009,CEP-REQ-W03-63-009,"For each of Enterprise, Scenarios, Labs, Runs and Results, specify toolbars.",CONFORMANCE_TEST,WriterScaffoldGenerator,FUTURE_WRITER_INPUT,WriterGovernance / PerSurfaceDesignCompletenessContract,PRESERVE_AS_FUTURE_WRITER_INPUT,DEFER_TO_FAMILY_BUILD,,"This atom is primarily a per-surface design-output contract for a future Writer; the referenced family/domain remains secondary applicability, not the primary reusable owner. Work admission and atom identity preserved; no implementation expansion."
W03-PROP-63,63,EXPECTED DESIGN OUTPUT PER SURFACE,W03-PROP-63-A010,CEP-REQ-W03-63-010,"For each of Enterprise, Scenarios, Labs, Runs and Results, specify context menus.",CONFORMANCE_TEST,WriterScaffoldGenerator,FUTURE_WRITER_INPUT,WriterGovernance / PerSurfaceDesignCompletenessContract,PRESERVE_AS_FUTURE_WRITER_INPUT,DO_NOW_P1,FND-RSM-P1-007,"This atom is primarily a per-surface design-output contract for a future Writer; the referenced family/domain remains secondary applicability, not the primary reusable owner. Work admission and atom identity preserved; no implementation expansion."
W03-PROP-63,63,EXPECTED DESIGN OUTPUT PER SURFACE,W03-PROP-63-A011,CEP-REQ-W03-63-011,"For each of Enterprise, Scenarios, Labs, Runs and Results, specify commands.",CONFORMANCE_TEST;SEMANTIC_COMMAND,WriterScaffoldGenerator,FUTURE_WRITER_INPUT,WriterGovernance / PerSurfaceDesignCompletenessContract,PRESERVE_AS_FUTURE_WRITER_INPUT,DEFER_TO_FAMILY_BUILD,,"This atom is primarily a per-surface design-output contract for a future Writer; the referenced family/domain remains secondary applicability, not the primary reusable owner. Work admission and atom identity preserved; no implementation expansion."
W03-PROP-63,63,EXPECTED DESIGN OUTPUT PER SURFACE,W03-PROP-63-A012,CEP-REQ-W03-63-012,"For each of Enterprise, Scenarios, Labs, Runs and Results, specify mouse/pointer interactions.",CONFORMANCE_TEST,WriterScaffoldGenerator,FUTURE_WRITER_INPUT,WriterGovernance / PerSurfaceDesignCompletenessContract,PRESERVE_AS_FUTURE_WRITER_INPUT,DEFER_TO_FAMILY_BUILD,,"This atom is primarily a per-surface design-output contract for a future Writer; the referenced family/domain remains secondary applicability, not the primary reusable owner. Work admission and atom identity preserved; no implementation expansion."
W03-PROP-63,63,EXPECTED DESIGN OUTPUT PER SURFACE,W03-PROP-63-A013,CEP-REQ-W03-63-013,"For each of Enterprise, Scenarios, Labs, Runs and Results, specify keyboard interactions.",CONFORMANCE_TEST;ACCESSIBILITY,WriterScaffoldGenerator,FUTURE_WRITER_INPUT,WriterGovernance / PerSurfaceDesignCompletenessContract,PRESERVE_AS_FUTURE_WRITER_INPUT,DO_NOW_P1,FND-RSM-P1-007,"This atom is primarily a per-surface design-output contract for a future Writer; the referenced family/domain remains secondary applicability, not the primary reusable owner. Work admission and atom identity preserved; no implementation expansion."
W03-PROP-63,63,EXPECTED DESIGN OUTPUT PER SURFACE,W03-PROP-63-A014,CEP-REQ-W03-63-014,"For each of Enterprise, Scenarios, Labs, Runs and Results, specify accessibility model.",CONFORMANCE_TEST,WriterScaffoldGenerator,FUTURE_WRITER_INPUT,WriterGovernance / PerSurfaceDesignCompletenessContract,PRESERVE_AS_FUTURE_WRITER_INPUT,DEFER_TO_FAMILY_BUILD,,"This atom is primarily a per-surface design-output contract for a future Writer; the referenced family/domain remains secondary applicability, not the primary reusable owner. Work admission and atom identity preserved; no implementation expansion."
W03-PROP-63,63,EXPECTED DESIGN OUTPUT PER SURFACE,W03-PROP-63-A015,CEP-REQ-W03-63-015,"For each of Enterprise, Scenarios, Labs, Runs and Results, specify responsive behavior.",CONFORMANCE_TEST;RESPONSIVE,WriterScaffoldGenerator,FUTURE_WRITER_INPUT,WriterGovernance / PerSurfaceDesignCompletenessContract,PRESERVE_AS_FUTURE_WRITER_INPUT,DO_NOW_P1,FND-RSM-P1-005,"This atom is primarily a per-surface design-output contract for a future Writer; the referenced family/domain remains secondary applicability, not the primary reusable owner. Work admission and atom identity preserved; no implementation expansion."
W03-PROP-63,63,EXPECTED DESIGN OUTPUT PER SURFACE,W03-PROP-63-A016,CEP-REQ-W03-63-016,"For each of Enterprise, Scenarios, Labs, Runs and Results, specify customization.",CONFORMANCE_TEST,WriterScaffoldGenerator,FUTURE_WRITER_INPUT,WriterGovernance / PerSurfaceDesignCompletenessContract,PRESERVE_AS_FUTURE_WRITER_INPUT,DEFER_TO_FAMILY_BUILD,,"This atom is primarily a per-surface design-output contract for a future Writer; the referenced family/domain remains secondary applicability, not the primary reusable owner. Work admission and atom identity preserved; no implementation expansion."
W03-PROP-63,63,EXPECTED DESIGN OUTPUT PER SURFACE,W03-PROP-63-A017,CEP-REQ-W03-63-017,"For each of Enterprise, Scenarios, Labs, Runs and Results, specify empty states.",CONFORMANCE_TEST;STATE_OWNERSHIP,WriterScaffoldGenerator,FUTURE_WRITER_INPUT,WriterGovernance / PerSurfaceDesignCompletenessContract,PRESERVE_AS_FUTURE_WRITER_INPUT,DEFER_TO_FAMILY_BUILD,,"This atom is primarily a per-surface design-output contract for a future Writer; the referenced family/domain remains secondary applicability, not the primary reusable owner. Work admission and atom identity preserved; no implementation expansion."
W03-PROP-63,63,EXPECTED DESIGN OUTPUT PER SURFACE,W03-PROP-63-A018,CEP-REQ-W03-63-018,"For each of Enterprise, Scenarios, Labs, Runs and Results, specify loading states.",CONFORMANCE_TEST;STATE_OWNERSHIP,WriterScaffoldGenerator,FUTURE_WRITER_INPUT,WriterGovernance / PerSurfaceDesignCompletenessContract,PRESERVE_AS_FUTURE_WRITER_INPUT,DEFER_TO_FAMILY_BUILD,,"This atom is primarily a per-surface design-output contract for a future Writer; the referenced family/domain remains secondary applicability, not the primary reusable owner. Work admission and atom identity preserved; no implementation expansion."
W03-PROP-63,63,EXPECTED DESIGN OUTPUT PER SURFACE,W03-PROP-63-A019,CEP-REQ-W03-63-019,"For each of Enterprise, Scenarios, Labs, Runs and Results, specify error states.",CONFORMANCE_TEST;STATE_OWNERSHIP,WriterScaffoldGenerator,FUTURE_WRITER_INPUT,WriterGovernance / PerSurfaceDesignCompletenessContract,PRESERVE_AS_FUTURE_WRITER_INPUT,DEFER_TO_FAMILY_BUILD,,"This atom is primarily a per-surface design-output contract for a future Writer; the referenced family/domain remains secondary applicability, not the primary reusable owner. Work admission and atom identity preserved; no implementation expansion."
W03-PROP-63,63,EXPECTED DESIGN OUTPUT PER SURFACE,W03-PROP-63-A020,CEP-REQ-W03-63-020,"For each of Enterprise, Scenarios, Labs, Runs and Results, specify degraded states.",CONFORMANCE_TEST;STATE_OWNERSHIP,WriterScaffoldGenerator,FUTURE_WRITER_INPUT,WriterGovernance / PerSurfaceDesignCompletenessContract,PRESERVE_AS_FUTURE_WRITER_INPUT,DEFER_TO_FAMILY_BUILD,,"This atom is primarily a per-surface design-output contract for a future Writer; the referenced family/domain remains secondary applicability, not the primary reusable owner. Work admission and atom identity preserved; no implementation expansion."
W03-PROP-63,63,EXPECTED DESIGN OUTPUT PER SURFACE,W03-PROP-63-A021,CEP-REQ-W03-63-021,"For each of Enterprise, Scenarios, Labs, Runs and Results, specify data/state ownership.",CONFORMANCE_TEST;STATE_OWNERSHIP,WriterScaffoldGenerator,FUTURE_WRITER_INPUT,WriterGovernance / PerSurfaceDesignCompletenessContract,PRESERVE_AS_FUTURE_WRITER_INPUT,DEFER_TO_FAMILY_BUILD,,"This atom is primarily a per-surface design-output contract for a future Writer; the referenced family/domain remains secondary applicability, not the primary reusable owner. Work admission and atom identity preserved; no implementation expansion."
W03-PROP-63,63,EXPECTED DESIGN OUTPUT PER SURFACE,W03-PROP-63-A022,CEP-REQ-W03-63-022,"For each of Enterprise, Scenarios, Labs, Runs and Results, specify runtime interactions.",CONFORMANCE_TEST,WriterScaffoldGenerator,FUTURE_WRITER_INPUT,WriterGovernance / PerSurfaceDesignCompletenessContract,PRESERVE_AS_FUTURE_WRITER_INPUT,DEFER_HIGH_VALUE,,"This atom is primarily a per-surface design-output contract for a future Writer; the referenced family/domain remains secondary applicability, not the primary reusable owner. Work admission and atom identity preserved; no implementation expansion."
W03-PROP-63,63,EXPECTED DESIGN OUTPUT PER SURFACE,W03-PROP-63-A023,CEP-REQ-W03-63-023,"For each of Enterprise, Scenarios, Labs, Runs and Results, specify relationship to Visualize engine.",CONFORMANCE_TEST,WriterScaffoldGenerator,FUTURE_WRITER_INPUT,WriterGovernance / PerSurfaceDesignCompletenessContract,PRESERVE_AS_FUTURE_WRITER_INPUT,PRESENT_NEEDS_BETTER_TEST,FND-RSM-P1-004;FND-RSM-P1-009,"This atom is primarily a per-surface design-output contract for a future Writer; the referenced family/domain remains secondary applicability, not the primary reusable owner. Work admission and atom identity preserved; no implementation expansion."
W03-PROP-63,63,EXPECTED DESIGN OUTPUT PER SURFACE,W03-PROP-63-A024,CEP-REQ-W03-63-024,"For each of Enterprise, Scenarios, Labs, Runs and Results, specify relationship to other W03 surfaces.",CONFORMANCE_TEST,WriterScaffoldGenerator,FUTURE_WRITER_INPUT,WriterGovernance / PerSurfaceDesignCompletenessContract,PRESERVE_AS_FUTURE_WRITER_INPUT,PRESENT_NEEDS_BETTER_TEST,FND-RSM-P1-004;FND-RSM-P1-009,"This atom is primarily a per-surface design-output contract for a future Writer; the referenced family/domain remains secondary applicability, not the primary reusable owner. Work admission and atom identity preserved; no implementation expansion."
W03-PROP-63,63,EXPECTED DESIGN OUTPUT PER SURFACE,W03-PROP-63-A025,CEP-REQ-W03-63-025,"For each of Enterprise, Scenarios, Labs, Runs and Results, specify saved workspace behavior.",CONFORMANCE_TEST,WriterScaffoldGenerator,FUTURE_WRITER_INPUT,WriterGovernance / PerSurfaceDesignCompletenessContract,PRESERVE_AS_FUTURE_WRITER_INPUT,DEFER_TO_FAMILY_BUILD,,"This atom is primarily a per-surface design-output contract for a future Writer; the referenced family/domain remains secondary applicability, not the primary reusable owner. Work admission and atom identity preserved; no implementation expansion."
W03-PROP-63,63,EXPECTED DESIGN OUTPUT PER SURFACE,W03-PROP-63-A026,CEP-REQ-W03-63-026,"For each of Enterprise, Scenarios, Labs, Runs and Results, specify production mapping.",CONFORMANCE_TEST,WriterScaffoldGenerator,FUTURE_WRITER_INPUT,WriterGovernance / PerSurfaceDesignCompletenessContract,PRESERVE_AS_FUTURE_WRITER_INPUT,DEFER_TO_FAMILY_BUILD,,"This atom is primarily a per-surface design-output contract for a future Writer; the referenced family/domain remains secondary applicability, not the primary reusable owner. Work admission and atom identity preserved; no implementation expansion."
W03-PROP-63,63,EXPECTED DESIGN OUTPUT PER SURFACE,W03-PROP-63-A027,CEP-REQ-W03-63-027,"For each of Enterprise, Scenarios, Labs, Runs and Results, specify concrete end-to-end use cases.",CONFORMANCE_TEST,WriterScaffoldGenerator,FUTURE_WRITER_INPUT,WriterGovernance / PerSurfaceDesignCompletenessContract,PRESERVE_AS_FUTURE_WRITER_INPUT,DEFER_TO_FAMILY_BUILD,,"This atom is primarily a per-surface design-output contract for a future Writer; the referenced family/domain remains secondary applicability, not the primary reusable owner. Work admission and atom identity preserved; no implementation expansion."
W03-PROP-63,63,EXPECTED DESIGN OUTPUT PER SURFACE,W03-PROP-63-A028,CEP-REQ-W03-63-028,"For each of Enterprise, Scenarios, Labs, Runs and Results, specify interaction edge cases.",CONFORMANCE_TEST,WriterScaffoldGenerator,FUTURE_WRITER_INPUT,WriterGovernance / PerSurfaceDesignCompletenessContract,PRESERVE_AS_FUTURE_WRITER_INPUT,PRESENT_NEEDS_BETTER_TEST,FND-RSM-P1-004;FND-RSM-P1-009,"This atom is primarily a per-surface design-output contract for a future Writer; the referenced family/domain remains secondary applicability, not the primary reusable owner. Work admission and atom identity preserved; no implementation expansion."
W03-PROP-63,63,EXPECTED DESIGN OUTPUT PER SURFACE,W03-PROP-63-A029,CEP-REQ-W03-63-029,"For each of Enterprise, Scenarios, Labs, Runs and Results, specify visual-density rules.",CONFORMANCE_TEST;PREFERENCE,WriterScaffoldGenerator,FUTURE_WRITER_INPUT,WriterGovernance / PerSurfaceDesignCompletenessContract,PRESERVE_AS_FUTURE_WRITER_INPUT,DEFER_TO_FAMILY_BUILD,,"This atom is primarily a per-surface design-output contract for a future Writer; the referenced family/domain remains secondary applicability, not the primary reusable owner. Work admission and atom identity preserved; no implementation expansion."
W03-PROP-63,63,EXPECTED DESIGN OUTPUT PER SURFACE,W03-PROP-63-A030,CEP-REQ-W03-63-030,"For each of Enterprise, Scenarios, Labs, Runs and Results, specify ""what this surface must NEVER become""..",CONFORMANCE_TEST,WriterScaffoldGenerator,FUTURE_WRITER_INPUT,WriterGovernance / PerSurfaceDesignCompletenessContract,PRESERVE_AS_FUTURE_WRITER_INPUT,DEFER_TO_FAMILY_BUILD,,"This atom is primarily a per-surface design-output contract for a future Writer; the referenced family/domain remains secondary applicability, not the primary reusable owner. Work admission and atom identity preserved; no implementation expansion."
W03-PROP-64,64,SHARED SYSTEM OUTPUTS,W03-PROP-64-A000,CEP-REQ-W03-64-000,"W03-wide mechanics must be assigned to shared Foundation/family owners instead of surface-local duplicates, with domain adapters for W03 semantics.",GLOBAL_FOUNDATION;FAMILY_ENGINE_OPERATIONAL;FAMILY_ENGINE_SPATIAL;FAMILY_ENGINE_ANALYTICAL,WriterScaffoldGenerator,FUTURE_WRITER_INPUT,WriterGovernance / SharedMechanicOwnershipContract,PRESERVE_AS_FUTURE_WRITER_INPUT,DEFER_TO_W03_SURFACE_BUILD,,This atom instructs future architecture/Writers to assign shared mechanics to canonical owners. Work admission and atom identity preserved; no implementation expansion.
W03-PROP-64,64,SHARED SYSTEM OUTPUTS,W03-PROP-64-A001,CEP-REQ-W03-64-001,Define/reuse one shared W03-wide system owner for W03_WORKBENCH_SHELL.,GLOBAL_FOUNDATION;FAMILY_ENGINE_OPERATIONAL;FAMILY_ENGINE_SPATIAL;FAMILY_ENGINE_ANALYTICAL,WriterScaffoldGenerator,GLOBAL_FOUNDATION,WorkspaceFoundationHost / WorkspaceFoundation,EXTRACT_DOMAIN_VALUE,DEFER_TO_W03_SURFACE_BUILD,,W03_WORKBENCH_SHELL is a global workbench host concern. Work admission and atom identity preserved; no implementation expansion.
W03-PROP-64,64,SHARED SYSTEM OUTPUTS,W03-PROP-64-A002,CEP-REQ-W03-64-002,Define/reuse one shared W03-wide system owner for SPATIAL_ENGINE_ADAPTER.,GLOBAL_FOUNDATION;FAMILY_ENGINE_OPERATIONAL;FAMILY_ENGINE_SPATIAL;FAMILY_ENGINE_ANALYTICAL,WriterScaffoldGenerator,SPATIAL_FAMILY,SpatialView / SpatialModel / Spatial domain adapter boundary,EXTRACT_DOMAIN_VALUE,DEFER_TO_W03_SURFACE_BUILD,,SPATIAL_ENGINE_ADAPTER belongs to the Spatial family. Work admission and atom identity preserved; no implementation expansion.
W03-PROP-64,64,SHARED SYSTEM OUTPUTS,W03-PROP-64-A003,CEP-REQ-W03-64-003,Define/reuse one shared W03-wide system owner for OPERATIONAL_SURFACE_MANAGER.,GLOBAL_FOUNDATION;FAMILY_ENGINE_OPERATIONAL;FAMILY_ENGINE_SPATIAL;FAMILY_ENGINE_ANALYTICAL,WriterScaffoldGenerator,OPERATIONAL_FAMILY,OperationalSurfaceManager / OperationalView,EXTRACT_DOMAIN_VALUE,DEFER_TO_W03_SURFACE_BUILD,,OPERATIONAL_SURFACE_MANAGER belongs to the Operational family. Work admission and atom identity preserved; no implementation expansion.
W03-PROP-64,64,SHARED SYSTEM OUTPUTS,W03-PROP-64-A004,CEP-REQ-W03-64-004,Define/reuse one shared W03-wide system owner for TERMINAL_SESSION_MANAGER.,GLOBAL_FOUNDATION;FAMILY_ENGINE_OPERATIONAL;FAMILY_ENGINE_SPATIAL;FAMILY_ENGINE_ANALYTICAL,WriterScaffoldGenerator,OPERATIONAL_FAMILY,OperationalSessionModel / RuntimeAdapter,EXTRACT_REUSABLE_MECHANIC,DEFER_HIGH_VALUE,,TERMINAL_SESSION_MANAGER owns stable Operational sessions. Work admission and atom identity preserved; no implementation expansion.
W03-PROP-64,64,SHARED SYSTEM OUTPUTS,W03-PROP-64-A005,CEP-REQ-W03-64-005,Define/reuse one shared W03-wide system owner for SESSION_SHELF.,GLOBAL_FOUNDATION;FAMILY_ENGINE_OPERATIONAL;FAMILY_ENGINE_SPATIAL;FAMILY_ENGINE_ANALYTICAL,WriterScaffoldGenerator,OPERATIONAL_FAMILY,future SessionShelf over OperationalSessionModel,EXTRACT_REUSABLE_MECHANIC,DEFER_HIGH_VALUE,,SESSION_SHELF is an Operational session projection/controller concern. Work admission and atom identity preserved; no implementation expansion.
W03-PROP-64,64,SHARED SYSTEM OUTPUTS,W03-PROP-64-A006,CEP-REQ-W03-64-006,Define/reuse one shared W03-wide system owner for COMMAND_REGISTRY.,GLOBAL_FOUNDATION;FAMILY_ENGINE_OPERATIONAL;FAMILY_ENGINE_SPATIAL;FAMILY_ENGINE_ANALYTICAL;SEMANTIC_COMMAND,WriterScaffoldGenerator,GLOBAL_FOUNDATION,SemanticCommandRegistry,EXTRACT_DOMAIN_VALUE,DEFER_TO_W03_SURFACE_BUILD,,COMMAND_REGISTRY is global semantic command infrastructure. Work admission and atom identity preserved; no implementation expansion.
W03-PROP-64,64,SHARED SYSTEM OUTPUTS,W03-PROP-64-A007,CEP-REQ-W03-64-007,Define/reuse one shared W03-wide system owner for KEYMAP_MANAGER.,GLOBAL_FOUNDATION;FAMILY_ENGINE_OPERATIONAL;FAMILY_ENGINE_SPATIAL;FAMILY_ENGINE_ANALYTICAL,WriterScaffoldGenerator,GLOBAL_FOUNDATION,KeymapManager contract + SemanticCommandRegistry,EXTRACT_DOMAIN_VALUE,DEFER_TO_W03_SURFACE_BUILD,,KEYMAP_MANAGER is global input-to-semantic-command routing. Work admission and atom identity preserved; no implementation expansion.
W03-PROP-64,64,SHARED SYSTEM OUTPUTS,W03-PROP-64-A008,CEP-REQ-W03-64-008,Define/reuse one shared W03-wide system owner for LAYOUT_MANAGER.,GLOBAL_FOUNDATION;FAMILY_ENGINE_OPERATIONAL;FAMILY_ENGINE_SPATIAL;FAMILY_ENGINE_ANALYTICAL;PREFERENCE,WriterScaffoldGenerator,GLOBAL_FOUNDATION,PaneLayoutController + future LayoutProfileManager,EXTRACT_DOMAIN_VALUE,DEFER_TO_W03_SURFACE_BUILD,,LAYOUT_MANAGER is global workspace layout ownership. Work admission and atom identity preserved; no implementation expansion.
W03-PROP-64,64,SHARED SYSTEM OUTPUTS,W03-PROP-64-A009,CEP-REQ-W03-64-009,Define/reuse one shared W03-wide system owner for PREFERENCE_MANAGER.,GLOBAL_FOUNDATION;FAMILY_ENGINE_OPERATIONAL;FAMILY_ENGINE_SPATIAL;FAMILY_ENGINE_ANALYTICAL;PREFERENCE,WriterScaffoldGenerator,GLOBAL_FOUNDATION,ScopedPreferences,EXTRACT_DOMAIN_VALUE,DEFER_TO_W03_SURFACE_BUILD,,PREFERENCE_MANAGER is global scoped preference ownership. Work admission and atom identity preserved; no implementation expansion.
W03-PROP-64,64,SHARED SYSTEM OUTPUTS,W03-PROP-64-A010,CEP-REQ-W03-64-010,Define/reuse one shared W03-wide system owner for CONTEXT_INSPECTOR.,GLOBAL_FOUNDATION;FAMILY_ENGINE_OPERATIONAL;FAMILY_ENGINE_SPATIAL;FAMILY_ENGINE_ANALYTICAL,WriterScaffoldGenerator,GLOBAL_FOUNDATION,ContextDescriptorProvider + ContextInspectorPresentation,EXTRACT_REUSABLE_MECHANIC,DO_NOW_P1,FND-RSM-P1-005,CONTEXT_INSPECTOR is global presentation with family/domain descriptors. Work admission and atom identity preserved; no implementation expansion.
W03-PROP-64,64,SHARED SYSTEM OUTPUTS,W03-PROP-64-A011,CEP-REQ-W03-64-011,Define/reuse one shared W03-wide system owner for RUN_MODE_CONTROLLER.,GLOBAL_FOUNDATION;FAMILY_ENGINE_OPERATIONAL;FAMILY_ENGINE_SPATIAL;FAMILY_ENGINE_ANALYTICAL,WriterScaffoldGenerator,DOMAIN_ADAPTER,RunDomainAdapter / RunModeController,EXTRACT_DOMAIN_VALUE,DEFER_TO_W03_SURFACE_BUILD,,RUN_MODE_CONTROLLER is canonical Run-domain lifecycle/mode ownership. Work admission and atom identity preserved; no implementation expansion.
W03-PROP-64,64,SHARED SYSTEM OUTPUTS,W03-PROP-64-A012,CEP-REQ-W03-64-012,Define/reuse one shared W03-wide system owner for REPLAY_CONTEXT_MANAGER.,GLOBAL_FOUNDATION;FAMILY_ENGINE_OPERATIONAL;FAMILY_ENGINE_SPATIAL;FAMILY_ENGINE_ANALYTICAL,WriterScaffoldGenerator,REVIEW_AUDIT_FAMILY,future ReplayContextManager,EXTRACT_REUSABLE_MECHANIC,DEFER_TO_FAMILY_BUILD,,REPLAY_CONTEXT_MANAGER belongs to Review/Audit historical-context ownership. Work admission and atom identity preserved; no implementation expansion.
W03-PROP-64,64,SHARED SYSTEM OUTPUTS,W03-PROP-64-A013,CEP-REQ-W03-64-013,Define/reuse one shared W03-wide system owner for ACCESSIBILITY_NAVIGATION_MODEL.,GLOBAL_FOUNDATION;FAMILY_ENGINE_OPERATIONAL;FAMILY_ENGINE_SPATIAL;FAMILY_ENGINE_ANALYTICAL,WriterScaffoldGenerator,GLOBAL_FOUNDATION,AccessibilityNavigationModel + FocusAndDismissal,EXTRACT_DOMAIN_VALUE,DEFER_TO_W03_SURFACE_BUILD,,ACCESSIBILITY_NAVIGATION_MODEL is global accessibility/navigation infrastructure. Work admission and atom identity preserved; no implementation expansion.
W03-PROP-64,64,SHARED SYSTEM OUTPUTS,W03-PROP-64-A014,CEP-REQ-W03-64-014,Define/reuse one shared W03-wide system owner for RTL_BIDI_TECHNICAL_TEXT_MODEL.,GLOBAL_FOUNDATION;FAMILY_ENGINE_OPERATIONAL;FAMILY_ENGINE_SPATIAL;FAMILY_ENGINE_ANALYTICAL,WriterScaffoldGenerator,GLOBAL_FOUNDATION,BidiLocalizationPreferences,PRESERVE_AND_IMPROVE,PRESENT_NEEDS_BETTER_TEST,FND-RSM-P1-009,RTL_BIDI_TECHNICAL_TEXT_MODEL is global localization/Bidi ownership. Work admission and atom identity preserved; no implementation expansion.
W03-PROP-64,64,SHARED SYSTEM OUTPUTS,W03-PROP-64-A015,CEP-REQ-W03-64-015,Define/reuse one shared W03-wide system owner for DEVICE_RUNTIME_ADAPTER.,GLOBAL_FOUNDATION;FAMILY_ENGINE_OPERATIONAL;FAMILY_ENGINE_SPATIAL;FAMILY_ENGINE_ANALYTICAL,WriterScaffoldGenerator,OPERATIONAL_FAMILY,RuntimeAdapter,EXTRACT_REUSABLE_MECHANIC,DEFER_HIGH_VALUE,,DEVICE_RUNTIME_ADAPTER is an Operational runtime-provider/domain adapter seam. Work admission and atom identity preserved; no implementation expansion.
W03-PROP-64,64,SHARED SYSTEM OUTPUTS,W03-PROP-64-A016,CEP-REQ-W03-64-016,Define/reuse one shared W03-wide system owner for NOTIFICATION_SYSTEM.,GLOBAL_FOUNDATION;FAMILY_ENGINE_OPERATIONAL;FAMILY_ENGINE_SPATIAL;FAMILY_ENGINE_ANALYTICAL,WriterScaffoldGenerator,GLOBAL_FOUNDATION,StatusFeedback + EventTelemetry routing contract,EXTRACT_DOMAIN_VALUE,DEFER_TO_W03_SURFACE_BUILD,,NOTIFICATION_SYSTEM/feedback routing is global status/feedback infrastructure. Work admission and atom identity preserved; no implementation expansion.
W03-PROP-64,64,SHARED SYSTEM OUTPUTS,W03-PROP-64-A017,CEP-REQ-W03-64-017,Define/reuse one shared W03-wide system owner for SEARCH / QUICK_NAVIGATION.,GLOBAL_FOUNDATION;FAMILY_ENGINE_OPERATIONAL;FAMILY_ENGINE_SPATIAL;FAMILY_ENGINE_ANALYTICAL,WriterScaffoldGenerator,GLOBAL_FOUNDATION,SearchQuickNavigation contract + domain search providers,EXTRACT_DOMAIN_VALUE,DEFER_TO_W03_SURFACE_BUILD,,SEARCH / QUICK_NAVIGATION is global navigation infrastructure with domain providers. Work admission and atom identity preserved; no implementation expansion.
W03-PROP-65,65,DETAIL LEVEL,W03-PROP-65-A000,CEP-REQ-W03-65-000,"High-value interactions require transition-level specification: initiation, targets/preview, keyboard equivalent, state survival, focus, reverse action, persistence, responsive behavior and accessibility announcement.",CONFORMANCE_TEST;INTERACTION_GRAMMAR,WriterScaffoldGenerator,FUTURE_WRITER_INPUT,WriterGovernance / InteractionTransitionSpecificationContract,PRESERVE_AS_FUTURE_WRITER_INPUT,DO_NOW_P1,FND-RSM-P1-005,"This atom is primarily a transition-level interaction specification for a future Writer; the referenced family/domain remains secondary applicability, not the primary reusable owner. Work admission and atom identity preserved; no implementation expansion."
W03-PROP-65,65,DETAIL LEVEL,W03-PROP-65-A001,CEP-REQ-W03-65-001,Specify must support the following set where semantically applicable: how docking begins;; available drop targets;; visual preview;; keyboard equivalent;; what happens to size;; whether session survives;; focus destination;; how undock works;; how layout persistence behaves;; how narrow viewport changes behavior;; screen-reader announcement..,CONFORMANCE_TEST;INTERACTION_GRAMMAR;ACCESSIBILITY;RESPONSIVE;PREFERENCE,ConformanceHarness,FUTURE_WRITER_INPUT,WriterGovernance / InteractionTransitionSpecificationContract,PRESERVE_AS_FUTURE_WRITER_INPUT,DO_NOW_P0,FND-RSM-P0-003,"This atom is primarily a transition-level interaction specification for a future Writer; the referenced family/domain remains secondary applicability, not the primary reusable owner. Work admission and atom identity preserved; no implementation expansion."
W03-PROP-65,65,DETAIL LEVEL,W03-PROP-65-A002,CEP-REQ-W03-65-002,Every interaction spec must include a negative stale/fake/duplicate side-effect assertion in addition to the positive transition.,CONFORMANCE_TEST;INTERACTION_GRAMMAR,ConformanceHarness,FUTURE_WRITER_INPUT,WriterGovernance / InteractionTransitionSpecificationContract,PRESERVE_AS_FUTURE_WRITER_INPUT,DEFER_TO_W03_SURFACE_BUILD,,"This atom is primarily a transition-level interaction specification for a future Writer; the referenced family/domain remains secondary applicability, not the primary reusable owner. Work admission and atom identity preserved; no implementation expansion."
W03-PROP-66,66,FREEDOM TO IMPROVE THIS SPEC,W03-PROP-66-A000,CEP-REQ-W03-66-000,"The W03 proposal is a need source, not an immutable mechanic list: preserve the underlying need, adopt demonstrably stronger models, avoid simplification for implementation ease and avoid complexity without workflow benefit.",CONFORMANCE_TEST;DESIGN_GUIDANCE_ONLY,WriterScaffoldGenerator,FUTURE_WRITER_INPUT,WriterGovernance / NeedPreservationAndAbstractionAdmissionPolicy,PRESERVE_AS_FUTURE_WRITER_INPUT,PRESENT_NEEDS_BETTER_TEST,,"This atom is primarily a need-preservation/improvement policy for a future Writer; the referenced family/domain remains secondary applicability, not the primary reusable owner. Work admission and atom identity preserved; no implementation expansion."
W03-PROP-66,66,FREEDOM TO IMPROVE THIS SPEC,W03-PROP-66-A001,CEP-REQ-W03-66-001,If a described mechanic has a demonstrably stronger professional alternative must support the following set where semantically applicable: identify the issue;; preserve the underlying user need;; propose the better model;; explain why..,CONFORMANCE_TEST;DESIGN_GUIDANCE_ONLY,WriterScaffoldGenerator,FUTURE_WRITER_INPUT,WriterGovernance / NeedPreservationAndAbstractionAdmissionPolicy,PRESERVE_AS_FUTURE_WRITER_INPUT,DEFER_TO_SURFACE_BUILD,,"This atom is primarily a need-preservation/improvement policy for a future Writer; the referenced family/domain remains secondary applicability, not the primary reusable owner. Work admission and atom identity preserved; no implementation expansion."
W03-PROP-66,66,FREEDOM TO IMPROVE THIS SPEC,W03-PROP-66-A002,CEP-REQ-W03-66-002,New complexity is admitted only when it preserves a real professional need or creates reusable architectural value.,CONFORMANCE_TEST;DESIGN_GUIDANCE_ONLY,WriterScaffoldGenerator,FUTURE_WRITER_INPUT,WriterGovernance / NeedPreservationAndAbstractionAdmissionPolicy,PRESERVE_AS_FUTURE_WRITER_INPUT,DEFER_TO_SURFACE_BUILD,,"This atom is primarily a need-preservation/improvement policy for a future Writer; the referenced family/domain remains secondary applicability, not the primary reusable owner. Work admission and atom identity preserved; no implementation expansion."
W03-PROP-67,67,FINAL NORTH STAR,W03-PROP-67-A000,CEP-REQ-W03-67-000,"W03 north-star acceptance is a coherent customizable build→operate→observe→replay/compare workstation with real causal simulation, multi-tool sessions, preserved context, accessibility and correct Bidi.",DESIGN_GUIDANCE_ONLY;CONFORMANCE_TEST,ConformanceHarness,FUTURE_WRITER_INPUT,WriterGovernance / W03 NorthStarAcceptanceContract,PRESERVE_AS_FUTURE_WRITER_INPUT,PRESENT_NEEDS_BETTER_TEST,FND-RSM-P1-009,The north-star sentence is a future design/acceptance constraint spanning all families. Work admission and atom identity preserved; no implementation expansion.
W03-PROP-67,67,FINAL NORTH STAR,W03-PROP-67-A001,CEP-REQ-W03-67-001,Throughout all of this: the workspace remains theirs,DESIGN_GUIDANCE_ONLY;CONFORMANCE_TEST,ConformanceHarness,GLOBAL_FOUNDATION,ScopedPreferences + WorkspaceFoundation,EXTRACT_DOMAIN_VALUE,DEFER_TO_W03_SURFACE_BUILD,,User-owned/customizable workspace behavior is global workspace/preferences ownership. Work admission and atom identity preserved; no implementation expansion.
W03-PROP-67,67,FINAL NORTH STAR,W03-PROP-67-A002,CEP-REQ-W03-67-002,Throughout all of this: panes can be moved,DESIGN_GUIDANCE_ONLY;CONFORMANCE_TEST,ConformanceHarness,GLOBAL_FOUNDATION,PaneLayoutController + WorkspaceFoundation,EXTRACT_REUSABLE_MECHANIC,DO_NOW_P1,FND-RSM-P1-005,Movable panes are global workspace layout mechanics. Work admission and atom identity preserved; no implementation expansion.
W03-PROP-67,67,FINAL NORTH STAR,W03-PROP-67-A003,CEP-REQ-W03-67-003,Throughout all of this: terminals can float/dock/tab/split,DESIGN_GUIDANCE_ONLY;CONFORMANCE_TEST,ConformanceHarness,OPERATIONAL_FAMILY,OperationalSurfaceManager + SessionPresentation,EXTRACT_REUSABLE_MECHANIC,DEFER_TO_FAMILY_BUILD,,Floating/docking/tab/split terminal behavior is Operational presentation ownership. Work admission and atom identity preserved; no implementation expansion.
W03-PROP-67,67,FINAL NORTH STAR,W03-PROP-67-A004,CEP-REQ-W03-67-004,Throughout all of this: layouts can be saved,DESIGN_GUIDANCE_ONLY;CONFORMANCE_TEST;PREFERENCE,ConformanceHarness,GLOBAL_FOUNDATION,future LayoutProfileManager,EXTRACT_DOMAIN_VALUE,DEFER_TO_W03_SURFACE_BUILD,,Saved layouts belong to the global layout-profile owner. Work admission and atom identity preserved; no implementation expansion.
W03-PROP-67,67,FINAL NORTH STAR,W03-PROP-67-A005,CEP-REQ-W03-67-005,Throughout all of this: keyboard-only operation is possible,DESIGN_GUIDANCE_ONLY;CONFORMANCE_TEST;ACCESSIBILITY,ConformanceHarness,GLOBAL_FOUNDATION,AccessibilityNavigationModel + SemanticCommand/Keymap contract,EXTRACT_REUSABLE_MECHANIC,DO_NOW_P1,FND-RSM-P1-007,Keyboard-only operation is a global accessibility/navigation requirement. Work admission and atom identity preserved; no implementation expansion.
W03-PROP-67,67,FINAL NORTH STAR,W03-PROP-67-A006,CEP-REQ-W03-67-006,Throughout all of this: screen reader users have a semantic non-spatial route,DESIGN_GUIDANCE_ONLY;CONFORMANCE_TEST;ACCESSIBILITY,ConformanceHarness,GLOBAL_FOUNDATION,AccessibilityNavigationModel + domain semantic projections,EXTRACT_DOMAIN_VALUE,DEFER_TO_W03_SURFACE_BUILD,,Screen-reader semantic non-spatial routes are global accessibility contracts with domain projections. Work admission and atom identity preserved; no implementation expansion.
W03-PROP-67,67,FINAL NORTH STAR,W03-PROP-67-A007,CEP-REQ-W03-67-007,Throughout all of this: Arabic chrome and technical English remain readable,DESIGN_GUIDANCE_ONLY;CONFORMANCE_TEST,ConformanceHarness,GLOBAL_FOUNDATION,BidiLocalizationPreferences,EXTRACT_DOMAIN_VALUE,DEFER_TO_W03_SURFACE_BUILD,,Arabic chrome plus technical English readability is global Bidi/localization ownership. Work admission and atom identity preserved; no implementation expansion.
W03-PROP-67,67,FINAL NORTH STAR,W03-PROP-67-A008,CEP-REQ-W03-67-008,Throughout all of this: the experience feels like one coherent professional application.,DESIGN_GUIDANCE_ONLY;CONFORMANCE_TEST,ConformanceHarness,GLOBAL_FOUNDATION,WorkspaceFoundation + CrossSurfaceContinuityContract,DEFER_TO_W03_SURFACE_BUILD,DEFER_TO_SURFACE_BUILD,,One coherent professional application is a global workbench/continuity property. Work admission and atom identity preserved; no implementation expansion.
W03-PROP-68,68,FINAL REQUIRED DELIVERABLE,W03-PROP-68-A000,CEP-REQ-W03-68-000,"The future W03 design artifact must be decision-complete enough for Blueprint and implementation Writers, including architecture, five surfaces, continuity, Operational/Terminal/session systems, spatial/runtime/commands/input/a11y/Bidi/responsive/customization/state/failure/performance/use-cases/mapping/anti-patterns/open decisions/end-state.",CONFORMANCE_TEST;DESIGN_GUIDANCE_ONLY,WriterScaffoldGenerator,FUTURE_WRITER_INPUT,WriterGovernance / W03 Design-Completeness Contract,PRESERVE_AS_FUTURE_WRITER_INPUT,PRESENT_NEEDS_BETTER_TEST,FND-RSM-P1-009,"This atom specifies required content of a future W03 design/implementation Writer deliverable; subject matter remains a secondary consumer, not primary ownership. Work admission and atom identity preserved; no implementation expansion."
W03-PROP-68,68,FINAL REQUIRED DELIVERABLE,W03-PROP-68-A001,CEP-REQ-W03-68-001,Future W03 design deliverable must include Product North Star.,CONFORMANCE_TEST;DESIGN_GUIDANCE_ONLY,WriterScaffoldGenerator,FUTURE_WRITER_INPUT,WriterGovernance / W03 Design-Completeness Contract,PRESERVE_AS_FUTURE_WRITER_INPUT,DEFER_TO_W03_SURFACE_BUILD,,"This atom specifies required content of a future W03 design/implementation Writer deliverable; subject matter remains a secondary consumer, not primary ownership. Work admission and atom identity preserved; no implementation expansion."
W03-PROP-68,68,FINAL REQUIRED DELIVERABLE,W03-PROP-68-A002,CEP-REQ-W03-68-002,Future W03 design deliverable must include Shared Workbench Architecture.,CONFORMANCE_TEST;DESIGN_GUIDANCE_ONLY,WriterScaffoldGenerator,FUTURE_WRITER_INPUT,WriterGovernance / W03 Design-Completeness Contract,PRESERVE_AS_FUTURE_WRITER_INPUT,DEFER_TO_W03_SURFACE_BUILD,,"This atom specifies required content of a future W03 design/implementation Writer deliverable; subject matter remains a secondary consumer, not primary ownership. Work admission and atom identity preserved; no implementation expansion."
W03-PROP-68,68,FINAL REQUIRED DELIVERABLE,W03-PROP-68-A003,CEP-REQ-W03-68-003,Future W03 design deliverable must include Enterprise Full Design.,CONFORMANCE_TEST;DESIGN_GUIDANCE_ONLY,WriterScaffoldGenerator,FUTURE_WRITER_INPUT,WriterGovernance / W03 Design-Completeness Contract,PRESERVE_AS_FUTURE_WRITER_INPUT,DEFER_TO_SURFACE_BUILD,,"This atom specifies required content of a future W03 design/implementation Writer deliverable; subject matter remains a secondary consumer, not primary ownership. Work admission and atom identity preserved; no implementation expansion."
W03-PROP-68,68,FINAL REQUIRED DELIVERABLE,W03-PROP-68-A004,CEP-REQ-W03-68-004,Future W03 design deliverable must include Scenarios Full Design.,CONFORMANCE_TEST;DESIGN_GUIDANCE_ONLY,WriterScaffoldGenerator,FUTURE_WRITER_INPUT,WriterGovernance / W03 Design-Completeness Contract,PRESERVE_AS_FUTURE_WRITER_INPUT,DEFER_TO_SURFACE_BUILD,,"This atom specifies required content of a future W03 design/implementation Writer deliverable; subject matter remains a secondary consumer, not primary ownership. Work admission and atom identity preserved; no implementation expansion."
W03-PROP-68,68,FINAL REQUIRED DELIVERABLE,W03-PROP-68-A005,CEP-REQ-W03-68-005,Future W03 design deliverable must include Labs Full Design.,CONFORMANCE_TEST;DESIGN_GUIDANCE_ONLY,WriterScaffoldGenerator,FUTURE_WRITER_INPUT,WriterGovernance / W03 Design-Completeness Contract,PRESERVE_AS_FUTURE_WRITER_INPUT,DEFER_TO_W03_SURFACE_BUILD,,"This atom specifies required content of a future W03 design/implementation Writer deliverable; subject matter remains a secondary consumer, not primary ownership. Work admission and atom identity preserved; no implementation expansion."
W03-PROP-68,68,FINAL REQUIRED DELIVERABLE,W03-PROP-68-A006,CEP-REQ-W03-68-006,Future W03 design deliverable must include Runs Full Design.,CONFORMANCE_TEST;DESIGN_GUIDANCE_ONLY,WriterScaffoldGenerator,FUTURE_WRITER_INPUT,WriterGovernance / W03 Design-Completeness Contract,PRESERVE_AS_FUTURE_WRITER_INPUT,DEFER_TO_W03_SURFACE_BUILD,,"This atom specifies required content of a future W03 design/implementation Writer deliverable; subject matter remains a secondary consumer, not primary ownership. Work admission and atom identity preserved; no implementation expansion."
W03-PROP-68,68,FINAL REQUIRED DELIVERABLE,W03-PROP-68-A007,CEP-REQ-W03-68-007,Future W03 design deliverable must include Results Full Design.,CONFORMANCE_TEST;DESIGN_GUIDANCE_ONLY,WriterScaffoldGenerator,FUTURE_WRITER_INPUT,WriterGovernance / W03 Design-Completeness Contract,PRESERVE_AS_FUTURE_WRITER_INPUT,DEFER_TO_FAMILY_BUILD,,"This atom specifies required content of a future W03 design/implementation Writer deliverable; subject matter remains a secondary consumer, not primary ownership. Work admission and atom identity preserved; no implementation expansion."
W03-PROP-68,68,FINAL REQUIRED DELIVERABLE,W03-PROP-68-A008,CEP-REQ-W03-68-008,Future W03 design deliverable must include Build → Run → Replay Continuity.,CONFORMANCE_TEST;DESIGN_GUIDANCE_ONLY,WriterScaffoldGenerator,FUTURE_WRITER_INPUT,WriterGovernance / W03 Design-Completeness Contract,PRESERVE_AS_FUTURE_WRITER_INPUT,DEFER_TO_FAMILY_BUILD,,"This atom specifies required content of a future W03 design/implementation Writer deliverable; subject matter remains a secondary consumer, not primary ownership. Work admission and atom identity preserved; no implementation expansion."
W03-PROP-68,68,FINAL REQUIRED DELIVERABLE,W03-PROP-68-A009,CEP-REQ-W03-68-009,Future W03 design deliverable must include Operational Surface Manager.,CONFORMANCE_TEST;DESIGN_GUIDANCE_ONLY,WriterScaffoldGenerator,FUTURE_WRITER_INPUT,WriterGovernance / W03 Design-Completeness Contract,PRESERVE_AS_FUTURE_WRITER_INPUT,DEFER_TO_W03_SURFACE_BUILD,,"This atom specifies required content of a future W03 design/implementation Writer deliverable; subject matter remains a secondary consumer, not primary ownership. Work admission and atom identity preserved; no implementation expansion."
W03-PROP-68,68,FINAL REQUIRED DELIVERABLE,W03-PROP-68-A010,CEP-REQ-W03-68-010,Future W03 design deliverable must include Terminal/Shell System.,CONFORMANCE_TEST;DESIGN_GUIDANCE_ONLY,WriterScaffoldGenerator,FUTURE_WRITER_INPUT,WriterGovernance / W03 Design-Completeness Contract,PRESERVE_AS_FUTURE_WRITER_INPUT,DEFER_HIGH_VALUE,,"This atom specifies required content of a future W03 design/implementation Writer deliverable; subject matter remains a secondary consumer, not primary ownership. Work admission and atom identity preserved; no implementation expansion."
W03-PROP-68,68,FINAL REQUIRED DELIVERABLE,W03-PROP-68-A011,CEP-REQ-W03-68-011,Future W03 design deliverable must include Multi-Device Session System.,CONFORMANCE_TEST;DESIGN_GUIDANCE_ONLY,WriterScaffoldGenerator,FUTURE_WRITER_INPUT,WriterGovernance / W03 Design-Completeness Contract,PRESERVE_AS_FUTURE_WRITER_INPUT,DEFER_HIGH_VALUE,,"This atom specifies required content of a future W03 design/implementation Writer deliverable; subject matter remains a secondary consumer, not primary ownership. Work admission and atom identity preserved; no implementation expansion."
W03-PROP-68,68,FINAL REQUIRED DELIVERABLE,W03-PROP-68-A012,CEP-REQ-W03-68-012,Future W03 design deliverable must include Visualize/Spatial Integration.,CONFORMANCE_TEST;DESIGN_GUIDANCE_ONLY,WriterScaffoldGenerator,FUTURE_WRITER_INPUT,WriterGovernance / W03 Design-Completeness Contract,PRESERVE_AS_FUTURE_WRITER_INPUT,DEFER_TO_W03_SURFACE_BUILD,,"This atom specifies required content of a future W03 design/implementation Writer deliverable; subject matter remains a secondary consumer, not primary ownership. Work admission and atom identity preserved; no implementation expansion."
W03-PROP-68,68,FINAL REQUIRED DELIVERABLE,W03-PROP-68-A013,CEP-REQ-W03-68-013,Future W03 design deliverable must include Device Runtime Model.,CONFORMANCE_TEST;DESIGN_GUIDANCE_ONLY,WriterScaffoldGenerator,FUTURE_WRITER_INPUT,WriterGovernance / W03 Design-Completeness Contract,PRESERVE_AS_FUTURE_WRITER_INPUT,DEFER_HIGH_VALUE,,"This atom specifies required content of a future W03 design/implementation Writer deliverable; subject matter remains a secondary consumer, not primary ownership. Work admission and atom identity preserved; no implementation expansion."
W03-PROP-68,68,FINAL REQUIRED DELIVERABLE,W03-PROP-68-A014,CEP-REQ-W03-68-014,Future W03 design deliverable must include Command/Interaction Grammar.,CONFORMANCE_TEST;DESIGN_GUIDANCE_ONLY;SEMANTIC_COMMAND,WriterScaffoldGenerator,FUTURE_WRITER_INPUT,WriterGovernance / W03 Design-Completeness Contract,PRESERVE_AS_FUTURE_WRITER_INPUT,DEFER_TO_W03_SURFACE_BUILD,,"This atom specifies required content of a future W03 design/implementation Writer deliverable; subject matter remains a secondary consumer, not primary ownership. Work admission and atom identity preserved; no implementation expansion."
W03-PROP-68,68,FINAL REQUIRED DELIVERABLE,W03-PROP-68-A015,CEP-REQ-W03-68-015,Future W03 design deliverable must include Pointer System.,CONFORMANCE_TEST;DESIGN_GUIDANCE_ONLY,WriterScaffoldGenerator,FUTURE_WRITER_INPUT,WriterGovernance / W03 Design-Completeness Contract,PRESERVE_AS_FUTURE_WRITER_INPUT,DEFER_TO_W03_SURFACE_BUILD,,"This atom specifies required content of a future W03 design/implementation Writer deliverable; subject matter remains a secondary consumer, not primary ownership. Work admission and atom identity preserved; no implementation expansion."
W03-PROP-68,68,FINAL REQUIRED DELIVERABLE,W03-PROP-68-A016,CEP-REQ-W03-68-016,Future W03 design deliverable must include Keyboard System.,CONFORMANCE_TEST;DESIGN_GUIDANCE_ONLY;ACCESSIBILITY,WriterScaffoldGenerator,FUTURE_WRITER_INPUT,WriterGovernance / W03 Design-Completeness Contract,PRESERVE_AS_FUTURE_WRITER_INPUT,DO_NOW_P1,FND-RSM-P1-007,"This atom specifies required content of a future W03 design/implementation Writer deliverable; subject matter remains a secondary consumer, not primary ownership. Work admission and atom identity preserved; no implementation expansion."
W03-PROP-68,68,FINAL REQUIRED DELIVERABLE,W03-PROP-68-A017,CEP-REQ-W03-68-017,Future W03 design deliverable must include Accessibility System.,CONFORMANCE_TEST;DESIGN_GUIDANCE_ONLY,WriterScaffoldGenerator,FUTURE_WRITER_INPUT,WriterGovernance / W03 Design-Completeness Contract,PRESERVE_AS_FUTURE_WRITER_INPUT,DEFER_TO_W03_SURFACE_BUILD,,"This atom specifies required content of a future W03 design/implementation Writer deliverable; subject matter remains a secondary consumer, not primary ownership. Work admission and atom identity preserved; no implementation expansion."
W03-PROP-68,68,FINAL REQUIRED DELIVERABLE,W03-PROP-68-A018,CEP-REQ-W03-68-018,Future W03 design deliverable must include RTL/Bidi System.,CONFORMANCE_TEST;DESIGN_GUIDANCE_ONLY,WriterScaffoldGenerator,FUTURE_WRITER_INPUT,WriterGovernance / W03 Design-Completeness Contract,PRESERVE_AS_FUTURE_WRITER_INPUT,PRESENT_NEEDS_BETTER_TEST,FND-RSM-P1-009,"This atom specifies required content of a future W03 design/implementation Writer deliverable; subject matter remains a secondary consumer, not primary ownership. Work admission and atom identity preserved; no implementation expansion."
W03-PROP-68,68,FINAL REQUIRED DELIVERABLE,W03-PROP-68-A019,CEP-REQ-W03-68-019,Future W03 design deliverable must include Responsive System.,CONFORMANCE_TEST;DESIGN_GUIDANCE_ONLY;RESPONSIVE,WriterScaffoldGenerator,FUTURE_WRITER_INPUT,WriterGovernance / W03 Design-Completeness Contract,PRESERVE_AS_FUTURE_WRITER_INPUT,DO_NOW_P1,FND-RSM-P1-005,"This atom specifies required content of a future W03 design/implementation Writer deliverable; subject matter remains a secondary consumer, not primary ownership. Work admission and atom identity preserved; no implementation expansion."
W03-PROP-68,68,FINAL REQUIRED DELIVERABLE,W03-PROP-68-A020,CEP-REQ-W03-68-020,Future W03 design deliverable must include Customization System.,CONFORMANCE_TEST;DESIGN_GUIDANCE_ONLY,WriterScaffoldGenerator,FUTURE_WRITER_INPUT,WriterGovernance / W03 Design-Completeness Contract,PRESERVE_AS_FUTURE_WRITER_INPUT,DEFER_TO_W03_SURFACE_BUILD,,"This atom specifies required content of a future W03 design/implementation Writer deliverable; subject matter remains a secondary consumer, not primary ownership. Work admission and atom identity preserved; no implementation expansion."
W03-PROP-68,68,FINAL REQUIRED DELIVERABLE,W03-PROP-68-A021,CEP-REQ-W03-68-021,Future W03 design deliverable must include Layout Profile System.,CONFORMANCE_TEST;DESIGN_GUIDANCE_ONLY;PREFERENCE,WriterScaffoldGenerator,FUTURE_WRITER_INPUT,WriterGovernance / W03 Design-Completeness Contract,PRESERVE_AS_FUTURE_WRITER_INPUT,DEFER_TO_W03_SURFACE_BUILD,,"This atom specifies required content of a future W03 design/implementation Writer deliverable; subject matter remains a secondary consumer, not primary ownership. Work admission and atom identity preserved; no implementation expansion."
W03-PROP-68,68,FINAL REQUIRED DELIVERABLE,W03-PROP-68-A022,CEP-REQ-W03-68-022,Future W03 design deliverable must include State Ownership.,CONFORMANCE_TEST;DESIGN_GUIDANCE_ONLY;STATE_OWNERSHIP,WriterScaffoldGenerator,FUTURE_WRITER_INPUT,WriterGovernance / W03 Design-Completeness Contract,PRESERVE_AS_FUTURE_WRITER_INPUT,DEFER_TO_W03_SURFACE_BUILD,,"This atom specifies required content of a future W03 design/implementation Writer deliverable; subject matter remains a secondary consumer, not primary ownership. Work admission and atom identity preserved; no implementation expansion."
W03-PROP-68,68,FINAL REQUIRED DELIVERABLE,W03-PROP-68-A023,CEP-REQ-W03-68-023,Future W03 design deliverable must include Failure/Degraded States.,CONFORMANCE_TEST;DESIGN_GUIDANCE_ONLY;STATE_OWNERSHIP,WriterScaffoldGenerator,FUTURE_WRITER_INPUT,WriterGovernance / W03 Design-Completeness Contract,PRESERVE_AS_FUTURE_WRITER_INPUT,DEFER_TO_W03_SURFACE_BUILD,,"This atom specifies required content of a future W03 design/implementation Writer deliverable; subject matter remains a secondary consumer, not primary ownership. Work admission and atom identity preserved; no implementation expansion."
W03-PROP-68,68,FINAL REQUIRED DELIVERABLE,W03-PROP-68-A024,CEP-REQ-W03-68-024,Future W03 design deliverable must include Performance/Scale.,CONFORMANCE_TEST;DESIGN_GUIDANCE_ONLY,WriterScaffoldGenerator,FUTURE_WRITER_INPUT,WriterGovernance / W03 Design-Completeness Contract,PRESERVE_AS_FUTURE_WRITER_INPUT,DEFER_TO_W03_SURFACE_BUILD,,"This atom specifies required content of a future W03 design/implementation Writer deliverable; subject matter remains a secondary consumer, not primary ownership. Work admission and atom identity preserved; no implementation expansion."
W03-PROP-68,68,FINAL REQUIRED DELIVERABLE,W03-PROP-68-A025,CEP-REQ-W03-68-025,Future W03 design deliverable must include Complete Use-Case Ledger.,CONFORMANCE_TEST;DESIGN_GUIDANCE_ONLY,WriterScaffoldGenerator,FUTURE_WRITER_INPUT,WriterGovernance / W03 Design-Completeness Contract,PRESERVE_AS_FUTURE_WRITER_INPUT,PRESENT_NEEDS_BETTER_TEST,FND-RSM-P1-004;FND-RSM-P1-009,"This atom specifies required content of a future W03 design/implementation Writer deliverable; subject matter remains a secondary consumer, not primary ownership. Work admission and atom identity preserved; no implementation expansion."
W03-PROP-68,68,FINAL REQUIRED DELIVERABLE,W03-PROP-68-A026,CEP-REQ-W03-68-026,Future W03 design deliverable must include Production Component Mapping.,CONFORMANCE_TEST;DESIGN_GUIDANCE_ONLY,WriterScaffoldGenerator,FUTURE_WRITER_INPUT,WriterGovernance / W03 Design-Completeness Contract,PRESERVE_AS_FUTURE_WRITER_INPUT,DEFER_TO_W03_SURFACE_BUILD,,"This atom specifies required content of a future W03 design/implementation Writer deliverable; subject matter remains a secondary consumer, not primary ownership. Work admission and atom identity preserved; no implementation expansion."
W03-PROP-68,68,FINAL REQUIRED DELIVERABLE,W03-PROP-68-A027,CEP-REQ-W03-68-027,Future W03 design deliverable must include Cross-Surface Interaction Map.,CONFORMANCE_TEST;DESIGN_GUIDANCE_ONLY,WriterScaffoldGenerator,FUTURE_WRITER_INPUT,WriterGovernance / W03 Design-Completeness Contract,PRESERVE_AS_FUTURE_WRITER_INPUT,DEFER_TO_W03_SURFACE_BUILD,,"This atom specifies required content of a future W03 design/implementation Writer deliverable; subject matter remains a secondary consumer, not primary ownership. Work admission and atom identity preserved; no implementation expansion."
W03-PROP-68,68,FINAL REQUIRED DELIVERABLE,W03-PROP-68-A028,CEP-REQ-W03-68-028,Future W03 design deliverable must include Anti-Pattern / Do-Not-Build Ledger.,CONFORMANCE_TEST;DESIGN_GUIDANCE_ONLY,WriterScaffoldGenerator,FUTURE_WRITER_INPUT,WriterGovernance / W03 Design-Completeness Contract,PRESERVE_AS_FUTURE_WRITER_INPUT,PRESENT_NEEDS_BETTER_TEST,FND-RSM-P1-004;FND-RSM-P1-009,"This atom specifies required content of a future W03 design/implementation Writer deliverable; subject matter remains a secondary consumer, not primary ownership. Work admission and atom identity preserved; no implementation expansion."
W03-PROP-68,68,FINAL REQUIRED DELIVERABLE,W03-PROP-68-A029,CEP-REQ-W03-68-029,Future W03 design deliverable must include Open Decisions / Alternatives.,CONFORMANCE_TEST;DESIGN_GUIDANCE_ONLY,WriterScaffoldGenerator,FUTURE_WRITER_INPUT,WriterGovernance / W03 Design-Completeness Contract,PRESERVE_AS_FUTURE_WRITER_INPUT,DEFER_TO_W03_SURFACE_BUILD,,"This atom specifies required content of a future W03 design/implementation Writer deliverable; subject matter remains a secondary consumer, not primary ownership. Work admission and atom identity preserved; no implementation expansion."
W03-PROP-68,68,FINAL REQUIRED DELIVERABLE,W03-PROP-68-A030,CEP-REQ-W03-68-030,Future W03 design deliverable must include Recommended Ideal End-State.,CONFORMANCE_TEST;DESIGN_GUIDANCE_ONLY;STATE_OWNERSHIP,WriterScaffoldGenerator,FUTURE_WRITER_INPUT,WriterGovernance / W03 Design-Completeness Contract,PRESERVE_AS_FUTURE_WRITER_INPUT,DEFER_TO_W03_SURFACE_BUILD,,"This atom specifies required content of a future W03 design/implementation Writer deliverable; subject matter remains a secondary consumer, not primary ownership. Work admission and atom identity preserved; no implementation expansion."
