family,index,symbol,disposition,reason,source,source_sha256,target,evidence,source_line
components,1,AppShell,DEFECT_DO_NOT_INHERIT,Visual/navigation composition reopened by current Owner; original stays evidence,CEP_LIBRARY_EDITOR_EXECUTABLE_BLUEPRINT_v1.2.17_ACCEPTED_DESIGN_REFERENCE.html,ea66b58ef122bf2f8ca23fd0aa9e461b07da11ea7390c451902e4b1592d396fd,dist/foundation/donor.css + dist/index.html + dist/foundation/accepted-runtime.js,Source extraction; visual parity limited to assurance/PARITY_AND_LIMITATIONS.md,
components,2,BlockContextMenu,PRESERVE_AS_IS,"Original CSS/DOM/event grammar retained; component use is shared, not copied per surface",CEP_LIBRARY_EDITOR_EXECUTABLE_BLUEPRINT_v1.2.17_ACCEPTED_DESIGN_REFERENCE.html,ea66b58ef122bf2f8ca23fd0aa9e461b07da11ea7390c451902e4b1592d396fd,dist/foundation/donor.css + dist/index.html + dist/foundation/accepted-runtime.js,Source extraction; visual parity limited to assurance/PARITY_AND_LIMITATIONS.md,
components,3,BottomShelf,PRESERVE_AS_IS,"Original CSS/DOM/event grammar retained; component use is shared, not copied per surface",CEP_LIBRARY_EDITOR_EXECUTABLE_BLUEPRINT_v1.2.17_ACCEPTED_DESIGN_REFERENCE.html,ea66b58ef122bf2f8ca23fd0aa9e461b07da11ea7390c451902e4b1592d396fd,dist/foundation/donor.css + dist/index.html + dist/foundation/accepted-runtime.js,Source extraction; visual parity limited to assurance/PARITY_AND_LIMITATIONS.md,
components,4,CommandPalette,PRESERVE_AS_IS,"Original CSS/DOM/event grammar retained; component use is shared, not copied per surface",CEP_LIBRARY_EDITOR_EXECUTABLE_BLUEPRINT_v1.2.17_ACCEPTED_DESIGN_REFERENCE.html,ea66b58ef122bf2f8ca23fd0aa9e461b07da11ea7390c451902e4b1592d396fd,dist/foundation/donor.css + dist/index.html + dist/foundation/accepted-runtime.js,Source extraction; visual parity limited to assurance/PARITY_AND_LIMITATIONS.md,
components,5,ContextInspector,PRESERVE_AS_IS,"Original CSS/DOM/event grammar retained; component use is shared, not copied per surface",CEP_LIBRARY_EDITOR_EXECUTABLE_BLUEPRINT_v1.2.17_ACCEPTED_DESIGN_REFERENCE.html,ea66b58ef122bf2f8ca23fd0aa9e461b07da11ea7390c451902e4b1592d396fd,dist/foundation/donor.css + dist/index.html + dist/foundation/accepted-runtime.js,Source extraction; visual parity limited to assurance/PARITY_AND_LIMITATIONS.md,
components,6,ContextLensHost,PRESERVE_AS_IS,"Original CSS/DOM/event grammar retained; component use is shared, not copied per surface",CEP_LIBRARY_EDITOR_EXECUTABLE_BLUEPRINT_v1.2.17_ACCEPTED_DESIGN_REFERENCE.html,ea66b58ef122bf2f8ca23fd0aa9e461b07da11ea7390c451902e4b1592d396fd,dist/foundation/donor.css + dist/index.html + dist/foundation/accepted-runtime.js,Source extraction; visual parity limited to assurance/PARITY_AND_LIMITATIONS.md,
components,7,EditorToolbar,PRESERVE_AS_IS,"Original CSS/DOM/event grammar retained; component use is shared, not copied per surface",CEP_LIBRARY_EDITOR_EXECUTABLE_BLUEPRINT_v1.2.17_ACCEPTED_DESIGN_REFERENCE.html,ea66b58ef122bf2f8ca23fd0aa9e461b07da11ea7390c451902e4b1592d396fd,dist/foundation/donor.css + dist/index.html + dist/foundation/accepted-runtime.js,Source extraction; visual parity limited to assurance/PARITY_AND_LIMITATIONS.md,
components,8,FixtureStateLab,DOMAIN_ONLY,Reference diagnostics retained in reference; not universal product behavior,CEP_LIBRARY_EDITOR_EXECUTABLE_BLUEPRINT_v1.2.17_ACCEPTED_DESIGN_REFERENCE.html,ea66b58ef122bf2f8ca23fd0aa9e461b07da11ea7390c451902e4b1592d396fd,dist/foundation/donor.css + dist/index.html + dist/foundation/accepted-runtime.js,Source extraction; visual parity limited to assurance/PARITY_AND_LIMITATIONS.md,
components,9,GroupedSectionSystem,PRESERVE_AS_IS,"Original CSS/DOM/event grammar retained; component use is shared, not copied per surface",CEP_LIBRARY_EDITOR_EXECUTABLE_BLUEPRINT_v1.2.17_ACCEPTED_DESIGN_REFERENCE.html,ea66b58ef122bf2f8ca23fd0aa9e461b07da11ea7390c451902e4b1592d396fd,dist/foundation/donor.css + dist/index.html + dist/foundation/accepted-runtime.js,Source extraction; visual parity limited to assurance/PARITY_AND_LIMITATIONS.md,
components,10,InsertionPalette,PRESERVE_AS_IS,"Original CSS/DOM/event grammar retained; component use is shared, not copied per surface",CEP_LIBRARY_EDITOR_EXECUTABLE_BLUEPRINT_v1.2.17_ACCEPTED_DESIGN_REFERENCE.html,ea66b58ef122bf2f8ca23fd0aa9e461b07da11ea7390c451902e4b1592d396fd,dist/foundation/donor.css + dist/index.html + dist/foundation/accepted-runtime.js,Source extraction; visual parity limited to assurance/PARITY_AND_LIMITATIONS.md,
components,11,KnowledgeDocumentSurface,PRESERVE_AS_IS,"Original CSS/DOM/event grammar retained; component use is shared, not copied per surface",CEP_LIBRARY_EDITOR_EXECUTABLE_BLUEPRINT_v1.2.17_ACCEPTED_DESIGN_REFERENCE.html,ea66b58ef122bf2f8ca23fd0aa9e461b07da11ea7390c451902e4b1592d396fd,dist/foundation/donor.css + dist/index.html + dist/foundation/accepted-runtime.js,Source extraction; visual parity limited to assurance/PARITY_AND_LIMITATIONS.md,
components,12,PaneController,PRESERVE_AS_IS,"Original CSS/DOM/event grammar retained; component use is shared, not copied per surface",CEP_LIBRARY_EDITOR_EXECUTABLE_BLUEPRINT_v1.2.17_ACCEPTED_DESIGN_REFERENCE.html,ea66b58ef122bf2f8ca23fd0aa9e461b07da11ea7390c451902e4b1592d396fd,dist/foundation/donor.css + dist/index.html + dist/foundation/accepted-runtime.js,Source extraction; visual parity limited to assurance/PARITY_AND_LIMITATIONS.md,
components,13,SelectionToolbar,PRESERVE_AS_IS,"Original CSS/DOM/event grammar retained; component use is shared, not copied per surface",CEP_LIBRARY_EDITOR_EXECUTABLE_BLUEPRINT_v1.2.17_ACCEPTED_DESIGN_REFERENCE.html,ea66b58ef122bf2f8ca23fd0aa9e461b07da11ea7390c451902e4b1592d396fd,dist/foundation/donor.css + dist/index.html + dist/foundation/accepted-runtime.js,Source extraction; visual parity limited to assurance/PARITY_AND_LIMITATIONS.md,
components,14,StructurePane,PRESERVE_AS_IS,"Original CSS/DOM/event grammar retained; component use is shared, not copied per surface",CEP_LIBRARY_EDITOR_EXECUTABLE_BLUEPRINT_v1.2.17_ACCEPTED_DESIGN_REFERENCE.html,ea66b58ef122bf2f8ca23fd0aa9e461b07da11ea7390c451902e4b1592d396fd,dist/foundation/donor.css + dist/index.html + dist/foundation/accepted-runtime.js,Source extraction; visual parity limited to assurance/PARITY_AND_LIMITATIONS.md,
components,15,StructureTree,PRESERVE_AS_IS,"Original CSS/DOM/event grammar retained; component use is shared, not copied per surface",CEP_LIBRARY_EDITOR_EXECUTABLE_BLUEPRINT_v1.2.17_ACCEPTED_DESIGN_REFERENCE.html,ea66b58ef122bf2f8ca23fd0aa9e461b07da11ea7390c451902e4b1592d396fd,dist/foundation/donor.css + dist/index.html + dist/foundation/accepted-runtime.js,Source extraction; visual parity limited to assurance/PARITY_AND_LIMITATIONS.md,
components,16,TopBanner,PRESERVE_AS_IS,"Original CSS/DOM/event grammar retained; component use is shared, not copied per surface",CEP_LIBRARY_EDITOR_EXECUTABLE_BLUEPRINT_v1.2.17_ACCEPTED_DESIGN_REFERENCE.html,ea66b58ef122bf2f8ca23fd0aa9e461b07da11ea7390c451902e4b1592d396fd,dist/foundation/donor.css + dist/index.html + dist/foundation/accepted-runtime.js,Source extraction; visual parity limited to assurance/PARITY_AND_LIMITATIONS.md,
components,17,UnifiedEditor,PRESERVE_AS_IS,"Original CSS/DOM/event grammar retained; component use is shared, not copied per surface",CEP_LIBRARY_EDITOR_EXECUTABLE_BLUEPRINT_v1.2.17_ACCEPTED_DESIGN_REFERENCE.html,ea66b58ef122bf2f8ca23fd0aa9e461b07da11ea7390c451902e4b1592d396fd,dist/foundation/donor.css + dist/index.html + dist/foundation/accepted-runtime.js,Source extraction; visual parity limited to assurance/PARITY_AND_LIMITATIONS.md,
components,18,W02Nav,DEFECT_DO_NOT_INHERIT,Visual/navigation composition reopened by current Owner; original stays evidence,CEP_LIBRARY_EDITOR_EXECUTABLE_BLUEPRINT_v1.2.17_ACCEPTED_DESIGN_REFERENCE.html,ea66b58ef122bf2f8ca23fd0aa9e461b07da11ea7390c451902e4b1592d396fd,dist/foundation/donor.css + dist/index.html + dist/foundation/accepted-runtime.js,Source extraction; visual parity limited to assurance/PARITY_AND_LIMITATIONS.md,
components,19,WorkspaceViewControl,PRESERVE_AS_IS,"Original CSS/DOM/event grammar retained; component use is shared, not copied per surface",CEP_LIBRARY_EDITOR_EXECUTABLE_BLUEPRINT_v1.2.17_ACCEPTED_DESIGN_REFERENCE.html,ea66b58ef122bf2f8ca23fd0aa9e461b07da11ea7390c451902e4b1592d396fd,dist/foundation/donor.css + dist/index.html + dist/foundation/accepted-runtime.js,Source extraction; visual parity limited to assurance/PARITY_AND_LIMITATIONS.md,
css_variables,1,--accent,PRESERVE_AS_IS,"Original CSS/DOM/event grammar retained; component use is shared, not copied per surface",CEP_LIBRARY_EDITOR_EXECUTABLE_BLUEPRINT_v1.2.17_ACCEPTED_DESIGN_REFERENCE.html,ea66b58ef122bf2f8ca23fd0aa9e461b07da11ea7390c451902e4b1592d396fd,dist/foundation/donor.css + dist/index.html + dist/foundation/accepted-runtime.js,Source extraction; visual parity limited to assurance/PARITY_AND_LIMITATIONS.md,
css_variables,2,--accent2,PRESERVE_AS_IS,"Original CSS/DOM/event grammar retained; component use is shared, not copied per surface",CEP_LIBRARY_EDITOR_EXECUTABLE_BLUEPRINT_v1.2.17_ACCEPTED_DESIGN_REFERENCE.html,ea66b58ef122bf2f8ca23fd0aa9e461b07da11ea7390c451902e4b1592d396fd,dist/foundation/donor.css + dist/index.html + dist/foundation/accepted-runtime.js,Source extraction; visual parity limited to assurance/PARITY_AND_LIMITATIONS.md,
css_variables,3,--as,PRESERVE_AS_IS,"Original CSS/DOM/event grammar retained; component use is shared, not copied per surface",CEP_LIBRARY_EDITOR_EXECUTABLE_BLUEPRINT_v1.2.17_ACCEPTED_DESIGN_REFERENCE.html,ea66b58ef122bf2f8ca23fd0aa9e461b07da11ea7390c451902e4b1592d396fd,dist/foundation/donor.css + dist/index.html + dist/foundation/accepted-runtime.js,Source extraction; visual parity limited to assurance/PARITY_AND_LIMITATIONS.md,
css_variables,4,--bad,PRESERVE_AS_IS,"Original CSS/DOM/event grammar retained; component use is shared, not copied per surface",CEP_LIBRARY_EDITOR_EXECUTABLE_BLUEPRINT_v1.2.17_ACCEPTED_DESIGN_REFERENCE.html,ea66b58ef122bf2f8ca23fd0aa9e461b07da11ea7390c451902e4b1592d396fd,dist/foundation/donor.css + dist/index.html + dist/foundation/accepted-runtime.js,Source extraction; visual parity limited to assurance/PARITY_AND_LIMITATIONS.md,
css_variables,5,--bads,PRESERVE_AS_IS,"Original CSS/DOM/event grammar retained; component use is shared, not copied per surface",CEP_LIBRARY_EDITOR_EXECUTABLE_BLUEPRINT_v1.2.17_ACCEPTED_DESIGN_REFERENCE.html,ea66b58ef122bf2f8ca23fd0aa9e461b07da11ea7390c451902e4b1592d396fd,dist/foundation/donor.css + dist/index.html + dist/foundation/accepted-runtime.js,Source extraction; visual parity limited to assurance/PARITY_AND_LIMITATIONS.md,
css_variables,6,--bg0,PRESERVE_AS_IS,"Original CSS/DOM/event grammar retained; component use is shared, not copied per surface",CEP_LIBRARY_EDITOR_EXECUTABLE_BLUEPRINT_v1.2.17_ACCEPTED_DESIGN_REFERENCE.html,ea66b58ef122bf2f8ca23fd0aa9e461b07da11ea7390c451902e4b1592d396fd,dist/foundation/donor.css + dist/index.html + dist/foundation/accepted-runtime.js,Source extraction; visual parity limited to assurance/PARITY_AND_LIMITATIONS.md,
css_variables,7,--bg1,PRESERVE_AS_IS,"Original CSS/DOM/event grammar retained; component use is shared, not copied per surface",CEP_LIBRARY_EDITOR_EXECUTABLE_BLUEPRINT_v1.2.17_ACCEPTED_DESIGN_REFERENCE.html,ea66b58ef122bf2f8ca23fd0aa9e461b07da11ea7390c451902e4b1592d396fd,dist/foundation/donor.css + dist/index.html + dist/foundation/accepted-runtime.js,Source extraction; visual parity limited to assurance/PARITY_AND_LIMITATIONS.md,
css_variables,8,--bg2,PRESERVE_AS_IS,"Original CSS/DOM/event grammar retained; component use is shared, not copied per surface",CEP_LIBRARY_EDITOR_EXECUTABLE_BLUEPRINT_v1.2.17_ACCEPTED_DESIGN_REFERENCE.html,ea66b58ef122bf2f8ca23fd0aa9e461b07da11ea7390c451902e4b1592d396fd,dist/foundation/donor.css + dist/index.html + dist/foundation/accepted-runtime.js,Source extraction; visual parity limited to assurance/PARITY_AND_LIMITATIONS.md,
css_variables,9,--bg3,PRESERVE_AS_IS,"Original CSS/DOM/event grammar retained; component use is shared, not copied per surface",CEP_LIBRARY_EDITOR_EXECUTABLE_BLUEPRINT_v1.2.17_ACCEPTED_DESIGN_REFERENCE.html,ea66b58ef122bf2f8ca23fd0aa9e461b07da11ea7390c451902e4b1592d396fd,dist/foundation/donor.css + dist/index.html + dist/foundation/accepted-runtime.js,Source extraction; visual parity limited to assurance/PARITY_AND_LIMITATIONS.md,
css_variables,10,--block-focus-bg,PRESERVE_AS_IS,"Original CSS/DOM/event grammar retained; component use is shared, not copied per surface",CEP_LIBRARY_EDITOR_EXECUTABLE_BLUEPRINT_v1.2.17_ACCEPTED_DESIGN_REFERENCE.html,ea66b58ef122bf2f8ca23fd0aa9e461b07da11ea7390c451902e4b1592d396fd,dist/foundation/donor.css + dist/index.html + dist/foundation/accepted-runtime.js,Source extraction; visual parity limited to assurance/PARITY_AND_LIMITATIONS.md,
css_variables,11,--block-focus-ring,PRESERVE_AS_IS,"Original CSS/DOM/event grammar retained; component use is shared, not copied per surface",CEP_LIBRARY_EDITOR_EXECUTABLE_BLUEPRINT_v1.2.17_ACCEPTED_DESIGN_REFERENCE.html,ea66b58ef122bf2f8ca23fd0aa9e461b07da11ea7390c451902e4b1592d396fd,dist/foundation/donor.css + dist/index.html + dist/foundation/accepted-runtime.js,Source extraction; visual parity limited to assurance/PARITY_AND_LIMITATIONS.md,
css_variables,12,--block-gutter,PRESERVE_AS_IS,"Original CSS/DOM/event grammar retained; component use is shared, not copied per surface",CEP_LIBRARY_EDITOR_EXECUTABLE_BLUEPRINT_v1.2.17_ACCEPTED_DESIGN_REFERENCE.html,ea66b58ef122bf2f8ca23fd0aa9e461b07da11ea7390c451902e4b1592d396fd,dist/foundation/donor.css + dist/index.html + dist/foundation/accepted-runtime.js,Source extraction; visual parity limited to assurance/PARITY_AND_LIMITATIONS.md,
css_variables,13,--bottom,PRESERVE_AS_IS,"Original CSS/DOM/event grammar retained; component use is shared, not copied per surface",CEP_LIBRARY_EDITOR_EXECUTABLE_BLUEPRINT_v1.2.17_ACCEPTED_DESIGN_REFERENCE.html,ea66b58ef122bf2f8ca23fd0aa9e461b07da11ea7390c451902e4b1592d396fd,dist/foundation/donor.css + dist/index.html + dist/foundation/accepted-runtime.js,Source extraction; visual parity limited to assurance/PARITY_AND_LIMITATIONS.md,
css_variables,14,--bottom-live,PRESERVE_AS_IS,"Original CSS/DOM/event grammar retained; component use is shared, not copied per surface",CEP_LIBRARY_EDITOR_EXECUTABLE_BLUEPRINT_v1.2.17_ACCEPTED_DESIGN_REFERENCE.html,ea66b58ef122bf2f8ca23fd0aa9e461b07da11ea7390c451902e4b1592d396fd,dist/foundation/donor.css + dist/index.html + dist/foundation/accepted-runtime.js,Source extraction; visual parity limited to assurance/PARITY_AND_LIMITATIONS.md,
css_variables,15,--code-mark-bg,PRESERVE_AS_IS,"Original CSS/DOM/event grammar retained; component use is shared, not copied per surface",CEP_LIBRARY_EDITOR_EXECUTABLE_BLUEPRINT_v1.2.17_ACCEPTED_DESIGN_REFERENCE.html,ea66b58ef122bf2f8ca23fd0aa9e461b07da11ea7390c451902e4b1592d396fd,dist/foundation/donor.css + dist/index.html + dist/foundation/accepted-runtime.js,Source extraction; visual parity limited to assurance/PARITY_AND_LIMITATIONS.md,
css_variables,16,--code-mark-fg,PRESERVE_AS_IS,"Original CSS/DOM/event grammar retained; component use is shared, not copied per surface",CEP_LIBRARY_EDITOR_EXECUTABLE_BLUEPRINT_v1.2.17_ACCEPTED_DESIGN_REFERENCE.html,ea66b58ef122bf2f8ca23fd0aa9e461b07da11ea7390c451902e4b1592d396fd,dist/foundation/donor.css + dist/index.html + dist/foundation/accepted-runtime.js,Source extraction; visual parity limited to assurance/PARITY_AND_LIMITATIONS.md,
css_variables,17,--editor-center-floor,PRESERVE_AS_IS,"Original CSS/DOM/event grammar retained; component use is shared, not copied per surface",CEP_LIBRARY_EDITOR_EXECUTABLE_BLUEPRINT_v1.2.17_ACCEPTED_DESIGN_REFERENCE.html,ea66b58ef122bf2f8ca23fd0aa9e461b07da11ea7390c451902e4b1592d396fd,dist/foundation/donor.css + dist/index.html + dist/foundation/accepted-runtime.js,Source extraction; visual parity limited to assurance/PARITY_AND_LIMITATIONS.md,
css_variables,18,--editor-gutter,PRESERVE_AS_IS,"Original CSS/DOM/event grammar retained; component use is shared, not copied per surface",CEP_LIBRARY_EDITOR_EXECUTABLE_BLUEPRINT_v1.2.17_ACCEPTED_DESIGN_REFERENCE.html,ea66b58ef122bf2f8ca23fd0aa9e461b07da11ea7390c451902e4b1592d396fd,dist/foundation/donor.css + dist/index.html + dist/foundation/accepted-runtime.js,Source extraction; visual parity limited to assurance/PARITY_AND_LIMITATIONS.md,
css_variables,19,--editor-rail,PRESERVE_AS_IS,"Original CSS/DOM/event grammar retained; component use is shared, not copied per surface",CEP_LIBRARY_EDITOR_EXECUTABLE_BLUEPRINT_v1.2.17_ACCEPTED_DESIGN_REFERENCE.html,ea66b58ef122bf2f8ca23fd0aa9e461b07da11ea7390c451902e4b1592d396fd,dist/foundation/donor.css + dist/index.html + dist/foundation/accepted-runtime.js,Source extraction; visual parity limited to assurance/PARITY_AND_LIMITATIONS.md,
css_variables,20,--editor-rail-active,PRESERVE_AS_IS,"Original CSS/DOM/event grammar retained; component use is shared, not copied per surface",CEP_LIBRARY_EDITOR_EXECUTABLE_BLUEPRINT_v1.2.17_ACCEPTED_DESIGN_REFERENCE.html,ea66b58ef122bf2f8ca23fd0aa9e461b07da11ea7390c451902e4b1592d396fd,dist/foundation/donor.css + dist/index.html + dist/foundation/accepted-runtime.js,Source extraction; visual parity limited to assurance/PARITY_AND_LIMITATIONS.md,
css_variables,21,--elev,PRESERVE_AS_IS,"Original CSS/DOM/event grammar retained; component use is shared, not copied per surface",CEP_LIBRARY_EDITOR_EXECUTABLE_BLUEPRINT_v1.2.17_ACCEPTED_DESIGN_REFERENCE.html,ea66b58ef122bf2f8ca23fd0aa9e461b07da11ea7390c451902e4b1592d396fd,dist/foundation/donor.css + dist/index.html + dist/foundation/accepted-runtime.js,Source extraction; visual parity limited to assurance/PARITY_AND_LIMITATIONS.md,
css_variables,22,--focus,PRESERVE_AS_IS,"Original CSS/DOM/event grammar retained; component use is shared, not copied per surface",CEP_LIBRARY_EDITOR_EXECUTABLE_BLUEPRINT_v1.2.17_ACCEPTED_DESIGN_REFERENCE.html,ea66b58ef122bf2f8ca23fd0aa9e461b07da11ea7390c451902e4b1592d396fd,dist/foundation/donor.css + dist/index.html + dist/foundation/accepted-runtime.js,Source extraction; visual parity limited to assurance/PARITY_AND_LIMITATIONS.md,
css_variables,23,--global,PRESERVE_AS_IS,"Original CSS/DOM/event grammar retained; component use is shared, not copied per surface",CEP_LIBRARY_EDITOR_EXECUTABLE_BLUEPRINT_v1.2.17_ACCEPTED_DESIGN_REFERENCE.html,ea66b58ef122bf2f8ca23fd0aa9e461b07da11ea7390c451902e4b1592d396fd,dist/foundation/donor.css + dist/index.html + dist/foundation/accepted-runtime.js,Source extraction; visual parity limited to assurance/PARITY_AND_LIMITATIONS.md,
css_variables,24,--global-compact-min,PRESERVE_AS_IS,"Original CSS/DOM/event grammar retained; component use is shared, not copied per surface",CEP_LIBRARY_EDITOR_EXECUTABLE_BLUEPRINT_v1.2.17_ACCEPTED_DESIGN_REFERENCE.html,ea66b58ef122bf2f8ca23fd0aa9e461b07da11ea7390c451902e4b1592d396fd,dist/foundation/donor.css + dist/index.html + dist/foundation/accepted-runtime.js,Source extraction; visual parity limited to assurance/PARITY_AND_LIMITATIONS.md,
css_variables,25,--hairline,PRESERVE_AS_IS,"Original CSS/DOM/event grammar retained; component use is shared, not copied per surface",CEP_LIBRARY_EDITOR_EXECUTABLE_BLUEPRINT_v1.2.17_ACCEPTED_DESIGN_REFERENCE.html,ea66b58ef122bf2f8ca23fd0aa9e461b07da11ea7390c451902e4b1592d396fd,dist/foundation/donor.css + dist/index.html + dist/foundation/accepted-runtime.js,Source extraction; visual parity limited to assurance/PARITY_AND_LIMITATIONS.md,
css_variables,26,--left,PRESERVE_AS_IS,"Original CSS/DOM/event grammar retained; component use is shared, not copied per surface",CEP_LIBRARY_EDITOR_EXECUTABLE_BLUEPRINT_v1.2.17_ACCEPTED_DESIGN_REFERENCE.html,ea66b58ef122bf2f8ca23fd0aa9e461b07da11ea7390c451902e4b1592d396fd,dist/foundation/donor.css + dist/index.html + dist/foundation/accepted-runtime.js,Source extraction; visual parity limited to assurance/PARITY_AND_LIMITATIONS.md,
css_variables,27,--line,PRESERVE_AS_IS,"Original CSS/DOM/event grammar retained; component use is shared, not copied per surface",CEP_LIBRARY_EDITOR_EXECUTABLE_BLUEPRINT_v1.2.17_ACCEPTED_DESIGN_REFERENCE.html,ea66b58ef122bf2f8ca23fd0aa9e461b07da11ea7390c451902e4b1592d396fd,dist/foundation/donor.css + dist/index.html + dist/foundation/accepted-runtime.js,Source extraction; visual parity limited to assurance/PARITY_AND_LIMITATIONS.md,
css_variables,28,--line2,PRESERVE_AS_IS,"Original CSS/DOM/event grammar retained; component use is shared, not copied per surface",CEP_LIBRARY_EDITOR_EXECUTABLE_BLUEPRINT_v1.2.17_ACCEPTED_DESIGN_REFERENCE.html,ea66b58ef122bf2f8ca23fd0aa9e461b07da11ea7390c451902e4b1592d396fd,dist/foundation/donor.css + dist/index.html + dist/foundation/accepted-runtime.js,Source extraction; visual parity limited to assurance/PARITY_AND_LIMITATIONS.md,
css_variables,29,--marquee-fill,PRESERVE_AS_IS,"Original CSS/DOM/event grammar retained; component use is shared, not copied per surface",CEP_LIBRARY_EDITOR_EXECUTABLE_BLUEPRINT_v1.2.17_ACCEPTED_DESIGN_REFERENCE.html,ea66b58ef122bf2f8ca23fd0aa9e461b07da11ea7390c451902e4b1592d396fd,dist/foundation/donor.css + dist/index.html + dist/foundation/accepted-runtime.js,Source extraction; visual parity limited to assurance/PARITY_AND_LIMITATIONS.md,
css_variables,30,--marquee-line,PRESERVE_AS_IS,"Original CSS/DOM/event grammar retained; component use is shared, not copied per surface",CEP_LIBRARY_EDITOR_EXECUTABLE_BLUEPRINT_v1.2.17_ACCEPTED_DESIGN_REFERENCE.html,ea66b58ef122bf2f8ca23fd0aa9e461b07da11ea7390c451902e4b1592d396fd,dist/foundation/donor.css + dist/index.html + dist/foundation/accepted-runtime.js,Source extraction; visual parity limited to assurance/PARITY_AND_LIMITATIONS.md,
css_variables,31,--menu-elev,PRESERVE_AS_IS,"Original CSS/DOM/event grammar retained; component use is shared, not copied per surface",CEP_LIBRARY_EDITOR_EXECUTABLE_BLUEPRINT_v1.2.17_ACCEPTED_DESIGN_REFERENCE.html,ea66b58ef122bf2f8ca23fd0aa9e461b07da11ea7390c451902e4b1592d396fd,dist/foundation/donor.css + dist/index.html + dist/foundation/accepted-runtime.js,Source extraction; visual parity limited to assurance/PARITY_AND_LIMITATIONS.md,
css_variables,32,--menu-hover,PRESERVE_AS_IS,"Original CSS/DOM/event grammar retained; component use is shared, not copied per surface",CEP_LIBRARY_EDITOR_EXECUTABLE_BLUEPRINT_v1.2.17_ACCEPTED_DESIGN_REFERENCE.html,ea66b58ef122bf2f8ca23fd0aa9e461b07da11ea7390c451902e4b1592d396fd,dist/foundation/donor.css + dist/index.html + dist/foundation/accepted-runtime.js,Source extraction; visual parity limited to assurance/PARITY_AND_LIMITATIONS.md,
css_variables,33,--mono,PRESERVE_AS_IS,"Original CSS/DOM/event grammar retained; component use is shared, not copied per surface",CEP_LIBRARY_EDITOR_EXECUTABLE_BLUEPRINT_v1.2.17_ACCEPTED_DESIGN_REFERENCE.html,ea66b58ef122bf2f8ca23fd0aa9e461b07da11ea7390c451902e4b1592d396fd,dist/foundation/donor.css + dist/index.html + dist/foundation/accepted-runtime.js,Source extraction; visual parity limited to assurance/PARITY_AND_LIMITATIONS.md,
css_variables,34,--muted,PRESERVE_AS_IS,"Original CSS/DOM/event grammar retained; component use is shared, not copied per surface",CEP_LIBRARY_EDITOR_EXECUTABLE_BLUEPRINT_v1.2.17_ACCEPTED_DESIGN_REFERENCE.html,ea66b58ef122bf2f8ca23fd0aa9e461b07da11ea7390c451902e4b1592d396fd,dist/foundation/donor.css + dist/index.html + dist/foundation/accepted-runtime.js,Source extraction; visual parity limited to assurance/PARITY_AND_LIMITATIONS.md,
css_variables,35,--muted-strong,PRESERVE_AS_IS,"Original CSS/DOM/event grammar retained; component use is shared, not copied per surface",CEP_LIBRARY_EDITOR_EXECUTABLE_BLUEPRINT_v1.2.17_ACCEPTED_DESIGN_REFERENCE.html,ea66b58ef122bf2f8ca23fd0aa9e461b07da11ea7390c451902e4b1592d396fd,dist/foundation/donor.css + dist/index.html + dist/foundation/accepted-runtime.js,Source extraction; visual parity limited to assurance/PARITY_AND_LIMITATIONS.md,
css_variables,36,--ok,PRESERVE_AS_IS,"Original CSS/DOM/event grammar retained; component use is shared, not copied per surface",CEP_LIBRARY_EDITOR_EXECUTABLE_BLUEPRINT_v1.2.17_ACCEPTED_DESIGN_REFERENCE.html,ea66b58ef122bf2f8ca23fd0aa9e461b07da11ea7390c451902e4b1592d396fd,dist/foundation/donor.css + dist/index.html + dist/foundation/accepted-runtime.js,Source extraction; visual parity limited to assurance/PARITY_AND_LIMITATIONS.md,
css_variables,37,--oks,PRESERVE_AS_IS,"Original CSS/DOM/event grammar retained; component use is shared, not copied per surface",CEP_LIBRARY_EDITOR_EXECUTABLE_BLUEPRINT_v1.2.17_ACCEPTED_DESIGN_REFERENCE.html,ea66b58ef122bf2f8ca23fd0aa9e461b07da11ea7390c451902e4b1592d396fd,dist/foundation/donor.css + dist/index.html + dist/foundation/accepted-runtime.js,Source extraction; visual parity limited to assurance/PARITY_AND_LIMITATIONS.md,
css_variables,38,--overlay-top,PRESERVE_AS_IS,"Original CSS/DOM/event grammar retained; component use is shared, not copied per surface",CEP_LIBRARY_EDITOR_EXECUTABLE_BLUEPRINT_v1.2.17_ACCEPTED_DESIGN_REFERENCE.html,ea66b58ef122bf2f8ca23fd0aa9e461b07da11ea7390c451902e4b1592d396fd,dist/foundation/donor.css + dist/index.html + dist/foundation/accepted-runtime.js,Source extraction; visual parity limited to assurance/PARITY_AND_LIMITATIONS.md,
css_variables,39,--owner-rail,PRESERVE_AS_IS,"Original CSS/DOM/event grammar retained; component use is shared, not copied per surface",CEP_LIBRARY_EDITOR_EXECUTABLE_BLUEPRINT_v1.2.17_ACCEPTED_DESIGN_REFERENCE.html,ea66b58ef122bf2f8ca23fd0aa9e461b07da11ea7390c451902e4b1592d396fd,dist/foundation/donor.css + dist/index.html + dist/foundation/accepted-runtime.js,Source extraction; visual parity limited to assurance/PARITY_AND_LIMITATIONS.md,
css_variables,40,--quiet,PRESERVE_AS_IS,"Original CSS/DOM/event grammar retained; component use is shared, not copied per surface",CEP_LIBRARY_EDITOR_EXECUTABLE_BLUEPRINT_v1.2.17_ACCEPTED_DESIGN_REFERENCE.html,ea66b58ef122bf2f8ca23fd0aa9e461b07da11ea7390c451902e4b1592d396fd,dist/foundation/donor.css + dist/index.html + dist/foundation/accepted-runtime.js,Source extraction; visual parity limited to assurance/PARITY_AND_LIMITATIONS.md,
css_variables,41,--quiet2,PRESERVE_AS_IS,"Original CSS/DOM/event grammar retained; component use is shared, not copied per surface",CEP_LIBRARY_EDITOR_EXECUTABLE_BLUEPRINT_v1.2.17_ACCEPTED_DESIGN_REFERENCE.html,ea66b58ef122bf2f8ca23fd0aa9e461b07da11ea7390c451902e4b1592d396fd,dist/foundation/donor.css + dist/index.html + dist/foundation/accepted-runtime.js,Source extraction; visual parity limited to assurance/PARITY_AND_LIMITATIONS.md,
css_variables,42,--r,PRESERVE_AS_IS,"Original CSS/DOM/event grammar retained; component use is shared, not copied per surface",CEP_LIBRARY_EDITOR_EXECUTABLE_BLUEPRINT_v1.2.17_ACCEPTED_DESIGN_REFERENCE.html,ea66b58ef122bf2f8ca23fd0aa9e461b07da11ea7390c451902e4b1592d396fd,dist/foundation/donor.css + dist/index.html + dist/foundation/accepted-runtime.js,Source extraction; visual parity limited to assurance/PARITY_AND_LIMITATIONS.md,
css_variables,43,--rail-dot,PRESERVE_AS_IS,"Original CSS/DOM/event grammar retained; component use is shared, not copied per surface",CEP_LIBRARY_EDITOR_EXECUTABLE_BLUEPRINT_v1.2.17_ACCEPTED_DESIGN_REFERENCE.html,ea66b58ef122bf2f8ca23fd0aa9e461b07da11ea7390c451902e4b1592d396fd,dist/foundation/donor.css + dist/index.html + dist/foundation/accepted-runtime.js,Source extraction; visual parity limited to assurance/PARITY_AND_LIMITATIONS.md,
css_variables,44,--rail-dot-active,PRESERVE_AS_IS,"Original CSS/DOM/event grammar retained; component use is shared, not copied per surface",CEP_LIBRARY_EDITOR_EXECUTABLE_BLUEPRINT_v1.2.17_ACCEPTED_DESIGN_REFERENCE.html,ea66b58ef122bf2f8ca23fd0aa9e461b07da11ea7390c451902e4b1592d396fd,dist/foundation/donor.css + dist/index.html + dist/foundation/accepted-runtime.js,Source extraction; visual parity limited to assurance/PARITY_AND_LIMITATIONS.md,
css_variables,45,--rail-halo,PRESERVE_AS_IS,"Original CSS/DOM/event grammar retained; component use is shared, not copied per surface",CEP_LIBRARY_EDITOR_EXECUTABLE_BLUEPRINT_v1.2.17_ACCEPTED_DESIGN_REFERENCE.html,ea66b58ef122bf2f8ca23fd0aa9e461b07da11ea7390c451902e4b1592d396fd,dist/foundation/donor.css + dist/index.html + dist/foundation/accepted-runtime.js,Source extraction; visual parity limited to assurance/PARITY_AND_LIMITATIONS.md,
css_variables,46,--rail-line,PRESERVE_AS_IS,"Original CSS/DOM/event grammar retained; component use is shared, not copied per surface",CEP_LIBRARY_EDITOR_EXECUTABLE_BLUEPRINT_v1.2.17_ACCEPTED_DESIGN_REFERENCE.html,ea66b58ef122bf2f8ca23fd0aa9e461b07da11ea7390c451902e4b1592d396fd,dist/foundation/donor.css + dist/index.html + dist/foundation/accepted-runtime.js,Source extraction; visual parity limited to assurance/PARITY_AND_LIMITATIONS.md,
css_variables,47,--rail-line-active,PRESERVE_AS_IS,"Original CSS/DOM/event grammar retained; component use is shared, not copied per surface",CEP_LIBRARY_EDITOR_EXECUTABLE_BLUEPRINT_v1.2.17_ACCEPTED_DESIGN_REFERENCE.html,ea66b58ef122bf2f8ca23fd0aa9e461b07da11ea7390c451902e4b1592d396fd,dist/foundation/donor.css + dist/index.html + dist/foundation/accepted-runtime.js,Source extraction; visual parity limited to assurance/PARITY_AND_LIMITATIONS.md,
css_variables,48,--rail-line-hover,PRESERVE_AS_IS,"Original CSS/DOM/event grammar retained; component use is shared, not copied per surface",CEP_LIBRARY_EDITOR_EXECUTABLE_BLUEPRINT_v1.2.17_ACCEPTED_DESIGN_REFERENCE.html,ea66b58ef122bf2f8ca23fd0aa9e461b07da11ea7390c451902e4b1592d396fd,dist/foundation/donor.css + dist/index.html + dist/foundation/accepted-runtime.js,Source extraction; visual parity limited to assurance/PARITY_AND_LIMITATIONS.md,
css_variables,49,--right,PRESERVE_AS_IS,"Original CSS/DOM/event grammar retained; component use is shared, not copied per surface",CEP_LIBRARY_EDITOR_EXECUTABLE_BLUEPRINT_v1.2.17_ACCEPTED_DESIGN_REFERENCE.html,ea66b58ef122bf2f8ca23fd0aa9e461b07da11ea7390c451902e4b1592d396fd,dist/foundation/donor.css + dist/index.html + dist/foundation/accepted-runtime.js,Source extraction; visual parity limited to assurance/PARITY_AND_LIMITATIONS.md,
css_variables,50,--shadow,PRESERVE_AS_IS,"Original CSS/DOM/event grammar retained; component use is shared, not copied per surface",CEP_LIBRARY_EDITOR_EXECUTABLE_BLUEPRINT_v1.2.17_ACCEPTED_DESIGN_REFERENCE.html,ea66b58ef122bf2f8ca23fd0aa9e461b07da11ea7390c451902e4b1592d396fd,dist/foundation/donor.css + dist/index.html + dist/foundation/accepted-runtime.js,Source extraction; visual parity limited to assurance/PARITY_AND_LIMITATIONS.md,
css_variables,51,--surface,PRESERVE_AS_IS,"Original CSS/DOM/event grammar retained; component use is shared, not copied per surface",CEP_LIBRARY_EDITOR_EXECUTABLE_BLUEPRINT_v1.2.17_ACCEPTED_DESIGN_REFERENCE.html,ea66b58ef122bf2f8ca23fd0aa9e461b07da11ea7390c451902e4b1592d396fd,dist/foundation/donor.css + dist/index.html + dist/foundation/accepted-runtime.js,Source extraction; visual parity limited to assurance/PARITY_AND_LIMITATIONS.md,
css_variables,52,--surface-elev,PRESERVE_AS_IS,"Original CSS/DOM/event grammar retained; component use is shared, not copied per surface",CEP_LIBRARY_EDITOR_EXECUTABLE_BLUEPRINT_v1.2.17_ACCEPTED_DESIGN_REFERENCE.html,ea66b58ef122bf2f8ca23fd0aa9e461b07da11ea7390c451902e4b1592d396fd,dist/foundation/donor.css + dist/index.html + dist/foundation/accepted-runtime.js,Source extraction; visual parity limited to assurance/PARITY_AND_LIMITATIONS.md,
css_variables,53,--surface-pop,PRESERVE_AS_IS,"Original CSS/DOM/event grammar retained; component use is shared, not copied per surface",CEP_LIBRARY_EDITOR_EXECUTABLE_BLUEPRINT_v1.2.17_ACCEPTED_DESIGN_REFERENCE.html,ea66b58ef122bf2f8ca23fd0aa9e461b07da11ea7390c451902e4b1592d396fd,dist/foundation/donor.css + dist/index.html + dist/foundation/accepted-runtime.js,Source extraction; visual parity limited to assurance/PARITY_AND_LIMITATIONS.md,
css_variables,54,--sw,PRESERVE_AS_IS,"Original CSS/DOM/event grammar retained; component use is shared, not copied per surface",CEP_LIBRARY_EDITOR_EXECUTABLE_BLUEPRINT_v1.2.17_ACCEPTED_DESIGN_REFERENCE.html,ea66b58ef122bf2f8ca23fd0aa9e461b07da11ea7390c451902e4b1592d396fd,dist/foundation/donor.css + dist/index.html + dist/foundation/accepted-runtime.js,Source extraction; visual parity limited to assurance/PARITY_AND_LIMITATIONS.md,
css_variables,55,--text,PRESERVE_AS_IS,"Original CSS/DOM/event grammar retained; component use is shared, not copied per surface",CEP_LIBRARY_EDITOR_EXECUTABLE_BLUEPRINT_v1.2.17_ACCEPTED_DESIGN_REFERENCE.html,ea66b58ef122bf2f8ca23fd0aa9e461b07da11ea7390c451902e4b1592d396fd,dist/foundation/donor.css + dist/index.html + dist/foundation/accepted-runtime.js,Source extraction; visual parity limited to assurance/PARITY_AND_LIMITATIONS.md,
css_variables,56,--text-main,PRESERVE_AS_IS,"Original CSS/DOM/event grammar retained; component use is shared, not copied per surface",CEP_LIBRARY_EDITOR_EXECUTABLE_BLUEPRINT_v1.2.17_ACCEPTED_DESIGN_REFERENCE.html,ea66b58ef122bf2f8ca23fd0aa9e461b07da11ea7390c451902e4b1592d396fd,dist/foundation/donor.css + dist/index.html + dist/foundation/accepted-runtime.js,Source extraction; visual parity limited to assurance/PARITY_AND_LIMITATIONS.md,
css_variables,57,--text2,PRESERVE_AS_IS,"Original CSS/DOM/event grammar retained; component use is shared, not copied per surface",CEP_LIBRARY_EDITOR_EXECUTABLE_BLUEPRINT_v1.2.17_ACCEPTED_DESIGN_REFERENCE.html,ea66b58ef122bf2f8ca23fd0aa9e461b07da11ea7390c451902e4b1592d396fd,dist/foundation/donor.css + dist/index.html + dist/foundation/accepted-runtime.js,Source extraction; visual parity limited to assurance/PARITY_AND_LIMITATIONS.md,
css_variables,58,--text3,PRESERVE_AS_IS,"Original CSS/DOM/event grammar retained; component use is shared, not copied per surface",CEP_LIBRARY_EDITOR_EXECUTABLE_BLUEPRINT_v1.2.17_ACCEPTED_DESIGN_REFERENCE.html,ea66b58ef122bf2f8ca23fd0aa9e461b07da11ea7390c451902e4b1592d396fd,dist/foundation/donor.css + dist/index.html + dist/foundation/accepted-runtime.js,Source extraction; visual parity limited to assurance/PARITY_AND_LIMITATIONS.md,
css_variables,59,--toolbar,PRESERVE_AS_IS,"Original CSS/DOM/event grammar retained; component use is shared, not copied per surface",CEP_LIBRARY_EDITOR_EXECUTABLE_BLUEPRINT_v1.2.17_ACCEPTED_DESIGN_REFERENCE.html,ea66b58ef122bf2f8ca23fd0aa9e461b07da11ea7390c451902e4b1592d396fd,dist/foundation/donor.css + dist/index.html + dist/foundation/accepted-runtime.js,Source extraction; visual parity limited to assurance/PARITY_AND_LIMITATIONS.md,
css_variables,60,--tree-guide,PRESERVE_AS_IS,"Original CSS/DOM/event grammar retained; component use is shared, not copied per surface",CEP_LIBRARY_EDITOR_EXECUTABLE_BLUEPRINT_v1.2.17_ACCEPTED_DESIGN_REFERENCE.html,ea66b58ef122bf2f8ca23fd0aa9e461b07da11ea7390c451902e4b1592d396fd,dist/foundation/donor.css + dist/index.html + dist/foundation/accepted-runtime.js,Source extraction; visual parity limited to assurance/PARITY_AND_LIMITATIONS.md,
css_variables,61,--ui,PRESERVE_AS_IS,"Original CSS/DOM/event grammar retained; component use is shared, not copied per surface",CEP_LIBRARY_EDITOR_EXECUTABLE_BLUEPRINT_v1.2.17_ACCEPTED_DESIGN_REFERENCE.html,ea66b58ef122bf2f8ca23fd0aa9e461b07da11ea7390c451902e4b1592d396fd,dist/foundation/donor.css + dist/index.html + dist/foundation/accepted-runtime.js,Source extraction; visual parity limited to assurance/PARITY_AND_LIMITATIONS.md,
css_variables,62,--uielev,PRESERVE_AS_IS,"Original CSS/DOM/event grammar retained; component use is shared, not copied per surface",CEP_LIBRARY_EDITOR_EXECUTABLE_BLUEPRINT_v1.2.17_ACCEPTED_DESIGN_REFERENCE.html,ea66b58ef122bf2f8ca23fd0aa9e461b07da11ea7390c451902e4b1592d396fd,dist/foundation/donor.css + dist/index.html + dist/foundation/accepted-runtime.js,Source extraction; visual parity limited to assurance/PARITY_AND_LIMITATIONS.md,
css_variables,63,--uielev2,PRESERVE_AS_IS,"Original CSS/DOM/event grammar retained; component use is shared, not copied per surface",CEP_LIBRARY_EDITOR_EXECUTABLE_BLUEPRINT_v1.2.17_ACCEPTED_DESIGN_REFERENCE.html,ea66b58ef122bf2f8ca23fd0aa9e461b07da11ea7390c451902e4b1592d396fd,dist/foundation/donor.css + dist/index.html + dist/foundation/accepted-runtime.js,Source extraction; visual parity limited to assurance/PARITY_AND_LIMITATIONS.md,
css_variables,64,--uifloat,PRESERVE_AS_IS,"Original CSS/DOM/event grammar retained; component use is shared, not copied per surface",CEP_LIBRARY_EDITOR_EXECUTABLE_BLUEPRINT_v1.2.17_ACCEPTED_DESIGN_REFERENCE.html,ea66b58ef122bf2f8ca23fd0aa9e461b07da11ea7390c451902e4b1592d396fd,dist/foundation/donor.css + dist/index.html + dist/foundation/accepted-runtime.js,Source extraction; visual parity limited to assurance/PARITY_AND_LIMITATIONS.md,
css_variables,65,--uifocus,PRESERVE_AS_IS,"Original CSS/DOM/event grammar retained; component use is shared, not copied per surface",CEP_LIBRARY_EDITOR_EXECUTABLE_BLUEPRINT_v1.2.17_ACCEPTED_DESIGN_REFERENCE.html,ea66b58ef122bf2f8ca23fd0aa9e461b07da11ea7390c451902e4b1592d396fd,dist/foundation/donor.css + dist/index.html + dist/foundation/accepted-runtime.js,Source extraction; visual parity limited to assurance/PARITY_AND_LIMITATIONS.md,
css_variables,66,--uihair,PRESERVE_AS_IS,"Original CSS/DOM/event grammar retained; component use is shared, not copied per surface",CEP_LIBRARY_EDITOR_EXECUTABLE_BLUEPRINT_v1.2.17_ACCEPTED_DESIGN_REFERENCE.html,ea66b58ef122bf2f8ca23fd0aa9e461b07da11ea7390c451902e4b1592d396fd,dist/foundation/donor.css + dist/index.html + dist/foundation/accepted-runtime.js,Source extraction; visual parity limited to assurance/PARITY_AND_LIMITATIONS.md,
css_variables,67,--uitextdim,PRESERVE_AS_IS,"Original CSS/DOM/event grammar retained; component use is shared, not copied per surface",CEP_LIBRARY_EDITOR_EXECUTABLE_BLUEPRINT_v1.2.17_ACCEPTED_DESIGN_REFERENCE.html,ea66b58ef122bf2f8ca23fd0aa9e461b07da11ea7390c451902e4b1592d396fd,dist/foundation/donor.css + dist/index.html + dist/foundation/accepted-runtime.js,Source extraction; visual parity limited to assurance/PARITY_AND_LIMITATIONS.md,
css_variables,68,--violet,PRESERVE_AS_IS,"Original CSS/DOM/event grammar retained; component use is shared, not copied per surface",CEP_LIBRARY_EDITOR_EXECUTABLE_BLUEPRINT_v1.2.17_ACCEPTED_DESIGN_REFERENCE.html,ea66b58ef122bf2f8ca23fd0aa9e461b07da11ea7390c451902e4b1592d396fd,dist/foundation/donor.css + dist/index.html + dist/foundation/accepted-runtime.js,Source extraction; visual parity limited to assurance/PARITY_AND_LIMITATIONS.md,
css_variables,69,--w02,PRESERVE_AS_IS,"Original CSS/DOM/event grammar retained; component use is shared, not copied per surface",CEP_LIBRARY_EDITOR_EXECUTABLE_BLUEPRINT_v1.2.17_ACCEPTED_DESIGN_REFERENCE.html,ea66b58ef122bf2f8ca23fd0aa9e461b07da11ea7390c451902e4b1592d396fd,dist/foundation/donor.css + dist/index.html + dist/foundation/accepted-runtime.js,Source extraction; visual parity limited to assurance/PARITY_AND_LIMITATIONS.md,
css_variables,70,--warn,PRESERVE_AS_IS,"Original CSS/DOM/event grammar retained; component use is shared, not copied per surface",CEP_LIBRARY_EDITOR_EXECUTABLE_BLUEPRINT_v1.2.17_ACCEPTED_DESIGN_REFERENCE.html,ea66b58ef122bf2f8ca23fd0aa9e461b07da11ea7390c451902e4b1592d396fd,dist/foundation/donor.css + dist/index.html + dist/foundation/accepted-runtime.js,Source extraction; visual parity limited to assurance/PARITY_AND_LIMITATIONS.md,
css_variables,71,--warns,PRESERVE_AS_IS,"Original CSS/DOM/event grammar retained; component use is shared, not copied per surface",CEP_LIBRARY_EDITOR_EXECUTABLE_BLUEPRINT_v1.2.17_ACCEPTED_DESIGN_REFERENCE.html,ea66b58ef122bf2f8ca23fd0aa9e461b07da11ea7390c451902e4b1592d396fd,dist/foundation/donor.css + dist/index.html + dist/foundation/accepted-runtime.js,Source extraction; visual parity limited to assurance/PARITY_AND_LIMITATIONS.md,
css_classes,1,accent,PRESERVE_AS_IS,"Original CSS/DOM/event grammar retained; component use is shared, not copied per surface",CEP_LIBRARY_EDITOR_EXECUTABLE_BLUEPRINT_v1.2.17_ACCEPTED_DESIGN_REFERENCE.html,ea66b58ef122bf2f8ca23fd0aa9e461b07da11ea7390c451902e4b1592d396fd,dist/foundation/donor.css + dist/index.html + dist/foundation/accepted-runtime.js,Source extraction; visual parity limited to assurance/PARITY_AND_LIMITATIONS.md,
css_classes,2,action-row,PRESERVE_AS_IS,"Original CSS/DOM/event grammar retained; component use is shared, not copied per surface",CEP_LIBRARY_EDITOR_EXECUTABLE_BLUEPRINT_v1.2.17_ACCEPTED_DESIGN_REFERENCE.html,ea66b58ef122bf2f8ca23fd0aa9e461b07da11ea7390c451902e4b1592d396fd,dist/foundation/donor.css + dist/index.html + dist/foundation/accepted-runtime.js,Source extraction; visual parity limited to assurance/PARITY_AND_LIMITATIONS.md,
css_classes,3,action-stack,PRESERVE_AS_IS,"Original CSS/DOM/event grammar retained; component use is shared, not copied per surface",CEP_LIBRARY_EDITOR_EXECUTABLE_BLUEPRINT_v1.2.17_ACCEPTED_DESIGN_REFERENCE.html,ea66b58ef122bf2f8ca23fd0aa9e461b07da11ea7390c451902e4b1592d396fd,dist/foundation/donor.css + dist/index.html + dist/foundation/accepted-runtime.js,Source extraction; visual parity limited to assurance/PARITY_AND_LIMITATIONS.md,
css_classes,4,active,PRESERVE_AS_IS,"Original CSS/DOM/event grammar retained; component use is shared, not copied per surface",CEP_LIBRARY_EDITOR_EXECUTABLE_BLUEPRINT_v1.2.17_ACCEPTED_DESIGN_REFERENCE.html,ea66b58ef122bf2f8ca23fd0aa9e461b07da11ea7390c451902e4b1592d396fd,dist/foundation/donor.css + dist/index.html + dist/foundation/accepted-runtime.js,Source extraction; visual parity limited to assurance/PARITY_AND_LIMITATIONS.md,
css_classes,5,active-path,PRESERVE_AS_IS,"Original CSS/DOM/event grammar retained; component use is shared, not copied per surface",CEP_LIBRARY_EDITOR_EXECUTABLE_BLUEPRINT_v1.2.17_ACCEPTED_DESIGN_REFERENCE.html,ea66b58ef122bf2f8ca23fd0aa9e461b07da11ea7390c451902e4b1592d396fd,dist/foundation/donor.css + dist/index.html + dist/foundation/accepted-runtime.js,Source extraction; visual parity limited to assurance/PARITY_AND_LIMITATIONS.md,
css_classes,6,add,PRESERVE_AS_IS,"Original CSS/DOM/event grammar retained; component use is shared, not copied per surface",CEP_LIBRARY_EDITOR_EXECUTABLE_BLUEPRINT_v1.2.17_ACCEPTED_DESIGN_REFERENCE.html,ea66b58ef122bf2f8ca23fd0aa9e461b07da11ea7390c451902e4b1592d396fd,dist/foundation/donor.css + dist/index.html + dist/foundation/accepted-runtime.js,Source extraction; visual parity limited to assurance/PARITY_AND_LIMITATIONS.md,
css_classes,7,app,PRESERVE_AS_IS,"Original CSS/DOM/event grammar retained; component use is shared, not copied per surface",CEP_LIBRARY_EDITOR_EXECUTABLE_BLUEPRINT_v1.2.17_ACCEPTED_DESIGN_REFERENCE.html,ea66b58ef122bf2f8ca23fd0aa9e461b07da11ea7390c451902e4b1592d396fd,dist/foundation/donor.css + dist/index.html + dist/foundation/accepted-runtime.js,Source extraction; visual parity limited to assurance/PARITY_AND_LIMITATIONS.md,
css_classes,8,avatar,PRESERVE_AS_IS,"Original CSS/DOM/event grammar retained; component use is shared, not copied per surface",CEP_LIBRARY_EDITOR_EXECUTABLE_BLUEPRINT_v1.2.17_ACCEPTED_DESIGN_REFERENCE.html,ea66b58ef122bf2f8ca23fd0aa9e461b07da11ea7390c451902e4b1592d396fd,dist/foundation/donor.css + dist/index.html + dist/foundation/accepted-runtime.js,Source extraction; visual parity limited to assurance/PARITY_AND_LIMITATIONS.md,
css_classes,9,backdrop,PRESERVE_AS_IS,"Original CSS/DOM/event grammar retained; component use is shared, not copied per surface",CEP_LIBRARY_EDITOR_EXECUTABLE_BLUEPRINT_v1.2.17_ACCEPTED_DESIGN_REFERENCE.html,ea66b58ef122bf2f8ca23fd0aa9e461b07da11ea7390c451902e4b1592d396fd,dist/foundation/donor.css + dist/index.html + dist/foundation/accepted-runtime.js,Source extraction; visual parity limited to assurance/PARITY_AND_LIMITATIONS.md,
css_classes,10,badge,PRESERVE_AS_IS,"Original CSS/DOM/event grammar retained; component use is shared, not copied per surface",CEP_LIBRARY_EDITOR_EXECUTABLE_BLUEPRINT_v1.2.17_ACCEPTED_DESIGN_REFERENCE.html,ea66b58ef122bf2f8ca23fd0aa9e461b07da11ea7390c451902e4b1592d396fd,dist/foundation/donor.css + dist/index.html + dist/foundation/accepted-runtime.js,Source extraction; visual parity limited to assurance/PARITY_AND_LIMITATIONS.md,
css_classes,11,banner,PRESERVE_AS_IS,"Original CSS/DOM/event grammar retained; component use is shared, not copied per surface",CEP_LIBRARY_EDITOR_EXECUTABLE_BLUEPRINT_v1.2.17_ACCEPTED_DESIGN_REFERENCE.html,ea66b58ef122bf2f8ca23fd0aa9e461b07da11ea7390c451902e4b1592d396fd,dist/foundation/donor.css + dist/index.html + dist/foundation/accepted-runtime.js,Source extraction; visual parity limited to assurance/PARITY_AND_LIMITATIONS.md,
css_classes,12,bannerstates,PRESERVE_AS_IS,"Original CSS/DOM/event grammar retained; component use is shared, not copied per surface",CEP_LIBRARY_EDITOR_EXECUTABLE_BLUEPRINT_v1.2.17_ACCEPTED_DESIGN_REFERENCE.html,ea66b58ef122bf2f8ca23fd0aa9e461b07da11ea7390c451902e4b1592d396fd,dist/foundation/donor.css + dist/index.html + dist/foundation/accepted-runtime.js,Source extraction; visual parity limited to assurance/PARITY_AND_LIMITATIONS.md,
css_classes,13,blockbody,PRESERVE_AS_IS,"Original CSS/DOM/event grammar retained; component use is shared, not copied per surface",CEP_LIBRARY_EDITOR_EXECUTABLE_BLUEPRINT_v1.2.17_ACCEPTED_DESIGN_REFERENCE.html,ea66b58ef122bf2f8ca23fd0aa9e461b07da11ea7390c451902e4b1592d396fd,dist/foundation/donor.css + dist/index.html + dist/foundation/accepted-runtime.js,Source extraction; visual parity limited to assurance/PARITY_AND_LIMITATIONS.md,
css_classes,14,blockhandle,PRESERVE_AS_IS,"Original CSS/DOM/event grammar retained; component use is shared, not copied per surface",CEP_LIBRARY_EDITOR_EXECUTABLE_BLUEPRINT_v1.2.17_ACCEPTED_DESIGN_REFERENCE.html,ea66b58ef122bf2f8ca23fd0aa9e461b07da11ea7390c451902e4b1592d396fd,dist/foundation/donor.css + dist/index.html + dist/foundation/accepted-runtime.js,Source extraction; visual parity limited to assurance/PARITY_AND_LIMITATIONS.md,
css_classes,15,blocklist,PRESERVE_AS_IS,"Original CSS/DOM/event grammar retained; component use is shared, not copied per surface",CEP_LIBRARY_EDITOR_EXECUTABLE_BLUEPRINT_v1.2.17_ACCEPTED_DESIGN_REFERENCE.html,ea66b58ef122bf2f8ca23fd0aa9e461b07da11ea7390c451902e4b1592d396fd,dist/foundation/donor.css + dist/index.html + dist/foundation/accepted-runtime.js,Source extraction; visual parity limited to assurance/PARITY_AND_LIMITATIONS.md,
css_classes,16,blockmenu-actions,PRESERVE_AS_IS,"Original CSS/DOM/event grammar retained; component use is shared, not copied per surface",CEP_LIBRARY_EDITOR_EXECUTABLE_BLUEPRINT_v1.2.17_ACCEPTED_DESIGN_REFERENCE.html,ea66b58ef122bf2f8ca23fd0aa9e461b07da11ea7390c451902e4b1592d396fd,dist/foundation/donor.css + dist/index.html + dist/foundation/accepted-runtime.js,Source extraction; visual parity limited to assurance/PARITY_AND_LIMITATIONS.md,
css_classes,17,blockmenu-object,PRESERVE_AS_IS,"Original CSS/DOM/event grammar retained; component use is shared, not copied per surface",CEP_LIBRARY_EDITOR_EXECUTABLE_BLUEPRINT_v1.2.17_ACCEPTED_DESIGN_REFERENCE.html,ea66b58ef122bf2f8ca23fd0aa9e461b07da11ea7390c451902e4b1592d396fd,dist/foundation/donor.css + dist/index.html + dist/foundation/accepted-runtime.js,Source extraction; visual parity limited to assurance/PARITY_AND_LIMITATIONS.md,
css_classes,18,blockmenu-search,PRESERVE_AS_IS,"Original CSS/DOM/event grammar retained; component use is shared, not copied per surface",CEP_LIBRARY_EDITOR_EXECUTABLE_BLUEPRINT_v1.2.17_ACCEPTED_DESIGN_REFERENCE.html,ea66b58ef122bf2f8ca23fd0aa9e461b07da11ea7390c451902e4b1592d396fd,dist/foundation/donor.css + dist/index.html + dist/foundation/accepted-runtime.js,Source extraction; visual parity limited to assurance/PARITY_AND_LIMITATIONS.md,
css_classes,19,blockrailhit,PRESERVE_AS_IS,"Original CSS/DOM/event grammar retained; component use is shared, not copied per surface",CEP_LIBRARY_EDITOR_EXECUTABLE_BLUEPRINT_v1.2.17_ACCEPTED_DESIGN_REFERENCE.html,ea66b58ef122bf2f8ca23fd0aa9e461b07da11ea7390c451902e4b1592d396fd,dist/foundation/donor.css + dist/index.html + dist/foundation/accepted-runtime.js,Source extraction; visual parity limited to assurance/PARITY_AND_LIMITATIONS.md,
css_classes,20,bmain,PRESERVE_AS_IS,"Original CSS/DOM/event grammar retained; component use is shared, not copied per surface",CEP_LIBRARY_EDITOR_EXECUTABLE_BLUEPRINT_v1.2.17_ACCEPTED_DESIGN_REFERENCE.html,ea66b58ef122bf2f8ca23fd0aa9e461b07da11ea7390c451902e4b1592d396fd,dist/foundation/donor.css + dist/index.html + dist/foundation/accepted-runtime.js,Source extraction; visual parity limited to assurance/PARITY_AND_LIMITATIONS.md,
css_classes,21,bottom,PRESERVE_AS_IS,"Original CSS/DOM/event grammar retained; component use is shared, not copied per surface",CEP_LIBRARY_EDITOR_EXECUTABLE_BLUEPRINT_v1.2.17_ACCEPTED_DESIGN_REFERENCE.html,ea66b58ef122bf2f8ca23fd0aa9e461b07da11ea7390c451902e4b1592d396fd,dist/foundation/donor.css + dist/index.html + dist/foundation/accepted-runtime.js,Source extraction; visual parity limited to assurance/PARITY_AND_LIMITATIONS.md,
css_classes,22,bottombar,PRESERVE_AS_IS,"Original CSS/DOM/event grammar retained; component use is shared, not copied per surface",CEP_LIBRARY_EDITOR_EXECUTABLE_BLUEPRINT_v1.2.17_ACCEPTED_DESIGN_REFERENCE.html,ea66b58ef122bf2f8ca23fd0aa9e461b07da11ea7390c451902e4b1592d396fd,dist/foundation/donor.css + dist/index.html + dist/foundation/accepted-runtime.js,Source extraction; visual parity limited to assurance/PARITY_AND_LIMITATIONS.md,
css_classes,23,bottomcontent,PRESERVE_AS_IS,"Original CSS/DOM/event grammar retained; component use is shared, not copied per surface",CEP_LIBRARY_EDITOR_EXECUTABLE_BLUEPRINT_v1.2.17_ACCEPTED_DESIGN_REFERENCE.html,ea66b58ef122bf2f8ca23fd0aa9e461b07da11ea7390c451902e4b1592d396fd,dist/foundation/donor.css + dist/index.html + dist/foundation/accepted-runtime.js,Source extraction; visual parity limited to assurance/PARITY_AND_LIMITATIONS.md,
css_classes,24,bottomsummary,PRESERVE_AS_IS,"Original CSS/DOM/event grammar retained; component use is shared, not copied per surface",CEP_LIBRARY_EDITOR_EXECUTABLE_BLUEPRINT_v1.2.17_ACCEPTED_DESIGN_REFERENCE.html,ea66b58ef122bf2f8ca23fd0aa9e461b07da11ea7390c451902e4b1592d396fd,dist/foundation/donor.css + dist/index.html + dist/foundation/accepted-runtime.js,Source extraction; visual parity limited to assurance/PARITY_AND_LIMITATIONS.md,
css_classes,25,bottomtabs,PRESERVE_AS_IS,"Original CSS/DOM/event grammar retained; component use is shared, not copied per surface",CEP_LIBRARY_EDITOR_EXECUTABLE_BLUEPRINT_v1.2.17_ACCEPTED_DESIGN_REFERENCE.html,ea66b58ef122bf2f8ca23fd0aa9e461b07da11ea7390c451902e4b1592d396fd,dist/foundation/donor.css + dist/index.html + dist/foundation/accepted-runtime.js,Source extraction; visual parity limited to assurance/PARITY_AND_LIMITATIONS.md,
css_classes,26,bottomtitle,PRESERVE_AS_IS,"Original CSS/DOM/event grammar retained; component use is shared, not copied per surface",CEP_LIBRARY_EDITOR_EXECUTABLE_BLUEPRINT_v1.2.17_ACCEPTED_DESIGN_REFERENCE.html,ea66b58ef122bf2f8ca23fd0aa9e461b07da11ea7390c451902e4b1592d396fd,dist/foundation/donor.css + dist/index.html + dist/foundation/accepted-runtime.js,Source extraction; visual parity limited to assurance/PARITY_AND_LIMITATIONS.md,
css_classes,27,brand,PRESERVE_AS_IS,"Original CSS/DOM/event grammar retained; component use is shared, not copied per surface",CEP_LIBRARY_EDITOR_EXECUTABLE_BLUEPRINT_v1.2.17_ACCEPTED_DESIGN_REFERENCE.html,ea66b58ef122bf2f8ca23fd0aa9e461b07da11ea7390c451902e4b1592d396fd,dist/foundation/donor.css + dist/index.html + dist/foundation/accepted-runtime.js,Source extraction; visual parity limited to assurance/PARITY_AND_LIMITATIONS.md,
css_classes,28,brandcopy,PRESERVE_AS_IS,"Original CSS/DOM/event grammar retained; component use is shared, not copied per surface",CEP_LIBRARY_EDITOR_EXECUTABLE_BLUEPRINT_v1.2.17_ACCEPTED_DESIGN_REFERENCE.html,ea66b58ef122bf2f8ca23fd0aa9e461b07da11ea7390c451902e4b1592d396fd,dist/foundation/donor.css + dist/index.html + dist/foundation/accepted-runtime.js,Source extraction; visual parity limited to assurance/PARITY_AND_LIMITATIONS.md,
css_classes,29,brandmark,PRESERVE_AS_IS,"Original CSS/DOM/event grammar retained; component use is shared, not copied per surface",CEP_LIBRARY_EDITOR_EXECUTABLE_BLUEPRINT_v1.2.17_ACCEPTED_DESIGN_REFERENCE.html,ea66b58ef122bf2f8ca23fd0aa9e461b07da11ea7390c451902e4b1592d396fd,dist/foundation/donor.css + dist/index.html + dist/foundation/accepted-runtime.js,Source extraction; visual parity limited to assurance/PARITY_AND_LIMITATIONS.md,
css_classes,30,brandname,PRESERVE_AS_IS,"Original CSS/DOM/event grammar retained; component use is shared, not copied per surface",CEP_LIBRARY_EDITOR_EXECUTABLE_BLUEPRINT_v1.2.17_ACCEPTED_DESIGN_REFERENCE.html,ea66b58ef122bf2f8ca23fd0aa9e461b07da11ea7390c451902e4b1592d396fd,dist/foundation/donor.css + dist/index.html + dist/foundation/accepted-runtime.js,Source extraction; visual parity limited to assurance/PARITY_AND_LIMITATIONS.md,
css_classes,31,bside,PRESERVE_AS_IS,"Original CSS/DOM/event grammar retained; component use is shared, not copied per surface",CEP_LIBRARY_EDITOR_EXECUTABLE_BLUEPRINT_v1.2.17_ACCEPTED_DESIGN_REFERENCE.html,ea66b58ef122bf2f8ca23fd0aa9e461b07da11ea7390c451902e4b1592d396fd,dist/foundation/donor.css + dist/index.html + dist/foundation/accepted-runtime.js,Source extraction; visual parity limited to assurance/PARITY_AND_LIMITATIONS.md,
css_classes,32,btn,PRESERVE_AS_IS,"Original CSS/DOM/event grammar retained; component use is shared, not copied per surface",CEP_LIBRARY_EDITOR_EXECUTABLE_BLUEPRINT_v1.2.17_ACCEPTED_DESIGN_REFERENCE.html,ea66b58ef122bf2f8ca23fd0aa9e461b07da11ea7390c451902e4b1592d396fd,dist/foundation/donor.css + dist/index.html + dist/foundation/accepted-runtime.js,Source extraction; visual parity limited to assurance/PARITY_AND_LIMITATIONS.md,
css_classes,33,center,PRESERVE_AS_IS,"Original CSS/DOM/event grammar retained; component use is shared, not copied per surface",CEP_LIBRARY_EDITOR_EXECUTABLE_BLUEPRINT_v1.2.17_ACCEPTED_DESIGN_REFERENCE.html,ea66b58ef122bf2f8ca23fd0aa9e461b07da11ea7390c451902e4b1592d396fd,dist/foundation/donor.css + dist/index.html + dist/foundation/accepted-runtime.js,Source extraction; visual parity limited to assurance/PARITY_AND_LIMITATIONS.md,
css_classes,34,centerrail,PRESERVE_AS_IS,"Original CSS/DOM/event grammar retained; component use is shared, not copied per surface",CEP_LIBRARY_EDITOR_EXECUTABLE_BLUEPRINT_v1.2.17_ACCEPTED_DESIGN_REFERENCE.html,ea66b58ef122bf2f8ca23fd0aa9e461b07da11ea7390c451902e4b1592d396fd,dist/foundation/donor.css + dist/index.html + dist/foundation/accepted-runtime.js,Source extraction; visual parity limited to assurance/PARITY_AND_LIMITATIONS.md,
css_classes,35,cmdgroup,PRESERVE_AS_IS,"Original CSS/DOM/event grammar retained; component use is shared, not copied per surface",CEP_LIBRARY_EDITOR_EXECUTABLE_BLUEPRINT_v1.2.17_ACCEPTED_DESIGN_REFERENCE.html,ea66b58ef122bf2f8ca23fd0aa9e461b07da11ea7390c451902e4b1592d396fd,dist/foundation/donor.css + dist/index.html + dist/foundation/accepted-runtime.js,Source extraction; visual parity limited to assurance/PARITY_AND_LIMITATIONS.md,
css_classes,36,cmditem,PRESERVE_AS_IS,"Original CSS/DOM/event grammar retained; component use is shared, not copied per surface",CEP_LIBRARY_EDITOR_EXECUTABLE_BLUEPRINT_v1.2.17_ACCEPTED_DESIGN_REFERENCE.html,ea66b58ef122bf2f8ca23fd0aa9e461b07da11ea7390c451902e4b1592d396fd,dist/foundation/donor.css + dist/index.html + dist/foundation/accepted-runtime.js,Source extraction; visual parity limited to assurance/PARITY_AND_LIMITATIONS.md,
css_classes,37,cmdmeta,PRESERVE_AS_IS,"Original CSS/DOM/event grammar retained; component use is shared, not copied per surface",CEP_LIBRARY_EDITOR_EXECUTABLE_BLUEPRINT_v1.2.17_ACCEPTED_DESIGN_REFERENCE.html,ea66b58ef122bf2f8ca23fd0aa9e461b07da11ea7390c451902e4b1592d396fd,dist/foundation/donor.css + dist/index.html + dist/foundation/accepted-runtime.js,Source extraction; visual parity limited to assurance/PARITY_AND_LIMITATIONS.md,
css_classes,38,cmdresults,PRESERVE_AS_IS,"Original CSS/DOM/event grammar retained; component use is shared, not copied per surface",CEP_LIBRARY_EDITOR_EXECUTABLE_BLUEPRINT_v1.2.17_ACCEPTED_DESIGN_REFERENCE.html,ea66b58ef122bf2f8ca23fd0aa9e461b07da11ea7390c451902e4b1592d396fd,dist/foundation/donor.css + dist/index.html + dist/foundation/accepted-runtime.js,Source extraction; visual parity limited to assurance/PARITY_AND_LIMITATIONS.md,
css_classes,39,cmdsearch,PRESERVE_AS_IS,"Original CSS/DOM/event grammar retained; component use is shared, not copied per surface",CEP_LIBRARY_EDITOR_EXECUTABLE_BLUEPRINT_v1.2.17_ACCEPTED_DESIGN_REFERENCE.html,ea66b58ef122bf2f8ca23fd0aa9e461b07da11ea7390c451902e4b1592d396fd,dist/foundation/donor.css + dist/index.html + dist/foundation/accepted-runtime.js,Source extraction; visual parity limited to assurance/PARITY_AND_LIMITATIONS.md,
css_classes,40,codeauthority,PRESERVE_AS_IS,"Original CSS/DOM/event grammar retained; component use is shared, not copied per surface",CEP_LIBRARY_EDITOR_EXECUTABLE_BLUEPRINT_v1.2.17_ACCEPTED_DESIGN_REFERENCE.html,ea66b58ef122bf2f8ca23fd0aa9e461b07da11ea7390c451902e4b1592d396fd,dist/foundation/donor.css + dist/index.html + dist/foundation/accepted-runtime.js,Source extraction; visual parity limited to assurance/PARITY_AND_LIMITATIONS.md,
css_classes,41,codebar,PRESERVE_AS_IS,"Original CSS/DOM/event grammar retained; component use is shared, not copied per surface",CEP_LIBRARY_EDITOR_EXECUTABLE_BLUEPRINT_v1.2.17_ACCEPTED_DESIGN_REFERENCE.html,ea66b58ef122bf2f8ca23fd0aa9e461b07da11ea7390c451902e4b1592d396fd,dist/foundation/donor.css + dist/index.html + dist/foundation/accepted-runtime.js,Source extraction; visual parity limited to assurance/PARITY_AND_LIMITATIONS.md,
css_classes,42,codecopy,PRESERVE_AS_IS,"Original CSS/DOM/event grammar retained; component use is shared, not copied per surface",CEP_LIBRARY_EDITOR_EXECUTABLE_BLUEPRINT_v1.2.17_ACCEPTED_DESIGN_REFERENCE.html,ea66b58ef122bf2f8ca23fd0aa9e461b07da11ea7390c451902e4b1592d396fd,dist/foundation/donor.css + dist/index.html + dist/foundation/accepted-runtime.js,Source extraction; visual parity limited to assurance/PARITY_AND_LIMITATIONS.md,
css_classes,43,codelang,PRESERVE_AS_IS,"Original CSS/DOM/event grammar retained; component use is shared, not copied per surface",CEP_LIBRARY_EDITOR_EXECUTABLE_BLUEPRINT_v1.2.17_ACCEPTED_DESIGN_REFERENCE.html,ea66b58ef122bf2f8ca23fd0aa9e461b07da11ea7390c451902e4b1592d396fd,dist/foundation/donor.css + dist/index.html + dist/foundation/accepted-runtime.js,Source extraction; visual parity limited to assurance/PARITY_AND_LIMITATIONS.md,
css_classes,44,color-a,PRESERVE_AS_IS,"Original CSS/DOM/event grammar retained; component use is shared, not copied per surface",CEP_LIBRARY_EDITOR_EXECUTABLE_BLUEPRINT_v1.2.17_ACCEPTED_DESIGN_REFERENCE.html,ea66b58ef122bf2f8ca23fd0aa9e461b07da11ea7390c451902e4b1592d396fd,dist/foundation/donor.css + dist/index.html + dist/foundation/accepted-runtime.js,Source extraction; visual parity limited to assurance/PARITY_AND_LIMITATIONS.md,
css_classes,45,color-control,PRESERVE_AS_IS,"Original CSS/DOM/event grammar retained; component use is shared, not copied per surface",CEP_LIBRARY_EDITOR_EXECUTABLE_BLUEPRINT_v1.2.17_ACCEPTED_DESIGN_REFERENCE.html,ea66b58ef122bf2f8ca23fd0aa9e461b07da11ea7390c451902e4b1592d396fd,dist/foundation/donor.css + dist/index.html + dist/foundation/accepted-runtime.js,Source extraction; visual parity limited to assurance/PARITY_AND_LIMITATIONS.md,
css_classes,46,cols,PRESERVE_AS_IS,"Original CSS/DOM/event grammar retained; component use is shared, not copied per surface",CEP_LIBRARY_EDITOR_EXECUTABLE_BLUEPRINT_v1.2.17_ACCEPTED_DESIGN_REFERENCE.html,ea66b58ef122bf2f8ca23fd0aa9e461b07da11ea7390c451902e4b1592d396fd,dist/foundation/donor.css + dist/index.html + dist/foundation/accepted-runtime.js,Source extraction; visual parity limited to assurance/PARITY_AND_LIMITATIONS.md,
css_classes,47,command,PRESERVE_AS_IS,"Original CSS/DOM/event grammar retained; component use is shared, not copied per surface",CEP_LIBRARY_EDITOR_EXECUTABLE_BLUEPRINT_v1.2.17_ACCEPTED_DESIGN_REFERENCE.html,ea66b58ef122bf2f8ca23fd0aa9e461b07da11ea7390c451902e4b1592d396fd,dist/foundation/donor.css + dist/index.html + dist/foundation/accepted-runtime.js,Source extraction; visual parity limited to assurance/PARITY_AND_LIMITATIONS.md,
css_classes,48,compact,PRESERVE_AS_IS,"Original CSS/DOM/event grammar retained; component use is shared, not copied per surface",CEP_LIBRARY_EDITOR_EXECUTABLE_BLUEPRINT_v1.2.17_ACCEPTED_DESIGN_REFERENCE.html,ea66b58ef122bf2f8ca23fd0aa9e461b07da11ea7390c451902e4b1592d396fd,dist/foundation/donor.css + dist/index.html + dist/foundation/accepted-runtime.js,Source extraction; visual parity limited to assurance/PARITY_AND_LIMITATIONS.md,
css_classes,49,compact-delete,PRESERVE_AS_IS,"Original CSS/DOM/event grammar retained; component use is shared, not copied per surface",CEP_LIBRARY_EDITOR_EXECUTABLE_BLUEPRINT_v1.2.17_ACCEPTED_DESIGN_REFERENCE.html,ea66b58ef122bf2f8ca23fd0aa9e461b07da11ea7390c451902e4b1592d396fd,dist/foundation/donor.css + dist/index.html + dist/foundation/accepted-runtime.js,Source extraction; visual parity limited to assurance/PARITY_AND_LIMITATIONS.md,
css_classes,50,contentgroups,PRESERVE_AS_IS,"Original CSS/DOM/event grammar retained; component use is shared, not copied per surface",CEP_LIBRARY_EDITOR_EXECUTABLE_BLUEPRINT_v1.2.17_ACCEPTED_DESIGN_REFERENCE.html,ea66b58ef122bf2f8ca23fd0aa9e461b07da11ea7390c451902e4b1592d396fd,dist/foundation/donor.css + dist/index.html + dist/foundation/accepted-runtime.js,Source extraction; visual parity limited to assurance/PARITY_AND_LIMITATIONS.md,
css_classes,51,context-boundary,PRESERVE_AS_IS,"Original CSS/DOM/event grammar retained; component use is shared, not copied per surface",CEP_LIBRARY_EDITOR_EXECUTABLE_BLUEPRINT_v1.2.17_ACCEPTED_DESIGN_REFERENCE.html,ea66b58ef122bf2f8ca23fd0aa9e461b07da11ea7390c451902e4b1592d396fd,dist/foundation/donor.css + dist/index.html + dist/foundation/accepted-runtime.js,Source extraction; visual parity limited to assurance/PARITY_AND_LIMITATIONS.md,
css_classes,52,context-eyebrow,PRESERVE_AS_IS,"Original CSS/DOM/event grammar retained; component use is shared, not copied per surface",CEP_LIBRARY_EDITOR_EXECUTABLE_BLUEPRINT_v1.2.17_ACCEPTED_DESIGN_REFERENCE.html,ea66b58ef122bf2f8ca23fd0aa9e461b07da11ea7390c451902e4b1592d396fd,dist/foundation/donor.css + dist/index.html + dist/foundation/accepted-runtime.js,Source extraction; visual parity limited to assurance/PARITY_AND_LIMITATIONS.md,
css_classes,53,context-identity,PRESERVE_AS_IS,"Original CSS/DOM/event grammar retained; component use is shared, not copied per surface",CEP_LIBRARY_EDITOR_EXECUTABLE_BLUEPRINT_v1.2.17_ACCEPTED_DESIGN_REFERENCE.html,ea66b58ef122bf2f8ca23fd0aa9e461b07da11ea7390c451902e4b1592d396fd,dist/foundation/donor.css + dist/index.html + dist/foundation/accepted-runtime.js,Source extraction; visual parity limited to assurance/PARITY_AND_LIMITATIONS.md,
css_classes,54,context-index,PRESERVE_AS_IS,"Original CSS/DOM/event grammar retained; component use is shared, not copied per surface",CEP_LIBRARY_EDITOR_EXECUTABLE_BLUEPRINT_v1.2.17_ACCEPTED_DESIGN_REFERENCE.html,ea66b58ef122bf2f8ca23fd0aa9e461b07da11ea7390c451902e4b1592d396fd,dist/foundation/donor.css + dist/index.html + dist/foundation/accepted-runtime.js,Source extraction; visual parity limited to assurance/PARITY_AND_LIMITATIONS.md,
css_classes,55,context-item,PRESERVE_AS_IS,"Original CSS/DOM/event grammar retained; component use is shared, not copied per surface",CEP_LIBRARY_EDITOR_EXECUTABLE_BLUEPRINT_v1.2.17_ACCEPTED_DESIGN_REFERENCE.html,ea66b58ef122bf2f8ca23fd0aa9e461b07da11ea7390c451902e4b1592d396fd,dist/foundation/donor.css + dist/index.html + dist/foundation/accepted-runtime.js,Source extraction; visual parity limited to assurance/PARITY_AND_LIMITATIONS.md,
css_classes,56,context-item-copy,PRESERVE_AS_IS,"Original CSS/DOM/event grammar retained; component use is shared, not copied per surface",CEP_LIBRARY_EDITOR_EXECUTABLE_BLUEPRINT_v1.2.17_ACCEPTED_DESIGN_REFERENCE.html,ea66b58ef122bf2f8ca23fd0aa9e461b07da11ea7390c451902e4b1592d396fd,dist/foundation/donor.css + dist/index.html + dist/foundation/accepted-runtime.js,Source extraction; visual parity limited to assurance/PARITY_AND_LIMITATIONS.md,
css_classes,57,context-item-ico,PRESERVE_AS_IS,"Original CSS/DOM/event grammar retained; component use is shared, not copied per surface",CEP_LIBRARY_EDITOR_EXECUTABLE_BLUEPRINT_v1.2.17_ACCEPTED_DESIGN_REFERENCE.html,ea66b58ef122bf2f8ca23fd0aa9e461b07da11ea7390c451902e4b1592d396fd,dist/foundation/donor.css + dist/index.html + dist/foundation/accepted-runtime.js,Source extraction; visual parity limited to assurance/PARITY_AND_LIMITATIONS.md,
css_classes,58,context-lenses,PRESERVE_AS_IS,"Original CSS/DOM/event grammar retained; component use is shared, not copied per surface",CEP_LIBRARY_EDITOR_EXECUTABLE_BLUEPRINT_v1.2.17_ACCEPTED_DESIGN_REFERENCE.html,ea66b58ef122bf2f8ca23fd0aa9e461b07da11ea7390c451902e4b1592d396fd,dist/foundation/donor.css + dist/index.html + dist/foundation/accepted-runtime.js,Source extraction; visual parity limited to assurance/PARITY_AND_LIMITATIONS.md,
css_classes,59,context-list,PRESERVE_AS_IS,"Original CSS/DOM/event grammar retained; component use is shared, not copied per surface",CEP_LIBRARY_EDITOR_EXECUTABLE_BLUEPRINT_v1.2.17_ACCEPTED_DESIGN_REFERENCE.html,ea66b58ef122bf2f8ca23fd0aa9e461b07da11ea7390c451902e4b1592d396fd,dist/foundation/donor.css + dist/index.html + dist/foundation/accepted-runtime.js,Source extraction; visual parity limited to assurance/PARITY_AND_LIMITATIONS.md,
css_classes,60,context-mini-grid,PRESERVE_AS_IS,"Original CSS/DOM/event grammar retained; component use is shared, not copied per surface",CEP_LIBRARY_EDITOR_EXECUTABLE_BLUEPRINT_v1.2.17_ACCEPTED_DESIGN_REFERENCE.html,ea66b58ef122bf2f8ca23fd0aa9e461b07da11ea7390c451902e4b1592d396fd,dist/foundation/donor.css + dist/index.html + dist/foundation/accepted-runtime.js,Source extraction; visual parity limited to assurance/PARITY_AND_LIMITATIONS.md,
css_classes,61,context-mini-grid-five,PRESERVE_AS_IS,"Original CSS/DOM/event grammar retained; component use is shared, not copied per surface",CEP_LIBRARY_EDITOR_EXECUTABLE_BLUEPRINT_v1.2.17_ACCEPTED_DESIGN_REFERENCE.html,ea66b58ef122bf2f8ca23fd0aa9e461b07da11ea7390c451902e4b1592d396fd,dist/foundation/donor.css + dist/index.html + dist/foundation/accepted-runtime.js,Source extraction; visual parity limited to assurance/PARITY_AND_LIMITATIONS.md,
css_classes,62,context-pin-control,PRESERVE_AS_IS,"Original CSS/DOM/event grammar retained; component use is shared, not copied per surface",CEP_LIBRARY_EDITOR_EXECUTABLE_BLUEPRINT_v1.2.17_ACCEPTED_DESIGN_REFERENCE.html,ea66b58ef122bf2f8ca23fd0aa9e461b07da11ea7390c451902e4b1592d396fd,dist/foundation/donor.css + dist/index.html + dist/foundation/accepted-runtime.js,Source extraction; visual parity limited to assurance/PARITY_AND_LIMITATIONS.md,
css_classes,63,context-pointer,PRESERVE_AS_IS,"Original CSS/DOM/event grammar retained; component use is shared, not copied per surface",CEP_LIBRARY_EDITOR_EXECUTABLE_BLUEPRINT_v1.2.17_ACCEPTED_DESIGN_REFERENCE.html,ea66b58ef122bf2f8ca23fd0aa9e461b07da11ea7390c451902e4b1592d396fd,dist/foundation/donor.css + dist/index.html + dist/foundation/accepted-runtime.js,Source extraction; visual parity limited to assurance/PARITY_AND_LIMITATIONS.md,
css_classes,64,context-reference-return,PRESERVE_AS_IS,"Original CSS/DOM/event grammar retained; component use is shared, not copied per surface",CEP_LIBRARY_EDITOR_EXECUTABLE_BLUEPRINT_v1.2.17_ACCEPTED_DESIGN_REFERENCE.html,ea66b58ef122bf2f8ca23fd0aa9e461b07da11ea7390c451902e4b1592d396fd,dist/foundation/donor.css + dist/index.html + dist/foundation/accepted-runtime.js,Source extraction; visual parity limited to assurance/PARITY_AND_LIMITATIONS.md,
css_classes,65,context-return-row,PRESERVE_AS_IS,"Original CSS/DOM/event grammar retained; component use is shared, not copied per surface",CEP_LIBRARY_EDITOR_EXECUTABLE_BLUEPRINT_v1.2.17_ACCEPTED_DESIGN_REFERENCE.html,ea66b58ef122bf2f8ca23fd0aa9e461b07da11ea7390c451902e4b1592d396fd,dist/foundation/donor.css + dist/index.html + dist/foundation/accepted-runtime.js,Source extraction; visual parity limited to assurance/PARITY_AND_LIMITATIONS.md,
css_classes,66,context-row,PRESERVE_AS_IS,"Original CSS/DOM/event grammar retained; component use is shared, not copied per surface",CEP_LIBRARY_EDITOR_EXECUTABLE_BLUEPRINT_v1.2.17_ACCEPTED_DESIGN_REFERENCE.html,ea66b58ef122bf2f8ca23fd0aa9e461b07da11ea7390c451902e4b1592d396fd,dist/foundation/donor.css + dist/index.html + dist/foundation/accepted-runtime.js,Source extraction; visual parity limited to assurance/PARITY_AND_LIMITATIONS.md,
css_classes,67,context-section,PRESERVE_AS_IS,"Original CSS/DOM/event grammar retained; component use is shared, not copied per surface",CEP_LIBRARY_EDITOR_EXECUTABLE_BLUEPRINT_v1.2.17_ACCEPTED_DESIGN_REFERENCE.html,ea66b58ef122bf2f8ca23fd0aa9e461b07da11ea7390c451902e4b1592d396fd,dist/foundation/donor.css + dist/index.html + dist/foundation/accepted-runtime.js,Source extraction; visual parity limited to assurance/PARITY_AND_LIMITATIONS.md,
css_classes,68,context-section-title,PRESERVE_AS_IS,"Original CSS/DOM/event grammar retained; component use is shared, not copied per surface",CEP_LIBRARY_EDITOR_EXECUTABLE_BLUEPRINT_v1.2.17_ACCEPTED_DESIGN_REFERENCE.html,ea66b58ef122bf2f8ca23fd0aa9e461b07da11ea7390c451902e4b1592d396fd,dist/foundation/donor.css + dist/index.html + dist/foundation/accepted-runtime.js,Source extraction; visual parity limited to assurance/PARITY_AND_LIMITATIONS.md,
css_classes,69,context-summary,PRESERVE_AS_IS,"Original CSS/DOM/event grammar retained; component use is shared, not copied per surface",CEP_LIBRARY_EDITOR_EXECUTABLE_BLUEPRINT_v1.2.17_ACCEPTED_DESIGN_REFERENCE.html,ea66b58ef122bf2f8ca23fd0aa9e461b07da11ea7390c451902e4b1592d396fd,dist/foundation/donor.css + dist/index.html + dist/foundation/accepted-runtime.js,Source extraction; visual parity limited to assurance/PARITY_AND_LIMITATIONS.md,
css_classes,70,context-summary-row,PRESERVE_AS_IS,"Original CSS/DOM/event grammar retained; component use is shared, not copied per surface",CEP_LIBRARY_EDITOR_EXECUTABLE_BLUEPRINT_v1.2.17_ACCEPTED_DESIGN_REFERENCE.html,ea66b58ef122bf2f8ca23fd0aa9e461b07da11ea7390c451902e4b1592d396fd,dist/foundation/donor.css + dist/index.html + dist/foundation/accepted-runtime.js,Source extraction; visual parity limited to assurance/PARITY_AND_LIMITATIONS.md,
css_classes,71,context-tabs,PRESERVE_AS_IS,"Original CSS/DOM/event grammar retained; component use is shared, not copied per surface",CEP_LIBRARY_EDITOR_EXECUTABLE_BLUEPRINT_v1.2.17_ACCEPTED_DESIGN_REFERENCE.html,ea66b58ef122bf2f8ca23fd0aa9e461b07da11ea7390c451902e4b1592d396fd,dist/foundation/donor.css + dist/index.html + dist/foundation/accepted-runtime.js,Source extraction; visual parity limited to assurance/PARITY_AND_LIMITATIONS.md,
css_classes,72,context-warning,PRESERVE_AS_IS,"Original CSS/DOM/event grammar retained; component use is shared, not copied per surface",CEP_LIBRARY_EDITOR_EXECUTABLE_BLUEPRINT_v1.2.17_ACCEPTED_DESIGN_REFERENCE.html,ea66b58ef122bf2f8ca23fd0aa9e461b07da11ea7390c451902e4b1592d396fd,dist/foundation/donor.css + dist/index.html + dist/foundation/accepted-runtime.js,Source extraction; visual parity limited to assurance/PARITY_AND_LIMITATIONS.md,
css_classes,73,contextaction,PRESERVE_AS_IS,"Original CSS/DOM/event grammar retained; component use is shared, not copied per surface",CEP_LIBRARY_EDITOR_EXECUTABLE_BLUEPRINT_v1.2.17_ACCEPTED_DESIGN_REFERENCE.html,ea66b58ef122bf2f8ca23fd0aa9e461b07da11ea7390c451902e4b1592d396fd,dist/foundation/donor.css + dist/index.html + dist/foundation/accepted-runtime.js,Source extraction; visual parity limited to assurance/PARITY_AND_LIMITATIONS.md,
css_classes,74,contextempty,PRESERVE_AS_IS,"Original CSS/DOM/event grammar retained; component use is shared, not copied per surface",CEP_LIBRARY_EDITOR_EXECUTABLE_BLUEPRINT_v1.2.17_ACCEPTED_DESIGN_REFERENCE.html,ea66b58ef122bf2f8ca23fd0aa9e461b07da11ea7390c451902e4b1592d396fd,dist/foundation/donor.css + dist/index.html + dist/foundation/accepted-runtime.js,Source extraction; visual parity limited to assurance/PARITY_AND_LIMITATIONS.md,
css_classes,75,contextscope,PRESERVE_AS_IS,"Original CSS/DOM/event grammar retained; component use is shared, not copied per surface",CEP_LIBRARY_EDITOR_EXECUTABLE_BLUEPRINT_v1.2.17_ACCEPTED_DESIGN_REFERENCE.html,ea66b58ef122bf2f8ca23fd0aa9e461b07da11ea7390c451902e4b1592d396fd,dist/foundation/donor.css + dist/index.html + dist/foundation/accepted-runtime.js,Source extraction; visual parity limited to assurance/PARITY_AND_LIMITATIONS.md,
css_classes,76,contextshell,PRESERVE_AS_IS,"Original CSS/DOM/event grammar retained; component use is shared, not copied per surface",CEP_LIBRARY_EDITOR_EXECUTABLE_BLUEPRINT_v1.2.17_ACCEPTED_DESIGN_REFERENCE.html,ea66b58ef122bf2f8ca23fd0aa9e461b07da11ea7390c451902e4b1592d396fd,dist/foundation/donor.css + dist/index.html + dist/foundation/accepted-runtime.js,Source extraction; visual parity limited to assurance/PARITY_AND_LIMITATIONS.md,
css_classes,77,convert-choice,PRESERVE_AS_IS,"Original CSS/DOM/event grammar retained; component use is shared, not copied per surface",CEP_LIBRARY_EDITOR_EXECUTABLE_BLUEPRINT_v1.2.17_ACCEPTED_DESIGN_REFERENCE.html,ea66b58ef122bf2f8ca23fd0aa9e461b07da11ea7390c451902e4b1592d396fd,dist/foundation/donor.css + dist/index.html + dist/foundation/accepted-runtime.js,Source extraction; visual parity limited to assurance/PARITY_AND_LIMITATIONS.md,
css_classes,78,convert-group,PRESERVE_AS_IS,"Original CSS/DOM/event grammar retained; component use is shared, not copied per surface",CEP_LIBRARY_EDITOR_EXECUTABLE_BLUEPRINT_v1.2.17_ACCEPTED_DESIGN_REFERENCE.html,ea66b58ef122bf2f8ca23fd0aa9e461b07da11ea7390c451902e4b1592d396fd,dist/foundation/donor.css + dist/index.html + dist/foundation/accepted-runtime.js,Source extraction; visual parity limited to assurance/PARITY_AND_LIMITATIONS.md,
css_classes,79,convert-list,PRESERVE_AS_IS,"Original CSS/DOM/event grammar retained; component use is shared, not copied per surface",CEP_LIBRARY_EDITOR_EXECUTABLE_BLUEPRINT_v1.2.17_ACCEPTED_DESIGN_REFERENCE.html,ea66b58ef122bf2f8ca23fd0aa9e461b07da11ea7390c451902e4b1592d396fd,dist/foundation/donor.css + dist/index.html + dist/foundation/accepted-runtime.js,Source extraction; visual parity limited to assurance/PARITY_AND_LIMITATIONS.md,
css_classes,80,convert-panel,PRESERVE_AS_IS,"Original CSS/DOM/event grammar retained; component use is shared, not copied per surface",CEP_LIBRARY_EDITOR_EXECUTABLE_BLUEPRINT_v1.2.17_ACCEPTED_DESIGN_REFERENCE.html,ea66b58ef122bf2f8ca23fd0aa9e461b07da11ea7390c451902e4b1592d396fd,dist/foundation/donor.css + dist/index.html + dist/foundation/accepted-runtime.js,Source extraction; visual parity limited to assurance/PARITY_AND_LIMITATIONS.md,
css_classes,81,count,PRESERVE_AS_IS,"Original CSS/DOM/event grammar retained; component use is shared, not copied per surface",CEP_LIBRARY_EDITOR_EXECUTABLE_BLUEPRINT_v1.2.17_ACCEPTED_DESIGN_REFERENCE.html,ea66b58ef122bf2f8ca23fd0aa9e461b07da11ea7390c451902e4b1592d396fd,dist/foundation/donor.css + dist/index.html + dist/foundation/accepted-runtime.js,Source extraction; visual parity limited to assurance/PARITY_AND_LIMITATIONS.md,
css_classes,82,crumbs,PRESERVE_AS_IS,"Original CSS/DOM/event grammar retained; component use is shared, not copied per surface",CEP_LIBRARY_EDITOR_EXECUTABLE_BLUEPRINT_v1.2.17_ACCEPTED_DESIGN_REFERENCE.html,ea66b58ef122bf2f8ca23fd0aa9e461b07da11ea7390c451902e4b1592d396fd,dist/foundation/donor.css + dist/index.html + dist/foundation/accepted-runtime.js,Source extraction; visual parity limited to assurance/PARITY_AND_LIMITATIONS.md,
css_classes,83,customwidth,PRESERVE_AS_IS,"Original CSS/DOM/event grammar retained; component use is shared, not copied per surface",CEP_LIBRARY_EDITOR_EXECUTABLE_BLUEPRINT_v1.2.17_ACCEPTED_DESIGN_REFERENCE.html,ea66b58ef122bf2f8ca23fd0aa9e461b07da11ea7390c451902e4b1592d396fd,dist/foundation/donor.css + dist/index.html + dist/foundation/accepted-runtime.js,Source extraction; visual parity limited to assurance/PARITY_AND_LIMITATIONS.md,
css_classes,84,danger,PRESERVE_AS_IS,"Original CSS/DOM/event grammar retained; component use is shared, not copied per surface",CEP_LIBRARY_EDITOR_EXECUTABLE_BLUEPRINT_v1.2.17_ACCEPTED_DESIGN_REFERENCE.html,ea66b58ef122bf2f8ca23fd0aa9e461b07da11ea7390c451902e4b1592d396fd,dist/foundation/donor.css + dist/index.html + dist/foundation/accepted-runtime.js,Source extraction; visual parity limited to assurance/PARITY_AND_LIMITATIONS.md,
css_classes,85,data-pref-actions,PRESERVE_AS_IS,"Original CSS/DOM/event grammar retained; component use is shared, not copied per surface",CEP_LIBRARY_EDITOR_EXECUTABLE_BLUEPRINT_v1.2.17_ACCEPTED_DESIGN_REFERENCE.html,ea66b58ef122bf2f8ca23fd0aa9e461b07da11ea7390c451902e4b1592d396fd,dist/foundation/donor.css + dist/index.html + dist/foundation/accepted-runtime.js,Source extraction; visual parity limited to assurance/PARITY_AND_LIMITATIONS.md,
css_classes,86,deepgrid,PRESERVE_AS_IS,"Original CSS/DOM/event grammar retained; component use is shared, not copied per surface",CEP_LIBRARY_EDITOR_EXECUTABLE_BLUEPRINT_v1.2.17_ACCEPTED_DESIGN_REFERENCE.html,ea66b58ef122bf2f8ca23fd0aa9e461b07da11ea7390c451902e4b1592d396fd,dist/foundation/donor.css + dist/index.html + dist/foundation/accepted-runtime.js,Source extraction; visual parity limited to assurance/PARITY_AND_LIMITATIONS.md,
css_classes,87,del,PRESERVE_AS_IS,"Original CSS/DOM/event grammar retained; component use is shared, not copied per surface",CEP_LIBRARY_EDITOR_EXECUTABLE_BLUEPRINT_v1.2.17_ACCEPTED_DESIGN_REFERENCE.html,ea66b58ef122bf2f8ca23fd0aa9e461b07da11ea7390c451902e4b1592d396fd,dist/foundation/donor.css + dist/index.html + dist/foundation/accepted-runtime.js,Source extraction; visual parity limited to assurance/PARITY_AND_LIMITATIONS.md,
css_classes,88,delete-confirm-actions,PRESERVE_AS_IS,"Original CSS/DOM/event grammar retained; component use is shared, not copied per surface",CEP_LIBRARY_EDITOR_EXECUTABLE_BLUEPRINT_v1.2.17_ACCEPTED_DESIGN_REFERENCE.html,ea66b58ef122bf2f8ca23fd0aa9e461b07da11ea7390c451902e4b1592d396fd,dist/foundation/donor.css + dist/index.html + dist/foundation/accepted-runtime.js,Source extraction; visual parity limited to assurance/PARITY_AND_LIMITATIONS.md,
css_classes,89,delete-confirm-copy,PRESERVE_AS_IS,"Original CSS/DOM/event grammar retained; component use is shared, not copied per surface",CEP_LIBRARY_EDITOR_EXECUTABLE_BLUEPRINT_v1.2.17_ACCEPTED_DESIGN_REFERENCE.html,ea66b58ef122bf2f8ca23fd0aa9e461b07da11ea7390c451902e4b1592d396fd,dist/foundation/donor.css + dist/index.html + dist/foundation/accepted-runtime.js,Source extraction; visual parity limited to assurance/PARITY_AND_LIMITATIONS.md,
css_classes,90,delete-confirm-popover,PRESERVE_AS_IS,"Original CSS/DOM/event grammar retained; component use is shared, not copied per surface",CEP_LIBRARY_EDITOR_EXECUTABLE_BLUEPRINT_v1.2.17_ACCEPTED_DESIGN_REFERENCE.html,ea66b58ef122bf2f8ca23fd0aa9e461b07da11ea7390c451902e4b1592d396fd,dist/foundation/donor.css + dist/index.html + dist/foundation/accepted-runtime.js,Source extraction; visual parity limited to assurance/PARITY_AND_LIMITATIONS.md,
css_classes,91,delete-confirm-pref,PRESERVE_AS_IS,"Original CSS/DOM/event grammar retained; component use is shared, not copied per surface",CEP_LIBRARY_EDITOR_EXECUTABLE_BLUEPRINT_v1.2.17_ACCEPTED_DESIGN_REFERENCE.html,ea66b58ef122bf2f8ca23fd0aa9e461b07da11ea7390c451902e4b1592d396fd,dist/foundation/donor.css + dist/index.html + dist/foundation/accepted-runtime.js,Source extraction; visual parity limited to assurance/PARITY_AND_LIMITATIONS.md,
css_classes,92,dialog,PRESERVE_AS_IS,"Original CSS/DOM/event grammar retained; component use is shared, not copied per surface",CEP_LIBRARY_EDITOR_EXECUTABLE_BLUEPRINT_v1.2.17_ACCEPTED_DESIGN_REFERENCE.html,ea66b58ef122bf2f8ca23fd0aa9e461b07da11ea7390c451902e4b1592d396fd,dist/foundation/donor.css + dist/index.html + dist/foundation/accepted-runtime.js,Source extraction; visual parity limited to assurance/PARITY_AND_LIMITATIONS.md,
css_classes,93,dialogbody,PRESERVE_AS_IS,"Original CSS/DOM/event grammar retained; component use is shared, not copied per surface",CEP_LIBRARY_EDITOR_EXECUTABLE_BLUEPRINT_v1.2.17_ACCEPTED_DESIGN_REFERENCE.html,ea66b58ef122bf2f8ca23fd0aa9e461b07da11ea7390c451902e4b1592d396fd,dist/foundation/donor.css + dist/index.html + dist/foundation/accepted-runtime.js,Source extraction; visual parity limited to assurance/PARITY_AND_LIMITATIONS.md,
css_classes,94,dialogfoot,PRESERVE_AS_IS,"Original CSS/DOM/event grammar retained; component use is shared, not copied per surface",CEP_LIBRARY_EDITOR_EXECUTABLE_BLUEPRINT_v1.2.17_ACCEPTED_DESIGN_REFERENCE.html,ea66b58ef122bf2f8ca23fd0aa9e461b07da11ea7390c451902e4b1592d396fd,dist/foundation/donor.css + dist/index.html + dist/foundation/accepted-runtime.js,Source extraction; visual parity limited to assurance/PARITY_AND_LIMITATIONS.md,
css_classes,95,dialoghead,PRESERVE_AS_IS,"Original CSS/DOM/event grammar retained; component use is shared, not copied per surface",CEP_LIBRARY_EDITOR_EXECUTABLE_BLUEPRINT_v1.2.17_ACCEPTED_DESIGN_REFERENCE.html,ea66b58ef122bf2f8ca23fd0aa9e461b07da11ea7390c451902e4b1592d396fd,dist/foundation/donor.css + dist/index.html + dist/foundation/accepted-runtime.js,Source extraction; visual parity limited to assurance/PARITY_AND_LIMITATIONS.md,
css_classes,96,dialoginput,PRESERVE_AS_IS,"Original CSS/DOM/event grammar retained; component use is shared, not copied per surface",CEP_LIBRARY_EDITOR_EXECUTABLE_BLUEPRINT_v1.2.17_ACCEPTED_DESIGN_REFERENCE.html,ea66b58ef122bf2f8ca23fd0aa9e461b07da11ea7390c451902e4b1592d396fd,dist/foundation/donor.css + dist/index.html + dist/foundation/accepted-runtime.js,Source extraction; visual parity limited to assurance/PARITY_AND_LIMITATIONS.md,
css_classes,97,diff,PRESERVE_AS_IS,"Original CSS/DOM/event grammar retained; component use is shared, not copied per surface",CEP_LIBRARY_EDITOR_EXECUTABLE_BLUEPRINT_v1.2.17_ACCEPTED_DESIGN_REFERENCE.html,ea66b58ef122bf2f8ca23fd0aa9e461b07da11ea7390c451902e4b1592d396fd,dist/foundation/donor.css + dist/index.html + dist/foundation/accepted-runtime.js,Source extraction; visual parity limited to assurance/PARITY_AND_LIMITATIONS.md,
css_classes,98,docintro,PRESERVE_AS_IS,"Original CSS/DOM/event grammar retained; component use is shared, not copied per surface",CEP_LIBRARY_EDITOR_EXECUTABLE_BLUEPRINT_v1.2.17_ACCEPTED_DESIGN_REFERENCE.html,ea66b58ef122bf2f8ca23fd0aa9e461b07da11ea7390c451902e4b1592d396fd,dist/foundation/donor.css + dist/index.html + dist/foundation/accepted-runtime.js,Source extraction; visual parity limited to assurance/PARITY_AND_LIMITATIONS.md,
css_classes,99,doclead,PRESERVE_AS_IS,"Original CSS/DOM/event grammar retained; component use is shared, not copied per surface",CEP_LIBRARY_EDITOR_EXECUTABLE_BLUEPRINT_v1.2.17_ACCEPTED_DESIGN_REFERENCE.html,ea66b58ef122bf2f8ca23fd0aa9e461b07da11ea7390c451902e4b1592d396fd,dist/foundation/donor.css + dist/index.html + dist/foundation/accepted-runtime.js,Source extraction; visual parity limited to assurance/PARITY_AND_LIMITATIONS.md,
css_classes,100,docmeta,PRESERVE_AS_IS,"Original CSS/DOM/event grammar retained; component use is shared, not copied per surface",CEP_LIBRARY_EDITOR_EXECUTABLE_BLUEPRINT_v1.2.17_ACCEPTED_DESIGN_REFERENCE.html,ea66b58ef122bf2f8ca23fd0aa9e461b07da11ea7390c451902e4b1592d396fd,dist/foundation/donor.css + dist/index.html + dist/foundation/accepted-runtime.js,Source extraction; visual parity limited to assurance/PARITY_AND_LIMITATIONS.md,
css_classes,101,docscroll,PRESERVE_AS_IS,"Original CSS/DOM/event grammar retained; component use is shared, not copied per surface",CEP_LIBRARY_EDITOR_EXECUTABLE_BLUEPRINT_v1.2.17_ACCEPTED_DESIGN_REFERENCE.html,ea66b58ef122bf2f8ca23fd0aa9e461b07da11ea7390c451902e4b1592d396fd,dist/foundation/donor.css + dist/index.html + dist/foundation/accepted-runtime.js,Source extraction; visual parity limited to assurance/PARITY_AND_LIMITATIONS.md,
css_classes,102,doctitle,PRESERVE_AS_IS,"Original CSS/DOM/event grammar retained; component use is shared, not copied per surface",CEP_LIBRARY_EDITOR_EXECUTABLE_BLUEPRINT_v1.2.17_ACCEPTED_DESIGN_REFERENCE.html,ea66b58ef122bf2f8ca23fd0aa9e461b07da11ea7390c451902e4b1592d396fd,dist/foundation/donor.css + dist/index.html + dist/foundation/accepted-runtime.js,Source extraction; visual parity limited to assurance/PARITY_AND_LIMITATIONS.md,
css_classes,103,document,PRESERVE_AS_IS,"Original CSS/DOM/event grammar retained; component use is shared, not copied per surface",CEP_LIBRARY_EDITOR_EXECUTABLE_BLUEPRINT_v1.2.17_ACCEPTED_DESIGN_REFERENCE.html,ea66b58ef122bf2f8ca23fd0aa9e461b07da11ea7390c451902e4b1592d396fd,dist/foundation/donor.css + dist/index.html + dist/foundation/accepted-runtime.js,Source extraction; visual parity limited to assurance/PARITY_AND_LIMITATIONS.md,
css_classes,104,dot,PRESERVE_AS_IS,"Original CSS/DOM/event grammar retained; component use is shared, not copied per surface",CEP_LIBRARY_EDITOR_EXECUTABLE_BLUEPRINT_v1.2.17_ACCEPTED_DESIGN_REFERENCE.html,ea66b58ef122bf2f8ca23fd0aa9e461b07da11ea7390c451902e4b1592d396fd,dist/foundation/donor.css + dist/index.html + dist/foundation/accepted-runtime.js,Source extraction; visual parity limited to assurance/PARITY_AND_LIMITATIONS.md,
css_classes,105,drop-preview,PRESERVE_AS_IS,"Original CSS/DOM/event grammar retained; component use is shared, not copied per surface",CEP_LIBRARY_EDITOR_EXECUTABLE_BLUEPRINT_v1.2.17_ACCEPTED_DESIGN_REFERENCE.html,ea66b58ef122bf2f8ca23fd0aa9e461b07da11ea7390c451902e4b1592d396fd,dist/foundation/donor.css + dist/index.html + dist/foundation/accepted-runtime.js,Source extraction; visual parity limited to assurance/PARITY_AND_LIMITATIONS.md,
css_classes,106,empty-tree,PRESERVE_AS_IS,"Original CSS/DOM/event grammar retained; component use is shared, not copied per surface",CEP_LIBRARY_EDITOR_EXECUTABLE_BLUEPRINT_v1.2.17_ACCEPTED_DESIGN_REFERENCE.html,ea66b58ef122bf2f8ca23fd0aa9e461b07da11ea7390c451902e4b1592d396fd,dist/foundation/donor.css + dist/index.html + dist/foundation/accepted-runtime.js,Source extraction; visual parity limited to assurance/PARITY_AND_LIMITATIONS.md,
css_classes,107,fieldlabel,PRESERVE_AS_IS,"Original CSS/DOM/event grammar retained; component use is shared, not copied per surface",CEP_LIBRARY_EDITOR_EXECUTABLE_BLUEPRINT_v1.2.17_ACCEPTED_DESIGN_REFERENCE.html,ea66b58ef122bf2f8ca23fd0aa9e461b07da11ea7390c451902e4b1592d396fd,dist/foundation/donor.css + dist/index.html + dist/foundation/accepted-runtime.js,Source extraction; visual parity limited to assurance/PARITY_AND_LIMITATIONS.md,
css_classes,108,fixture,PRESERVE_AS_IS,"Original CSS/DOM/event grammar retained; component use is shared, not copied per surface",CEP_LIBRARY_EDITOR_EXECUTABLE_BLUEPRINT_v1.2.17_ACCEPTED_DESIGN_REFERENCE.html,ea66b58ef122bf2f8ca23fd0aa9e461b07da11ea7390c451902e4b1592d396fd,dist/foundation/donor.css + dist/index.html + dist/foundation/accepted-runtime.js,Source extraction; visual parity limited to assurance/PARITY_AND_LIMITATIONS.md,
css_classes,109,fly-label,PRESERVE_AS_IS,"Original CSS/DOM/event grammar retained; component use is shared, not copied per surface",CEP_LIBRARY_EDITOR_EXECUTABLE_BLUEPRINT_v1.2.17_ACCEPTED_DESIGN_REFERENCE.html,ea66b58ef122bf2f8ca23fd0aa9e461b07da11ea7390c451902e4b1592d396fd,dist/foundation/donor.css + dist/index.html + dist/foundation/accepted-runtime.js,Source extraction; visual parity limited to assurance/PARITY_AND_LIMITATIONS.md,
css_classes,110,fly-section,PRESERVE_AS_IS,"Original CSS/DOM/event grammar retained; component use is shared, not copied per surface",CEP_LIBRARY_EDITOR_EXECUTABLE_BLUEPRINT_v1.2.17_ACCEPTED_DESIGN_REFERENCE.html,ea66b58ef122bf2f8ca23fd0aa9e461b07da11ea7390c451902e4b1592d396fd,dist/foundation/donor.css + dist/index.html + dist/foundation/accepted-runtime.js,Source extraction; visual parity limited to assurance/PARITY_AND_LIMITATIONS.md,
css_classes,111,flyout-sections,PRESERVE_AS_IS,"Original CSS/DOM/event grammar retained; component use is shared, not copied per surface",CEP_LIBRARY_EDITOR_EXECUTABLE_BLUEPRINT_v1.2.17_ACCEPTED_DESIGN_REFERENCE.html,ea66b58ef122bf2f8ca23fd0aa9e461b07da11ea7390c451902e4b1592d396fd,dist/foundation/donor.css + dist/index.html + dist/foundation/accepted-runtime.js,Source extraction; visual parity limited to assurance/PARITY_AND_LIMITATIONS.md,
css_classes,112,flytitle,PRESERVE_AS_IS,"Original CSS/DOM/event grammar retained; component use is shared, not copied per surface",CEP_LIBRARY_EDITOR_EXECUTABLE_BLUEPRINT_v1.2.17_ACCEPTED_DESIGN_REFERENCE.html,ea66b58ef122bf2f8ca23fd0aa9e461b07da11ea7390c451902e4b1592d396fd,dist/foundation/donor.css + dist/index.html + dist/foundation/accepted-runtime.js,Source extraction; visual parity limited to assurance/PARITY_AND_LIMITATIONS.md,
css_classes,113,focus-pref-buttons,PRESERVE_AS_IS,"Original CSS/DOM/event grammar retained; component use is shared, not copied per surface",CEP_LIBRARY_EDITOR_EXECUTABLE_BLUEPRINT_v1.2.17_ACCEPTED_DESIGN_REFERENCE.html,ea66b58ef122bf2f8ca23fd0aa9e461b07da11ea7390c451902e4b1592d396fd,dist/foundation/donor.css + dist/index.html + dist/foundation/accepted-runtime.js,Source extraction; visual parity limited to assurance/PARITY_AND_LIMITATIONS.md,
css_classes,114,focusflag,PRESERVE_AS_IS,"Original CSS/DOM/event grammar retained; component use is shared, not copied per surface",CEP_LIBRARY_EDITOR_EXECUTABLE_BLUEPRINT_v1.2.17_ACCEPTED_DESIGN_REFERENCE.html,ea66b58ef122bf2f8ca23fd0aa9e461b07da11ea7390c451902e4b1592d396fd,dist/foundation/donor.css + dist/index.html + dist/foundation/accepted-runtime.js,Source extraction; visual parity limited to assurance/PARITY_AND_LIMITATIONS.md,
css_classes,115,focusrow,PRESERVE_AS_IS,"Original CSS/DOM/event grammar retained; component use is shared, not copied per surface",CEP_LIBRARY_EDITOR_EXECUTABLE_BLUEPRINT_v1.2.17_ACCEPTED_DESIGN_REFERENCE.html,ea66b58ef122bf2f8ca23fd0aa9e461b07da11ea7390c451902e4b1592d396fd,dist/foundation/donor.css + dist/index.html + dist/foundation/accepted-runtime.js,Source extraction; visual parity limited to assurance/PARITY_AND_LIMITATIONS.md,
css_classes,116,frame,PRESERVE_AS_IS,"Original CSS/DOM/event grammar retained; component use is shared, not copied per surface",CEP_LIBRARY_EDITOR_EXECUTABLE_BLUEPRINT_v1.2.17_ACCEPTED_DESIGN_REFERENCE.html,ea66b58ef122bf2f8ca23fd0aa9e461b07da11ea7390c451902e4b1592d396fd,dist/foundation/donor.css + dist/index.html + dist/foundation/accepted-runtime.js,Source extraction; visual parity limited to assurance/PARITY_AND_LIMITATIONS.md,
css_classes,117,gapplus,PRESERVE_AS_IS,"Original CSS/DOM/event grammar retained; component use is shared, not copied per surface",CEP_LIBRARY_EDITOR_EXECUTABLE_BLUEPRINT_v1.2.17_ACCEPTED_DESIGN_REFERENCE.html,ea66b58ef122bf2f8ca23fd0aa9e461b07da11ea7390c451902e4b1592d396fd,dist/foundation/donor.css + dist/index.html + dist/foundation/accepted-runtime.js,Source extraction; visual parity limited to assurance/PARITY_AND_LIMITATIONS.md,
css_classes,118,gaprail,PRESERVE_AS_IS,"Original CSS/DOM/event grammar retained; component use is shared, not copied per surface",CEP_LIBRARY_EDITOR_EXECUTABLE_BLUEPRINT_v1.2.17_ACCEPTED_DESIGN_REFERENCE.html,ea66b58ef122bf2f8ca23fd0aa9e461b07da11ea7390c451902e4b1592d396fd,dist/foundation/donor.css + dist/index.html + dist/foundation/accepted-runtime.js,Source extraction; visual parity limited to assurance/PARITY_AND_LIMITATIONS.md,
css_classes,119,global,PRESERVE_AS_IS,"Original CSS/DOM/event grammar retained; component use is shared, not copied per surface",CEP_LIBRARY_EDITOR_EXECUTABLE_BLUEPRINT_v1.2.17_ACCEPTED_DESIGN_REFERENCE.html,ea66b58ef122bf2f8ca23fd0aa9e461b07da11ea7390c451902e4b1592d396fd,dist/foundation/donor.css + dist/index.html + dist/foundation/accepted-runtime.js,Source extraction; visual parity limited to assurance/PARITY_AND_LIMITATIONS.md,
css_classes,120,global-nav-list,PRESERVE_AS_IS,"Original CSS/DOM/event grammar retained; component use is shared, not copied per surface",CEP_LIBRARY_EDITOR_EXECUTABLE_BLUEPRINT_v1.2.17_ACCEPTED_DESIGN_REFERENCE.html,ea66b58ef122bf2f8ca23fd0aa9e461b07da11ea7390c451902e4b1592d396fd,dist/foundation/donor.css + dist/index.html + dist/foundation/accepted-runtime.js,Source extraction; visual parity limited to assurance/PARITY_AND_LIMITATIONS.md,
css_classes,121,global-theme-button,PRESERVE_AS_IS,"Original CSS/DOM/event grammar retained; component use is shared, not copied per surface",CEP_LIBRARY_EDITOR_EXECUTABLE_BLUEPRINT_v1.2.17_ACCEPTED_DESIGN_REFERENCE.html,ea66b58ef122bf2f8ca23fd0aa9e461b07da11ea7390c451902e4b1592d396fd,dist/foundation/donor.css + dist/index.html + dist/foundation/accepted-runtime.js,Source extraction; visual parity limited to assurance/PARITY_AND_LIMITATIONS.md,
css_classes,122,gnav,PRESERVE_AS_IS,"Original CSS/DOM/event grammar retained; component use is shared, not copied per surface",CEP_LIBRARY_EDITOR_EXECUTABLE_BLUEPRINT_v1.2.17_ACCEPTED_DESIGN_REFERENCE.html,ea66b58ef122bf2f8ca23fd0aa9e461b07da11ea7390c451902e4b1592d396fd,dist/foundation/donor.css + dist/index.html + dist/foundation/accepted-runtime.js,Source extraction; visual parity limited to assurance/PARITY_AND_LIMITATIONS.md,
css_classes,123,groupChev,PRESERVE_AS_IS,"Original CSS/DOM/event grammar retained; component use is shared, not copied per surface",CEP_LIBRARY_EDITOR_EXECUTABLE_BLUEPRINT_v1.2.17_ACCEPTED_DESIGN_REFERENCE.html,ea66b58ef122bf2f8ca23fd0aa9e461b07da11ea7390c451902e4b1592d396fd,dist/foundation/donor.css + dist/index.html + dist/foundation/accepted-runtime.js,Source extraction; visual parity limited to assurance/PARITY_AND_LIMITATIONS.md,
css_classes,124,groupCount,PRESERVE_AS_IS,"Original CSS/DOM/event grammar retained; component use is shared, not copied per surface",CEP_LIBRARY_EDITOR_EXECUTABLE_BLUEPRINT_v1.2.17_ACCEPTED_DESIGN_REFERENCE.html,ea66b58ef122bf2f8ca23fd0aa9e461b07da11ea7390c451902e4b1592d396fd,dist/foundation/donor.css + dist/index.html + dist/foundation/accepted-runtime.js,Source extraction; visual parity limited to assurance/PARITY_AND_LIMITATIONS.md,
css_classes,125,groupHint,PRESERVE_AS_IS,"Original CSS/DOM/event grammar retained; component use is shared, not copied per surface",CEP_LIBRARY_EDITOR_EXECUTABLE_BLUEPRINT_v1.2.17_ACCEPTED_DESIGN_REFERENCE.html,ea66b58ef122bf2f8ca23fd0aa9e461b07da11ea7390c451902e4b1592d396fd,dist/foundation/donor.css + dist/index.html + dist/foundation/accepted-runtime.js,Source extraction; visual parity limited to assurance/PARITY_AND_LIMITATIONS.md,
css_classes,126,groupIndex,PRESERVE_AS_IS,"Original CSS/DOM/event grammar retained; component use is shared, not copied per surface",CEP_LIBRARY_EDITOR_EXECUTABLE_BLUEPRINT_v1.2.17_ACCEPTED_DESIGN_REFERENCE.html,ea66b58ef122bf2f8ca23fd0aa9e461b07da11ea7390c451902e4b1592d396fd,dist/foundation/donor.css + dist/index.html + dist/foundation/accepted-runtime.js,Source extraction; visual parity limited to assurance/PARITY_AND_LIMITATIONS.md,
css_classes,127,groupMeta,PRESERVE_AS_IS,"Original CSS/DOM/event grammar retained; component use is shared, not copied per surface",CEP_LIBRARY_EDITOR_EXECUTABLE_BLUEPRINT_v1.2.17_ACCEPTED_DESIGN_REFERENCE.html,ea66b58ef122bf2f8ca23fd0aa9e461b07da11ea7390c451902e4b1592d396fd,dist/foundation/donor.css + dist/index.html + dist/foundation/accepted-runtime.js,Source extraction; visual parity limited to assurance/PARITY_AND_LIMITATIONS.md,
css_classes,128,groupTitle,PRESERVE_AS_IS,"Original CSS/DOM/event grammar retained; component use is shared, not copied per surface",CEP_LIBRARY_EDITOR_EXECUTABLE_BLUEPRINT_v1.2.17_ACCEPTED_DESIGN_REFERENCE.html,ea66b58ef122bf2f8ca23fd0aa9e461b07da11ea7390c451902e4b1592d396fd,dist/foundation/donor.css + dist/index.html + dist/foundation/accepted-runtime.js,Source extraction; visual parity limited to assurance/PARITY_AND_LIMITATIONS.md,
css_classes,129,grow,PRESERVE_AS_IS,"Original CSS/DOM/event grammar retained; component use is shared, not copied per surface",CEP_LIBRARY_EDITOR_EXECUTABLE_BLUEPRINT_v1.2.17_ACCEPTED_DESIGN_REFERENCE.html,ea66b58ef122bf2f8ca23fd0aa9e461b07da11ea7390c451902e4b1592d396fd,dist/foundation/donor.css + dist/index.html + dist/foundation/accepted-runtime.js,Source extraction; visual parity limited to assurance/PARITY_AND_LIMITATIONS.md,
css_classes,130,gsearch,PRESERVE_AS_IS,"Original CSS/DOM/event grammar retained; component use is shared, not copied per surface",CEP_LIBRARY_EDITOR_EXECUTABLE_BLUEPRINT_v1.2.17_ACCEPTED_DESIGN_REFERENCE.html,ea66b58ef122bf2f8ca23fd0aa9e461b07da11ea7390c451902e4b1592d396fd,dist/foundation/donor.css + dist/index.html + dist/foundation/accepted-runtime.js,Source extraction; visual parity limited to assurance/PARITY_AND_LIMITATIONS.md,
css_classes,131,gtools,PRESERVE_AS_IS,"Original CSS/DOM/event grammar retained; component use is shared, not copied per surface",CEP_LIBRARY_EDITOR_EXECUTABLE_BLUEPRINT_v1.2.17_ACCEPTED_DESIGN_REFERENCE.html,ea66b58ef122bf2f8ca23fd0aa9e461b07da11ea7390c451902e4b1592d396fd,dist/foundation/donor.css + dist/index.html + dist/foundation/accepted-runtime.js,Source extraction; visual parity limited to assurance/PARITY_AND_LIMITATIONS.md,
css_classes,132,handlecol,PRESERVE_AS_IS,"Original CSS/DOM/event grammar retained; component use is shared, not copied per surface",CEP_LIBRARY_EDITOR_EXECUTABLE_BLUEPRINT_v1.2.17_ACCEPTED_DESIGN_REFERENCE.html,ea66b58ef122bf2f8ca23fd0aa9e461b07da11ea7390c451902e4b1592d396fd,dist/foundation/donor.css + dist/index.html + dist/foundation/accepted-runtime.js,Source extraction; visual parity limited to assurance/PARITY_AND_LIMITATIONS.md,
css_classes,133,highlight-a,PRESERVE_AS_IS,"Original CSS/DOM/event grammar retained; component use is shared, not copied per surface",CEP_LIBRARY_EDITOR_EXECUTABLE_BLUEPRINT_v1.2.17_ACCEPTED_DESIGN_REFERENCE.html,ea66b58ef122bf2f8ca23fd0aa9e461b07da11ea7390c451902e4b1592d396fd,dist/foundation/donor.css + dist/index.html + dist/foundation/accepted-runtime.js,Source extraction; visual parity limited to assurance/PARITY_AND_LIMITATIONS.md,
css_classes,134,highlight-control,PRESERVE_AS_IS,"Original CSS/DOM/event grammar retained; component use is shared, not copied per surface",CEP_LIBRARY_EDITOR_EXECUTABLE_BLUEPRINT_v1.2.17_ACCEPTED_DESIGN_REFERENCE.html,ea66b58ef122bf2f8ca23fd0aa9e461b07da11ea7390c451902e4b1592d396fd,dist/foundation/donor.css + dist/index.html + dist/foundation/accepted-runtime.js,Source extraction; visual parity limited to assurance/PARITY_AND_LIMITATIONS.md,
css_classes,135,ico,PRESERVE_AS_IS,"Original CSS/DOM/event grammar retained; component use is shared, not copied per surface",CEP_LIBRARY_EDITOR_EXECUTABLE_BLUEPRINT_v1.2.17_ACCEPTED_DESIGN_REFERENCE.html,ea66b58ef122bf2f8ca23fd0aa9e461b07da11ea7390c451902e4b1592d396fd,dist/foundation/donor.css + dist/index.html + dist/foundation/accepted-runtime.js,Source extraction; visual parity limited to assurance/PARITY_AND_LIMITATIONS.md,
css_classes,136,icon,PRESERVE_AS_IS,"Original CSS/DOM/event grammar retained; component use is shared, not copied per surface",CEP_LIBRARY_EDITOR_EXECUTABLE_BLUEPRINT_v1.2.17_ACCEPTED_DESIGN_REFERENCE.html,ea66b58ef122bf2f8ca23fd0aa9e461b07da11ea7390c451902e4b1592d396fd,dist/foundation/donor.css + dist/index.html + dist/foundation/accepted-runtime.js,Source extraction; visual parity limited to assurance/PARITY_AND_LIMITATIONS.md,
css_classes,137,iconbtn,PRESERVE_AS_IS,"Original CSS/DOM/event grammar retained; component use is shared, not copied per surface",CEP_LIBRARY_EDITOR_EXECUTABLE_BLUEPRINT_v1.2.17_ACCEPTED_DESIGN_REFERENCE.html,ea66b58ef122bf2f8ca23fd0aa9e461b07da11ea7390c451902e4b1592d396fd,dist/foundation/donor.css + dist/index.html + dist/foundation/accepted-runtime.js,Source extraction; visual parity limited to assurance/PARITY_AND_LIMITATIONS.md,
css_classes,138,icononly,PRESERVE_AS_IS,"Original CSS/DOM/event grammar retained; component use is shared, not copied per surface",CEP_LIBRARY_EDITOR_EXECUTABLE_BLUEPRINT_v1.2.17_ACCEPTED_DESIGN_REFERENCE.html,ea66b58ef122bf2f8ca23fd0aa9e461b07da11ea7390c451902e4b1592d396fd,dist/foundation/donor.css + dist/index.html + dist/foundation/accepted-runtime.js,Source extraction; visual parity limited to assurance/PARITY_AND_LIMITATIONS.md,
css_classes,139,id,PRESERVE_AS_IS,"Original CSS/DOM/event grammar retained; component use is shared, not copied per surface",CEP_LIBRARY_EDITOR_EXECUTABLE_BLUEPRINT_v1.2.17_ACCEPTED_DESIGN_REFERENCE.html,ea66b58ef122bf2f8ca23fd0aa9e461b07da11ea7390c451902e4b1592d396fd,dist/foundation/donor.css + dist/index.html + dist/foundation/accepted-runtime.js,Source extraction; visual parity limited to assurance/PARITY_AND_LIMITATIONS.md,
css_classes,140,identity,PRESERVE_AS_IS,"Original CSS/DOM/event grammar retained; component use is shared, not copied per surface",CEP_LIBRARY_EDITOR_EXECUTABLE_BLUEPRINT_v1.2.17_ACCEPTED_DESIGN_REFERENCE.html,ea66b58ef122bf2f8ca23fd0aa9e461b07da11ea7390c451902e4b1592d396fd,dist/foundation/donor.css + dist/index.html + dist/foundation/accepted-runtime.js,Source extraction; visual parity limited to assurance/PARITY_AND_LIMITATIONS.md,
css_classes,141,identitychip,PRESERVE_AS_IS,"Original CSS/DOM/event grammar retained; component use is shared, not copied per surface",CEP_LIBRARY_EDITOR_EXECUTABLE_BLUEPRINT_v1.2.17_ACCEPTED_DESIGN_REFERENCE.html,ea66b58ef122bf2f8ca23fd0aa9e461b07da11ea7390c451902e4b1592d396fd,dist/foundation/donor.css + dist/index.html + dist/foundation/accepted-runtime.js,Source extraction; visual parity limited to assurance/PARITY_AND_LIMITATIONS.md,
css_classes,142,impact,PRESERVE_AS_IS,"Original CSS/DOM/event grammar retained; component use is shared, not copied per surface",CEP_LIBRARY_EDITOR_EXECUTABLE_BLUEPRINT_v1.2.17_ACCEPTED_DESIGN_REFERENCE.html,ea66b58ef122bf2f8ca23fd0aa9e461b07da11ea7390c451902e4b1592d396fd,dist/foundation/donor.css + dist/index.html + dist/foundation/accepted-runtime.js,Source extraction; visual parity limited to assurance/PARITY_AND_LIMITATIONS.md,
css_classes,143,inline-code,PRESERVE_AS_IS,"Original CSS/DOM/event grammar retained; component use is shared, not copied per surface",CEP_LIBRARY_EDITOR_EXECUTABLE_BLUEPRINT_v1.2.17_ACCEPTED_DESIGN_REFERENCE.html,ea66b58ef122bf2f8ca23fd0aa9e461b07da11ea7390c451902e4b1592d396fd,dist/foundation/donor.css + dist/index.html + dist/foundation/accepted-runtime.js,Source extraction; visual parity limited to assurance/PARITY_AND_LIMITATIONS.md,
css_classes,144,insert-empty,PRESERVE_AS_IS,"Original CSS/DOM/event grammar retained; component use is shared, not copied per surface",CEP_LIBRARY_EDITOR_EXECUTABLE_BLUEPRINT_v1.2.17_ACCEPTED_DESIGN_REFERENCE.html,ea66b58ef122bf2f8ca23fd0aa9e461b07da11ea7390c451902e4b1592d396fd,dist/foundation/donor.css + dist/index.html + dist/foundation/accepted-runtime.js,Source extraction; visual parity limited to assurance/PARITY_AND_LIMITATIONS.md,
css_classes,145,insertcontext,PRESERVE_AS_IS,"Original CSS/DOM/event grammar retained; component use is shared, not copied per surface",CEP_LIBRARY_EDITOR_EXECUTABLE_BLUEPRINT_v1.2.17_ACCEPTED_DESIGN_REFERENCE.html,ea66b58ef122bf2f8ca23fd0aa9e461b07da11ea7390c451902e4b1592d396fd,dist/foundation/donor.css + dist/index.html + dist/foundation/accepted-runtime.js,Source extraction; visual parity limited to assurance/PARITY_AND_LIMITATIONS.md,
css_classes,146,insertdesc,PRESERVE_AS_IS,"Original CSS/DOM/event grammar retained; component use is shared, not copied per surface",CEP_LIBRARY_EDITOR_EXECUTABLE_BLUEPRINT_v1.2.17_ACCEPTED_DESIGN_REFERENCE.html,ea66b58ef122bf2f8ca23fd0aa9e461b07da11ea7390c451902e4b1592d396fd,dist/foundation/donor.css + dist/index.html + dist/foundation/accepted-runtime.js,Source extraction; visual parity limited to assurance/PARITY_AND_LIMITATIONS.md,
css_classes,147,insertgrid,PRESERVE_AS_IS,"Original CSS/DOM/event grammar retained; component use is shared, not copied per surface",CEP_LIBRARY_EDITOR_EXECUTABLE_BLUEPRINT_v1.2.17_ACCEPTED_DESIGN_REFERENCE.html,ea66b58ef122bf2f8ca23fd0aa9e461b07da11ea7390c451902e4b1592d396fd,dist/foundation/donor.css + dist/index.html + dist/foundation/accepted-runtime.js,Source extraction; visual parity limited to assurance/PARITY_AND_LIMITATIONS.md,
css_classes,148,inserthead,PRESERVE_AS_IS,"Original CSS/DOM/event grammar retained; component use is shared, not copied per surface",CEP_LIBRARY_EDITOR_EXECUTABLE_BLUEPRINT_v1.2.17_ACCEPTED_DESIGN_REFERENCE.html,ea66b58ef122bf2f8ca23fd0aa9e461b07da11ea7390c451902e4b1592d396fd,dist/foundation/donor.css + dist/index.html + dist/foundation/accepted-runtime.js,Source extraction; visual parity limited to assurance/PARITY_AND_LIMITATIONS.md,
css_classes,149,insertico,PRESERVE_AS_IS,"Original CSS/DOM/event grammar retained; component use is shared, not copied per surface",CEP_LIBRARY_EDITOR_EXECUTABLE_BLUEPRINT_v1.2.17_ACCEPTED_DESIGN_REFERENCE.html,ea66b58ef122bf2f8ca23fd0aa9e461b07da11ea7390c451902e4b1592d396fd,dist/foundation/donor.css + dist/index.html + dist/foundation/accepted-runtime.js,Source extraction; visual parity limited to assurance/PARITY_AND_LIMITATIONS.md,
css_classes,150,insertmeta,PRESERVE_AS_IS,"Original CSS/DOM/event grammar retained; component use is shared, not copied per surface",CEP_LIBRARY_EDITOR_EXECUTABLE_BLUEPRINT_v1.2.17_ACCEPTED_DESIGN_REFERENCE.html,ea66b58ef122bf2f8ca23fd0aa9e461b07da11ea7390c451902e4b1592d396fd,dist/foundation/donor.css + dist/index.html + dist/foundation/accepted-runtime.js,Source extraction; visual parity limited to assurance/PARITY_AND_LIMITATIONS.md,
css_classes,151,insertpal,PRESERVE_AS_IS,"Original CSS/DOM/event grammar retained; component use is shared, not copied per surface",CEP_LIBRARY_EDITOR_EXECUTABLE_BLUEPRINT_v1.2.17_ACCEPTED_DESIGN_REFERENCE.html,ea66b58ef122bf2f8ca23fd0aa9e461b07da11ea7390c451902e4b1592d396fd,dist/foundation/donor.css + dist/index.html + dist/foundation/accepted-runtime.js,Source extraction; visual parity limited to assurance/PARITY_AND_LIMITATIONS.md,
css_classes,152,insertscope,PRESERVE_AS_IS,"Original CSS/DOM/event grammar retained; component use is shared, not copied per surface",CEP_LIBRARY_EDITOR_EXECUTABLE_BLUEPRINT_v1.2.17_ACCEPTED_DESIGN_REFERENCE.html,ea66b58ef122bf2f8ca23fd0aa9e461b07da11ea7390c451902e4b1592d396fd,dist/foundation/donor.css + dist/index.html + dist/foundation/accepted-runtime.js,Source extraction; visual parity limited to assurance/PARITY_AND_LIMITATIONS.md,
css_classes,153,inspector-scroll,PRESERVE_AS_IS,"Original CSS/DOM/event grammar retained; component use is shared, not copied per surface",CEP_LIBRARY_EDITOR_EXECUTABLE_BLUEPRINT_v1.2.17_ACCEPTED_DESIGN_REFERENCE.html,ea66b58ef122bf2f8ca23fd0aa9e461b07da11ea7390c451902e4b1592d396fd,dist/foundation/donor.css + dist/index.html + dist/foundation/accepted-runtime.js,Source extraction; visual parity limited to assurance/PARITY_AND_LIMITATIONS.md,
css_classes,154,inspector-section,PRESERVE_AS_IS,"Original CSS/DOM/event grammar retained; component use is shared, not copied per surface",CEP_LIBRARY_EDITOR_EXECUTABLE_BLUEPRINT_v1.2.17_ACCEPTED_DESIGN_REFERENCE.html,ea66b58ef122bf2f8ca23fd0aa9e461b07da11ea7390c451902e4b1592d396fd,dist/foundation/donor.css + dist/index.html + dist/foundation/accepted-runtime.js,Source extraction; visual parity limited to assurance/PARITY_AND_LIMITATIONS.md,
css_classes,155,k,PRESERVE_AS_IS,"Original CSS/DOM/event grammar retained; component use is shared, not copied per surface",CEP_LIBRARY_EDITOR_EXECUTABLE_BLUEPRINT_v1.2.17_ACCEPTED_DESIGN_REFERENCE.html,ea66b58ef122bf2f8ca23fd0aa9e461b07da11ea7390c451902e4b1592d396fd,dist/foundation/donor.css + dist/index.html + dist/foundation/accepted-runtime.js,Source extraction; visual parity limited to assurance/PARITY_AND_LIMITATIONS.md,
css_classes,156,kbd,PRESERVE_AS_IS,"Original CSS/DOM/event grammar retained; component use is shared, not copied per surface",CEP_LIBRARY_EDITOR_EXECUTABLE_BLUEPRINT_v1.2.17_ACCEPTED_DESIGN_REFERENCE.html,ea66b58ef122bf2f8ca23fd0aa9e461b07da11ea7390c451902e4b1592d396fd,dist/foundation/donor.css + dist/index.html + dist/foundation/accepted-runtime.js,Source extraction; visual parity limited to assurance/PARITY_AND_LIMITATIONS.md,
css_classes,157,lab-card,PRESERVE_AS_IS,"Original CSS/DOM/event grammar retained; component use is shared, not copied per surface",CEP_LIBRARY_EDITOR_EXECUTABLE_BLUEPRINT_v1.2.17_ACCEPTED_DESIGN_REFERENCE.html,ea66b58ef122bf2f8ca23fd0aa9e461b07da11ea7390c451902e4b1592d396fd,dist/foundation/donor.css + dist/index.html + dist/foundation/accepted-runtime.js,Source extraction; visual parity limited to assurance/PARITY_AND_LIMITATIONS.md,
css_classes,158,labbuttons,PRESERVE_AS_IS,"Original CSS/DOM/event grammar retained; component use is shared, not copied per surface",CEP_LIBRARY_EDITOR_EXECUTABLE_BLUEPRINT_v1.2.17_ACCEPTED_DESIGN_REFERENCE.html,ea66b58ef122bf2f8ca23fd0aa9e461b07da11ea7390c451902e4b1592d396fd,dist/foundation/donor.css + dist/index.html + dist/foundation/accepted-runtime.js,Source extraction; visual parity limited to assurance/PARITY_AND_LIMITATIONS.md,
css_classes,159,label,PRESERVE_AS_IS,"Original CSS/DOM/event grammar retained; component use is shared, not copied per surface",CEP_LIBRARY_EDITOR_EXECUTABLE_BLUEPRINT_v1.2.17_ACCEPTED_DESIGN_REFERENCE.html,ea66b58ef122bf2f8ca23fd0aa9e461b07da11ea7390c451902e4b1592d396fd,dist/foundation/donor.css + dist/index.html + dist/foundation/accepted-runtime.js,Source extraction; visual parity limited to assurance/PARITY_AND_LIMITATIONS.md,
css_classes,160,labgroup,PRESERVE_AS_IS,"Original CSS/DOM/event grammar retained; component use is shared, not copied per surface",CEP_LIBRARY_EDITOR_EXECUTABLE_BLUEPRINT_v1.2.17_ACCEPTED_DESIGN_REFERENCE.html,ea66b58ef122bf2f8ca23fd0aa9e461b07da11ea7390c451902e4b1592d396fd,dist/foundation/donor.css + dist/index.html + dist/foundation/accepted-runtime.js,Source extraction; visual parity limited to assurance/PARITY_AND_LIMITATIONS.md,
css_classes,161,labnote,PRESERVE_AS_IS,"Original CSS/DOM/event grammar retained; component use is shared, not copied per surface",CEP_LIBRARY_EDITOR_EXECUTABLE_BLUEPRINT_v1.2.17_ACCEPTED_DESIGN_REFERENCE.html,ea66b58ef122bf2f8ca23fd0aa9e461b07da11ea7390c451902e4b1592d396fd,dist/foundation/donor.css + dist/index.html + dist/foundation/accepted-runtime.js,Source extraction; visual parity limited to assurance/PARITY_AND_LIMITATIONS.md,
css_classes,162,labtitle,PRESERVE_AS_IS,"Original CSS/DOM/event grammar retained; component use is shared, not copied per surface",CEP_LIBRARY_EDITOR_EXECUTABLE_BLUEPRINT_v1.2.17_ACCEPTED_DESIGN_REFERENCE.html,ea66b58ef122bf2f8ca23fd0aa9e461b07da11ea7390c451902e4b1592d396fd,dist/foundation/donor.css + dist/index.html + dist/foundation/accepted-runtime.js,Source extraction; visual parity limited to assurance/PARITY_AND_LIMITATIONS.md,
css_classes,163,lbl,PRESERVE_AS_IS,"Original CSS/DOM/event grammar retained; component use is shared, not copied per surface",CEP_LIBRARY_EDITOR_EXECUTABLE_BLUEPRINT_v1.2.17_ACCEPTED_DESIGN_REFERENCE.html,ea66b58ef122bf2f8ca23fd0aa9e461b07da11ea7390c451902e4b1592d396fd,dist/foundation/donor.css + dist/index.html + dist/foundation/accepted-runtime.js,Source extraction; visual parity limited to assurance/PARITY_AND_LIMITATIONS.md,
css_classes,164,left,PRESERVE_AS_IS,"Original CSS/DOM/event grammar retained; component use is shared, not copied per surface",CEP_LIBRARY_EDITOR_EXECUTABLE_BLUEPRINT_v1.2.17_ACCEPTED_DESIGN_REFERENCE.html,ea66b58ef122bf2f8ca23fd0aa9e461b07da11ea7390c451902e4b1592d396fd,dist/foundation/donor.css + dist/index.html + dist/foundation/accepted-runtime.js,Source extraction; visual parity limited to assurance/PARITY_AND_LIMITATIONS.md,
css_classes,165,left-footer,PRESERVE_AS_IS,"Original CSS/DOM/event grammar retained; component use is shared, not copied per surface",CEP_LIBRARY_EDITOR_EXECUTABLE_BLUEPRINT_v1.2.17_ACCEPTED_DESIGN_REFERENCE.html,ea66b58ef122bf2f8ca23fd0aa9e461b07da11ea7390c451902e4b1592d396fd,dist/foundation/donor.css + dist/index.html + dist/foundation/accepted-runtime.js,Source extraction; visual parity limited to assurance/PARITY_AND_LIMITATIONS.md,
css_classes,166,left-search-row,PRESERVE_AS_IS,"Original CSS/DOM/event grammar retained; component use is shared, not copied per surface",CEP_LIBRARY_EDITOR_EXECUTABLE_BLUEPRINT_v1.2.17_ACCEPTED_DESIGN_REFERENCE.html,ea66b58ef122bf2f8ca23fd0aa9e461b07da11ea7390c451902e4b1592d396fd,dist/foundation/donor.css + dist/index.html + dist/foundation/accepted-runtime.js,Source extraction; visual parity limited to assurance/PARITY_AND_LIMITATIONS.md,
css_classes,167,lenslabel,PRESERVE_AS_IS,"Original CSS/DOM/event grammar retained; component use is shared, not copied per surface",CEP_LIBRARY_EDITOR_EXECUTABLE_BLUEPRINT_v1.2.17_ACCEPTED_DESIGN_REFERENCE.html,ea66b58ef122bf2f8ca23fd0aa9e461b07da11ea7390c451902e4b1592d396fd,dist/foundation/donor.css + dist/index.html + dist/foundation/accepted-runtime.js,Source extraction; visual parity limited to assurance/PARITY_AND_LIMITATIONS.md,
css_classes,168,lenssubject,PRESERVE_AS_IS,"Original CSS/DOM/event grammar retained; component use is shared, not copied per surface",CEP_LIBRARY_EDITOR_EXECUTABLE_BLUEPRINT_v1.2.17_ACCEPTED_DESIGN_REFERENCE.html,ea66b58ef122bf2f8ca23fd0aa9e461b07da11ea7390c451902e4b1592d396fd,dist/foundation/donor.css + dist/index.html + dist/foundation/accepted-runtime.js,Source extraction; visual parity limited to assurance/PARITY_AND_LIMITATIONS.md,
css_classes,169,library-current-actions,PRESERVE_AS_IS,"Original CSS/DOM/event grammar retained; component use is shared, not copied per surface",CEP_LIBRARY_EDITOR_EXECUTABLE_BLUEPRINT_v1.2.17_ACCEPTED_DESIGN_REFERENCE.html,ea66b58ef122bf2f8ca23fd0aa9e461b07da11ea7390c451902e4b1592d396fd,dist/foundation/donor.css + dist/index.html + dist/foundation/accepted-runtime.js,Source extraction; visual parity limited to assurance/PARITY_AND_LIMITATIONS.md,
css_classes,170,library-filter-row,PRESERVE_AS_IS,"Original CSS/DOM/event grammar retained; component use is shared, not copied per surface",CEP_LIBRARY_EDITOR_EXECUTABLE_BLUEPRINT_v1.2.17_ACCEPTED_DESIGN_REFERENCE.html,ea66b58ef122bf2f8ca23fd0aa9e461b07da11ea7390c451902e4b1592d396fd,dist/foundation/donor.css + dist/index.html + dist/foundation/accepted-runtime.js,Source extraction; visual parity limited to assurance/PARITY_AND_LIMITATIONS.md,
css_classes,171,library-footer,PRESERVE_AS_IS,"Original CSS/DOM/event grammar retained; component use is shared, not copied per surface",CEP_LIBRARY_EDITOR_EXECUTABLE_BLUEPRINT_v1.2.17_ACCEPTED_DESIGN_REFERENCE.html,ea66b58ef122bf2f8ca23fd0aa9e461b07da11ea7390c451902e4b1592d396fd,dist/foundation/donor.css + dist/index.html + dist/foundation/accepted-runtime.js,Source extraction; visual parity limited to assurance/PARITY_AND_LIMITATIONS.md,
css_classes,172,library-result-state,PRESERVE_AS_IS,"Original CSS/DOM/event grammar retained; component use is shared, not copied per surface",CEP_LIBRARY_EDITOR_EXECUTABLE_BLUEPRINT_v1.2.17_ACCEPTED_DESIGN_REFERENCE.html,ea66b58ef122bf2f8ca23fd0aa9e461b07da11ea7390c451902e4b1592d396fd,dist/foundation/donor.css + dist/index.html + dist/foundation/accepted-runtime.js,Source extraction; visual parity limited to assurance/PARITY_AND_LIMITATIONS.md,
css_classes,173,library-search,PRESERVE_AS_IS,"Original CSS/DOM/event grammar retained; component use is shared, not copied per surface",CEP_LIBRARY_EDITOR_EXECUTABLE_BLUEPRINT_v1.2.17_ACCEPTED_DESIGN_REFERENCE.html,ea66b58ef122bf2f8ca23fd0aa9e461b07da11ea7390c451902e4b1592d396fd,dist/foundation/donor.css + dist/index.html + dist/foundation/accepted-runtime.js,Source extraction; visual parity limited to assurance/PARITY_AND_LIMITATIONS.md,
css_classes,174,library-searchbox,PRESERVE_AS_IS,"Original CSS/DOM/event grammar retained; component use is shared, not copied per surface",CEP_LIBRARY_EDITOR_EXECUTABLE_BLUEPRINT_v1.2.17_ACCEPTED_DESIGN_REFERENCE.html,ea66b58ef122bf2f8ca23fd0aa9e461b07da11ea7390c451902e4b1592d396fd,dist/foundation/donor.css + dist/index.html + dist/foundation/accepted-runtime.js,Source extraction; visual parity limited to assurance/PARITY_AND_LIMITATIONS.md,
css_classes,175,library-smartviews,PRESERVE_AS_IS,"Original CSS/DOM/event grammar retained; component use is shared, not copied per surface",CEP_LIBRARY_EDITOR_EXECUTABLE_BLUEPRINT_v1.2.17_ACCEPTED_DESIGN_REFERENCE.html,ea66b58ef122bf2f8ca23fd0aa9e461b07da11ea7390c451902e4b1592d396fd,dist/foundation/donor.css + dist/index.html + dist/foundation/accepted-runtime.js,Source extraction; visual parity limited to assurance/PARITY_AND_LIMITATIONS.md,
css_classes,176,live,PRESERVE_AS_IS,"Original CSS/DOM/event grammar retained; component use is shared, not copied per surface",CEP_LIBRARY_EDITOR_EXECUTABLE_BLUEPRINT_v1.2.17_ACCEPTED_DESIGN_REFERENCE.html,ea66b58ef122bf2f8ca23fd0aa9e461b07da11ea7390c451902e4b1592d396fd,dist/foundation/donor.css + dist/index.html + dist/foundation/accepted-runtime.js,Source extraction; visual parity limited to assurance/PARITY_AND_LIMITATIONS.md,
css_classes,177,lock,PRESERVE_AS_IS,"Original CSS/DOM/event grammar retained; component use is shared, not copied per surface",CEP_LIBRARY_EDITOR_EXECUTABLE_BLUEPRINT_v1.2.17_ACCEPTED_DESIGN_REFERENCE.html,ea66b58ef122bf2f8ca23fd0aa9e461b07da11ea7390c451902e4b1592d396fd,dist/foundation/donor.css + dist/index.html + dist/foundation/accepted-runtime.js,Source extraction; visual parity limited to assurance/PARITY_AND_LIMITATIONS.md,
css_classes,178,lr,PRESERVE_AS_IS,"Original CSS/DOM/event grammar retained; component use is shared, not copied per surface",CEP_LIBRARY_EDITOR_EXECUTABLE_BLUEPRINT_v1.2.17_ACCEPTED_DESIGN_REFERENCE.html,ea66b58ef122bf2f8ca23fd0aa9e461b07da11ea7390c451902e4b1592d396fd,dist/foundation/donor.css + dist/index.html + dist/foundation/accepted-runtime.js,Source extraction; visual parity limited to assurance/PARITY_AND_LIMITATIONS.md,
css_classes,179,main,PRESERVE_AS_IS,"Original CSS/DOM/event grammar retained; component use is shared, not copied per surface",CEP_LIBRARY_EDITOR_EXECUTABLE_BLUEPRINT_v1.2.17_ACCEPTED_DESIGN_REFERENCE.html,ea66b58ef122bf2f8ca23fd0aa9e461b07da11ea7390c451902e4b1592d396fd,dist/foundation/donor.css + dist/index.html + dist/foundation/accepted-runtime.js,Source extraction; visual parity limited to assurance/PARITY_AND_LIMITATIONS.md,
css_classes,180,mainGroupBody,PRESERVE_AS_IS,"Original CSS/DOM/event grammar retained; component use is shared, not copied per surface",CEP_LIBRARY_EDITOR_EXECUTABLE_BLUEPRINT_v1.2.17_ACCEPTED_DESIGN_REFERENCE.html,ea66b58ef122bf2f8ca23fd0aa9e461b07da11ea7390c451902e4b1592d396fd,dist/foundation/donor.css + dist/index.html + dist/foundation/accepted-runtime.js,Source extraction; visual parity limited to assurance/PARITY_AND_LIMITATIONS.md,
css_classes,181,mainGroupHead,PRESERVE_AS_IS,"Original CSS/DOM/event grammar retained; component use is shared, not copied per surface",CEP_LIBRARY_EDITOR_EXECUTABLE_BLUEPRINT_v1.2.17_ACCEPTED_DESIGN_REFERENCE.html,ea66b58ef122bf2f8ca23fd0aa9e461b07da11ea7390c451902e4b1592d396fd,dist/foundation/donor.css + dist/index.html + dist/foundation/accepted-runtime.js,Source extraction; visual parity limited to assurance/PARITY_AND_LIMITATIONS.md,
css_classes,182,mapbtn,PRESERVE_AS_IS,"Original CSS/DOM/event grammar retained; component use is shared, not copied per surface",CEP_LIBRARY_EDITOR_EXECUTABLE_BLUEPRINT_v1.2.17_ACCEPTED_DESIGN_REFERENCE.html,ea66b58ef122bf2f8ca23fd0aa9e461b07da11ea7390c451902e4b1592d396fd,dist/foundation/donor.css + dist/index.html + dist/foundation/accepted-runtime.js,Source extraction; visual parity limited to assurance/PARITY_AND_LIMITATIONS.md,
css_classes,183,menu-disclosure,PRESERVE_AS_IS,"Original CSS/DOM/event grammar retained; component use is shared, not copied per surface",CEP_LIBRARY_EDITOR_EXECUTABLE_BLUEPRINT_v1.2.17_ACCEPTED_DESIGN_REFERENCE.html,ea66b58ef122bf2f8ca23fd0aa9e461b07da11ea7390c451902e4b1592d396fd,dist/foundation/donor.css + dist/index.html + dist/foundation/accepted-runtime.js,Source extraction; visual parity limited to assurance/PARITY_AND_LIMITATIONS.md,
css_classes,184,menu-flyout-panel,PRESERVE_AS_IS,"Original CSS/DOM/event grammar retained; component use is shared, not copied per surface",CEP_LIBRARY_EDITOR_EXECUTABLE_BLUEPRINT_v1.2.17_ACCEPTED_DESIGN_REFERENCE.html,ea66b58ef122bf2f8ca23fd0aa9e461b07da11ea7390c451902e4b1592d396fd,dist/foundation/donor.css + dist/index.html + dist/foundation/accepted-runtime.js,Source extraction; visual parity limited to assurance/PARITY_AND_LIMITATIONS.md,
css_classes,185,menu-subgrid,PRESERVE_AS_IS,"Original CSS/DOM/event grammar retained; component use is shared, not copied per surface",CEP_LIBRARY_EDITOR_EXECUTABLE_BLUEPRINT_v1.2.17_ACCEPTED_DESIGN_REFERENCE.html,ea66b58ef122bf2f8ca23fd0aa9e461b07da11ea7390c451902e4b1592d396fd,dist/foundation/donor.css + dist/index.html + dist/foundation/accepted-runtime.js,Source extraction; visual parity limited to assurance/PARITY_AND_LIMITATIONS.md,
css_classes,186,menugroup,PRESERVE_AS_IS,"Original CSS/DOM/event grammar retained; component use is shared, not copied per surface",CEP_LIBRARY_EDITOR_EXECUTABLE_BLUEPRINT_v1.2.17_ACCEPTED_DESIGN_REFERENCE.html,ea66b58ef122bf2f8ca23fd0aa9e461b07da11ea7390c451902e4b1592d396fd,dist/foundation/donor.css + dist/index.html + dist/foundation/accepted-runtime.js,Source extraction; visual parity limited to assurance/PARITY_AND_LIMITATIONS.md,
css_classes,187,menuitem,PRESERVE_AS_IS,"Original CSS/DOM/event grammar retained; component use is shared, not copied per surface",CEP_LIBRARY_EDITOR_EXECUTABLE_BLUEPRINT_v1.2.17_ACCEPTED_DESIGN_REFERENCE.html,ea66b58ef122bf2f8ca23fd0aa9e461b07da11ea7390c451902e4b1592d396fd,dist/foundation/donor.css + dist/index.html + dist/foundation/accepted-runtime.js,Source extraction; visual parity limited to assurance/PARITY_AND_LIMITATIONS.md,
css_classes,188,menusep,PRESERVE_AS_IS,"Original CSS/DOM/event grammar retained; component use is shared, not copied per surface",CEP_LIBRARY_EDITOR_EXECUTABLE_BLUEPRINT_v1.2.17_ACCEPTED_DESIGN_REFERENCE.html,ea66b58ef122bf2f8ca23fd0aa9e461b07da11ea7390c451902e4b1592d396fd,dist/foundation/donor.css + dist/index.html + dist/foundation/accepted-runtime.js,Source extraction; visual parity limited to assurance/PARITY_AND_LIMITATIONS.md,
css_classes,189,menutitle,PRESERVE_AS_IS,"Original CSS/DOM/event grammar retained; component use is shared, not copied per surface",CEP_LIBRARY_EDITOR_EXECUTABLE_BLUEPRINT_v1.2.17_ACCEPTED_DESIGN_REFERENCE.html,ea66b58ef122bf2f8ca23fd0aa9e461b07da11ea7390c451902e4b1592d396fd,dist/foundation/donor.css + dist/index.html + dist/foundation/accepted-runtime.js,Source extraction; visual parity limited to assurance/PARITY_AND_LIMITATIONS.md,
css_classes,190,muted,PRESERVE_AS_IS,"Original CSS/DOM/event grammar retained; component use is shared, not copied per surface",CEP_LIBRARY_EDITOR_EXECUTABLE_BLUEPRINT_v1.2.17_ACCEPTED_DESIGN_REFERENCE.html,ea66b58ef122bf2f8ca23fd0aa9e461b07da11ea7390c451902e4b1592d396fd,dist/foundation/donor.css + dist/index.html + dist/foundation/accepted-runtime.js,Source extraction; visual parity limited to assurance/PARITY_AND_LIMITATIONS.md,
css_classes,191,n,PRESERVE_AS_IS,"Original CSS/DOM/event grammar retained; component use is shared, not copied per surface",CEP_LIBRARY_EDITOR_EXECUTABLE_BLUEPRINT_v1.2.17_ACCEPTED_DESIGN_REFERENCE.html,ea66b58ef122bf2f8ca23fd0aa9e461b07da11ea7390c451902e4b1592d396fd,dist/foundation/donor.css + dist/index.html + dist/foundation/accepted-runtime.js,Source extraction; visual parity limited to assurance/PARITY_AND_LIMITATIONS.md,
css_classes,192,none,PRESERVE_AS_IS,"Original CSS/DOM/event grammar retained; component use is shared, not copied per surface",CEP_LIBRARY_EDITOR_EXECUTABLE_BLUEPRINT_v1.2.17_ACCEPTED_DESIGN_REFERENCE.html,ea66b58ef122bf2f8ca23fd0aa9e461b07da11ea7390c451902e4b1592d396fd,dist/foundation/donor.css + dist/index.html + dist/foundation/accepted-runtime.js,Source extraction; visual parity limited to assurance/PARITY_AND_LIMITATIONS.md,
css_classes,193,note-color-btn,PRESERVE_AS_IS,"Original CSS/DOM/event grammar retained; component use is shared, not copied per surface",CEP_LIBRARY_EDITOR_EXECUTABLE_BLUEPRINT_v1.2.17_ACCEPTED_DESIGN_REFERENCE.html,ea66b58ef122bf2f8ca23fd0aa9e461b07da11ea7390c451902e4b1592d396fd,dist/foundation/donor.css + dist/index.html + dist/foundation/accepted-runtime.js,Source extraction; visual parity limited to assurance/PARITY_AND_LIMITATIONS.md,
css_classes,194,note-color-dot,PRESERVE_AS_IS,"Original CSS/DOM/event grammar retained; component use is shared, not copied per surface",CEP_LIBRARY_EDITOR_EXECUTABLE_BLUEPRINT_v1.2.17_ACCEPTED_DESIGN_REFERENCE.html,ea66b58ef122bf2f8ca23fd0aa9e461b07da11ea7390c451902e4b1592d396fd,dist/foundation/donor.css + dist/index.html + dist/foundation/accepted-runtime.js,Source extraction; visual parity limited to assurance/PARITY_AND_LIMITATIONS.md,
css_classes,195,note-divider,PRESERVE_AS_IS,"Original CSS/DOM/event grammar retained; component use is shared, not copied per surface",CEP_LIBRARY_EDITOR_EXECUTABLE_BLUEPRINT_v1.2.17_ACCEPTED_DESIGN_REFERENCE.html,ea66b58ef122bf2f8ca23fd0aa9e461b07da11ea7390c451902e4b1592d396fd,dist/foundation/donor.css + dist/index.html + dist/foundation/accepted-runtime.js,Source extraction; visual parity limited to assurance/PARITY_AND_LIMITATIONS.md,
css_classes,196,note-highlight-btn,PRESERVE_AS_IS,"Original CSS/DOM/event grammar retained; component use is shared, not copied per surface",CEP_LIBRARY_EDITOR_EXECUTABLE_BLUEPRINT_v1.2.17_ACCEPTED_DESIGN_REFERENCE.html,ea66b58ef122bf2f8ca23fd0aa9e461b07da11ea7390c451902e4b1592d396fd,dist/foundation/donor.css + dist/index.html + dist/foundation/accepted-runtime.js,Source extraction; visual parity limited to assurance/PARITY_AND_LIMITATIONS.md,
css_classes,197,note-mode,PRESERVE_AS_IS,"Original CSS/DOM/event grammar retained; component use is shared, not copied per surface",CEP_LIBRARY_EDITOR_EXECUTABLE_BLUEPRINT_v1.2.17_ACCEPTED_DESIGN_REFERENCE.html,ea66b58ef122bf2f8ca23fd0aa9e461b07da11ea7390c451902e4b1592d396fd,dist/foundation/donor.css + dist/index.html + dist/foundation/accepted-runtime.js,Source extraction; visual parity limited to assurance/PARITY_AND_LIMITATIONS.md,
css_classes,198,note-new-compact,PRESERVE_AS_IS,"Original CSS/DOM/event grammar retained; component use is shared, not copied per surface",CEP_LIBRARY_EDITOR_EXECUTABLE_BLUEPRINT_v1.2.17_ACCEPTED_DESIGN_REFERENCE.html,ea66b58ef122bf2f8ca23fd0aa9e461b07da11ea7390c451902e4b1592d396fd,dist/foundation/donor.css + dist/index.html + dist/foundation/accepted-runtime.js,Source extraction; visual parity limited to assurance/PARITY_AND_LIMITATIONS.md,
css_classes,199,note-recovery,PRESERVE_AS_IS,"Original CSS/DOM/event grammar retained; component use is shared, not copied per surface",CEP_LIBRARY_EDITOR_EXECUTABLE_BLUEPRINT_v1.2.17_ACCEPTED_DESIGN_REFERENCE.html,ea66b58ef122bf2f8ca23fd0aa9e461b07da11ea7390c451902e4b1592d396fd,dist/foundation/donor.css + dist/index.html + dist/foundation/accepted-runtime.js,Source extraction; visual parity limited to assurance/PARITY_AND_LIMITATIONS.md,
css_classes,200,note-row-main,PRESERVE_AS_IS,"Original CSS/DOM/event grammar retained; component use is shared, not copied per surface",CEP_LIBRARY_EDITOR_EXECUTABLE_BLUEPRINT_v1.2.17_ACCEPTED_DESIGN_REFERENCE.html,ea66b58ef122bf2f8ca23fd0aa9e461b07da11ea7390c451902e4b1592d396fd,dist/foundation/donor.css + dist/index.html + dist/foundation/accepted-runtime.js,Source extraction; visual parity limited to assurance/PARITY_AND_LIMITATIONS.md,
css_classes,201,note-row-state,PRESERVE_AS_IS,"Original CSS/DOM/event grammar retained; component use is shared, not copied per surface",CEP_LIBRARY_EDITOR_EXECUTABLE_BLUEPRINT_v1.2.17_ACCEPTED_DESIGN_REFERENCE.html,ea66b58ef122bf2f8ca23fd0aa9e461b07da11ea7390c451902e4b1592d396fd,dist/foundation/donor.css + dist/index.html + dist/foundation/accepted-runtime.js,Source extraction; visual parity limited to assurance/PARITY_AND_LIMITATIONS.md,
css_classes,202,note-title,PRESERVE_AS_IS,"Original CSS/DOM/event grammar retained; component use is shared, not copied per surface",CEP_LIBRARY_EDITOR_EXECUTABLE_BLUEPRINT_v1.2.17_ACCEPTED_DESIGN_REFERENCE.html,ea66b58ef122bf2f8ca23fd0aa9e461b07da11ea7390c451902e4b1592d396fd,dist/foundation/donor.css + dist/index.html + dist/foundation/accepted-runtime.js,Source extraction; visual parity limited to assurance/PARITY_AND_LIMITATIONS.md,
css_classes,203,note-title-row,PRESERVE_AS_IS,"Original CSS/DOM/event grammar retained; component use is shared, not copied per surface",CEP_LIBRARY_EDITOR_EXECUTABLE_BLUEPRINT_v1.2.17_ACCEPTED_DESIGN_REFERENCE.html,ea66b58ef122bf2f8ca23fd0aa9e461b07da11ea7390c451902e4b1592d396fd,dist/foundation/donor.css + dist/index.html + dist/foundation/accepted-runtime.js,Source extraction; visual parity limited to assurance/PARITY_AND_LIMITATIONS.md,
css_classes,204,notebody,PRESERVE_AS_IS,"Original CSS/DOM/event grammar retained; component use is shared, not copied per surface",CEP_LIBRARY_EDITOR_EXECUTABLE_BLUEPRINT_v1.2.17_ACCEPTED_DESIGN_REFERENCE.html,ea66b58ef122bf2f8ca23fd0aa9e461b07da11ea7390c451902e4b1592d396fd,dist/foundation/donor.css + dist/index.html + dist/foundation/accepted-runtime.js,Source extraction; visual parity limited to assurance/PARITY_AND_LIMITATIONS.md,
css_classes,205,notedrag,PRESERVE_AS_IS,"Original CSS/DOM/event grammar retained; component use is shared, not copied per surface",CEP_LIBRARY_EDITOR_EXECUTABLE_BLUEPRINT_v1.2.17_ACCEPTED_DESIGN_REFERENCE.html,ea66b58ef122bf2f8ca23fd0aa9e461b07da11ea7390c451902e4b1592d396fd,dist/foundation/donor.css + dist/index.html + dist/foundation/accepted-runtime.js,Source extraction; visual parity limited to assurance/PARITY_AND_LIMITATIONS.md,
css_classes,206,noteeditor,PRESERVE_AS_IS,"Original CSS/DOM/event grammar retained; component use is shared, not copied per surface",CEP_LIBRARY_EDITOR_EXECUTABLE_BLUEPRINT_v1.2.17_ACCEPTED_DESIGN_REFERENCE.html,ea66b58ef122bf2f8ca23fd0aa9e461b07da11ea7390c451902e4b1592d396fd,dist/foundation/donor.css + dist/index.html + dist/foundation/accepted-runtime.js,Source extraction; visual parity limited to assurance/PARITY_AND_LIMITATIONS.md,
css_classes,207,noteformat,PRESERVE_AS_IS,"Original CSS/DOM/event grammar retained; component use is shared, not copied per surface",CEP_LIBRARY_EDITOR_EXECUTABLE_BLUEPRINT_v1.2.17_ACCEPTED_DESIGN_REFERENCE.html,ea66b58ef122bf2f8ca23fd0aa9e461b07da11ea7390c451902e4b1592d396fd,dist/foundation/donor.css + dist/index.html + dist/foundation/accepted-runtime.js,Source extraction; visual parity limited to assurance/PARITY_AND_LIMITATIONS.md,
css_classes,208,notehead,PRESERVE_AS_IS,"Original CSS/DOM/event grammar retained; component use is shared, not copied per surface",CEP_LIBRARY_EDITOR_EXECUTABLE_BLUEPRINT_v1.2.17_ACCEPTED_DESIGN_REFERENCE.html,ea66b58ef122bf2f8ca23fd0aa9e461b07da11ea7390c451902e4b1592d396fd,dist/foundation/donor.css + dist/index.html + dist/foundation/accepted-runtime.js,Source extraction; visual parity limited to assurance/PARITY_AND_LIMITATIONS.md,
css_classes,209,noterow,PRESERVE_AS_IS,"Original CSS/DOM/event grammar retained; component use is shared, not copied per surface",CEP_LIBRARY_EDITOR_EXECUTABLE_BLUEPRINT_v1.2.17_ACCEPTED_DESIGN_REFERENCE.html,ea66b58ef122bf2f8ca23fd0aa9e461b07da11ea7390c451902e4b1592d396fd,dist/foundation/donor.css + dist/index.html + dist/foundation/accepted-runtime.js,Source extraction; visual parity limited to assurance/PARITY_AND_LIMITATIONS.md,
css_classes,210,notes-actions,PRESERVE_AS_IS,"Original CSS/DOM/event grammar retained; component use is shared, not copied per surface",CEP_LIBRARY_EDITOR_EXECUTABLE_BLUEPRINT_v1.2.17_ACCEPTED_DESIGN_REFERENCE.html,ea66b58ef122bf2f8ca23fd0aa9e461b07da11ea7390c451902e4b1592d396fd,dist/foundation/donor.css + dist/index.html + dist/foundation/accepted-runtime.js,Source extraction; visual parity limited to assurance/PARITY_AND_LIMITATIONS.md,
css_classes,211,notes-list,PRESERVE_AS_IS,"Original CSS/DOM/event grammar retained; component use is shared, not copied per surface",CEP_LIBRARY_EDITOR_EXECUTABLE_BLUEPRINT_v1.2.17_ACCEPTED_DESIGN_REFERENCE.html,ea66b58ef122bf2f8ca23fd0aa9e461b07da11ea7390c451902e4b1592d396fd,dist/foundation/donor.css + dist/index.html + dist/foundation/accepted-runtime.js,Source extraction; visual parity limited to assurance/PARITY_AND_LIMITATIONS.md,
css_classes,212,notestatus,PRESERVE_AS_IS,"Original CSS/DOM/event grammar retained; component use is shared, not copied per surface",CEP_LIBRARY_EDITOR_EXECUTABLE_BLUEPRINT_v1.2.17_ACCEPTED_DESIGN_REFERENCE.html,ea66b58ef122bf2f8ca23fd0aa9e461b07da11ea7390c451902e4b1592d396fd,dist/foundation/donor.css + dist/index.html + dist/foundation/accepted-runtime.js,Source extraction; visual parity limited to assurance/PARITY_AND_LIMITATIONS.md,
css_classes,213,objico,PRESERVE_AS_IS,"Original CSS/DOM/event grammar retained; component use is shared, not copied per surface",CEP_LIBRARY_EDITOR_EXECUTABLE_BLUEPRINT_v1.2.17_ACCEPTED_DESIGN_REFERENCE.html,ea66b58ef122bf2f8ca23fd0aa9e461b07da11ea7390c451902e4b1592d396fd,dist/foundation/donor.css + dist/index.html + dist/foundation/accepted-runtime.js,Source extraction; visual parity limited to assurance/PARITY_AND_LIMITATIONS.md,
css_classes,214,ok,PRESERVE_AS_IS,"Original CSS/DOM/event grammar retained; component use is shared, not copied per surface",CEP_LIBRARY_EDITOR_EXECUTABLE_BLUEPRINT_v1.2.17_ACCEPTED_DESIGN_REFERENCE.html,ea66b58ef122bf2f8ca23fd0aa9e461b07da11ea7390c451902e4b1592d396fd,dist/foundation/donor.css + dist/index.html + dist/foundation/accepted-runtime.js,Source extraction; visual parity limited to assurance/PARITY_AND_LIMITATIONS.md,
css_classes,215,optional,PRESERVE_AS_IS,"Original CSS/DOM/event grammar retained; component use is shared, not copied per surface",CEP_LIBRARY_EDITOR_EXECUTABLE_BLUEPRINT_v1.2.17_ACCEPTED_DESIGN_REFERENCE.html,ea66b58ef122bf2f8ca23fd0aa9e461b07da11ea7390c451902e4b1592d396fd,dist/foundation/donor.css + dist/index.html + dist/foundation/accepted-runtime.js,Source extraction; visual parity limited to assurance/PARITY_AND_LIMITATIONS.md,
css_classes,216,overview-related,PRESERVE_AS_IS,"Original CSS/DOM/event grammar retained; component use is shared, not copied per surface",CEP_LIBRARY_EDITOR_EXECUTABLE_BLUEPRINT_v1.2.17_ACCEPTED_DESIGN_REFERENCE.html,ea66b58ef122bf2f8ca23fd0aa9e461b07da11ea7390c451902e4b1592d396fd,dist/foundation/donor.css + dist/index.html + dist/foundation/accepted-runtime.js,Source extraction; visual parity limited to assurance/PARITY_AND_LIMITATIONS.md,
css_classes,217,pane,PRESERVE_AS_IS,"Original CSS/DOM/event grammar retained; component use is shared, not copied per surface",CEP_LIBRARY_EDITOR_EXECUTABLE_BLUEPRINT_v1.2.17_ACCEPTED_DESIGN_REFERENCE.html,ea66b58ef122bf2f8ca23fd0aa9e461b07da11ea7390c451902e4b1592d396fd,dist/foundation/donor.css + dist/index.html + dist/foundation/accepted-runtime.js,Source extraction; visual parity limited to assurance/PARITY_AND_LIMITATIONS.md,
css_classes,218,paneEdgeToggle,PRESERVE_AS_IS,"Original CSS/DOM/event grammar retained; component use is shared, not copied per surface",CEP_LIBRARY_EDITOR_EXECUTABLE_BLUEPRINT_v1.2.17_ACCEPTED_DESIGN_REFERENCE.html,ea66b58ef122bf2f8ca23fd0aa9e461b07da11ea7390c451902e4b1592d396fd,dist/foundation/donor.css + dist/index.html + dist/foundation/accepted-runtime.js,Source extraction; visual parity limited to assurance/PARITY_AND_LIMITATIONS.md,
css_classes,219,paneToggle,PRESERVE_AS_IS,"Original CSS/DOM/event grammar retained; component use is shared, not copied per surface",CEP_LIBRARY_EDITOR_EXECUTABLE_BLUEPRINT_v1.2.17_ACCEPTED_DESIGN_REFERENCE.html,ea66b58ef122bf2f8ca23fd0aa9e461b07da11ea7390c451902e4b1592d396fd,dist/foundation/donor.css + dist/index.html + dist/foundation/accepted-runtime.js,Source extraction; visual parity limited to assurance/PARITY_AND_LIMITATIONS.md,
css_classes,220,paneheadicon,PRESERVE_AS_IS,"Original CSS/DOM/event grammar retained; component use is shared, not copied per surface",CEP_LIBRARY_EDITOR_EXECUTABLE_BLUEPRINT_v1.2.17_ACCEPTED_DESIGN_REFERENCE.html,ea66b58ef122bf2f8ca23fd0aa9e461b07da11ea7390c451902e4b1592d396fd,dist/foundation/donor.css + dist/index.html + dist/foundation/accepted-runtime.js,Source extraction; visual parity limited to assurance/PARITY_AND_LIMITATIONS.md,
css_classes,221,panel-scrim,PRESERVE_AS_IS,"Original CSS/DOM/event grammar retained; component use is shared, not copied per surface",CEP_LIBRARY_EDITOR_EXECUTABLE_BLUEPRINT_v1.2.17_ACCEPTED_DESIGN_REFERENCE.html,ea66b58ef122bf2f8ca23fd0aa9e461b07da11ea7390c451902e4b1592d396fd,dist/foundation/donor.css + dist/index.html + dist/foundation/accepted-runtime.js,Source extraction; visual parity limited to assurance/PARITY_AND_LIMITATIONS.md,
css_classes,222,pbody,PRESERVE_AS_IS,"Original CSS/DOM/event grammar retained; component use is shared, not copied per surface",CEP_LIBRARY_EDITOR_EXECUTABLE_BLUEPRINT_v1.2.17_ACCEPTED_DESIGN_REFERENCE.html,ea66b58ef122bf2f8ca23fd0aa9e461b07da11ea7390c451902e4b1592d396fd,dist/foundation/donor.css + dist/index.html + dist/foundation/accepted-runtime.js,Source extraction; visual parity limited to assurance/PARITY_AND_LIMITATIONS.md,
css_classes,223,phead,PRESERVE_AS_IS,"Original CSS/DOM/event grammar retained; component use is shared, not copied per surface",CEP_LIBRARY_EDITOR_EXECUTABLE_BLUEPRINT_v1.2.17_ACCEPTED_DESIGN_REFERENCE.html,ea66b58ef122bf2f8ca23fd0aa9e461b07da11ea7390c451902e4b1592d396fd,dist/foundation/donor.css + dist/index.html + dist/foundation/accepted-runtime.js,Source extraction; visual parity limited to assurance/PARITY_AND_LIMITATIONS.md,
css_classes,224,plain-text-convert,PRESERVE_AS_IS,"Original CSS/DOM/event grammar retained; component use is shared, not copied per surface",CEP_LIBRARY_EDITOR_EXECUTABLE_BLUEPRINT_v1.2.17_ACCEPTED_DESIGN_REFERENCE.html,ea66b58ef122bf2f8ca23fd0aa9e461b07da11ea7390c451902e4b1592d396fd,dist/foundation/donor.css + dist/index.html + dist/foundation/accepted-runtime.js,Source extraction; visual parity limited to assurance/PARITY_AND_LIMITATIONS.md,
css_classes,225,platform-gate,PRESERVE_AS_IS,"Original CSS/DOM/event grammar retained; component use is shared, not copied per surface",CEP_LIBRARY_EDITOR_EXECUTABLE_BLUEPRINT_v1.2.17_ACCEPTED_DESIGN_REFERENCE.html,ea66b58ef122bf2f8ca23fd0aa9e461b07da11ea7390c451902e4b1592d396fd,dist/foundation/donor.css + dist/index.html + dist/foundation/accepted-runtime.js,Source extraction; visual parity limited to assurance/PARITY_AND_LIMITATIONS.md,
css_classes,226,popover,PRESERVE_AS_IS,"Original CSS/DOM/event grammar retained; component use is shared, not copied per surface",CEP_LIBRARY_EDITOR_EXECUTABLE_BLUEPRINT_v1.2.17_ACCEPTED_DESIGN_REFERENCE.html,ea66b58ef122bf2f8ca23fd0aa9e461b07da11ea7390c451902e4b1592d396fd,dist/foundation/donor.css + dist/index.html + dist/foundation/accepted-runtime.js,Source extraction; visual parity limited to assurance/PARITY_AND_LIMITATIONS.md,
css_classes,227,pref-inline-label,PRESERVE_AS_IS,"Original CSS/DOM/event grammar retained; component use is shared, not copied per surface",CEP_LIBRARY_EDITOR_EXECUTABLE_BLUEPRINT_v1.2.17_ACCEPTED_DESIGN_REFERENCE.html,ea66b58ef122bf2f8ca23fd0aa9e461b07da11ea7390c451902e4b1592d396fd,dist/foundation/donor.css + dist/index.html + dist/foundation/accepted-runtime.js,Source extraction; visual parity limited to assurance/PARITY_AND_LIMITATIONS.md,
css_classes,228,prefbuttons,PRESERVE_AS_IS,"Original CSS/DOM/event grammar retained; component use is shared, not copied per surface",CEP_LIBRARY_EDITOR_EXECUTABLE_BLUEPRINT_v1.2.17_ACCEPTED_DESIGN_REFERENCE.html,ea66b58ef122bf2f8ca23fd0aa9e461b07da11ea7390c451902e4b1592d396fd,dist/foundation/donor.css + dist/index.html + dist/foundation/accepted-runtime.js,Source extraction; visual parity limited to assurance/PARITY_AND_LIMITATIONS.md,
css_classes,229,preferences-scroll,PRESERVE_AS_IS,"Original CSS/DOM/event grammar retained; component use is shared, not copied per surface",CEP_LIBRARY_EDITOR_EXECUTABLE_BLUEPRINT_v1.2.17_ACCEPTED_DESIGN_REFERENCE.html,ea66b58ef122bf2f8ca23fd0aa9e461b07da11ea7390c451902e4b1592d396fd,dist/foundation/donor.css + dist/index.html + dist/foundation/accepted-runtime.js,Source extraction; visual parity limited to assurance/PARITY_AND_LIMITATIONS.md,
css_classes,230,prefnote,PRESERVE_AS_IS,"Original CSS/DOM/event grammar retained; component use is shared, not copied per surface",CEP_LIBRARY_EDITOR_EXECUTABLE_BLUEPRINT_v1.2.17_ACCEPTED_DESIGN_REFERENCE.html,ea66b58ef122bf2f8ca23fd0aa9e461b07da11ea7390c451902e4b1592d396fd,dist/foundation/donor.css + dist/index.html + dist/foundation/accepted-runtime.js,Source extraction; visual parity limited to assurance/PARITY_AND_LIMITATIONS.md,
css_classes,231,prefsection,PRESERVE_AS_IS,"Original CSS/DOM/event grammar retained; component use is shared, not copied per surface",CEP_LIBRARY_EDITOR_EXECUTABLE_BLUEPRINT_v1.2.17_ACCEPTED_DESIGN_REFERENCE.html,ea66b58ef122bf2f8ca23fd0aa9e461b07da11ea7390c451902e4b1592d396fd,dist/foundation/donor.css + dist/index.html + dist/foundation/accepted-runtime.js,Source extraction; visual parity limited to assurance/PARITY_AND_LIMITATIONS.md,
css_classes,232,prefsection-body,PRESERVE_AS_IS,"Original CSS/DOM/event grammar retained; component use is shared, not copied per surface",CEP_LIBRARY_EDITOR_EXECUTABLE_BLUEPRINT_v1.2.17_ACCEPTED_DESIGN_REFERENCE.html,ea66b58ef122bf2f8ca23fd0aa9e461b07da11ea7390c451902e4b1592d396fd,dist/foundation/donor.css + dist/index.html + dist/foundation/accepted-runtime.js,Source extraction; visual parity limited to assurance/PARITY_AND_LIMITATIONS.md,
css_classes,233,prefsection-chev,PRESERVE_AS_IS,"Original CSS/DOM/event grammar retained; component use is shared, not copied per surface",CEP_LIBRARY_EDITOR_EXECUTABLE_BLUEPRINT_v1.2.17_ACCEPTED_DESIGN_REFERENCE.html,ea66b58ef122bf2f8ca23fd0aa9e461b07da11ea7390c451902e4b1592d396fd,dist/foundation/donor.css + dist/index.html + dist/foundation/accepted-runtime.js,Source extraction; visual parity limited to assurance/PARITY_AND_LIMITATIONS.md,
css_classes,234,prefsection-copy,PRESERVE_AS_IS,"Original CSS/DOM/event grammar retained; component use is shared, not copied per surface",CEP_LIBRARY_EDITOR_EXECUTABLE_BLUEPRINT_v1.2.17_ACCEPTED_DESIGN_REFERENCE.html,ea66b58ef122bf2f8ca23fd0aa9e461b07da11ea7390c451902e4b1592d396fd,dist/foundation/donor.css + dist/index.html + dist/foundation/accepted-runtime.js,Source extraction; visual parity limited to assurance/PARITY_AND_LIMITATIONS.md,
css_classes,235,prefsection-icon,PRESERVE_AS_IS,"Original CSS/DOM/event grammar retained; component use is shared, not copied per surface",CEP_LIBRARY_EDITOR_EXECUTABLE_BLUEPRINT_v1.2.17_ACCEPTED_DESIGN_REFERENCE.html,ea66b58ef122bf2f8ca23fd0aa9e461b07da11ea7390c451902e4b1592d396fd,dist/foundation/donor.css + dist/index.html + dist/foundation/accepted-runtime.js,Source extraction; visual parity limited to assurance/PARITY_AND_LIMITATIONS.md,
css_classes,236,prefsection-toggle,PRESERVE_AS_IS,"Original CSS/DOM/event grammar retained; component use is shared, not copied per surface",CEP_LIBRARY_EDITOR_EXECUTABLE_BLUEPRINT_v1.2.17_ACCEPTED_DESIGN_REFERENCE.html,ea66b58ef122bf2f8ca23fd0aa9e461b07da11ea7390c451902e4b1592d396fd,dist/foundation/donor.css + dist/index.html + dist/foundation/accepted-runtime.js,Source extraction; visual parity limited to assurance/PARITY_AND_LIMITATIONS.md,
css_classes,237,preftitle,PRESERVE_AS_IS,"Original CSS/DOM/event grammar retained; component use is shared, not copied per surface",CEP_LIBRARY_EDITOR_EXECUTABLE_BLUEPRINT_v1.2.17_ACCEPTED_DESIGN_REFERENCE.html,ea66b58ef122bf2f8ca23fd0aa9e461b07da11ea7390c451902e4b1592d396fd,dist/foundation/donor.css + dist/index.html + dist/foundation/accepted-runtime.js,Source extraction; visual parity limited to assurance/PARITY_AND_LIMITATIONS.md,
css_classes,238,primary,PRESERVE_AS_IS,"Original CSS/DOM/event grammar retained; component use is shared, not copied per surface",CEP_LIBRARY_EDITOR_EXECUTABLE_BLUEPRINT_v1.2.17_ACCEPTED_DESIGN_REFERENCE.html,ea66b58ef122bf2f8ca23fd0aa9e461b07da11ea7390c451902e4b1592d396fd,dist/foundation/donor.css + dist/index.html + dist/foundation/accepted-runtime.js,Source extraction; visual parity limited to assurance/PARITY_AND_LIMITATIONS.md,
css_classes,239,project-card,PRESERVE_AS_IS,"Original CSS/DOM/event grammar retained; component use is shared, not copied per surface",CEP_LIBRARY_EDITOR_EXECUTABLE_BLUEPRINT_v1.2.17_ACCEPTED_DESIGN_REFERENCE.html,ea66b58ef122bf2f8ca23fd0aa9e461b07da11ea7390c451902e4b1592d396fd,dist/foundation/donor.css + dist/index.html + dist/foundation/accepted-runtime.js,Source extraction; visual parity limited to assurance/PARITY_AND_LIMITATIONS.md,
css_classes,240,projection-body,PRESERVE_AS_IS,"Original CSS/DOM/event grammar retained; component use is shared, not copied per surface",CEP_LIBRARY_EDITOR_EXECUTABLE_BLUEPRINT_v1.2.17_ACCEPTED_DESIGN_REFERENCE.html,ea66b58ef122bf2f8ca23fd0aa9e461b07da11ea7390c451902e4b1592d396fd,dist/foundation/donor.css + dist/index.html + dist/foundation/accepted-runtime.js,Source extraction; visual parity limited to assurance/PARITY_AND_LIMITATIONS.md,
css_classes,241,projection-chev,PRESERVE_AS_IS,"Original CSS/DOM/event grammar retained; component use is shared, not copied per surface",CEP_LIBRARY_EDITOR_EXECUTABLE_BLUEPRINT_v1.2.17_ACCEPTED_DESIGN_REFERENCE.html,ea66b58ef122bf2f8ca23fd0aa9e461b07da11ea7390c451902e4b1592d396fd,dist/foundation/donor.css + dist/index.html + dist/foundation/accepted-runtime.js,Source extraction; visual parity limited to assurance/PARITY_AND_LIMITATIONS.md,
css_classes,242,projection-empty,PRESERVE_AS_IS,"Original CSS/DOM/event grammar retained; component use is shared, not copied per surface",CEP_LIBRARY_EDITOR_EXECUTABLE_BLUEPRINT_v1.2.17_ACCEPTED_DESIGN_REFERENCE.html,ea66b58ef122bf2f8ca23fd0aa9e461b07da11ea7390c451902e4b1592d396fd,dist/foundation/donor.css + dist/index.html + dist/foundation/accepted-runtime.js,Source extraction; visual parity limited to assurance/PARITY_AND_LIMITATIONS.md,
css_classes,243,projection-group,PRESERVE_AS_IS,"Original CSS/DOM/event grammar retained; component use is shared, not copied per surface",CEP_LIBRARY_EDITOR_EXECUTABLE_BLUEPRINT_v1.2.17_ACCEPTED_DESIGN_REFERENCE.html,ea66b58ef122bf2f8ca23fd0aa9e461b07da11ea7390c451902e4b1592d396fd,dist/foundation/donor.css + dist/index.html + dist/foundation/accepted-runtime.js,Source extraction; visual parity limited to assurance/PARITY_AND_LIMITATIONS.md,
css_classes,244,projection-head,PRESERVE_AS_IS,"Original CSS/DOM/event grammar retained; component use is shared, not copied per surface",CEP_LIBRARY_EDITOR_EXECUTABLE_BLUEPRINT_v1.2.17_ACCEPTED_DESIGN_REFERENCE.html,ea66b58ef122bf2f8ca23fd0aa9e461b07da11ea7390c451902e4b1592d396fd,dist/foundation/donor.css + dist/index.html + dist/foundation/accepted-runtime.js,Source extraction; visual parity limited to assurance/PARITY_AND_LIMITATIONS.md,
css_classes,245,projection-meta,PRESERVE_AS_IS,"Original CSS/DOM/event grammar retained; component use is shared, not copied per surface",CEP_LIBRARY_EDITOR_EXECUTABLE_BLUEPRINT_v1.2.17_ACCEPTED_DESIGN_REFERENCE.html,ea66b58ef122bf2f8ca23fd0aa9e461b07da11ea7390c451902e4b1592d396fd,dist/foundation/donor.css + dist/index.html + dist/foundation/accepted-runtime.js,Source extraction; visual parity limited to assurance/PARITY_AND_LIMITATIONS.md,
css_classes,246,projection-only,PRESERVE_AS_IS,"Original CSS/DOM/event grammar retained; component use is shared, not copied per surface",CEP_LIBRARY_EDITOR_EXECUTABLE_BLUEPRINT_v1.2.17_ACCEPTED_DESIGN_REFERENCE.html,ea66b58ef122bf2f8ca23fd0aa9e461b07da11ea7390c451902e4b1592d396fd,dist/foundation/donor.css + dist/index.html + dist/foundation/accepted-runtime.js,Source extraction; visual parity limited to assurance/PARITY_AND_LIMITATIONS.md,
css_classes,247,projection-row,PRESERVE_AS_IS,"Original CSS/DOM/event grammar retained; component use is shared, not copied per surface",CEP_LIBRARY_EDITOR_EXECUTABLE_BLUEPRINT_v1.2.17_ACCEPTED_DESIGN_REFERENCE.html,ea66b58ef122bf2f8ca23fd0aa9e461b07da11ea7390c451902e4b1592d396fd,dist/foundation/donor.css + dist/index.html + dist/foundation/accepted-runtime.js,Source extraction; visual parity limited to assurance/PARITY_AND_LIMITATIONS.md,
css_classes,248,projection-title,PRESERVE_AS_IS,"Original CSS/DOM/event grammar retained; component use is shared, not copied per surface",CEP_LIBRARY_EDITOR_EXECUTABLE_BLUEPRINT_v1.2.17_ACCEPTED_DESIGN_REFERENCE.html,ea66b58ef122bf2f8ca23fd0aa9e461b07da11ea7390c451902e4b1592d396fd,dist/foundation/donor.css + dist/index.html + dist/foundation/accepted-runtime.js,Source extraction; visual parity limited to assurance/PARITY_AND_LIMITATIONS.md,
css_classes,249,quickjump-group,PRESERVE_AS_IS,"Original CSS/DOM/event grammar retained; component use is shared, not copied per surface",CEP_LIBRARY_EDITOR_EXECUTABLE_BLUEPRINT_v1.2.17_ACCEPTED_DESIGN_REFERENCE.html,ea66b58ef122bf2f8ca23fd0aa9e461b07da11ea7390c451902e4b1592d396fd,dist/foundation/donor.css + dist/index.html + dist/foundation/accepted-runtime.js,Source extraction; visual parity limited to assurance/PARITY_AND_LIMITATIONS.md,
css_classes,250,quickjump-head,PRESERVE_AS_IS,"Original CSS/DOM/event grammar retained; component use is shared, not copied per surface",CEP_LIBRARY_EDITOR_EXECUTABLE_BLUEPRINT_v1.2.17_ACCEPTED_DESIGN_REFERENCE.html,ea66b58ef122bf2f8ca23fd0aa9e461b07da11ea7390c451902e4b1592d396fd,dist/foundation/donor.css + dist/index.html + dist/foundation/accepted-runtime.js,Source extraction; visual parity limited to assurance/PARITY_AND_LIMITATIONS.md,
css_classes,251,quickjump-item,PRESERVE_AS_IS,"Original CSS/DOM/event grammar retained; component use is shared, not copied per surface",CEP_LIBRARY_EDITOR_EXECUTABLE_BLUEPRINT_v1.2.17_ACCEPTED_DESIGN_REFERENCE.html,ea66b58ef122bf2f8ca23fd0aa9e461b07da11ea7390c451902e4b1592d396fd,dist/foundation/donor.css + dist/index.html + dist/foundation/accepted-runtime.js,Source extraction; visual parity limited to assurance/PARITY_AND_LIMITATIONS.md,
css_classes,252,quickjump-list,PRESERVE_AS_IS,"Original CSS/DOM/event grammar retained; component use is shared, not copied per surface",CEP_LIBRARY_EDITOR_EXECUTABLE_BLUEPRINT_v1.2.17_ACCEPTED_DESIGN_REFERENCE.html,ea66b58ef122bf2f8ca23fd0aa9e461b07da11ea7390c451902e4b1592d396fd,dist/foundation/donor.css + dist/index.html + dist/foundation/accepted-runtime.js,Source extraction; visual parity limited to assurance/PARITY_AND_LIMITATIONS.md,
css_classes,253,rail,PRESERVE_AS_IS,"Original CSS/DOM/event grammar retained; component use is shared, not copied per surface",CEP_LIBRARY_EDITOR_EXECUTABLE_BLUEPRINT_v1.2.17_ACCEPTED_DESIGN_REFERENCE.html,ea66b58ef122bf2f8ca23fd0aa9e461b07da11ea7390c451902e4b1592d396fd,dist/foundation/donor.css + dist/index.html + dist/foundation/accepted-runtime.js,Source extraction; visual parity limited to assurance/PARITY_AND_LIMITATIONS.md,
css_classes,254,read-block-actions,PRESERVE_AS_IS,"Original CSS/DOM/event grammar retained; component use is shared, not copied per surface",CEP_LIBRARY_EDITOR_EXECUTABLE_BLUEPRINT_v1.2.17_ACCEPTED_DESIGN_REFERENCE.html,ea66b58ef122bf2f8ca23fd0aa9e461b07da11ea7390c451902e4b1592d396fd,dist/foundation/donor.css + dist/index.html + dist/foundation/accepted-runtime.js,Source extraction; visual parity limited to assurance/PARITY_AND_LIMITATIONS.md,
css_classes,255,reader-block-menu,PRESERVE_AS_IS,"Original CSS/DOM/event grammar retained; component use is shared, not copied per surface",CEP_LIBRARY_EDITOR_EXECUTABLE_BLUEPRINT_v1.2.17_ACCEPTED_DESIGN_REFERENCE.html,ea66b58ef122bf2f8ca23fd0aa9e461b07da11ea7390c451902e4b1592d396fd,dist/foundation/donor.css + dist/index.html + dist/foundation/accepted-runtime.js,Source extraction; visual parity limited to assurance/PARITY_AND_LIMITATIONS.md,
css_classes,256,readerref,PRESERVE_AS_IS,"Original CSS/DOM/event grammar retained; component use is shared, not copied per surface",CEP_LIBRARY_EDITOR_EXECUTABLE_BLUEPRINT_v1.2.17_ACCEPTED_DESIGN_REFERENCE.html,ea66b58ef122bf2f8ca23fd0aa9e461b07da11ea7390c451902e4b1592d396fd,dist/foundation/donor.css + dist/index.html + dist/foundation/accepted-runtime.js,Source extraction; visual parity limited to assurance/PARITY_AND_LIMITATIONS.md,
css_classes,257,recovery-list,PRESERVE_AS_IS,"Original CSS/DOM/event grammar retained; component use is shared, not copied per surface",CEP_LIBRARY_EDITOR_EXECUTABLE_BLUEPRINT_v1.2.17_ACCEPTED_DESIGN_REFERENCE.html,ea66b58ef122bf2f8ca23fd0aa9e461b07da11ea7390c451902e4b1592d396fd,dist/foundation/donor.css + dist/index.html + dist/foundation/accepted-runtime.js,Source extraction; visual parity limited to assurance/PARITY_AND_LIMITATIONS.md,
css_classes,258,recovery-owner,PRESERVE_AS_IS,"Original CSS/DOM/event grammar retained; component use is shared, not copied per surface",CEP_LIBRARY_EDITOR_EXECUTABLE_BLUEPRINT_v1.2.17_ACCEPTED_DESIGN_REFERENCE.html,ea66b58ef122bf2f8ca23fd0aa9e461b07da11ea7390c451902e4b1592d396fd,dist/foundation/donor.css + dist/index.html + dist/foundation/accepted-runtime.js,Source extraction; visual parity limited to assurance/PARITY_AND_LIMITATIONS.md,
css_classes,259,recovery-row,PRESERVE_AS_IS,"Original CSS/DOM/event grammar retained; component use is shared, not copied per surface",CEP_LIBRARY_EDITOR_EXECUTABLE_BLUEPRINT_v1.2.17_ACCEPTED_DESIGN_REFERENCE.html,ea66b58ef122bf2f8ca23fd0aa9e461b07da11ea7390c451902e4b1592d396fd,dist/foundation/donor.css + dist/index.html + dist/foundation/accepted-runtime.js,Source extraction; visual parity limited to assurance/PARITY_AND_LIMITATIONS.md,
css_classes,260,ref-left-panel,PRESERVE_AS_IS,"Original CSS/DOM/event grammar retained; component use is shared, not copied per surface",CEP_LIBRARY_EDITOR_EXECUTABLE_BLUEPRINT_v1.2.17_ACCEPTED_DESIGN_REFERENCE.html,ea66b58ef122bf2f8ca23fd0aa9e461b07da11ea7390c451902e4b1592d396fd,dist/foundation/donor.css + dist/index.html + dist/foundation/accepted-runtime.js,Source extraction; visual parity limited to assurance/PARITY_AND_LIMITATIONS.md,
css_classes,261,ref-right-panel,PRESERVE_AS_IS,"Original CSS/DOM/event grammar retained; component use is shared, not copied per surface",CEP_LIBRARY_EDITOR_EXECUTABLE_BLUEPRINT_v1.2.17_ACCEPTED_DESIGN_REFERENCE.html,ea66b58ef122bf2f8ca23fd0aa9e461b07da11ea7390c451902e4b1592d396fd,dist/foundation/donor.css + dist/index.html + dist/foundation/accepted-runtime.js,Source extraction; visual parity limited to assurance/PARITY_AND_LIMITATIONS.md,
css_classes,262,relation-card,PRESERVE_AS_IS,"Original CSS/DOM/event grammar retained; component use is shared, not copied per surface",CEP_LIBRARY_EDITOR_EXECUTABLE_BLUEPRINT_v1.2.17_ACCEPTED_DESIGN_REFERENCE.html,ea66b58ef122bf2f8ca23fd0aa9e461b07da11ea7390c451902e4b1592d396fd,dist/foundation/donor.css + dist/index.html + dist/foundation/accepted-runtime.js,Source extraction; visual parity limited to assurance/PARITY_AND_LIMITATIONS.md,
css_classes,263,resizegrip,PRESERVE_AS_IS,"Original CSS/DOM/event grammar retained; component use is shared, not copied per surface",CEP_LIBRARY_EDITOR_EXECUTABLE_BLUEPRINT_v1.2.17_ACCEPTED_DESIGN_REFERENCE.html,ea66b58ef122bf2f8ca23fd0aa9e461b07da11ea7390c451902e4b1592d396fd,dist/foundation/donor.css + dist/index.html + dist/foundation/accepted-runtime.js,Source extraction; visual parity limited to assurance/PARITY_AND_LIMITATIONS.md,
css_classes,264,resizer,PRESERVE_AS_IS,"Original CSS/DOM/event grammar retained; component use is shared, not copied per surface",CEP_LIBRARY_EDITOR_EXECUTABLE_BLUEPRINT_v1.2.17_ACCEPTED_DESIGN_REFERENCE.html,ea66b58ef122bf2f8ca23fd0aa9e461b07da11ea7390c451902e4b1592d396fd,dist/foundation/donor.css + dist/index.html + dist/foundation/accepted-runtime.js,Source extraction; visual parity limited to assurance/PARITY_AND_LIMITATIONS.md,
css_classes,265,resultcount,PRESERVE_AS_IS,"Original CSS/DOM/event grammar retained; component use is shared, not copied per surface",CEP_LIBRARY_EDITOR_EXECUTABLE_BLUEPRINT_v1.2.17_ACCEPTED_DESIGN_REFERENCE.html,ea66b58ef122bf2f8ca23fd0aa9e461b07da11ea7390c451902e4b1592d396fd,dist/foundation/donor.css + dist/index.html + dist/foundation/accepted-runtime.js,Source extraction; visual parity limited to assurance/PARITY_AND_LIMITATIONS.md,
css_classes,266,rev,PRESERVE_AS_IS,"Original CSS/DOM/event grammar retained; component use is shared, not copied per surface",CEP_LIBRARY_EDITOR_EXECUTABLE_BLUEPRINT_v1.2.17_ACCEPTED_DESIGN_REFERENCE.html,ea66b58ef122bf2f8ca23fd0aa9e461b07da11ea7390c451902e4b1592d396fd,dist/foundation/donor.css + dist/index.html + dist/foundation/accepted-runtime.js,Source extraction; visual parity limited to assurance/PARITY_AND_LIMITATIONS.md,
css_classes,267,revid,PRESERVE_AS_IS,"Original CSS/DOM/event grammar retained; component use is shared, not copied per surface",CEP_LIBRARY_EDITOR_EXECUTABLE_BLUEPRINT_v1.2.17_ACCEPTED_DESIGN_REFERENCE.html,ea66b58ef122bf2f8ca23fd0aa9e461b07da11ea7390c451902e4b1592d396fd,dist/foundation/donor.css + dist/index.html + dist/foundation/accepted-runtime.js,Source extraction; visual parity limited to assurance/PARITY_AND_LIMITATIONS.md,
css_classes,268,revlist,PRESERVE_AS_IS,"Original CSS/DOM/event grammar retained; component use is shared, not copied per surface",CEP_LIBRARY_EDITOR_EXECUTABLE_BLUEPRINT_v1.2.17_ACCEPTED_DESIGN_REFERENCE.html,ea66b58ef122bf2f8ca23fd0aa9e461b07da11ea7390c451902e4b1592d396fd,dist/foundation/donor.css + dist/index.html + dist/foundation/accepted-runtime.js,Source extraction; visual parity limited to assurance/PARITY_AND_LIMITATIONS.md,
css_classes,269,right,PRESERVE_AS_IS,"Original CSS/DOM/event grammar retained; component use is shared, not copied per surface",CEP_LIBRARY_EDITOR_EXECUTABLE_BLUEPRINT_v1.2.17_ACCEPTED_DESIGN_REFERENCE.html,ea66b58ef122bf2f8ca23fd0aa9e461b07da11ea7390c451902e4b1592d396fd,dist/foundation/donor.css + dist/index.html + dist/foundation/accepted-runtime.js,Source extraction; visual parity limited to assurance/PARITY_AND_LIMITATIONS.md,
css_classes,270,right-scroll,PRESERVE_AS_IS,"Original CSS/DOM/event grammar retained; component use is shared, not copied per surface",CEP_LIBRARY_EDITOR_EXECUTABLE_BLUEPRINT_v1.2.17_ACCEPTED_DESIGN_REFERENCE.html,ea66b58ef122bf2f8ca23fd0aa9e461b07da11ea7390c451902e4b1592d396fd,dist/foundation/donor.css + dist/index.html + dist/foundation/accepted-runtime.js,Source extraction; visual parity limited to assurance/PARITY_AND_LIMITATIONS.md,
css_classes,271,rr,PRESERVE_AS_IS,"Original CSS/DOM/event grammar retained; component use is shared, not copied per surface",CEP_LIBRARY_EDITOR_EXECUTABLE_BLUEPRINT_v1.2.17_ACCEPTED_DESIGN_REFERENCE.html,ea66b58ef122bf2f8ca23fd0aa9e461b07da11ea7390c451902e4b1592d396fd,dist/foundation/donor.css + dist/index.html + dist/foundation/accepted-runtime.js,Source extraction; visual parity limited to assurance/PARITY_AND_LIMITATIONS.md,
css_classes,272,save,PRESERVE_AS_IS,"Original CSS/DOM/event grammar retained; component use is shared, not copied per surface",CEP_LIBRARY_EDITOR_EXECUTABLE_BLUEPRINT_v1.2.17_ACCEPTED_DESIGN_REFERENCE.html,ea66b58ef122bf2f8ca23fd0aa9e461b07da11ea7390c451902e4b1592d396fd,dist/foundation/donor.css + dist/index.html + dist/foundation/accepted-runtime.js,Source extraction; visual parity limited to assurance/PARITY_AND_LIMITATIONS.md,
css_classes,273,scopechip,PRESERVE_AS_IS,"Original CSS/DOM/event grammar retained; component use is shared, not copied per surface",CEP_LIBRARY_EDITOR_EXECUTABLE_BLUEPRINT_v1.2.17_ACCEPTED_DESIGN_REFERENCE.html,ea66b58ef122bf2f8ca23fd0aa9e461b07da11ea7390c451902e4b1592d396fd,dist/foundation/donor.css + dist/index.html + dist/foundation/accepted-runtime.js,Source extraction; visual parity limited to assurance/PARITY_AND_LIMITATIONS.md,
css_classes,274,scopehint,PRESERVE_AS_IS,"Original CSS/DOM/event grammar retained; component use is shared, not copied per surface",CEP_LIBRARY_EDITOR_EXECUTABLE_BLUEPRINT_v1.2.17_ACCEPTED_DESIGN_REFERENCE.html,ea66b58ef122bf2f8ca23fd0aa9e461b07da11ea7390c451902e4b1592d396fd,dist/foundation/donor.css + dist/index.html + dist/foundation/accepted-runtime.js,Source extraction; visual parity limited to assurance/PARITY_AND_LIMITATIONS.md,
css_classes,275,searchbox,PRESERVE_AS_IS,"Original CSS/DOM/event grammar retained; component use is shared, not copied per surface",CEP_LIBRARY_EDITOR_EXECUTABLE_BLUEPRINT_v1.2.17_ACCEPTED_DESIGN_REFERENCE.html,ea66b58ef122bf2f8ca23fd0aa9e461b07da11ea7390c451902e4b1592d396fd,dist/foundation/donor.css + dist/index.html + dist/foundation/accepted-runtime.js,Source extraction; visual parity limited to assurance/PARITY_AND_LIMITATIONS.md,
css_classes,276,searchmeta,PRESERVE_AS_IS,"Original CSS/DOM/event grammar retained; component use is shared, not copied per surface",CEP_LIBRARY_EDITOR_EXECUTABLE_BLUEPRINT_v1.2.17_ACCEPTED_DESIGN_REFERENCE.html,ea66b58ef122bf2f8ca23fd0aa9e461b07da11ea7390c451902e4b1592d396fd,dist/foundation/donor.css + dist/index.html + dist/foundation/accepted-runtime.js,Source extraction; visual parity limited to assurance/PARITY_AND_LIMITATIONS.md,
css_classes,277,secondary,PRESERVE_AS_IS,"Original CSS/DOM/event grammar retained; component use is shared, not copied per surface",CEP_LIBRARY_EDITOR_EXECUTABLE_BLUEPRINT_v1.2.17_ACCEPTED_DESIGN_REFERENCE.html,ea66b58ef122bf2f8ca23fd0aa9e461b07da11ea7390c451902e4b1592d396fd,dist/foundation/donor.css + dist/index.html + dist/foundation/accepted-runtime.js,Source extraction; visual parity limited to assurance/PARITY_AND_LIMITATIONS.md,
css_classes,278,segment,PRESERVE_AS_IS,"Original CSS/DOM/event grammar retained; component use is shared, not copied per surface",CEP_LIBRARY_EDITOR_EXECUTABLE_BLUEPRINT_v1.2.17_ACCEPTED_DESIGN_REFERENCE.html,ea66b58ef122bf2f8ca23fd0aa9e461b07da11ea7390c451902e4b1592d396fd,dist/foundation/donor.css + dist/index.html + dist/foundation/accepted-runtime.js,Source extraction; visual parity limited to assurance/PARITY_AND_LIMITATIONS.md,
css_classes,279,selection-context,PRESERVE_AS_IS,"Original CSS/DOM/event grammar retained; component use is shared, not copied per surface",CEP_LIBRARY_EDITOR_EXECUTABLE_BLUEPRINT_v1.2.17_ACCEPTED_DESIGN_REFERENCE.html,ea66b58ef122bf2f8ca23fd0aa9e461b07da11ea7390c451902e4b1592d396fd,dist/foundation/donor.css + dist/index.html + dist/foundation/accepted-runtime.js,Source extraction; visual parity limited to assurance/PARITY_AND_LIMITATIONS.md,
css_classes,280,selection-more,PRESERVE_AS_IS,"Original CSS/DOM/event grammar retained; component use is shared, not copied per surface",CEP_LIBRARY_EDITOR_EXECUTABLE_BLUEPRINT_v1.2.17_ACCEPTED_DESIGN_REFERENCE.html,ea66b58ef122bf2f8ca23fd0aa9e461b07da11ea7390c451902e4b1592d396fd,dist/foundation/donor.css + dist/index.html + dist/foundation/accepted-runtime.js,Source extraction; visual parity limited to assurance/PARITY_AND_LIMITATIONS.md,
css_classes,281,selection-more-panel,PRESERVE_AS_IS,"Original CSS/DOM/event grammar retained; component use is shared, not copied per surface",CEP_LIBRARY_EDITOR_EXECUTABLE_BLUEPRINT_v1.2.17_ACCEPTED_DESIGN_REFERENCE.html,ea66b58ef122bf2f8ca23fd0aa9e461b07da11ea7390c451902e4b1592d396fd,dist/foundation/donor.css + dist/index.html + dist/foundation/accepted-runtime.js,Source extraction; visual parity limited to assurance/PARITY_AND_LIMITATIONS.md,
css_classes,282,selection-picker,PRESERVE_AS_IS,"Original CSS/DOM/event grammar retained; component use is shared, not copied per surface",CEP_LIBRARY_EDITOR_EXECUTABLE_BLUEPRINT_v1.2.17_ACCEPTED_DESIGN_REFERENCE.html,ea66b58ef122bf2f8ca23fd0aa9e461b07da11ea7390c451902e4b1592d396fd,dist/foundation/donor.css + dist/index.html + dist/foundation/accepted-runtime.js,Source extraction; visual parity limited to assurance/PARITY_AND_LIMITATIONS.md,
css_classes,283,selection-picker-panel,PRESERVE_AS_IS,"Original CSS/DOM/event grammar retained; component use is shared, not copied per surface",CEP_LIBRARY_EDITOR_EXECUTABLE_BLUEPRINT_v1.2.17_ACCEPTED_DESIGN_REFERENCE.html,ea66b58ef122bf2f8ca23fd0aa9e461b07da11ea7390c451902e4b1592d396fd,dist/foundation/donor.css + dist/index.html + dist/foundation/accepted-runtime.js,Source extraction; visual parity limited to assurance/PARITY_AND_LIMITATIONS.md,
css_classes,284,selection-swatch,PRESERVE_AS_IS,"Original CSS/DOM/event grammar retained; component use is shared, not copied per surface",CEP_LIBRARY_EDITOR_EXECUTABLE_BLUEPRINT_v1.2.17_ACCEPTED_DESIGN_REFERENCE.html,ea66b58ef122bf2f8ca23fd0aa9e461b07da11ea7390c451902e4b1592d396fd,dist/foundation/donor.css + dist/index.html + dist/foundation/accepted-runtime.js,Source extraction; visual parity limited to assurance/PARITY_AND_LIMITATIONS.md,
css_classes,285,selection-swatches,PRESERVE_AS_IS,"Original CSS/DOM/event grammar retained; component use is shared, not copied per surface",CEP_LIBRARY_EDITOR_EXECUTABLE_BLUEPRINT_v1.2.17_ACCEPTED_DESIGN_REFERENCE.html,ea66b58ef122bf2f8ca23fd0aa9e461b07da11ea7390c451902e4b1592d396fd,dist/foundation/donor.css + dist/index.html + dist/foundation/accepted-runtime.js,Source extraction; visual parity limited to assurance/PARITY_AND_LIMITATIONS.md,
css_classes,286,selectionbar,PRESERVE_AS_IS,"Original CSS/DOM/event grammar retained; component use is shared, not copied per surface",CEP_LIBRARY_EDITOR_EXECUTABLE_BLUEPRINT_v1.2.17_ACCEPTED_DESIGN_REFERENCE.html,ea66b58ef122bf2f8ca23fd0aa9e461b07da11ea7390c451902e4b1592d396fd,dist/foundation/donor.css + dist/index.html + dist/foundation/accepted-runtime.js,Source extraction; visual parity limited to assurance/PARITY_AND_LIMITATIONS.md,
css_classes,287,semantic,PRESERVE_AS_IS,"Original CSS/DOM/event grammar retained; component use is shared, not copied per surface",CEP_LIBRARY_EDITOR_EXECUTABLE_BLUEPRINT_v1.2.17_ACCEPTED_DESIGN_REFERENCE.html,ea66b58ef122bf2f8ca23fd0aa9e461b07da11ea7390c451902e4b1592d396fd,dist/foundation/donor.css + dist/index.html + dist/foundation/accepted-runtime.js,Source extraction; visual parity limited to assurance/PARITY_AND_LIMITATIONS.md,
css_classes,288,shortcut-dialog,PRESERVE_AS_IS,"Original CSS/DOM/event grammar retained; component use is shared, not copied per surface",CEP_LIBRARY_EDITOR_EXECUTABLE_BLUEPRINT_v1.2.17_ACCEPTED_DESIGN_REFERENCE.html,ea66b58ef122bf2f8ca23fd0aa9e461b07da11ea7390c451902e4b1592d396fd,dist/foundation/donor.css + dist/index.html + dist/foundation/accepted-runtime.js,Source extraction; visual parity limited to assurance/PARITY_AND_LIMITATIONS.md,
css_classes,289,shortcut-intro,PRESERVE_AS_IS,"Original CSS/DOM/event grammar retained; component use is shared, not copied per surface",CEP_LIBRARY_EDITOR_EXECUTABLE_BLUEPRINT_v1.2.17_ACCEPTED_DESIGN_REFERENCE.html,ea66b58ef122bf2f8ca23fd0aa9e461b07da11ea7390c451902e4b1592d396fd,dist/foundation/donor.css + dist/index.html + dist/foundation/accepted-runtime.js,Source extraction; visual parity limited to assurance/PARITY_AND_LIMITATIONS.md,
css_classes,290,shortcut-row,PRESERVE_AS_IS,"Original CSS/DOM/event grammar retained; component use is shared, not copied per surface",CEP_LIBRARY_EDITOR_EXECUTABLE_BLUEPRINT_v1.2.17_ACCEPTED_DESIGN_REFERENCE.html,ea66b58ef122bf2f8ca23fd0aa9e461b07da11ea7390c451902e4b1592d396fd,dist/foundation/donor.css + dist/index.html + dist/foundation/accepted-runtime.js,Source extraction; visual parity limited to assurance/PARITY_AND_LIMITATIONS.md,
css_classes,291,shortcut-section,PRESERVE_AS_IS,"Original CSS/DOM/event grammar retained; component use is shared, not copied per surface",CEP_LIBRARY_EDITOR_EXECUTABLE_BLUEPRINT_v1.2.17_ACCEPTED_DESIGN_REFERENCE.html,ea66b58ef122bf2f8ca23fd0aa9e461b07da11ea7390c451902e4b1592d396fd,dist/foundation/donor.css + dist/index.html + dist/foundation/accepted-runtime.js,Source extraction; visual parity limited to assurance/PARITY_AND_LIMITATIONS.md,
css_classes,292,shortcut-sections,PRESERVE_AS_IS,"Original CSS/DOM/event grammar retained; component use is shared, not copied per surface",CEP_LIBRARY_EDITOR_EXECUTABLE_BLUEPRINT_v1.2.17_ACCEPTED_DESIGN_REFERENCE.html,ea66b58ef122bf2f8ca23fd0aa9e461b07da11ea7390c451902e4b1592d396fd,dist/foundation/donor.css + dist/index.html + dist/foundation/accepted-runtime.js,Source extraction; visual parity limited to assurance/PARITY_AND_LIMITATIONS.md,
css_classes,293,skiplink,PRESERVE_AS_IS,"Original CSS/DOM/event grammar retained; component use is shared, not copied per surface",CEP_LIBRARY_EDITOR_EXECUTABLE_BLUEPRINT_v1.2.17_ACCEPTED_DESIGN_REFERENCE.html,ea66b58ef122bf2f8ca23fd0aa9e461b07da11ea7390c451902e4b1592d396fd,dist/foundation/donor.css + dist/index.html + dist/foundation/accepted-runtime.js,Source extraction; visual parity limited to assurance/PARITY_AND_LIMITATIONS.md,
css_classes,294,sm,PRESERVE_AS_IS,"Original CSS/DOM/event grammar retained; component use is shared, not copied per surface",CEP_LIBRARY_EDITOR_EXECUTABLE_BLUEPRINT_v1.2.17_ACCEPTED_DESIGN_REFERENCE.html,ea66b58ef122bf2f8ca23fd0aa9e461b07da11ea7390c451902e4b1592d396fd,dist/foundation/donor.css + dist/index.html + dist/foundation/accepted-runtime.js,Source extraction; visual parity limited to assurance/PARITY_AND_LIMITATIONS.md,
css_classes,295,soft,PRESERVE_AS_IS,"Original CSS/DOM/event grammar retained; component use is shared, not copied per surface",CEP_LIBRARY_EDITOR_EXECUTABLE_BLUEPRINT_v1.2.17_ACCEPTED_DESIGN_REFERENCE.html,ea66b58ef122bf2f8ca23fd0aa9e461b07da11ea7390c451902e4b1592d396fd,dist/foundation/donor.css + dist/index.html + dist/foundation/accepted-runtime.js,Source extraction; visual parity limited to assurance/PARITY_AND_LIMITATIONS.md,
css_classes,296,source-card,PRESERVE_AS_IS,"Original CSS/DOM/event grammar retained; component use is shared, not copied per surface",CEP_LIBRARY_EDITOR_EXECUTABLE_BLUEPRINT_v1.2.17_ACCEPTED_DESIGN_REFERENCE.html,ea66b58ef122bf2f8ca23fd0aa9e461b07da11ea7390c451902e4b1592d396fd,dist/foundation/donor.css + dist/index.html + dist/foundation/accepted-runtime.js,Source extraction; visual parity limited to assurance/PARITY_AND_LIMITATIONS.md,
css_classes,297,sourcechip,PRESERVE_AS_IS,"Original CSS/DOM/event grammar retained; component use is shared, not copied per surface",CEP_LIBRARY_EDITOR_EXECUTABLE_BLUEPRINT_v1.2.17_ACCEPTED_DESIGN_REFERENCE.html,ea66b58ef122bf2f8ca23fd0aa9e461b07da11ea7390c451902e4b1592d396fd,dist/foundation/donor.css + dist/index.html + dist/foundation/accepted-runtime.js,Source extraction; visual parity limited to assurance/PARITY_AND_LIMITATIONS.md,
css_classes,298,sr,PRESERVE_AS_IS,"Original CSS/DOM/event grammar retained; component use is shared, not copied per surface",CEP_LIBRARY_EDITOR_EXECUTABLE_BLUEPRINT_v1.2.17_ACCEPTED_DESIGN_REFERENCE.html,ea66b58ef122bf2f8ca23fd0aa9e461b07da11ea7390c451902e4b1592d396fd,dist/foundation/donor.css + dist/index.html + dist/foundation/accepted-runtime.js,Source extraction; visual parity limited to assurance/PARITY_AND_LIMITATIONS.md,
css_classes,299,stage,PRESERVE_AS_IS,"Original CSS/DOM/event grammar retained; component use is shared, not copied per surface",CEP_LIBRARY_EDITOR_EXECUTABLE_BLUEPRINT_v1.2.17_ACCEPTED_DESIGN_REFERENCE.html,ea66b58ef122bf2f8ca23fd0aa9e461b07da11ea7390c451902e4b1592d396fd,dist/foundation/donor.css + dist/index.html + dist/foundation/accepted-runtime.js,Source extraction; visual parity limited to assurance/PARITY_AND_LIMITATIONS.md,
css_classes,300,statefab,PRESERVE_AS_IS,"Original CSS/DOM/event grammar retained; component use is shared, not copied per surface",CEP_LIBRARY_EDITOR_EXECUTABLE_BLUEPRINT_v1.2.17_ACCEPTED_DESIGN_REFERENCE.html,ea66b58ef122bf2f8ca23fd0aa9e461b07da11ea7390c451902e4b1592d396fd,dist/foundation/donor.css + dist/index.html + dist/foundation/accepted-runtime.js,Source extraction; visual parity limited to assurance/PARITY_AND_LIMITATIONS.md,
css_classes,301,statelab,PRESERVE_AS_IS,"Original CSS/DOM/event grammar retained; component use is shared, not copied per surface",CEP_LIBRARY_EDITOR_EXECUTABLE_BLUEPRINT_v1.2.17_ACCEPTED_DESIGN_REFERENCE.html,ea66b58ef122bf2f8ca23fd0aa9e461b07da11ea7390c451902e4b1592d396fd,dist/foundation/donor.css + dist/index.html + dist/foundation/accepted-runtime.js,Source extraction; visual parity limited to assurance/PARITY_AND_LIMITATIONS.md,
css_classes,302,static,PRESERVE_AS_IS,"Original CSS/DOM/event grammar retained; component use is shared, not copied per surface",CEP_LIBRARY_EDITOR_EXECUTABLE_BLUEPRINT_v1.2.17_ACCEPTED_DESIGN_REFERENCE.html,ea66b58ef122bf2f8ca23fd0aa9e461b07da11ea7390c451902e4b1592d396fd,dist/foundation/donor.css + dist/index.html + dist/foundation/accepted-runtime.js,Source extraction; visual parity limited to assurance/PARITY_AND_LIMITATIONS.md,
css_classes,303,structure-footer,PRESERVE_AS_IS,"Original CSS/DOM/event grammar retained; component use is shared, not copied per surface",CEP_LIBRARY_EDITOR_EXECUTABLE_BLUEPRINT_v1.2.17_ACCEPTED_DESIGN_REFERENCE.html,ea66b58ef122bf2f8ca23fd0aa9e461b07da11ea7390c451902e4b1592d396fd,dist/foundation/donor.css + dist/index.html + dist/foundation/accepted-runtime.js,Source extraction; visual parity limited to assurance/PARITY_AND_LIMITATIONS.md,
css_classes,304,structure-shell,PRESERVE_AS_IS,"Original CSS/DOM/event grammar retained; component use is shared, not copied per surface",CEP_LIBRARY_EDITOR_EXECUTABLE_BLUEPRINT_v1.2.17_ACCEPTED_DESIGN_REFERENCE.html,ea66b58ef122bf2f8ca23fd0aa9e461b07da11ea7390c451902e4b1592d396fd,dist/foundation/donor.css + dist/index.html + dist/foundation/accepted-runtime.js,Source extraction; visual parity limited to assurance/PARITY_AND_LIMITATIONS.md,
css_classes,305,structureempty,PRESERVE_AS_IS,"Original CSS/DOM/event grammar retained; component use is shared, not copied per surface",CEP_LIBRARY_EDITOR_EXECUTABLE_BLUEPRINT_v1.2.17_ACCEPTED_DESIGN_REFERENCE.html,ea66b58ef122bf2f8ca23fd0aa9e461b07da11ea7390c451902e4b1592d396fd,dist/foundation/donor.css + dist/index.html + dist/foundation/accepted-runtime.js,Source extraction; visual parity limited to assurance/PARITY_AND_LIMITATIONS.md,
css_classes,306,structurepanel,PRESERVE_AS_IS,"Original CSS/DOM/event grammar retained; component use is shared, not copied per surface",CEP_LIBRARY_EDITOR_EXECUTABLE_BLUEPRINT_v1.2.17_ACCEPTED_DESIGN_REFERENCE.html,ea66b58ef122bf2f8ca23fd0aa9e461b07da11ea7390c451902e4b1592d396fd,dist/foundation/donor.css + dist/index.html + dist/foundation/accepted-runtime.js,Source extraction; visual parity limited to assurance/PARITY_AND_LIMITATIONS.md,
css_classes,307,structuretree,PRESERVE_AS_IS,"Original CSS/DOM/event grammar retained; component use is shared, not copied per surface",CEP_LIBRARY_EDITOR_EXECUTABLE_BLUEPRINT_v1.2.17_ACCEPTED_DESIGN_REFERENCE.html,ea66b58ef122bf2f8ca23fd0aa9e461b07da11ea7390c451902e4b1592d396fd,dist/foundation/donor.css + dist/index.html + dist/foundation/accepted-runtime.js,Source extraction; visual parity limited to assurance/PARITY_AND_LIMITATIONS.md,
css_classes,308,structurewrap,PRESERVE_AS_IS,"Original CSS/DOM/event grammar retained; component use is shared, not copied per surface",CEP_LIBRARY_EDITOR_EXECUTABLE_BLUEPRINT_v1.2.17_ACCEPTED_DESIGN_REFERENCE.html,ea66b58ef122bf2f8ca23fd0aa9e461b07da11ea7390c451902e4b1592d396fd,dist/foundation/donor.css + dist/index.html + dist/foundation/accepted-runtime.js,Source extraction; visual parity limited to assurance/PARITY_AND_LIMITATIONS.md,
css_classes,309,style-choice,PRESERVE_AS_IS,"Original CSS/DOM/event grammar retained; component use is shared, not copied per surface",CEP_LIBRARY_EDITOR_EXECUTABLE_BLUEPRINT_v1.2.17_ACCEPTED_DESIGN_REFERENCE.html,ea66b58ef122bf2f8ca23fd0aa9e461b07da11ea7390c451902e4b1592d396fd,dist/foundation/donor.css + dist/index.html + dist/foundation/accepted-runtime.js,Source extraction; visual parity limited to assurance/PARITY_AND_LIMITATIONS.md,
css_classes,310,style-panel,PRESERVE_AS_IS,"Original CSS/DOM/event grammar retained; component use is shared, not copied per surface",CEP_LIBRARY_EDITOR_EXECUTABLE_BLUEPRINT_v1.2.17_ACCEPTED_DESIGN_REFERENCE.html,ea66b58ef122bf2f8ca23fd0aa9e461b07da11ea7390c451902e4b1592d396fd,dist/foundation/donor.css + dist/index.html + dist/foundation/accepted-runtime.js,Source extraction; visual parity limited to assurance/PARITY_AND_LIMITATIONS.md,
css_classes,311,style-reset,PRESERVE_AS_IS,"Original CSS/DOM/event grammar retained; component use is shared, not copied per surface",CEP_LIBRARY_EDITOR_EXECUTABLE_BLUEPRINT_v1.2.17_ACCEPTED_DESIGN_REFERENCE.html,ea66b58ef122bf2f8ca23fd0aa9e461b07da11ea7390c451902e4b1592d396fd,dist/foundation/donor.css + dist/index.html + dist/foundation/accepted-runtime.js,Source extraction; visual parity limited to assurance/PARITY_AND_LIMITATIONS.md,
css_classes,312,style-reset-wrap,PRESERVE_AS_IS,"Original CSS/DOM/event grammar retained; component use is shared, not copied per surface",CEP_LIBRARY_EDITOR_EXECUTABLE_BLUEPRINT_v1.2.17_ACCEPTED_DESIGN_REFERENCE.html,ea66b58ef122bf2f8ca23fd0aa9e461b07da11ea7390c451902e4b1592d396fd,dist/foundation/donor.css + dist/index.html + dist/foundation/accepted-runtime.js,Source extraction; visual parity limited to assurance/PARITY_AND_LIMITATIONS.md,
css_classes,313,style-segment,PRESERVE_AS_IS,"Original CSS/DOM/event grammar retained; component use is shared, not copied per surface",CEP_LIBRARY_EDITOR_EXECUTABLE_BLUEPRINT_v1.2.17_ACCEPTED_DESIGN_REFERENCE.html,ea66b58ef122bf2f8ca23fd0aa9e461b07da11ea7390c451902e4b1592d396fd,dist/foundation/donor.css + dist/index.html + dist/foundation/accepted-runtime.js,Source extraction; visual parity limited to assurance/PARITY_AND_LIMITATIONS.md,
css_classes,314,style-swatches,PRESERVE_AS_IS,"Original CSS/DOM/event grammar retained; component use is shared, not copied per surface",CEP_LIBRARY_EDITOR_EXECUTABLE_BLUEPRINT_v1.2.17_ACCEPTED_DESIGN_REFERENCE.html,ea66b58ef122bf2f8ca23fd0aa9e461b07da11ea7390c451902e4b1592d396fd,dist/foundation/donor.css + dist/index.html + dist/foundation/accepted-runtime.js,Source extraction; visual parity limited to assurance/PARITY_AND_LIMITATIONS.md,
css_classes,315,subtle,PRESERVE_AS_IS,"Original CSS/DOM/event grammar retained; component use is shared, not copied per surface",CEP_LIBRARY_EDITOR_EXECUTABLE_BLUEPRINT_v1.2.17_ACCEPTED_DESIGN_REFERENCE.html,ea66b58ef122bf2f8ca23fd0aa9e461b07da11ea7390c451902e4b1592d396fd,dist/foundation/donor.css + dist/index.html + dist/foundation/accepted-runtime.js,Source extraction; visual parity limited to assurance/PARITY_AND_LIMITATIONS.md,
css_classes,316,swatch,PRESERVE_AS_IS,"Original CSS/DOM/event grammar retained; component use is shared, not copied per surface",CEP_LIBRARY_EDITOR_EXECUTABLE_BLUEPRINT_v1.2.17_ACCEPTED_DESIGN_REFERENCE.html,ea66b58ef122bf2f8ca23fd0aa9e461b07da11ea7390c451902e4b1592d396fd,dist/foundation/donor.css + dist/index.html + dist/foundation/accepted-runtime.js,Source extraction; visual parity limited to assurance/PARITY_AND_LIMITATIONS.md,
css_classes,317,swatch-choice,PRESERVE_AS_IS,"Original CSS/DOM/event grammar retained; component use is shared, not copied per surface",CEP_LIBRARY_EDITOR_EXECUTABLE_BLUEPRINT_v1.2.17_ACCEPTED_DESIGN_REFERENCE.html,ea66b58ef122bf2f8ca23fd0aa9e461b07da11ea7390c451902e4b1592d396fd,dist/foundation/donor.css + dist/index.html + dist/foundation/accepted-runtime.js,Source extraction; visual parity limited to assurance/PARITY_AND_LIMITATIONS.md,
css_classes,318,switch,PRESERVE_AS_IS,"Original CSS/DOM/event grammar retained; component use is shared, not copied per surface",CEP_LIBRARY_EDITOR_EXECUTABLE_BLUEPRINT_v1.2.17_ACCEPTED_DESIGN_REFERENCE.html,ea66b58ef122bf2f8ca23fd0aa9e461b07da11ea7390c451902e4b1592d396fd,dist/foundation/donor.css + dist/index.html + dist/foundation/accepted-runtime.js,Source extraction; visual parity limited to assurance/PARITY_AND_LIMITATIONS.md,
css_classes,319,syn,PRESERVE_AS_IS,"Original CSS/DOM/event grammar retained; component use is shared, not copied per surface",CEP_LIBRARY_EDITOR_EXECUTABLE_BLUEPRINT_v1.2.17_ACCEPTED_DESIGN_REFERENCE.html,ea66b58ef122bf2f8ca23fd0aa9e461b07da11ea7390c451902e4b1592d396fd,dist/foundation/donor.css + dist/index.html + dist/foundation/accepted-runtime.js,Source extraction; visual parity limited to assurance/PARITY_AND_LIMITATIONS.md,
css_classes,320,tags,PRESERVE_AS_IS,"Original CSS/DOM/event grammar retained; component use is shared, not copied per surface",CEP_LIBRARY_EDITOR_EXECUTABLE_BLUEPRINT_v1.2.17_ACCEPTED_DESIGN_REFERENCE.html,ea66b58ef122bf2f8ca23fd0aa9e461b07da11ea7390c451902e4b1592d396fd,dist/foundation/donor.css + dist/index.html + dist/foundation/accepted-runtime.js,Source extraction; visual parity limited to assurance/PARITY_AND_LIMITATIONS.md,
css_classes,321,tags-inline,PRESERVE_AS_IS,"Original CSS/DOM/event grammar retained; component use is shared, not copied per surface",CEP_LIBRARY_EDITOR_EXECUTABLE_BLUEPRINT_v1.2.17_ACCEPTED_DESIGN_REFERENCE.html,ea66b58ef122bf2f8ca23fd0aa9e461b07da11ea7390c451902e4b1592d396fd,dist/foundation/donor.css + dist/index.html + dist/foundation/accepted-runtime.js,Source extraction; visual parity limited to assurance/PARITY_AND_LIMITATIONS.md,
css_classes,322,tech,PRESERVE_AS_IS,"Original CSS/DOM/event grammar retained; component use is shared, not copied per surface",CEP_LIBRARY_EDITOR_EXECUTABLE_BLUEPRINT_v1.2.17_ACCEPTED_DESIGN_REFERENCE.html,ea66b58ef122bf2f8ca23fd0aa9e461b07da11ea7390c451902e4b1592d396fd,dist/foundation/donor.css + dist/index.html + dist/foundation/accepted-runtime.js,Source extraction; visual parity limited to assurance/PARITY_AND_LIMITATIONS.md,
css_classes,323,tg,PRESERVE_AS_IS,"Original CSS/DOM/event grammar retained; component use is shared, not copied per surface",CEP_LIBRARY_EDITOR_EXECUTABLE_BLUEPRINT_v1.2.17_ACCEPTED_DESIGN_REFERENCE.html,ea66b58ef122bf2f8ca23fd0aa9e461b07da11ea7390c451902e4b1592d396fd,dist/foundation/donor.css + dist/index.html + dist/foundation/accepted-runtime.js,Source extraction; visual parity limited to assurance/PARITY_AND_LIMITATIONS.md,
css_classes,324,theme-cycle,PRESERVE_AS_IS,"Original CSS/DOM/event grammar retained; component use is shared, not copied per surface",CEP_LIBRARY_EDITOR_EXECUTABLE_BLUEPRINT_v1.2.17_ACCEPTED_DESIGN_REFERENCE.html,ea66b58ef122bf2f8ca23fd0aa9e461b07da11ea7390c451902e4b1592d396fd,dist/foundation/donor.css + dist/index.html + dist/foundation/accepted-runtime.js,Source extraction; visual parity limited to assurance/PARITY_AND_LIMITATIONS.md,
css_classes,325,title,PRESERVE_AS_IS,"Original CSS/DOM/event grammar retained; component use is shared, not copied per surface",CEP_LIBRARY_EDITOR_EXECUTABLE_BLUEPRINT_v1.2.17_ACCEPTED_DESIGN_REFERENCE.html,ea66b58ef122bf2f8ca23fd0aa9e461b07da11ea7390c451902e4b1592d396fd,dist/foundation/donor.css + dist/index.html + dist/foundation/accepted-runtime.js,Source extraction; visual parity limited to assurance/PARITY_AND_LIMITATIONS.md,
css_classes,326,titlerow,PRESERVE_AS_IS,"Original CSS/DOM/event grammar retained; component use is shared, not copied per surface",CEP_LIBRARY_EDITOR_EXECUTABLE_BLUEPRINT_v1.2.17_ACCEPTED_DESIGN_REFERENCE.html,ea66b58ef122bf2f8ca23fd0aa9e461b07da11ea7390c451902e4b1592d396fd,dist/foundation/donor.css + dist/index.html + dist/foundation/accepted-runtime.js,Source extraction; visual parity limited to assurance/PARITY_AND_LIMITATIONS.md,
css_classes,327,toaststack,PRESERVE_AS_IS,"Original CSS/DOM/event grammar retained; component use is shared, not copied per surface",CEP_LIBRARY_EDITOR_EXECUTABLE_BLUEPRINT_v1.2.17_ACCEPTED_DESIGN_REFERENCE.html,ea66b58ef122bf2f8ca23fd0aa9e461b07da11ea7390c451902e4b1592d396fd,dist/foundation/donor.css + dist/index.html + dist/foundation/accepted-runtime.js,Source extraction; visual parity limited to assurance/PARITY_AND_LIMITATIONS.md,
css_classes,328,toggle-children,PRESERVE_AS_IS,"Original CSS/DOM/event grammar retained; component use is shared, not copied per surface",CEP_LIBRARY_EDITOR_EXECUTABLE_BLUEPRINT_v1.2.17_ACCEPTED_DESIGN_REFERENCE.html,ea66b58ef122bf2f8ca23fd0aa9e461b07da11ea7390c451902e4b1592d396fd,dist/foundation/donor.css + dist/index.html + dist/foundation/accepted-runtime.js,Source extraction; visual parity limited to assurance/PARITY_AND_LIMITATIONS.md,
css_classes,329,toggle-contract-table,PRESERVE_AS_IS,"Original CSS/DOM/event grammar retained; component use is shared, not copied per surface",CEP_LIBRARY_EDITOR_EXECUTABLE_BLUEPRINT_v1.2.17_ACCEPTED_DESIGN_REFERENCE.html,ea66b58ef122bf2f8ca23fd0aa9e461b07da11ea7390c451902e4b1592d396fd,dist/foundation/donor.css + dist/index.html + dist/foundation/accepted-runtime.js,Source extraction; visual parity limited to assurance/PARITY_AND_LIMITATIONS.md,
css_classes,330,toggle-count,PRESERVE_AS_IS,"Original CSS/DOM/event grammar retained; component use is shared, not copied per surface",CEP_LIBRARY_EDITOR_EXECUTABLE_BLUEPRINT_v1.2.17_ACCEPTED_DESIGN_REFERENCE.html,ea66b58ef122bf2f8ca23fd0aa9e461b07da11ea7390c451902e4b1592d396fd,dist/foundation/donor.css + dist/index.html + dist/foundation/accepted-runtime.js,Source extraction; visual parity limited to assurance/PARITY_AND_LIMITATIONS.md,
css_classes,331,toggle-empty,PRESERVE_AS_IS,"Original CSS/DOM/event grammar retained; component use is shared, not copied per surface",CEP_LIBRARY_EDITOR_EXECUTABLE_BLUEPRINT_v1.2.17_ACCEPTED_DESIGN_REFERENCE.html,ea66b58ef122bf2f8ca23fd0aa9e461b07da11ea7390c451902e4b1592d396fd,dist/foundation/donor.css + dist/index.html + dist/foundation/accepted-runtime.js,Source extraction; visual parity limited to assurance/PARITY_AND_LIMITATIONS.md,
css_classes,332,toggle-head,PRESERVE_AS_IS,"Original CSS/DOM/event grammar retained; component use is shared, not copied per surface",CEP_LIBRARY_EDITOR_EXECUTABLE_BLUEPRINT_v1.2.17_ACCEPTED_DESIGN_REFERENCE.html,ea66b58ef122bf2f8ca23fd0aa9e461b07da11ea7390c451902e4b1592d396fd,dist/foundation/donor.css + dist/index.html + dist/foundation/accepted-runtime.js,Source extraction; visual parity limited to assurance/PARITY_AND_LIMITATIONS.md,
css_classes,333,toggle-shell,PRESERVE_AS_IS,"Original CSS/DOM/event grammar retained; component use is shared, not copied per surface",CEP_LIBRARY_EDITOR_EXECUTABLE_BLUEPRINT_v1.2.17_ACCEPTED_DESIGN_REFERENCE.html,ea66b58ef122bf2f8ca23fd0aa9e461b07da11ea7390c451902e4b1592d396fd,dist/foundation/donor.css + dist/index.html + dist/foundation/accepted-runtime.js,Source extraction; visual parity limited to assurance/PARITY_AND_LIMITATIONS.md,
css_classes,334,toggle-title,PRESERVE_AS_IS,"Original CSS/DOM/event grammar retained; component use is shared, not copied per surface",CEP_LIBRARY_EDITOR_EXECUTABLE_BLUEPRINT_v1.2.17_ACCEPTED_DESIGN_REFERENCE.html,ea66b58ef122bf2f8ca23fd0aa9e461b07da11ea7390c451902e4b1592d396fd,dist/foundation/donor.css + dist/index.html + dist/foundation/accepted-runtime.js,Source extraction; visual parity limited to assurance/PARITY_AND_LIMITATIONS.md,
css_classes,335,toggle-trigger,PRESERVE_AS_IS,"Original CSS/DOM/event grammar retained; component use is shared, not copied per surface",CEP_LIBRARY_EDITOR_EXECUTABLE_BLUEPRINT_v1.2.17_ACCEPTED_DESIGN_REFERENCE.html,ea66b58ef122bf2f8ca23fd0aa9e461b07da11ea7390c451902e4b1592d396fd,dist/foundation/donor.css + dist/index.html + dist/foundation/accepted-runtime.js,Source extraction; visual parity limited to assurance/PARITY_AND_LIMITATIONS.md,
css_classes,336,toolbar,PRESERVE_AS_IS,"Original CSS/DOM/event grammar retained; component use is shared, not copied per surface",CEP_LIBRARY_EDITOR_EXECUTABLE_BLUEPRINT_v1.2.17_ACCEPTED_DESIGN_REFERENCE.html,ea66b58ef122bf2f8ca23fd0aa9e461b07da11ea7390c451902e4b1592d396fd,dist/foundation/donor.css + dist/index.html + dist/foundation/accepted-runtime.js,Source extraction; visual parity limited to assurance/PARITY_AND_LIMITATIONS.md,
css_classes,337,transient-panel-head,PRESERVE_AS_IS,"Original CSS/DOM/event grammar retained; component use is shared, not copied per surface",CEP_LIBRARY_EDITOR_EXECUTABLE_BLUEPRINT_v1.2.17_ACCEPTED_DESIGN_REFERENCE.html,ea66b58ef122bf2f8ca23fd0aa9e461b07da11ea7390c451902e4b1592d396fd,dist/foundation/donor.css + dist/index.html + dist/foundation/accepted-runtime.js,Source extraction; visual parity limited to assurance/PARITY_AND_LIMITATIONS.md,
css_classes,338,tree-scroll,PRESERVE_AS_IS,"Original CSS/DOM/event grammar retained; component use is shared, not copied per surface",CEP_LIBRARY_EDITOR_EXECUTABLE_BLUEPRINT_v1.2.17_ACCEPTED_DESIGN_REFERENCE.html,ea66b58ef122bf2f8ca23fd0aa9e461b07da11ea7390c451902e4b1592d396fd,dist/foundation/donor.css + dist/index.html + dist/foundation/accepted-runtime.js,Source extraction; visual parity limited to assurance/PARITY_AND_LIMITATIONS.md,
css_classes,339,tree-secondary,PRESERVE_AS_IS,"Original CSS/DOM/event grammar retained; component use is shared, not copied per surface",CEP_LIBRARY_EDITOR_EXECUTABLE_BLUEPRINT_v1.2.17_ACCEPTED_DESIGN_REFERENCE.html,ea66b58ef122bf2f8ca23fd0aa9e461b07da11ea7390c451902e4b1592d396fd,dist/foundation/donor.css + dist/index.html + dist/foundation/accepted-runtime.js,Source extraction; visual parity limited to assurance/PARITY_AND_LIMITATIONS.md,
css_classes,340,treeclear,PRESERVE_AS_IS,"Original CSS/DOM/event grammar retained; component use is shared, not copied per surface",CEP_LIBRARY_EDITOR_EXECUTABLE_BLUEPRINT_v1.2.17_ACCEPTED_DESIGN_REFERENCE.html,ea66b58ef122bf2f8ca23fd0aa9e461b07da11ea7390c451902e4b1592d396fd,dist/foundation/donor.css + dist/index.html + dist/foundation/accepted-runtime.js,Source extraction; visual parity limited to assurance/PARITY_AND_LIMITATIONS.md,
css_classes,341,treecount,PRESERVE_AS_IS,"Original CSS/DOM/event grammar retained; component use is shared, not copied per surface",CEP_LIBRARY_EDITOR_EXECUTABLE_BLUEPRINT_v1.2.17_ACCEPTED_DESIGN_REFERENCE.html,ea66b58ef122bf2f8ca23fd0aa9e461b07da11ea7390c451902e4b1592d396fd,dist/foundation/donor.css + dist/index.html + dist/foundation/accepted-runtime.js,Source extraction; visual parity limited to assurance/PARITY_AND_LIMITATIONS.md,
css_classes,342,treeexp,PRESERVE_AS_IS,"Original CSS/DOM/event grammar retained; component use is shared, not copied per surface",CEP_LIBRARY_EDITOR_EXECUTABLE_BLUEPRINT_v1.2.17_ACCEPTED_DESIGN_REFERENCE.html,ea66b58ef122bf2f8ca23fd0aa9e461b07da11ea7390c451902e4b1592d396fd,dist/foundation/donor.css + dist/index.html + dist/foundation/accepted-runtime.js,Source extraction; visual parity limited to assurance/PARITY_AND_LIMITATIONS.md,
css_classes,343,treeico,PRESERVE_AS_IS,"Original CSS/DOM/event grammar retained; component use is shared, not copied per surface",CEP_LIBRARY_EDITOR_EXECUTABLE_BLUEPRINT_v1.2.17_ACCEPTED_DESIGN_REFERENCE.html,ea66b58ef122bf2f8ca23fd0aa9e461b07da11ea7390c451902e4b1592d396fd,dist/foundation/donor.css + dist/index.html + dist/foundation/accepted-runtime.js,Source extraction; visual parity limited to assurance/PARITY_AND_LIMITATIONS.md,
css_classes,344,treeid,PRESERVE_AS_IS,"Original CSS/DOM/event grammar retained; component use is shared, not copied per surface",CEP_LIBRARY_EDITOR_EXECUTABLE_BLUEPRINT_v1.2.17_ACCEPTED_DESIGN_REFERENCE.html,ea66b58ef122bf2f8ca23fd0aa9e461b07da11ea7390c451902e4b1592d396fd,dist/foundation/donor.css + dist/index.html + dist/foundation/accepted-runtime.js,Source extraction; visual parity limited to assurance/PARITY_AND_LIMITATIONS.md,
css_classes,345,treelabel,PRESERVE_AS_IS,"Original CSS/DOM/event grammar retained; component use is shared, not copied per surface",CEP_LIBRARY_EDITOR_EXECUTABLE_BLUEPRINT_v1.2.17_ACCEPTED_DESIGN_REFERENCE.html,ea66b58ef122bf2f8ca23fd0aa9e461b07da11ea7390c451902e4b1592d396fd,dist/foundation/donor.css + dist/index.html + dist/foundation/accepted-runtime.js,Source extraction; visual parity limited to assurance/PARITY_AND_LIMITATIONS.md,
css_classes,346,treematch,PRESERVE_AS_IS,"Original CSS/DOM/event grammar retained; component use is shared, not copied per surface",CEP_LIBRARY_EDITOR_EXECUTABLE_BLUEPRINT_v1.2.17_ACCEPTED_DESIGN_REFERENCE.html,ea66b58ef122bf2f8ca23fd0aa9e461b07da11ea7390c451902e4b1592d396fd,dist/foundation/donor.css + dist/index.html + dist/foundation/accepted-runtime.js,Source extraction; visual parity limited to assurance/PARITY_AND_LIMITATIONS.md,
css_classes,347,treesearch,PRESERVE_AS_IS,"Original CSS/DOM/event grammar retained; component use is shared, not copied per surface",CEP_LIBRARY_EDITOR_EXECUTABLE_BLUEPRINT_v1.2.17_ACCEPTED_DESIGN_REFERENCE.html,ea66b58ef122bf2f8ca23fd0aa9e461b07da11ea7390c451902e4b1592d396fd,dist/foundation/donor.css + dist/index.html + dist/foundation/accepted-runtime.js,Source extraction; visual parity limited to assurance/PARITY_AND_LIMITATIONS.md,
css_classes,348,treetitle,PRESERVE_AS_IS,"Original CSS/DOM/event grammar retained; component use is shared, not copied per surface",CEP_LIBRARY_EDITOR_EXECUTABLE_BLUEPRINT_v1.2.17_ACCEPTED_DESIGN_REFERENCE.html,ea66b58ef122bf2f8ca23fd0aa9e461b07da11ea7390c451902e4b1592d396fd,dist/foundation/donor.css + dist/index.html + dist/foundation/accepted-runtime.js,Source extraction; visual parity limited to assurance/PARITY_AND_LIMITATIONS.md,
css_classes,349,txt,PRESERVE_AS_IS,"Original CSS/DOM/event grammar retained; component use is shared, not copied per surface",CEP_LIBRARY_EDITOR_EXECUTABLE_BLUEPRINT_v1.2.17_ACCEPTED_DESIGN_REFERENCE.html,ea66b58ef122bf2f8ca23fd0aa9e461b07da11ea7390c451902e4b1592d396fd,dist/foundation/donor.css + dist/index.html + dist/foundation/accepted-runtime.js,Source extraction; visual parity limited to assurance/PARITY_AND_LIMITATIONS.md,
css_classes,350,typed-card,PRESERVE_AS_IS,"Original CSS/DOM/event grammar retained; component use is shared, not copied per surface",CEP_LIBRARY_EDITOR_EXECUTABLE_BLUEPRINT_v1.2.17_ACCEPTED_DESIGN_REFERENCE.html,ea66b58ef122bf2f8ca23fd0aa9e461b07da11ea7390c451902e4b1592d396fd,dist/foundation/donor.css + dist/index.html + dist/foundation/accepted-runtime.js,Source extraction; visual parity limited to assurance/PARITY_AND_LIMITATIONS.md,
css_classes,351,typed-icon,PRESERVE_AS_IS,"Original CSS/DOM/event grammar retained; component use is shared, not copied per surface",CEP_LIBRARY_EDITOR_EXECUTABLE_BLUEPRINT_v1.2.17_ACCEPTED_DESIGN_REFERENCE.html,ea66b58ef122bf2f8ca23fd0aa9e461b07da11ea7390c451902e4b1592d396fd,dist/foundation/donor.css + dist/index.html + dist/foundation/accepted-runtime.js,Source extraction; visual parity limited to assurance/PARITY_AND_LIMITATIONS.md,
css_classes,352,typed-lens-list,PRESERVE_AS_IS,"Original CSS/DOM/event grammar retained; component use is shared, not copied per surface",CEP_LIBRARY_EDITOR_EXECUTABLE_BLUEPRINT_v1.2.17_ACCEPTED_DESIGN_REFERENCE.html,ea66b58ef122bf2f8ca23fd0aa9e461b07da11ea7390c451902e4b1592d396fd,dist/foundation/donor.css + dist/index.html + dist/foundation/accepted-runtime.js,Source extraction; visual parity limited to assurance/PARITY_AND_LIMITATIONS.md,
css_classes,353,typed-meta,PRESERVE_AS_IS,"Original CSS/DOM/event grammar retained; component use is shared, not copied per surface",CEP_LIBRARY_EDITOR_EXECUTABLE_BLUEPRINT_v1.2.17_ACCEPTED_DESIGN_REFERENCE.html,ea66b58ef122bf2f8ca23fd0aa9e461b07da11ea7390c451902e4b1592d396fd,dist/foundation/donor.css + dist/index.html + dist/foundation/accepted-runtime.js,Source extraction; visual parity limited to assurance/PARITY_AND_LIMITATIONS.md,
css_classes,354,v,PRESERVE_AS_IS,"Original CSS/DOM/event grammar retained; component use is shared, not copied per surface",CEP_LIBRARY_EDITOR_EXECUTABLE_BLUEPRINT_v1.2.17_ACCEPTED_DESIGN_REFERENCE.html,ea66b58ef122bf2f8ca23fd0aa9e461b07da11ea7390c451902e4b1592d396fd,dist/foundation/donor.css + dist/index.html + dist/foundation/accepted-runtime.js,Source extraction; visual parity limited to assurance/PARITY_AND_LIMITATIONS.md,
css_classes,355,vline,PRESERVE_AS_IS,"Original CSS/DOM/event grammar retained; component use is shared, not copied per surface",CEP_LIBRARY_EDITOR_EXECUTABLE_BLUEPRINT_v1.2.17_ACCEPTED_DESIGN_REFERENCE.html,ea66b58ef122bf2f8ca23fd0aa9e461b07da11ea7390c451902e4b1592d396fd,dist/foundation/donor.css + dist/index.html + dist/foundation/accepted-runtime.js,Source extraction; visual parity limited to assurance/PARITY_AND_LIMITATIONS.md,
css_classes,356,w02nav,PRESERVE_AS_IS,"Original CSS/DOM/event grammar retained; component use is shared, not copied per surface",CEP_LIBRARY_EDITOR_EXECUTABLE_BLUEPRINT_v1.2.17_ACCEPTED_DESIGN_REFERENCE.html,ea66b58ef122bf2f8ca23fd0aa9e461b07da11ea7390c451902e4b1592d396fd,dist/foundation/donor.css + dist/index.html + dist/foundation/accepted-runtime.js,Source extraction; visual parity limited to assurance/PARITY_AND_LIMITATIONS.md,
css_classes,357,warn,PRESERVE_AS_IS,"Original CSS/DOM/event grammar retained; component use is shared, not copied per surface",CEP_LIBRARY_EDITOR_EXECUTABLE_BLUEPRINT_v1.2.17_ACCEPTED_DESIGN_REFERENCE.html,ea66b58ef122bf2f8ca23fd0aa9e461b07da11ea7390c451902e4b1592d396fd,dist/foundation/donor.css + dist/index.html + dist/foundation/accepted-runtime.js,Source extraction; visual parity limited to assurance/PARITY_AND_LIMITATIONS.md,
css_classes,358,width-presets,PRESERVE_AS_IS,"Original CSS/DOM/event grammar retained; component use is shared, not copied per surface",CEP_LIBRARY_EDITOR_EXECUTABLE_BLUEPRINT_v1.2.17_ACCEPTED_DESIGN_REFERENCE.html,ea66b58ef122bf2f8ca23fd0aa9e461b07da11ea7390c451902e4b1592d396fd,dist/foundation/donor.css + dist/index.html + dist/foundation/accepted-runtime.js,Source extraction; visual parity limited to assurance/PARITY_AND_LIMITATIONS.md,
css_classes,359,workrow,PRESERVE_AS_IS,"Original CSS/DOM/event grammar retained; component use is shared, not copied per surface",CEP_LIBRARY_EDITOR_EXECUTABLE_BLUEPRINT_v1.2.17_ACCEPTED_DESIGN_REFERENCE.html,ea66b58ef122bf2f8ca23fd0aa9e461b07da11ea7390c451902e4b1592d396fd,dist/foundation/donor.css + dist/index.html + dist/foundation/accepted-runtime.js,Source extraction; visual parity limited to assurance/PARITY_AND_LIMITATIONS.md,
css_classes,360,workspacepop,PRESERVE_AS_IS,"Original CSS/DOM/event grammar retained; component use is shared, not copied per surface",CEP_LIBRARY_EDITOR_EXECUTABLE_BLUEPRINT_v1.2.17_ACCEPTED_DESIGN_REFERENCE.html,ea66b58ef122bf2f8ca23fd0aa9e461b07da11ea7390c451902e4b1592d396fd,dist/foundation/donor.css + dist/index.html + dist/foundation/accepted-runtime.js,Source extraction; visual parity limited to assurance/PARITY_AND_LIMITATIONS.md,
html_ids,1,assertiveLive,PRESERVE_AS_IS,"Original CSS/DOM/event grammar retained; component use is shared, not copied per surface",CEP_LIBRARY_EDITOR_EXECUTABLE_BLUEPRINT_v1.2.17_ACCEPTED_DESIGN_REFERENCE.html,ea66b58ef122bf2f8ca23fd0aa9e461b07da11ea7390c451902e4b1592d396fd,dist/foundation/donor.css + dist/index.html + dist/foundation/accepted-runtime.js,Source extraction; visual parity limited to assurance/PARITY_AND_LIMITATIONS.md,
html_ids,2,bannerKuId,PRESERVE_AS_IS,"Original CSS/DOM/event grammar retained; component use is shared, not copied per surface",CEP_LIBRARY_EDITOR_EXECUTABLE_BLUEPRINT_v1.2.17_ACCEPTED_DESIGN_REFERENCE.html,ea66b58ef122bf2f8ca23fd0aa9e461b07da11ea7390c451902e4b1592d396fd,dist/foundation/donor.css + dist/index.html + dist/foundation/accepted-runtime.js,Source extraction; visual parity limited to assurance/PARITY_AND_LIMITATIONS.md,
html_ids,3,bannerTitle,PRESERVE_AS_IS,"Original CSS/DOM/event grammar retained; component use is shared, not copied per surface",CEP_LIBRARY_EDITOR_EXECUTABLE_BLUEPRINT_v1.2.17_ACCEPTED_DESIGN_REFERENCE.html,ea66b58ef122bf2f8ca23fd0aa9e461b07da11ea7390c451902e4b1592d396fd,dist/foundation/donor.css + dist/index.html + dist/foundation/accepted-runtime.js,Source extraction; visual parity limited to assurance/PARITY_AND_LIMITATIONS.md,
html_ids,4,blockList,PRESERVE_AS_IS,"Original CSS/DOM/event grammar retained; component use is shared, not copied per surface",CEP_LIBRARY_EDITOR_EXECUTABLE_BLUEPRINT_v1.2.17_ACCEPTED_DESIGN_REFERENCE.html,ea66b58ef122bf2f8ca23fd0aa9e461b07da11ea7390c451902e4b1592d396fd,dist/foundation/donor.css + dist/index.html + dist/foundation/accepted-runtime.js,Source extraction; visual parity limited to assurance/PARITY_AND_LIMITATIONS.md,
html_ids,5,blockMarquee,PRESERVE_AS_IS,"Original CSS/DOM/event grammar retained; component use is shared, not copied per surface",CEP_LIBRARY_EDITOR_EXECUTABLE_BLUEPRINT_v1.2.17_ACCEPTED_DESIGN_REFERENCE.html,ea66b58ef122bf2f8ca23fd0aa9e461b07da11ea7390c451902e4b1592d396fd,dist/foundation/donor.css + dist/index.html + dist/foundation/accepted-runtime.js,Source extraction; visual parity limited to assurance/PARITY_AND_LIMITATIONS.md,
html_ids,6,blockMenu,PRESERVE_AS_IS,"Original CSS/DOM/event grammar retained; component use is shared, not copied per surface",CEP_LIBRARY_EDITOR_EXECUTABLE_BLUEPRINT_v1.2.17_ACCEPTED_DESIGN_REFERENCE.html,ea66b58ef122bf2f8ca23fd0aa9e461b07da11ea7390c451902e4b1592d396fd,dist/foundation/donor.css + dist/index.html + dist/foundation/accepted-runtime.js,Source extraction; visual parity limited to assurance/PARITY_AND_LIMITATIONS.md,
html_ids,7,blockSelectionToolbar,PRESERVE_AS_IS,"Original CSS/DOM/event grammar retained; component use is shared, not copied per surface",CEP_LIBRARY_EDITOR_EXECUTABLE_BLUEPRINT_v1.2.17_ACCEPTED_DESIGN_REFERENCE.html,ea66b58ef122bf2f8ca23fd0aa9e461b07da11ea7390c451902e4b1592d396fd,dist/foundation/donor.css + dist/index.html + dist/foundation/accepted-runtime.js,Source extraction; visual parity limited to assurance/PARITY_AND_LIMITATIONS.md,
html_ids,8,bottomContent,PRESERVE_AS_IS,"Original CSS/DOM/event grammar retained; component use is shared, not copied per surface",CEP_LIBRARY_EDITOR_EXECUTABLE_BLUEPRINT_v1.2.17_ACCEPTED_DESIGN_REFERENCE.html,ea66b58ef122bf2f8ca23fd0aa9e461b07da11ea7390c451902e4b1592d396fd,dist/foundation/donor.css + dist/index.html + dist/foundation/accepted-runtime.js,Source extraction; visual parity limited to assurance/PARITY_AND_LIMITATIONS.md,
html_ids,9,bottomShelf,PRESERVE_AS_IS,"Original CSS/DOM/event grammar retained; component use is shared, not copied per surface",CEP_LIBRARY_EDITOR_EXECUTABLE_BLUEPRINT_v1.2.17_ACCEPTED_DESIGN_REFERENCE.html,ea66b58ef122bf2f8ca23fd0aa9e461b07da11ea7390c451902e4b1592d396fd,dist/foundation/donor.css + dist/index.html + dist/foundation/accepted-runtime.js,Source extraction; visual parity limited to assurance/PARITY_AND_LIMITATIONS.md,
html_ids,10,bottomSummary,PRESERVE_AS_IS,"Original CSS/DOM/event grammar retained; component use is shared, not copied per surface",CEP_LIBRARY_EDITOR_EXECUTABLE_BLUEPRINT_v1.2.17_ACCEPTED_DESIGN_REFERENCE.html,ea66b58ef122bf2f8ca23fd0aa9e461b07da11ea7390c451902e4b1592d396fd,dist/foundation/donor.css + dist/index.html + dist/foundation/accepted-runtime.js,Source extraction; visual parity limited to assurance/PARITY_AND_LIMITATIONS.md,
html_ids,11,bottomToggle,PRESERVE_AS_IS,"Original CSS/DOM/event grammar retained; component use is shared, not copied per surface",CEP_LIBRARY_EDITOR_EXECUTABLE_BLUEPRINT_v1.2.17_ACCEPTED_DESIGN_REFERENCE.html,ea66b58ef122bf2f8ca23fd0aa9e461b07da11ea7390c451902e4b1592d396fd,dist/foundation/donor.css + dist/index.html + dist/foundation/accepted-runtime.js,Source extraction; visual parity limited to assurance/PARITY_AND_LIMITATIONS.md,
html_ids,12,centerPane,PRESERVE_AS_IS,"Original CSS/DOM/event grammar retained; component use is shared, not copied per surface",CEP_LIBRARY_EDITOR_EXECUTABLE_BLUEPRINT_v1.2.17_ACCEPTED_DESIGN_REFERENCE.html,ea66b58ef122bf2f8ca23fd0aa9e461b07da11ea7390c451902e4b1592d396fd,dist/foundation/donor.css + dist/index.html + dist/foundation/accepted-runtime.js,Source extraction; visual parity limited to assurance/PARITY_AND_LIMITATIONS.md,
html_ids,13,cepTooltip,PRESERVE_AS_IS,"Original CSS/DOM/event grammar retained; component use is shared, not copied per surface",CEP_LIBRARY_EDITOR_EXECUTABLE_BLUEPRINT_v1.2.17_ACCEPTED_DESIGN_REFERENCE.html,ea66b58ef122bf2f8ca23fd0aa9e461b07da11ea7390c451902e4b1592d396fd,dist/foundation/donor.css + dist/index.html + dist/foundation/accepted-runtime.js,Source extraction; visual parity limited to assurance/PARITY_AND_LIMITATIONS.md,
html_ids,14,closure-audit-hardening-receipt,PRESERVE_AS_IS,"Original CSS/DOM/event grammar retained; component use is shared, not copied per surface",CEP_LIBRARY_EDITOR_EXECUTABLE_BLUEPRINT_v1.2.17_ACCEPTED_DESIGN_REFERENCE.html,ea66b58ef122bf2f8ca23fd0aa9e461b07da11ea7390c451902e4b1592d396fd,dist/foundation/donor.css + dist/index.html + dist/foundation/accepted-runtime.js,Source extraction; visual parity limited to assurance/PARITY_AND_LIMITATIONS.md,
html_ids,15,commandBackdrop,PRESERVE_AS_IS,"Original CSS/DOM/event grammar retained; component use is shared, not copied per surface",CEP_LIBRARY_EDITOR_EXECUTABLE_BLUEPRINT_v1.2.17_ACCEPTED_DESIGN_REFERENCE.html,ea66b58ef122bf2f8ca23fd0aa9e461b07da11ea7390c451902e4b1592d396fd,dist/foundation/donor.css + dist/index.html + dist/foundation/accepted-runtime.js,Source extraction; visual parity limited to assurance/PARITY_AND_LIMITATIONS.md,
html_ids,16,commandResults,PRESERVE_AS_IS,"Original CSS/DOM/event grammar retained; component use is shared, not copied per surface",CEP_LIBRARY_EDITOR_EXECUTABLE_BLUEPRINT_v1.2.17_ACCEPTED_DESIGN_REFERENCE.html,ea66b58ef122bf2f8ca23fd0aa9e461b07da11ea7390c451902e4b1592d396fd,dist/foundation/donor.css + dist/index.html + dist/foundation/accepted-runtime.js,Source extraction; visual parity limited to assurance/PARITY_AND_LIMITATIONS.md,
html_ids,17,commandSearch,PRESERVE_AS_IS,"Original CSS/DOM/event grammar retained; component use is shared, not copied per surface",CEP_LIBRARY_EDITOR_EXECUTABLE_BLUEPRINT_v1.2.17_ACCEPTED_DESIGN_REFERENCE.html,ea66b58ef122bf2f8ca23fd0aa9e461b07da11ea7390c451902e4b1592d396fd,dist/foundation/donor.css + dist/index.html + dist/foundation/accepted-runtime.js,Source extraction; visual parity limited to assurance/PARITY_AND_LIMITATIONS.md,
html_ids,18,commandTitle,PRESERVE_AS_IS,"Original CSS/DOM/event grammar retained; component use is shared, not copied per surface",CEP_LIBRARY_EDITOR_EXECUTABLE_BLUEPRINT_v1.2.17_ACCEPTED_DESIGN_REFERENCE.html,ea66b58ef122bf2f8ca23fd0aa9e461b07da11ea7390c451902e4b1592d396fd,dist/foundation/donor.css + dist/index.html + dist/foundation/accepted-runtime.js,Source extraction; visual parity limited to assurance/PARITY_AND_LIMITATIONS.md,
html_ids,19,confirmDelete,PRESERVE_AS_IS,"Original CSS/DOM/event grammar retained; component use is shared, not copied per surface",CEP_LIBRARY_EDITOR_EXECUTABLE_BLUEPRINT_v1.2.17_ACCEPTED_DESIGN_REFERENCE.html,ea66b58ef122bf2f8ca23fd0aa9e461b07da11ea7390c451902e4b1592d396fd,dist/foundation/donor.css + dist/index.html + dist/foundation/accepted-runtime.js,Source extraction; visual parity limited to assurance/PARITY_AND_LIMITATIONS.md,
html_ids,20,conflictBackdrop,PRESERVE_AS_IS,"Original CSS/DOM/event grammar retained; component use is shared, not copied per surface",CEP_LIBRARY_EDITOR_EXECUTABLE_BLUEPRINT_v1.2.17_ACCEPTED_DESIGN_REFERENCE.html,ea66b58ef122bf2f8ca23fd0aa9e461b07da11ea7390c451902e4b1592d396fd,dist/foundation/donor.css + dist/index.html + dist/foundation/accepted-runtime.js,Source extraction; visual parity limited to assurance/PARITY_AND_LIMITATIONS.md,
html_ids,21,conflictTitle,PRESERVE_AS_IS,"Original CSS/DOM/event grammar retained; component use is shared, not copied per surface",CEP_LIBRARY_EDITOR_EXECUTABLE_BLUEPRINT_v1.2.17_ACCEPTED_DESIGN_REFERENCE.html,ea66b58ef122bf2f8ca23fd0aa9e461b07da11ea7390c451902e4b1592d396fd,dist/foundation/donor.css + dist/index.html + dist/foundation/accepted-runtime.js,Source extraction; visual parity limited to assurance/PARITY_AND_LIMITATIONS.md,
html_ids,22,contentGroupBody,PRESERVE_AS_IS,"Original CSS/DOM/event grammar retained; component use is shared, not copied per surface",CEP_LIBRARY_EDITOR_EXECUTABLE_BLUEPRINT_v1.2.17_ACCEPTED_DESIGN_REFERENCE.html,ea66b58ef122bf2f8ca23fd0aa9e461b07da11ea7390c451902e4b1592d396fd,dist/foundation/donor.css + dist/index.html + dist/foundation/accepted-runtime.js,Source extraction; visual parity limited to assurance/PARITY_AND_LIMITATIONS.md,
html_ids,23,contentGroupCount,PRESERVE_AS_IS,"Original CSS/DOM/event grammar retained; component use is shared, not copied per surface",CEP_LIBRARY_EDITOR_EXECUTABLE_BLUEPRINT_v1.2.17_ACCEPTED_DESIGN_REFERENCE.html,ea66b58ef122bf2f8ca23fd0aa9e461b07da11ea7390c451902e4b1592d396fd,dist/foundation/donor.css + dist/index.html + dist/foundation/accepted-runtime.js,Source extraction; visual parity limited to assurance/PARITY_AND_LIMITATIONS.md,
html_ids,24,contentGroupToggle,PRESERVE_AS_IS,"Original CSS/DOM/event grammar retained; component use is shared, not copied per surface",CEP_LIBRARY_EDITOR_EXECUTABLE_BLUEPRINT_v1.2.17_ACCEPTED_DESIGN_REFERENCE.html,ea66b58ef122bf2f8ca23fd0aa9e461b07da11ea7390c451902e4b1592d396fd,dist/foundation/donor.css + dist/index.html + dist/foundation/accepted-runtime.js,Source extraction; visual parity limited to assurance/PARITY_AND_LIMITATIONS.md,
html_ids,25,contentGroups,PRESERVE_AS_IS,"Original CSS/DOM/event grammar retained; component use is shared, not copied per surface",CEP_LIBRARY_EDITOR_EXECUTABLE_BLUEPRINT_v1.2.17_ACCEPTED_DESIGN_REFERENCE.html,ea66b58ef122bf2f8ca23fd0aa9e461b07da11ea7390c451902e4b1592d396fd,dist/foundation/donor.css + dist/index.html + dist/foundation/accepted-runtime.js,Source extraction; visual parity limited to assurance/PARITY_AND_LIMITATIONS.md,
html_ids,26,contextLenses,PRESERVE_AS_IS,"Original CSS/DOM/event grammar retained; component use is shared, not copied per surface",CEP_LIBRARY_EDITOR_EXECUTABLE_BLUEPRINT_v1.2.17_ACCEPTED_DESIGN_REFERENCE.html,ea66b58ef122bf2f8ca23fd0aa9e461b07da11ea7390c451902e4b1592d396fd,dist/foundation/donor.css + dist/index.html + dist/foundation/accepted-runtime.js,Source extraction; visual parity limited to assurance/PARITY_AND_LIMITATIONS.md,
html_ids,27,contextReferenceReturnButton,PRESERVE_AS_IS,"Original CSS/DOM/event grammar retained; component use is shared, not copied per surface",CEP_LIBRARY_EDITOR_EXECUTABLE_BLUEPRINT_v1.2.17_ACCEPTED_DESIGN_REFERENCE.html,ea66b58ef122bf2f8ca23fd0aa9e461b07da11ea7390c451902e4b1592d396fd,dist/foundation/donor.css + dist/index.html + dist/foundation/accepted-runtime.js,Source extraction; visual parity limited to assurance/PARITY_AND_LIMITATIONS.md,
html_ids,28,convTitle,PRESERVE_AS_IS,"Original CSS/DOM/event grammar retained; component use is shared, not copied per surface",CEP_LIBRARY_EDITOR_EXECUTABLE_BLUEPRINT_v1.2.17_ACCEPTED_DESIGN_REFERENCE.html,ea66b58ef122bf2f8ca23fd0aa9e461b07da11ea7390c451902e4b1592d396fd,dist/foundation/donor.css + dist/index.html + dist/foundation/accepted-runtime.js,Source extraction; visual parity limited to assurance/PARITY_AND_LIMITATIONS.md,
html_ids,29,conversionBackdrop,PRESERVE_AS_IS,"Original CSS/DOM/event grammar retained; component use is shared, not copied per surface",CEP_LIBRARY_EDITOR_EXECUTABLE_BLUEPRINT_v1.2.17_ACCEPTED_DESIGN_REFERENCE.html,ea66b58ef122bf2f8ca23fd0aa9e461b07da11ea7390c451902e4b1592d396fd,dist/foundation/donor.css + dist/index.html + dist/foundation/accepted-runtime.js,Source extraction; visual parity limited to assurance/PARITY_AND_LIMITATIONS.md,
html_ids,30,deleteConfirmPopover,PRESERVE_AS_IS,"Original CSS/DOM/event grammar retained; component use is shared, not copied per surface",CEP_LIBRARY_EDITOR_EXECUTABLE_BLUEPRINT_v1.2.17_ACCEPTED_DESIGN_REFERENCE.html,ea66b58ef122bf2f8ca23fd0aa9e461b07da11ea7390c451902e4b1592d396fd,dist/foundation/donor.css + dist/index.html + dist/foundation/accepted-runtime.js,Source extraction; visual parity limited to assurance/PARITY_AND_LIMITATIONS.md,
html_ids,31,deleteConfirmTitle,PRESERVE_AS_IS,"Original CSS/DOM/event grammar retained; component use is shared, not copied per surface",CEP_LIBRARY_EDITOR_EXECUTABLE_BLUEPRINT_v1.2.17_ACCEPTED_DESIGN_REFERENCE.html,ea66b58ef122bf2f8ca23fd0aa9e461b07da11ea7390c451902e4b1592d396fd,dist/foundation/donor.css + dist/index.html + dist/foundation/accepted-runtime.js,Source extraction; visual parity limited to assurance/PARITY_AND_LIMITATIONS.md,
html_ids,32,docScroll,PRESERVE_AS_IS,"Original CSS/DOM/event grammar retained; component use is shared, not copied per surface",CEP_LIBRARY_EDITOR_EXECUTABLE_BLUEPRINT_v1.2.17_ACCEPTED_DESIGN_REFERENCE.html,ea66b58ef122bf2f8ca23fd0aa9e461b07da11ea7390c451902e4b1592d396fd,dist/foundation/donor.css + dist/index.html + dist/foundation/accepted-runtime.js,Source extraction; visual parity limited to assurance/PARITY_AND_LIMITATIONS.md,
html_ids,33,documentTitle,PRESERVE_AS_IS,"Original CSS/DOM/event grammar retained; component use is shared, not copied per surface",CEP_LIBRARY_EDITOR_EXECUTABLE_BLUEPRINT_v1.2.17_ACCEPTED_DESIGN_REFERENCE.html,ea66b58ef122bf2f8ca23fd0aa9e461b07da11ea7390c451902e4b1592d396fd,dist/foundation/donor.css + dist/index.html + dist/foundation/accepted-runtime.js,Source extraction; visual parity limited to assurance/PARITY_AND_LIMITATIONS.md,
html_ids,34,dragPreview,PRESERVE_AS_IS,"Original CSS/DOM/event grammar retained; component use is shared, not copied per surface",CEP_LIBRARY_EDITOR_EXECUTABLE_BLUEPRINT_v1.2.17_ACCEPTED_DESIGN_REFERENCE.html,ea66b58ef122bf2f8ca23fd0aa9e461b07da11ea7390c451902e4b1592d396fd,dist/foundation/donor.css + dist/index.html + dist/foundation/accepted-runtime.js,Source extraction; visual parity limited to assurance/PARITY_AND_LIMITATIONS.md,
html_ids,35,dropPreview,PRESERVE_AS_IS,"Original CSS/DOM/event grammar retained; component use is shared, not copied per surface",CEP_LIBRARY_EDITOR_EXECUTABLE_BLUEPRINT_v1.2.17_ACCEPTED_DESIGN_REFERENCE.html,ea66b58ef122bf2f8ca23fd0aa9e461b07da11ea7390c451902e4b1592d396fd,dist/foundation/donor.css + dist/index.html + dist/foundation/accepted-runtime.js,Source extraction; visual parity limited to assurance/PARITY_AND_LIMITATIONS.md,
html_ids,36,editorDocument,PRESERVE_AS_IS,"Original CSS/DOM/event grammar retained; component use is shared, not copied per surface",CEP_LIBRARY_EDITOR_EXECUTABLE_BLUEPRINT_v1.2.17_ACCEPTED_DESIGN_REFERENCE.html,ea66b58ef122bf2f8ca23fd0aa9e461b07da11ea7390c451902e4b1592d396fd,dist/foundation/donor.css + dist/index.html + dist/foundation/accepted-runtime.js,Source extraction; visual parity limited to assurance/PARITY_AND_LIMITATIONS.md,
html_ids,37,focusButton,PRESERVE_AS_IS,"Original CSS/DOM/event grammar retained; component use is shared, not copied per surface",CEP_LIBRARY_EDITOR_EXECUTABLE_BLUEPRINT_v1.2.17_ACCEPTED_DESIGN_REFERENCE.html,ea66b58ef122bf2f8ca23fd0aa9e461b07da11ea7390c451902e4b1592d396fd,dist/foundation/donor.css + dist/index.html + dist/foundation/accepted-runtime.js,Source extraction; visual parity limited to assurance/PARITY_AND_LIMITATIONS.md,
html_ids,38,full-surface-accessibility-round3-receipt,PRESERVE_AS_IS,"Original CSS/DOM/event grammar retained; component use is shared, not copied per surface",CEP_LIBRARY_EDITOR_EXECUTABLE_BLUEPRINT_v1.2.17_ACCEPTED_DESIGN_REFERENCE.html,ea66b58ef122bf2f8ca23fd0aa9e461b07da11ea7390c451902e4b1592d396fd,dist/foundation/donor.css + dist/index.html + dist/foundation/accepted-runtime.js,Source extraction; visual parity limited to assurance/PARITY_AND_LIMITATIONS.md,
html_ids,39,full-surface-intensive-convergence-receipt,PRESERVE_AS_IS,"Original CSS/DOM/event grammar retained; component use is shared, not copied per surface",CEP_LIBRARY_EDITOR_EXECUTABLE_BLUEPRINT_v1.2.17_ACCEPTED_DESIGN_REFERENCE.html,ea66b58ef122bf2f8ca23fd0aa9e461b07da11ea7390c451902e4b1592d396fd,dist/foundation/donor.css + dist/index.html + dist/foundation/accepted-runtime.js,Source extraction; visual parity limited to assurance/PARITY_AND_LIMITATIONS.md,
html_ids,40,globalNavMenuButton,PRESERVE_AS_IS,"Original CSS/DOM/event grammar retained; component use is shared, not copied per surface",CEP_LIBRARY_EDITOR_EXECUTABLE_BLUEPRINT_v1.2.17_ACCEPTED_DESIGN_REFERENCE.html,ea66b58ef122bf2f8ca23fd0aa9e461b07da11ea7390c451902e4b1592d396fd,dist/foundation/donor.css + dist/index.html + dist/foundation/accepted-runtime.js,Source extraction; visual parity limited to assurance/PARITY_AND_LIMITATIONS.md,
html_ids,41,globalNavPopover,PRESERVE_AS_IS,"Original CSS/DOM/event grammar retained; component use is shared, not copied per surface",CEP_LIBRARY_EDITOR_EXECUTABLE_BLUEPRINT_v1.2.17_ACCEPTED_DESIGN_REFERENCE.html,ea66b58ef122bf2f8ca23fd0aa9e461b07da11ea7390c451902e4b1592d396fd,dist/foundation/donor.css + dist/index.html + dist/foundation/accepted-runtime.js,Source extraction; visual parity limited to assurance/PARITY_AND_LIMITATIONS.md,
html_ids,42,i-book,PRESERVE_AS_IS,"Original CSS/DOM/event grammar retained; component use is shared, not copied per surface",CEP_LIBRARY_EDITOR_EXECUTABLE_BLUEPRINT_v1.2.17_ACCEPTED_DESIGN_REFERENCE.html,ea66b58ef122bf2f8ca23fd0aa9e461b07da11ea7390c451902e4b1592d396fd,dist/foundation/donor.css + dist/index.html + dist/foundation/accepted-runtime.js,Source extraction; visual parity limited to assurance/PARITY_AND_LIMITATIONS.md,
html_ids,43,i-check,PRESERVE_AS_IS,"Original CSS/DOM/event grammar retained; component use is shared, not copied per surface",CEP_LIBRARY_EDITOR_EXECUTABLE_BLUEPRINT_v1.2.17_ACCEPTED_DESIGN_REFERENCE.html,ea66b58ef122bf2f8ca23fd0aa9e461b07da11ea7390c451902e4b1592d396fd,dist/foundation/donor.css + dist/index.html + dist/foundation/accepted-runtime.js,Source extraction; visual parity limited to assurance/PARITY_AND_LIMITATIONS.md,
html_ids,44,i-chev,PRESERVE_AS_IS,"Original CSS/DOM/event grammar retained; component use is shared, not copied per surface",CEP_LIBRARY_EDITOR_EXECUTABLE_BLUEPRINT_v1.2.17_ACCEPTED_DESIGN_REFERENCE.html,ea66b58ef122bf2f8ca23fd0aa9e461b07da11ea7390c451902e4b1592d396fd,dist/foundation/donor.css + dist/index.html + dist/foundation/accepted-runtime.js,Source extraction; visual parity limited to assurance/PARITY_AND_LIMITATIONS.md,
html_ids,45,i-close,PRESERVE_AS_IS,"Original CSS/DOM/event grammar retained; component use is shared, not copied per surface",CEP_LIBRARY_EDITOR_EXECUTABLE_BLUEPRINT_v1.2.17_ACCEPTED_DESIGN_REFERENCE.html,ea66b58ef122bf2f8ca23fd0aa9e461b07da11ea7390c451902e4b1592d396fd,dist/foundation/donor.css + dist/index.html + dist/foundation/accepted-runtime.js,Source extraction; visual parity limited to assurance/PARITY_AND_LIMITATIONS.md,
html_ids,46,i-code,PRESERVE_AS_IS,"Original CSS/DOM/event grammar retained; component use is shared, not copied per surface",CEP_LIBRARY_EDITOR_EXECUTABLE_BLUEPRINT_v1.2.17_ACCEPTED_DESIGN_REFERENCE.html,ea66b58ef122bf2f8ca23fd0aa9e461b07da11ea7390c451902e4b1592d396fd,dist/foundation/donor.css + dist/index.html + dist/foundation/accepted-runtime.js,Source extraction; visual parity limited to assurance/PARITY_AND_LIMITATIONS.md,
html_ids,47,i-command,PRESERVE_AS_IS,"Original CSS/DOM/event grammar retained; component use is shared, not copied per surface",CEP_LIBRARY_EDITOR_EXECUTABLE_BLUEPRINT_v1.2.17_ACCEPTED_DESIGN_REFERENCE.html,ea66b58ef122bf2f8ca23fd0aa9e461b07da11ea7390c451902e4b1592d396fd,dist/foundation/donor.css + dist/index.html + dist/foundation/accepted-runtime.js,Source extraction; visual parity limited to assurance/PARITY_AND_LIMITATIONS.md,
html_ids,48,i-copy,PRESERVE_AS_IS,"Original CSS/DOM/event grammar retained; component use is shared, not copied per surface",CEP_LIBRARY_EDITOR_EXECUTABLE_BLUEPRINT_v1.2.17_ACCEPTED_DESIGN_REFERENCE.html,ea66b58ef122bf2f8ca23fd0aa9e461b07da11ea7390c451902e4b1592d396fd,dist/foundation/donor.css + dist/index.html + dist/foundation/accepted-runtime.js,Source extraction; visual parity limited to assurance/PARITY_AND_LIMITATIONS.md,
html_ids,49,i-edit,PRESERVE_AS_IS,"Original CSS/DOM/event grammar retained; component use is shared, not copied per surface",CEP_LIBRARY_EDITOR_EXECUTABLE_BLUEPRINT_v1.2.17_ACCEPTED_DESIGN_REFERENCE.html,ea66b58ef122bf2f8ca23fd0aa9e461b07da11ea7390c451902e4b1592d396fd,dist/foundation/donor.css + dist/index.html + dist/foundation/accepted-runtime.js,Source extraction; visual parity limited to assurance/PARITY_AND_LIMITATIONS.md,
html_ids,50,i-focus,PRESERVE_AS_IS,"Original CSS/DOM/event grammar retained; component use is shared, not copied per surface",CEP_LIBRARY_EDITOR_EXECUTABLE_BLUEPRINT_v1.2.17_ACCEPTED_DESIGN_REFERENCE.html,ea66b58ef122bf2f8ca23fd0aa9e461b07da11ea7390c451902e4b1592d396fd,dist/foundation/donor.css + dist/index.html + dist/foundation/accepted-runtime.js,Source extraction; visual parity limited to assurance/PARITY_AND_LIMITATIONS.md,
html_ids,51,i-folder,PRESERVE_AS_IS,"Original CSS/DOM/event grammar retained; component use is shared, not copied per surface",CEP_LIBRARY_EDITOR_EXECUTABLE_BLUEPRINT_v1.2.17_ACCEPTED_DESIGN_REFERENCE.html,ea66b58ef122bf2f8ca23fd0aa9e461b07da11ea7390c451902e4b1592d396fd,dist/foundation/donor.css + dist/index.html + dist/foundation/accepted-runtime.js,Source extraction; visual parity limited to assurance/PARITY_AND_LIMITATIONS.md,
html_ids,52,i-grip,PRESERVE_AS_IS,"Original CSS/DOM/event grammar retained; component use is shared, not copied per surface",CEP_LIBRARY_EDITOR_EXECUTABLE_BLUEPRINT_v1.2.17_ACCEPTED_DESIGN_REFERENCE.html,ea66b58ef122bf2f8ca23fd0aa9e461b07da11ea7390c451902e4b1592d396fd,dist/foundation/donor.css + dist/index.html + dist/foundation/accepted-runtime.js,Source extraction; visual parity limited to assurance/PARITY_AND_LIMITATIONS.md,
html_ids,53,i-history,PRESERVE_AS_IS,"Original CSS/DOM/event grammar retained; component use is shared, not copied per surface",CEP_LIBRARY_EDITOR_EXECUTABLE_BLUEPRINT_v1.2.17_ACCEPTED_DESIGN_REFERENCE.html,ea66b58ef122bf2f8ca23fd0aa9e461b07da11ea7390c451902e4b1592d396fd,dist/foundation/donor.css + dist/index.html + dist/foundation/accepted-runtime.js,Source extraction; visual parity limited to assurance/PARITY_AND_LIMITATIONS.md,
html_ids,54,i-info,PRESERVE_AS_IS,"Original CSS/DOM/event grammar retained; component use is shared, not copied per surface",CEP_LIBRARY_EDITOR_EXECUTABLE_BLUEPRINT_v1.2.17_ACCEPTED_DESIGN_REFERENCE.html,ea66b58ef122bf2f8ca23fd0aa9e461b07da11ea7390c451902e4b1592d396fd,dist/foundation/donor.css + dist/index.html + dist/foundation/accepted-runtime.js,Source extraction; visual parity limited to assurance/PARITY_AND_LIMITATIONS.md,
html_ids,55,i-lab,PRESERVE_AS_IS,"Original CSS/DOM/event grammar retained; component use is shared, not copied per surface",CEP_LIBRARY_EDITOR_EXECUTABLE_BLUEPRINT_v1.2.17_ACCEPTED_DESIGN_REFERENCE.html,ea66b58ef122bf2f8ca23fd0aa9e461b07da11ea7390c451902e4b1592d396fd,dist/foundation/donor.css + dist/index.html + dist/foundation/accepted-runtime.js,Source extraction; visual parity limited to assurance/PARITY_AND_LIMITATIONS.md,
html_ids,56,i-layout,PRESERVE_AS_IS,"Original CSS/DOM/event grammar retained; component use is shared, not copied per surface",CEP_LIBRARY_EDITOR_EXECUTABLE_BLUEPRINT_v1.2.17_ACCEPTED_DESIGN_REFERENCE.html,ea66b58ef122bf2f8ca23fd0aa9e461b07da11ea7390c451902e4b1592d396fd,dist/foundation/donor.css + dist/index.html + dist/foundation/accepted-runtime.js,Source extraction; visual parity limited to assurance/PARITY_AND_LIMITATIONS.md,
html_ids,57,i-link,PRESERVE_AS_IS,"Original CSS/DOM/event grammar retained; component use is shared, not copied per surface",CEP_LIBRARY_EDITOR_EXECUTABLE_BLUEPRINT_v1.2.17_ACCEPTED_DESIGN_REFERENCE.html,ea66b58ef122bf2f8ca23fd0aa9e461b07da11ea7390c451902e4b1592d396fd,dist/foundation/donor.css + dist/index.html + dist/foundation/accepted-runtime.js,Source extraction; visual parity limited to assurance/PARITY_AND_LIMITATIONS.md,
html_ids,58,i-list,PRESERVE_AS_IS,"Original CSS/DOM/event grammar retained; component use is shared, not copied per surface",CEP_LIBRARY_EDITOR_EXECUTABLE_BLUEPRINT_v1.2.17_ACCEPTED_DESIGN_REFERENCE.html,ea66b58ef122bf2f8ca23fd0aa9e461b07da11ea7390c451902e4b1592d396fd,dist/foundation/donor.css + dist/index.html + dist/foundation/accepted-runtime.js,Source extraction; visual parity limited to assurance/PARITY_AND_LIMITATIONS.md,
html_ids,59,i-lock,PRESERVE_AS_IS,"Original CSS/DOM/event grammar retained; component use is shared, not copied per surface",CEP_LIBRARY_EDITOR_EXECUTABLE_BLUEPRINT_v1.2.17_ACCEPTED_DESIGN_REFERENCE.html,ea66b58ef122bf2f8ca23fd0aa9e461b07da11ea7390c451902e4b1592d396fd,dist/foundation/donor.css + dist/index.html + dist/foundation/accepted-runtime.js,Source extraction; visual parity limited to assurance/PARITY_AND_LIMITATIONS.md,
html_ids,60,i-more,PRESERVE_AS_IS,"Original CSS/DOM/event grammar retained; component use is shared, not copied per surface",CEP_LIBRARY_EDITOR_EXECUTABLE_BLUEPRINT_v1.2.17_ACCEPTED_DESIGN_REFERENCE.html,ea66b58ef122bf2f8ca23fd0aa9e461b07da11ea7390c451902e4b1592d396fd,dist/foundation/donor.css + dist/index.html + dist/foundation/accepted-runtime.js,Source extraction; visual parity limited to assurance/PARITY_AND_LIMITATIONS.md,
html_ids,61,i-move,PRESERVE_AS_IS,"Original CSS/DOM/event grammar retained; component use is shared, not copied per surface",CEP_LIBRARY_EDITOR_EXECUTABLE_BLUEPRINT_v1.2.17_ACCEPTED_DESIGN_REFERENCE.html,ea66b58ef122bf2f8ca23fd0aa9e461b07da11ea7390c451902e4b1592d396fd,dist/foundation/donor.css + dist/index.html + dist/foundation/accepted-runtime.js,Source extraction; visual parity limited to assurance/PARITY_AND_LIMITATIONS.md,
html_ids,62,i-note,PRESERVE_AS_IS,"Original CSS/DOM/event grammar retained; component use is shared, not copied per surface",CEP_LIBRARY_EDITOR_EXECUTABLE_BLUEPRINT_v1.2.17_ACCEPTED_DESIGN_REFERENCE.html,ea66b58ef122bf2f8ca23fd0aa9e461b07da11ea7390c451902e4b1592d396fd,dist/foundation/donor.css + dist/index.html + dist/foundation/accepted-runtime.js,Source extraction; visual parity limited to assurance/PARITY_AND_LIMITATIONS.md,
html_ids,63,i-panel,PRESERVE_AS_IS,"Original CSS/DOM/event grammar retained; component use is shared, not copied per surface",CEP_LIBRARY_EDITOR_EXECUTABLE_BLUEPRINT_v1.2.17_ACCEPTED_DESIGN_REFERENCE.html,ea66b58ef122bf2f8ca23fd0aa9e461b07da11ea7390c451902e4b1592d396fd,dist/foundation/donor.css + dist/index.html + dist/foundation/accepted-runtime.js,Source extraction; visual parity limited to assurance/PARITY_AND_LIMITATIONS.md,
html_ids,64,i-plus,PRESERVE_AS_IS,"Original CSS/DOM/event grammar retained; component use is shared, not copied per surface",CEP_LIBRARY_EDITOR_EXECUTABLE_BLUEPRINT_v1.2.17_ACCEPTED_DESIGN_REFERENCE.html,ea66b58ef122bf2f8ca23fd0aa9e461b07da11ea7390c451902e4b1592d396fd,dist/foundation/donor.css + dist/index.html + dist/foundation/accepted-runtime.js,Source extraction; visual parity limited to assurance/PARITY_AND_LIMITATIONS.md,
html_ids,65,i-quote,PRESERVE_AS_IS,"Original CSS/DOM/event grammar retained; component use is shared, not copied per surface",CEP_LIBRARY_EDITOR_EXECUTABLE_BLUEPRINT_v1.2.17_ACCEPTED_DESIGN_REFERENCE.html,ea66b58ef122bf2f8ca23fd0aa9e461b07da11ea7390c451902e4b1592d396fd,dist/foundation/donor.css + dist/index.html + dist/foundation/accepted-runtime.js,Source extraction; visual parity limited to assurance/PARITY_AND_LIMITATIONS.md,
html_ids,66,i-redo,PRESERVE_AS_IS,"Original CSS/DOM/event grammar retained; component use is shared, not copied per surface",CEP_LIBRARY_EDITOR_EXECUTABLE_BLUEPRINT_v1.2.17_ACCEPTED_DESIGN_REFERENCE.html,ea66b58ef122bf2f8ca23fd0aa9e461b07da11ea7390c451902e4b1592d396fd,dist/foundation/donor.css + dist/index.html + dist/foundation/accepted-runtime.js,Source extraction; visual parity limited to assurance/PARITY_AND_LIMITATIONS.md,
html_ids,67,i-ref,PRESERVE_AS_IS,"Original CSS/DOM/event grammar retained; component use is shared, not copied per surface",CEP_LIBRARY_EDITOR_EXECUTABLE_BLUEPRINT_v1.2.17_ACCEPTED_DESIGN_REFERENCE.html,ea66b58ef122bf2f8ca23fd0aa9e461b07da11ea7390c451902e4b1592d396fd,dist/foundation/donor.css + dist/index.html + dist/foundation/accepted-runtime.js,Source extraction; visual parity limited to assurance/PARITY_AND_LIMITATIONS.md,
html_ids,68,i-return,PRESERVE_AS_IS,"Original CSS/DOM/event grammar retained; component use is shared, not copied per surface",CEP_LIBRARY_EDITOR_EXECUTABLE_BLUEPRINT_v1.2.17_ACCEPTED_DESIGN_REFERENCE.html,ea66b58ef122bf2f8ca23fd0aa9e461b07da11ea7390c451902e4b1592d396fd,dist/foundation/donor.css + dist/index.html + dist/foundation/accepted-runtime.js,Source extraction; visual parity limited to assurance/PARITY_AND_LIMITATIONS.md,
html_ids,69,i-save,PRESERVE_AS_IS,"Original CSS/DOM/event grammar retained; component use is shared, not copied per surface",CEP_LIBRARY_EDITOR_EXECUTABLE_BLUEPRINT_v1.2.17_ACCEPTED_DESIGN_REFERENCE.html,ea66b58ef122bf2f8ca23fd0aa9e461b07da11ea7390c451902e4b1592d396fd,dist/foundation/donor.css + dist/index.html + dist/foundation/accepted-runtime.js,Source extraction; visual parity limited to assurance/PARITY_AND_LIMITATIONS.md,
html_ids,70,i-search,PRESERVE_AS_IS,"Original CSS/DOM/event grammar retained; component use is shared, not copied per surface",CEP_LIBRARY_EDITOR_EXECUTABLE_BLUEPRINT_v1.2.17_ACCEPTED_DESIGN_REFERENCE.html,ea66b58ef122bf2f8ca23fd0aa9e461b07da11ea7390c451902e4b1592d396fd,dist/foundation/donor.css + dist/index.html + dist/foundation/accepted-runtime.js,Source extraction; visual parity limited to assurance/PARITY_AND_LIMITATIONS.md,
html_ids,71,i-shield,PRESERVE_AS_IS,"Original CSS/DOM/event grammar retained; component use is shared, not copied per surface",CEP_LIBRARY_EDITOR_EXECUTABLE_BLUEPRINT_v1.2.17_ACCEPTED_DESIGN_REFERENCE.html,ea66b58ef122bf2f8ca23fd0aa9e461b07da11ea7390c451902e4b1592d396fd,dist/foundation/donor.css + dist/index.html + dist/foundation/accepted-runtime.js,Source extraction; visual parity limited to assurance/PARITY_AND_LIMITATIONS.md,
html_ids,72,i-text,PRESERVE_AS_IS,"Original CSS/DOM/event grammar retained; component use is shared, not copied per surface",CEP_LIBRARY_EDITOR_EXECUTABLE_BLUEPRINT_v1.2.17_ACCEPTED_DESIGN_REFERENCE.html,ea66b58ef122bf2f8ca23fd0aa9e461b07da11ea7390c451902e4b1592d396fd,dist/foundation/donor.css + dist/index.html + dist/foundation/accepted-runtime.js,Source extraction; visual parity limited to assurance/PARITY_AND_LIMITATIONS.md,
html_ids,73,i-theme,PRESERVE_AS_IS,"Original CSS/DOM/event grammar retained; component use is shared, not copied per surface",CEP_LIBRARY_EDITOR_EXECUTABLE_BLUEPRINT_v1.2.17_ACCEPTED_DESIGN_REFERENCE.html,ea66b58ef122bf2f8ca23fd0aa9e461b07da11ea7390c451902e4b1592d396fd,dist/foundation/donor.css + dist/index.html + dist/foundation/accepted-runtime.js,Source extraction; visual parity limited to assurance/PARITY_AND_LIMITATIONS.md,
html_ids,74,i-trash,PRESERVE_AS_IS,"Original CSS/DOM/event grammar retained; component use is shared, not copied per surface",CEP_LIBRARY_EDITOR_EXECUTABLE_BLUEPRINT_v1.2.17_ACCEPTED_DESIGN_REFERENCE.html,ea66b58ef122bf2f8ca23fd0aa9e461b07da11ea7390c451902e4b1592d396fd,dist/foundation/donor.css + dist/index.html + dist/foundation/accepted-runtime.js,Source extraction; visual parity limited to assurance/PARITY_AND_LIMITATIONS.md,
html_ids,75,i-type,PRESERVE_AS_IS,"Original CSS/DOM/event grammar retained; component use is shared, not copied per surface",CEP_LIBRARY_EDITOR_EXECUTABLE_BLUEPRINT_v1.2.17_ACCEPTED_DESIGN_REFERENCE.html,ea66b58ef122bf2f8ca23fd0aa9e461b07da11ea7390c451902e4b1592d396fd,dist/foundation/donor.css + dist/index.html + dist/foundation/accepted-runtime.js,Source extraction; visual parity limited to assurance/PARITY_AND_LIMITATIONS.md,
html_ids,76,i-undo,PRESERVE_AS_IS,"Original CSS/DOM/event grammar retained; component use is shared, not copied per surface",CEP_LIBRARY_EDITOR_EXECUTABLE_BLUEPRINT_v1.2.17_ACCEPTED_DESIGN_REFERENCE.html,ea66b58ef122bf2f8ca23fd0aa9e461b07da11ea7390c451902e4b1592d396fd,dist/foundation/donor.css + dist/index.html + dist/foundation/accepted-runtime.js,Source extraction; visual parity limited to assurance/PARITY_AND_LIMITATIONS.md,
html_ids,77,i-warn,PRESERVE_AS_IS,"Original CSS/DOM/event grammar retained; component use is shared, not copied per surface",CEP_LIBRARY_EDITOR_EXECUTABLE_BLUEPRINT_v1.2.17_ACCEPTED_DESIGN_REFERENCE.html,ea66b58ef122bf2f8ca23fd0aa9e461b07da11ea7390c451902e4b1592d396fd,dist/foundation/donor.css + dist/index.html + dist/foundation/accepted-runtime.js,Source extraction; visual parity limited to assurance/PARITY_AND_LIMITATIONS.md,
html_ids,78,impactBackdrop,PRESERVE_AS_IS,"Original CSS/DOM/event grammar retained; component use is shared, not copied per surface",CEP_LIBRARY_EDITOR_EXECUTABLE_BLUEPRINT_v1.2.17_ACCEPTED_DESIGN_REFERENCE.html,ea66b58ef122bf2f8ca23fd0aa9e461b07da11ea7390c451902e4b1592d396fd,dist/foundation/donor.css + dist/index.html + dist/foundation/accepted-runtime.js,Source extraction; visual parity limited to assurance/PARITY_AND_LIMITATIONS.md,
html_ids,79,impactText,PRESERVE_AS_IS,"Original CSS/DOM/event grammar retained; component use is shared, not copied per surface",CEP_LIBRARY_EDITOR_EXECUTABLE_BLUEPRINT_v1.2.17_ACCEPTED_DESIGN_REFERENCE.html,ea66b58ef122bf2f8ca23fd0aa9e461b07da11ea7390c451902e4b1592d396fd,dist/foundation/donor.css + dist/index.html + dist/foundation/accepted-runtime.js,Source extraction; visual parity limited to assurance/PARITY_AND_LIMITATIONS.md,
html_ids,80,impactTitle,PRESERVE_AS_IS,"Original CSS/DOM/event grammar retained; component use is shared, not copied per surface",CEP_LIBRARY_EDITOR_EXECUTABLE_BLUEPRINT_v1.2.17_ACCEPTED_DESIGN_REFERENCE.html,ea66b58ef122bf2f8ca23fd0aa9e461b07da11ea7390c451902e4b1592d396fd,dist/foundation/donor.css + dist/index.html + dist/foundation/accepted-runtime.js,Source extraction; visual parity limited to assurance/PARITY_AND_LIMITATIONS.md,
html_ids,81,inlineTargetBackdrop,PRESERVE_AS_IS,"Original CSS/DOM/event grammar retained; component use is shared, not copied per surface",CEP_LIBRARY_EDITOR_EXECUTABLE_BLUEPRINT_v1.2.17_ACCEPTED_DESIGN_REFERENCE.html,ea66b58ef122bf2f8ca23fd0aa9e461b07da11ea7390c451902e4b1592d396fd,dist/foundation/donor.css + dist/index.html + dist/foundation/accepted-runtime.js,Source extraction; visual parity limited to assurance/PARITY_AND_LIMITATIONS.md,
html_ids,82,inlineTargetInput,PRESERVE_AS_IS,"Original CSS/DOM/event grammar retained; component use is shared, not copied per surface",CEP_LIBRARY_EDITOR_EXECUTABLE_BLUEPRINT_v1.2.17_ACCEPTED_DESIGN_REFERENCE.html,ea66b58ef122bf2f8ca23fd0aa9e461b07da11ea7390c451902e4b1592d396fd,dist/foundation/donor.css + dist/index.html + dist/foundation/accepted-runtime.js,Source extraction; visual parity limited to assurance/PARITY_AND_LIMITATIONS.md,
html_ids,83,inlineTargetLabel,PRESERVE_AS_IS,"Original CSS/DOM/event grammar retained; component use is shared, not copied per surface",CEP_LIBRARY_EDITOR_EXECUTABLE_BLUEPRINT_v1.2.17_ACCEPTED_DESIGN_REFERENCE.html,ea66b58ef122bf2f8ca23fd0aa9e461b07da11ea7390c451902e4b1592d396fd,dist/foundation/donor.css + dist/index.html + dist/foundation/accepted-runtime.js,Source extraction; visual parity limited to assurance/PARITY_AND_LIMITATIONS.md,
html_ids,84,inlineTargetTitle,PRESERVE_AS_IS,"Original CSS/DOM/event grammar retained; component use is shared, not copied per surface",CEP_LIBRARY_EDITOR_EXECUTABLE_BLUEPRINT_v1.2.17_ACCEPTED_DESIGN_REFERENCE.html,ea66b58ef122bf2f8ca23fd0aa9e461b07da11ea7390c451902e4b1592d396fd,dist/foundation/donor.css + dist/index.html + dist/foundation/accepted-runtime.js,Source extraction; visual parity limited to assurance/PARITY_AND_LIMITATIONS.md,
html_ids,85,insertContext,PRESERVE_AS_IS,"Original CSS/DOM/event grammar retained; component use is shared, not copied per surface",CEP_LIBRARY_EDITOR_EXECUTABLE_BLUEPRINT_v1.2.17_ACCEPTED_DESIGN_REFERENCE.html,ea66b58ef122bf2f8ca23fd0aa9e461b07da11ea7390c451902e4b1592d396fd,dist/foundation/donor.css + dist/index.html + dist/foundation/accepted-runtime.js,Source extraction; visual parity limited to assurance/PARITY_AND_LIMITATIONS.md,
html_ids,86,insertGrid,PRESERVE_AS_IS,"Original CSS/DOM/event grammar retained; component use is shared, not copied per surface",CEP_LIBRARY_EDITOR_EXECUTABLE_BLUEPRINT_v1.2.17_ACCEPTED_DESIGN_REFERENCE.html,ea66b58ef122bf2f8ca23fd0aa9e461b07da11ea7390c451902e4b1592d396fd,dist/foundation/donor.css + dist/index.html + dist/foundation/accepted-runtime.js,Source extraction; visual parity limited to assurance/PARITY_AND_LIMITATIONS.md,
html_ids,87,insertMeta,PRESERVE_AS_IS,"Original CSS/DOM/event grammar retained; component use is shared, not copied per surface",CEP_LIBRARY_EDITOR_EXECUTABLE_BLUEPRINT_v1.2.17_ACCEPTED_DESIGN_REFERENCE.html,ea66b58ef122bf2f8ca23fd0aa9e461b07da11ea7390c451902e4b1592d396fd,dist/foundation/donor.css + dist/index.html + dist/foundation/accepted-runtime.js,Source extraction; visual parity limited to assurance/PARITY_AND_LIMITATIONS.md,
html_ids,88,insertScope,PRESERVE_AS_IS,"Original CSS/DOM/event grammar retained; component use is shared, not copied per surface",CEP_LIBRARY_EDITOR_EXECUTABLE_BLUEPRINT_v1.2.17_ACCEPTED_DESIGN_REFERENCE.html,ea66b58ef122bf2f8ca23fd0aa9e461b07da11ea7390c451902e4b1592d396fd,dist/foundation/donor.css + dist/index.html + dist/foundation/accepted-runtime.js,Source extraction; visual parity limited to assurance/PARITY_AND_LIMITATIONS.md,
html_ids,89,insertSearch,PRESERVE_AS_IS,"Original CSS/DOM/event grammar retained; component use is shared, not copied per surface",CEP_LIBRARY_EDITOR_EXECUTABLE_BLUEPRINT_v1.2.17_ACCEPTED_DESIGN_REFERENCE.html,ea66b58ef122bf2f8ca23fd0aa9e461b07da11ea7390c451902e4b1592d396fd,dist/foundation/donor.css + dist/index.html + dist/foundation/accepted-runtime.js,Source extraction; visual parity limited to assurance/PARITY_AND_LIMITATIONS.md,
html_ids,90,insertionPalette,PRESERVE_AS_IS,"Original CSS/DOM/event grammar retained; component use is shared, not copied per surface",CEP_LIBRARY_EDITOR_EXECUTABLE_BLUEPRINT_v1.2.17_ACCEPTED_DESIGN_REFERENCE.html,ea66b58ef122bf2f8ca23fd0aa9e461b07da11ea7390c451902e4b1592d396fd,dist/foundation/donor.css + dist/index.html + dist/foundation/accepted-runtime.js,Source extraction; visual parity limited to assurance/PARITY_AND_LIMITATIONS.md,
html_ids,91,inspectorContent,PRESERVE_AS_IS,"Original CSS/DOM/event grammar retained; component use is shared, not copied per surface",CEP_LIBRARY_EDITOR_EXECUTABLE_BLUEPRINT_v1.2.17_ACCEPTED_DESIGN_REFERENCE.html,ea66b58ef122bf2f8ca23fd0aa9e461b07da11ea7390c451902e4b1592d396fd,dist/foundation/donor.css + dist/index.html + dist/foundation/accepted-runtime.js,Source extraction; visual parity limited to assurance/PARITY_AND_LIMITATIONS.md,
html_ids,92,kuList,PRESERVE_AS_IS,"Original CSS/DOM/event grammar retained; component use is shared, not copied per surface",CEP_LIBRARY_EDITOR_EXECUTABLE_BLUEPRINT_v1.2.17_ACCEPTED_DESIGN_REFERENCE.html,ea66b58ef122bf2f8ca23fd0aa9e461b07da11ea7390c451902e4b1592d396fd,dist/foundation/donor.css + dist/index.html + dist/foundation/accepted-runtime.js,Source extraction; visual parity limited to assurance/PARITY_AND_LIMITATIONS.md,
html_ids,93,kuSearch,PRESERVE_AS_IS,"Original CSS/DOM/event grammar retained; component use is shared, not copied per surface",CEP_LIBRARY_EDITOR_EXECUTABLE_BLUEPRINT_v1.2.17_ACCEPTED_DESIGN_REFERENCE.html,ea66b58ef122bf2f8ca23fd0aa9e461b07da11ea7390c451902e4b1592d396fd,dist/foundation/donor.css + dist/index.html + dist/foundation/accepted-runtime.js,Source extraction; visual parity limited to assurance/PARITY_AND_LIMITATIONS.md,
html_ids,94,leftCollapsedRail,PRESERVE_AS_IS,"Original CSS/DOM/event grammar retained; component use is shared, not copied per surface",CEP_LIBRARY_EDITOR_EXECUTABLE_BLUEPRINT_v1.2.17_ACCEPTED_DESIGN_REFERENCE.html,ea66b58ef122bf2f8ca23fd0aa9e461b07da11ea7390c451902e4b1592d396fd,dist/foundation/donor.css + dist/index.html + dist/foundation/accepted-runtime.js,Source extraction; visual parity limited to assurance/PARITY_AND_LIMITATIONS.md,
html_ids,95,leftLocalReveal,PRESERVE_AS_IS,"Original CSS/DOM/event grammar retained; component use is shared, not copied per surface",CEP_LIBRARY_EDITOR_EXECUTABLE_BLUEPRINT_v1.2.17_ACCEPTED_DESIGN_REFERENCE.html,ea66b58ef122bf2f8ca23fd0aa9e461b07da11ea7390c451902e4b1592d396fd,dist/foundation/donor.css + dist/index.html + dist/foundation/accepted-runtime.js,Source extraction; visual parity limited to assurance/PARITY_AND_LIMITATIONS.md,
html_ids,96,leftPane,PRESERVE_AS_IS,"Original CSS/DOM/event grammar retained; component use is shared, not copied per surface",CEP_LIBRARY_EDITOR_EXECUTABLE_BLUEPRINT_v1.2.17_ACCEPTED_DESIGN_REFERENCE.html,ea66b58ef122bf2f8ca23fd0aa9e461b07da11ea7390c451902e4b1592d396fd,dist/foundation/donor.css + dist/index.html + dist/foundation/accepted-runtime.js,Source extraction; visual parity limited to assurance/PARITY_AND_LIMITATIONS.md,
html_ids,97,leftResizer,PRESERVE_AS_IS,"Original CSS/DOM/event grammar retained; component use is shared, not copied per surface",CEP_LIBRARY_EDITOR_EXECUTABLE_BLUEPRINT_v1.2.17_ACCEPTED_DESIGN_REFERENCE.html,ea66b58ef122bf2f8ca23fd0aa9e461b07da11ea7390c451902e4b1592d396fd,dist/foundation/donor.css + dist/index.html + dist/foundation/accepted-runtime.js,Source extraction; visual parity limited to assurance/PARITY_AND_LIMITATIONS.md,
html_ids,98,libraryDomainFilter,PRESERVE_AS_IS,"Original CSS/DOM/event grammar retained; component use is shared, not copied per surface",CEP_LIBRARY_EDITOR_EXECUTABLE_BLUEPRINT_v1.2.17_ACCEPTED_DESIGN_REFERENCE.html,ea66b58ef122bf2f8ca23fd0aa9e461b07da11ea7390c451902e4b1592d396fd,dist/foundation/donor.css + dist/index.html + dist/foundation/accepted-runtime.js,Source extraction; visual parity limited to assurance/PARITY_AND_LIMITATIONS.md,
html_ids,99,mappingBackdrop,PRESERVE_AS_IS,"Original CSS/DOM/event grammar retained; component use is shared, not copied per surface",CEP_LIBRARY_EDITOR_EXECUTABLE_BLUEPRINT_v1.2.17_ACCEPTED_DESIGN_REFERENCE.html,ea66b58ef122bf2f8ca23fd0aa9e461b07da11ea7390c451902e4b1592d396fd,dist/foundation/donor.css + dist/index.html + dist/foundation/accepted-runtime.js,Source extraction; visual parity limited to assurance/PARITY_AND_LIMITATIONS.md,
html_ids,100,mappingContent,PRESERVE_AS_IS,"Original CSS/DOM/event grammar retained; component use is shared, not copied per surface",CEP_LIBRARY_EDITOR_EXECUTABLE_BLUEPRINT_v1.2.17_ACCEPTED_DESIGN_REFERENCE.html,ea66b58ef122bf2f8ca23fd0aa9e461b07da11ea7390c451902e4b1592d396fd,dist/foundation/donor.css + dist/index.html + dist/foundation/accepted-runtime.js,Source extraction; visual parity limited to assurance/PARITY_AND_LIMITATIONS.md,
html_ids,101,mappingTitle,PRESERVE_AS_IS,"Original CSS/DOM/event grammar retained; component use is shared, not copied per surface",CEP_LIBRARY_EDITOR_EXECUTABLE_BLUEPRINT_v1.2.17_ACCEPTED_DESIGN_REFERENCE.html,ea66b58ef122bf2f8ca23fd0aa9e461b07da11ea7390c451902e4b1592d396fd,dist/foundation/donor.css + dist/index.html + dist/foundation/accepted-runtime.js,Source extraction; visual parity limited to assurance/PARITY_AND_LIMITATIONS.md,
html_ids,102,modeHint,PRESERVE_AS_IS,"Original CSS/DOM/event grammar retained; component use is shared, not copied per surface",CEP_LIBRARY_EDITOR_EXECUTABLE_BLUEPRINT_v1.2.17_ACCEPTED_DESIGN_REFERENCE.html,ea66b58ef122bf2f8ca23fd0aa9e461b07da11ea7390c451902e4b1592d396fd,dist/foundation/donor.css + dist/index.html + dist/foundation/accepted-runtime.js,Source extraction; visual parity limited to assurance/PARITY_AND_LIMITATIONS.md,
html_ids,103,noteCloseBackdrop,PRESERVE_AS_IS,"Original CSS/DOM/event grammar retained; component use is shared, not copied per surface",CEP_LIBRARY_EDITOR_EXECUTABLE_BLUEPRINT_v1.2.17_ACCEPTED_DESIGN_REFERENCE.html,ea66b58ef122bf2f8ca23fd0aa9e461b07da11ea7390c451902e4b1592d396fd,dist/foundation/donor.css + dist/index.html + dist/foundation/accepted-runtime.js,Source extraction; visual parity limited to assurance/PARITY_AND_LIMITATIONS.md,
html_ids,104,noteCloseTitle,PRESERVE_AS_IS,"Original CSS/DOM/event grammar retained; component use is shared, not copied per surface",CEP_LIBRARY_EDITOR_EXECUTABLE_BLUEPRINT_v1.2.17_ACCEPTED_DESIGN_REFERENCE.html,ea66b58ef122bf2f8ca23fd0aa9e461b07da11ea7390c451902e4b1592d396fd,dist/foundation/donor.css + dist/index.html + dist/foundation/accepted-runtime.js,Source extraction; visual parity limited to assurance/PARITY_AND_LIMITATIONS.md,
html_ids,105,overflowMenu,PRESERVE_AS_IS,"Original CSS/DOM/event grammar retained; component use is shared, not copied per surface",CEP_LIBRARY_EDITOR_EXECUTABLE_BLUEPRINT_v1.2.17_ACCEPTED_DESIGN_REFERENCE.html,ea66b58ef122bf2f8ca23fd0aa9e461b07da11ea7390c451902e4b1592d396fd,dist/foundation/donor.css + dist/index.html + dist/foundation/accepted-runtime.js,Source extraction; visual parity limited to assurance/PARITY_AND_LIMITATIONS.md,
html_ids,106,owner-consolidated-predecessor-css,PRESERVE_AS_IS,"Original CSS/DOM/event grammar retained; component use is shared, not copied per surface",CEP_LIBRARY_EDITOR_EXECUTABLE_BLUEPRINT_v1.2.17_ACCEPTED_DESIGN_REFERENCE.html,ea66b58ef122bf2f8ca23fd0aa9e461b07da11ea7390c451902e4b1592d396fd,dist/foundation/donor.css + dist/index.html + dist/foundation/accepted-runtime.js,Source extraction; visual parity limited to assurance/PARITY_AND_LIMITATIONS.md,
html_ids,107,owner-final-drive-handoff-v1-2-16,PRESERVE_AS_IS,"Original CSS/DOM/event grammar retained; component use is shared, not copied per surface",CEP_LIBRARY_EDITOR_EXECUTABLE_BLUEPRINT_v1.2.17_ACCEPTED_DESIGN_REFERENCE.html,ea66b58ef122bf2f8ca23fd0aa9e461b07da11ea7390c451902e4b1592d396fd,dist/foundation/donor.css + dist/index.html + dist/foundation/accepted-runtime.js,Source extraction; visual parity limited to assurance/PARITY_AND_LIMITATIONS.md,
html_ids,108,owner-final-drive-handoff-v1-2-17,PRESERVE_AS_IS,"Original CSS/DOM/event grammar retained; component use is shared, not copied per surface",CEP_LIBRARY_EDITOR_EXECUTABLE_BLUEPRINT_v1.2.17_ACCEPTED_DESIGN_REFERENCE.html,ea66b58ef122bf2f8ca23fd0aa9e461b07da11ea7390c451902e4b1592d396fd,dist/foundation/donor.css + dist/index.html + dist/foundation/accepted-runtime.js,Source extraction; visual parity limited to assurance/PARITY_AND_LIMITATIONS.md,
html_ids,109,owner-limited-closure-enhancements,PRESERVE_AS_IS,"Original CSS/DOM/event grammar retained; component use is shared, not copied per surface",CEP_LIBRARY_EDITOR_EXECUTABLE_BLUEPRINT_v1.2.17_ACCEPTED_DESIGN_REFERENCE.html,ea66b58ef122bf2f8ca23fd0aa9e461b07da11ea7390c451902e4b1592d396fd,dist/foundation/donor.css + dist/index.html + dist/foundation/accepted-runtime.js,Source extraction; visual parity limited to assurance/PARITY_AND_LIMITATIONS.md,
html_ids,110,owner-regression-recovery-v1-2-13,PRESERVE_AS_IS,"Original CSS/DOM/event grammar retained; component use is shared, not copied per surface",CEP_LIBRARY_EDITOR_EXECUTABLE_BLUEPRINT_v1.2.17_ACCEPTED_DESIGN_REFERENCE.html,ea66b58ef122bf2f8ca23fd0aa9e461b07da11ea7390c451902e4b1592d396fd,dist/foundation/donor.css + dist/index.html + dist/foundation/accepted-runtime.js,Source extraction; visual parity limited to assurance/PARITY_AND_LIMITATIONS.md,
html_ids,111,owner-scroll-reference-microfix-v1-2-14,PRESERVE_AS_IS,"Original CSS/DOM/event grammar retained; component use is shared, not copied per surface",CEP_LIBRARY_EDITOR_EXECUTABLE_BLUEPRINT_v1.2.17_ACCEPTED_DESIGN_REFERENCE.html,ea66b58ef122bf2f8ca23fd0aa9e461b07da11ea7390c451902e4b1592d396fd,dist/foundation/donor.css + dist/index.html + dist/foundation/accepted-runtime.js,Source extraction; visual parity limited to assurance/PARITY_AND_LIMITATIONS.md,
html_ids,112,owner-surgical-focus-marquee-theme-v1-2-9,PRESERVE_AS_IS,"Original CSS/DOM/event grammar retained; component use is shared, not copied per surface",CEP_LIBRARY_EDITOR_EXECUTABLE_BLUEPRINT_v1.2.17_ACCEPTED_DESIGN_REFERENCE.html,ea66b58ef122bf2f8ca23fd0aa9e461b07da11ea7390c451902e4b1592d396fd,dist/foundation/donor.css + dist/index.html + dist/foundation/accepted-runtime.js,Source extraction; visual parity limited to assurance/PARITY_AND_LIMITATIONS.md,
html_ids,113,owner-surgical-focus-theme-v1-2-8,PRESERVE_AS_IS,"Original CSS/DOM/event grammar retained; component use is shared, not copied per surface",CEP_LIBRARY_EDITOR_EXECUTABLE_BLUEPRINT_v1.2.17_ACCEPTED_DESIGN_REFERENCE.html,ea66b58ef122bf2f8ca23fd0aa9e461b07da11ea7390c451902e4b1592d396fd,dist/foundation/donor.css + dist/index.html + dist/foundation/accepted-runtime.js,Source extraction; visual parity limited to assurance/PARITY_AND_LIMITATIONS.md,
html_ids,114,owner-surgical-rail-microfix-v1-2-11,PRESERVE_AS_IS,"Original CSS/DOM/event grammar retained; component use is shared, not copied per surface",CEP_LIBRARY_EDITOR_EXECUTABLE_BLUEPRINT_v1.2.17_ACCEPTED_DESIGN_REFERENCE.html,ea66b58ef122bf2f8ca23fd0aa9e461b07da11ea7390c451902e4b1592d396fd,dist/foundation/donor.css + dist/index.html + dist/foundation/accepted-runtime.js,Source extraction; visual parity limited to assurance/PARITY_AND_LIMITATIONS.md,
html_ids,115,owner-ultra-final-css,PRESERVE_AS_IS,"Original CSS/DOM/event grammar retained; component use is shared, not copied per surface",CEP_LIBRARY_EDITOR_EXECUTABLE_BLUEPRINT_v1.2.17_ACCEPTED_DESIGN_REFERENCE.html,ea66b58ef122bf2f8ca23fd0aa9e461b07da11ea7390c451902e4b1592d396fd,dist/foundation/donor.css + dist/index.html + dist/foundation/accepted-runtime.js,Source extraction; visual parity limited to assurance/PARITY_AND_LIMITATIONS.md,
html_ids,116,owner-ultra-round1-layout-correction,PRESERVE_AS_IS,"Original CSS/DOM/event grammar retained; component use is shared, not copied per surface",CEP_LIBRARY_EDITOR_EXECUTABLE_BLUEPRINT_v1.2.17_ACCEPTED_DESIGN_REFERENCE.html,ea66b58ef122bf2f8ca23fd0aa9e461b07da11ea7390c451902e4b1592d396fd,dist/foundation/donor.css + dist/index.html + dist/foundation/accepted-runtime.js,Source extraction; visual parity limited to assurance/PARITY_AND_LIMITATIONS.md,
html_ids,117,owner-ultra-round2-correction,PRESERVE_AS_IS,"Original CSS/DOM/event grammar retained; component use is shared, not copied per surface",CEP_LIBRARY_EDITOR_EXECUTABLE_BLUEPRINT_v1.2.17_ACCEPTED_DESIGN_REFERENCE.html,ea66b58ef122bf2f8ca23fd0aa9e461b07da11ea7390c451902e4b1592d396fd,dist/foundation/donor.css + dist/index.html + dist/foundation/accepted-runtime.js,Source extraction; visual parity limited to assurance/PARITY_AND_LIMITATIONS.md,
html_ids,118,owner-ultra-round3-nesting-polish,PRESERVE_AS_IS,"Original CSS/DOM/event grammar retained; component use is shared, not copied per surface",CEP_LIBRARY_EDITOR_EXECUTABLE_BLUEPRINT_v1.2.17_ACCEPTED_DESIGN_REFERENCE.html,ea66b58ef122bf2f8ca23fd0aa9e461b07da11ea7390c451902e4b1592d396fd,dist/foundation/donor.css + dist/index.html + dist/foundation/accepted-runtime.js,Source extraction; visual parity limited to assurance/PARITY_AND_LIMITATIONS.md,
html_ids,119,owner-ultra-round4-nested-geometry,PRESERVE_AS_IS,"Original CSS/DOM/event grammar retained; component use is shared, not copied per surface",CEP_LIBRARY_EDITOR_EXECUTABLE_BLUEPRINT_v1.2.17_ACCEPTED_DESIGN_REFERENCE.html,ea66b58ef122bf2f8ca23fd0aa9e461b07da11ea7390c451902e4b1592d396fd,dist/foundation/donor.css + dist/index.html + dist/foundation/accepted-runtime.js,Source extraction; visual parity limited to assurance/PARITY_AND_LIMITATIONS.md,
html_ids,120,owner-ultra-round5-micro-polish,PRESERVE_AS_IS,"Original CSS/DOM/event grammar retained; component use is shared, not copied per surface",CEP_LIBRARY_EDITOR_EXECUTABLE_BLUEPRINT_v1.2.17_ACCEPTED_DESIGN_REFERENCE.html,ea66b58ef122bf2f8ca23fd0aa9e461b07da11ea7390c451902e4b1592d396fd,dist/foundation/donor.css + dist/index.html + dist/foundation/accepted-runtime.js,Source extraction; visual parity limited to assurance/PARITY_AND_LIMITATIONS.md,
html_ids,121,owner-value-recovery-p0-p2-v1-2-12,PRESERVE_AS_IS,"Original CSS/DOM/event grammar retained; component use is shared, not copied per surface",CEP_LIBRARY_EDITOR_EXECUTABLE_BLUEPRINT_v1.2.17_ACCEPTED_DESIGN_REFERENCE.html,ea66b58ef122bf2f8ca23fd0aa9e461b07da11ea7390c451902e4b1592d396fd,dist/foundation/donor.css + dist/index.html + dist/foundation/accepted-runtime.js,Source extraction; visual parity limited to assurance/PARITY_AND_LIMITATIONS.md,
html_ids,122,panelScrim,PRESERVE_AS_IS,"Original CSS/DOM/event grammar retained; component use is shared, not copied per surface",CEP_LIBRARY_EDITOR_EXECUTABLE_BLUEPRINT_v1.2.17_ACCEPTED_DESIGN_REFERENCE.html,ea66b58ef122bf2f8ca23fd0aa9e461b07da11ea7390c451902e4b1592d396fd,dist/foundation/donor.css + dist/index.html + dist/foundation/accepted-runtime.js,Source extraction; visual parity limited to assurance/PARITY_AND_LIMITATIONS.md,
html_ids,123,platformBackdrop,PRESERVE_AS_IS,"Original CSS/DOM/event grammar retained; component use is shared, not copied per surface",CEP_LIBRARY_EDITOR_EXECUTABLE_BLUEPRINT_v1.2.17_ACCEPTED_DESIGN_REFERENCE.html,ea66b58ef122bf2f8ca23fd0aa9e461b07da11ea7390c451902e4b1592d396fd,dist/foundation/donor.css + dist/index.html + dist/foundation/accepted-runtime.js,Source extraction; visual parity limited to assurance/PARITY_AND_LIMITATIONS.md,
html_ids,124,platformNoteId,PRESERVE_AS_IS,"Original CSS/DOM/event grammar retained; component use is shared, not copied per surface",CEP_LIBRARY_EDITOR_EXECUTABLE_BLUEPRINT_v1.2.17_ACCEPTED_DESIGN_REFERENCE.html,ea66b58ef122bf2f8ca23fd0aa9e461b07da11ea7390c451902e4b1592d396fd,dist/foundation/donor.css + dist/index.html + dist/foundation/accepted-runtime.js,Source extraction; visual parity limited to assurance/PARITY_AND_LIMITATIONS.md,
html_ids,125,platformTitle,PRESERVE_AS_IS,"Original CSS/DOM/event grammar retained; component use is shared, not copied per surface",CEP_LIBRARY_EDITOR_EXECUTABLE_BLUEPRINT_v1.2.17_ACCEPTED_DESIGN_REFERENCE.html,ea66b58ef122bf2f8ca23fd0aa9e461b07da11ea7390c451902e4b1592d396fd,dist/foundation/donor.css + dist/index.html + dist/foundation/accepted-runtime.js,Source extraction; visual parity limited to assurance/PARITY_AND_LIMITATIONS.md,
html_ids,126,politeLive,PRESERVE_AS_IS,"Original CSS/DOM/event grammar retained; component use is shared, not copied per surface",CEP_LIBRARY_EDITOR_EXECUTABLE_BLUEPRINT_v1.2.17_ACCEPTED_DESIGN_REFERENCE.html,ea66b58ef122bf2f8ca23fd0aa9e461b07da11ea7390c451902e4b1592d396fd,dist/foundation/donor.css + dist/index.html + dist/foundation/accepted-runtime.js,Source extraction; visual parity limited to assurance/PARITY_AND_LIMITATIONS.md,
html_ids,127,preferenceImportInput,PRESERVE_AS_IS,"Original CSS/DOM/event grammar retained; component use is shared, not copied per surface",CEP_LIBRARY_EDITOR_EXECUTABLE_BLUEPRINT_v1.2.17_ACCEPTED_DESIGN_REFERENCE.html,ea66b58ef122bf2f8ca23fd0aa9e461b07da11ea7390c451902e4b1592d396fd,dist/foundation/donor.css + dist/index.html + dist/foundation/accepted-runtime.js,Source extraction; visual parity limited to assurance/PARITY_AND_LIMITATIONS.md,
html_ids,128,production-mapping-manifest,PRESERVE_AS_IS,"Original CSS/DOM/event grammar retained; component use is shared, not copied per surface",CEP_LIBRARY_EDITOR_EXECUTABLE_BLUEPRINT_v1.2.17_ACCEPTED_DESIGN_REFERENCE.html,ea66b58ef122bf2f8ca23fd0aa9e461b07da11ea7390c451902e4b1592d396fd,dist/foundation/donor.css + dist/index.html + dist/foundation/accepted-runtime.js,Source extraction; visual parity limited to assurance/PARITY_AND_LIMITATIONS.md,
html_ids,129,quickJumpButton,PRESERVE_AS_IS,"Original CSS/DOM/event grammar retained; component use is shared, not copied per surface",CEP_LIBRARY_EDITOR_EXECUTABLE_BLUEPRINT_v1.2.17_ACCEPTED_DESIGN_REFERENCE.html,ea66b58ef122bf2f8ca23fd0aa9e461b07da11ea7390c451902e4b1592d396fd,dist/foundation/donor.css + dist/index.html + dist/foundation/accepted-runtime.js,Source extraction; visual parity limited to assurance/PARITY_AND_LIMITATIONS.md,
html_ids,130,quickJumpPopover,PRESERVE_AS_IS,"Original CSS/DOM/event grammar retained; component use is shared, not copied per surface",CEP_LIBRARY_EDITOR_EXECUTABLE_BLUEPRINT_v1.2.17_ACCEPTED_DESIGN_REFERENCE.html,ea66b58ef122bf2f8ca23fd0aa9e461b07da11ea7390c451902e4b1592d396fd,dist/foundation/donor.css + dist/index.html + dist/foundation/accepted-runtime.js,Source extraction; visual parity limited to assurance/PARITY_AND_LIMITATIONS.md,
html_ids,131,reference-delta-ledger,PRESERVE_AS_IS,"Original CSS/DOM/event grammar retained; component use is shared, not copied per surface",CEP_LIBRARY_EDITOR_EXECUTABLE_BLUEPRINT_v1.2.17_ACCEPTED_DESIGN_REFERENCE.html,ea66b58ef122bf2f8ca23fd0aa9e461b07da11ea7390c451902e4b1592d396fd,dist/foundation/donor.css + dist/index.html + dist/foundation/accepted-runtime.js,Source extraction; visual parity limited to assurance/PARITY_AND_LIMITATIONS.md,
html_ids,132,referenceReturnButton,PRESERVE_AS_IS,"Original CSS/DOM/event grammar retained; component use is shared, not copied per surface",CEP_LIBRARY_EDITOR_EXECUTABLE_BLUEPRINT_v1.2.17_ACCEPTED_DESIGN_REFERENCE.html,ea66b58ef122bf2f8ca23fd0aa9e461b07da11ea7390c451902e4b1592d396fd,dist/foundation/donor.css + dist/index.html + dist/foundation/accepted-runtime.js,Source extraction; visual parity limited to assurance/PARITY_AND_LIMITATIONS.md,
html_ids,133,relatedContextBody,PRESERVE_AS_IS,"Original CSS/DOM/event grammar retained; component use is shared, not copied per surface",CEP_LIBRARY_EDITOR_EXECUTABLE_BLUEPRINT_v1.2.17_ACCEPTED_DESIGN_REFERENCE.html,ea66b58ef122bf2f8ca23fd0aa9e461b07da11ea7390c451902e4b1592d396fd,dist/foundation/donor.css + dist/index.html + dist/foundation/accepted-runtime.js,Source extraction; visual parity limited to assurance/PARITY_AND_LIMITATIONS.md,
html_ids,134,relatedContextCount,PRESERVE_AS_IS,"Original CSS/DOM/event grammar retained; component use is shared, not copied per surface",CEP_LIBRARY_EDITOR_EXECUTABLE_BLUEPRINT_v1.2.17_ACCEPTED_DESIGN_REFERENCE.html,ea66b58ef122bf2f8ca23fd0aa9e461b07da11ea7390c451902e4b1592d396fd,dist/foundation/donor.css + dist/index.html + dist/foundation/accepted-runtime.js,Source extraction; visual parity limited to assurance/PARITY_AND_LIMITATIONS.md,
html_ids,135,relatedLearningBody,PRESERVE_AS_IS,"Original CSS/DOM/event grammar retained; component use is shared, not copied per surface",CEP_LIBRARY_EDITOR_EXECUTABLE_BLUEPRINT_v1.2.17_ACCEPTED_DESIGN_REFERENCE.html,ea66b58ef122bf2f8ca23fd0aa9e461b07da11ea7390c451902e4b1592d396fd,dist/foundation/donor.css + dist/index.html + dist/foundation/accepted-runtime.js,Source extraction; visual parity limited to assurance/PARITY_AND_LIMITATIONS.md,
html_ids,136,relatedLearningCount,PRESERVE_AS_IS,"Original CSS/DOM/event grammar retained; component use is shared, not copied per surface",CEP_LIBRARY_EDITOR_EXECUTABLE_BLUEPRINT_v1.2.17_ACCEPTED_DESIGN_REFERENCE.html,ea66b58ef122bf2f8ca23fd0aa9e461b07da11ea7390c451902e4b1592d396fd,dist/foundation/donor.css + dist/index.html + dist/foundation/accepted-runtime.js,Source extraction; visual parity limited to assurance/PARITY_AND_LIMITATIONS.md,
html_ids,137,requirement-reconciliation-ledger,PRESERVE_AS_IS,"Original CSS/DOM/event grammar retained; component use is shared, not copied per surface",CEP_LIBRARY_EDITOR_EXECUTABLE_BLUEPRINT_v1.2.17_ACCEPTED_DESIGN_REFERENCE.html,ea66b58ef122bf2f8ca23fd0aa9e461b07da11ea7390c451902e4b1592d396fd,dist/foundation/donor.css + dist/index.html + dist/foundation/accepted-runtime.js,Source extraction; visual parity limited to assurance/PARITY_AND_LIMITATIONS.md,
html_ids,138,rightLocalReveal,PRESERVE_AS_IS,"Original CSS/DOM/event grammar retained; component use is shared, not copied per surface",CEP_LIBRARY_EDITOR_EXECUTABLE_BLUEPRINT_v1.2.17_ACCEPTED_DESIGN_REFERENCE.html,ea66b58ef122bf2f8ca23fd0aa9e461b07da11ea7390c451902e4b1592d396fd,dist/foundation/donor.css + dist/index.html + dist/foundation/accepted-runtime.js,Source extraction; visual parity limited to assurance/PARITY_AND_LIMITATIONS.md,
html_ids,139,rightPane,PRESERVE_AS_IS,"Original CSS/DOM/event grammar retained; component use is shared, not copied per surface",CEP_LIBRARY_EDITOR_EXECUTABLE_BLUEPRINT_v1.2.17_ACCEPTED_DESIGN_REFERENCE.html,ea66b58ef122bf2f8ca23fd0aa9e461b07da11ea7390c451902e4b1592d396fd,dist/foundation/donor.css + dist/index.html + dist/foundation/accepted-runtime.js,Source extraction; visual parity limited to assurance/PARITY_AND_LIMITATIONS.md,
html_ids,140,rightResizer,PRESERVE_AS_IS,"Original CSS/DOM/event grammar retained; component use is shared, not copied per surface",CEP_LIBRARY_EDITOR_EXECUTABLE_BLUEPRINT_v1.2.17_ACCEPTED_DESIGN_REFERENCE.html,ea66b58ef122bf2f8ca23fd0aa9e461b07da11ea7390c451902e4b1592d396fd,dist/foundation/donor.css + dist/index.html + dist/foundation/accepted-runtime.js,Source extraction; visual parity limited to assurance/PARITY_AND_LIMITATIONS.md,
html_ids,141,saveStatus,PRESERVE_AS_IS,"Original CSS/DOM/event grammar retained; component use is shared, not copied per surface",CEP_LIBRARY_EDITOR_EXECUTABLE_BLUEPRINT_v1.2.17_ACCEPTED_DESIGN_REFERENCE.html,ea66b58ef122bf2f8ca23fd0aa9e461b07da11ea7390c451902e4b1592d396fd,dist/foundation/donor.css + dist/index.html + dist/foundation/accepted-runtime.js,Source extraction; visual parity limited to assurance/PARITY_AND_LIMITATIONS.md,
html_ids,142,selectionToolbar,PRESERVE_AS_IS,"Original CSS/DOM/event grammar retained; component use is shared, not copied per surface",CEP_LIBRARY_EDITOR_EXECUTABLE_BLUEPRINT_v1.2.17_ACCEPTED_DESIGN_REFERENCE.html,ea66b58ef122bf2f8ca23fd0aa9e461b07da11ea7390c451902e4b1592d396fd,dist/foundation/donor.css + dist/index.html + dist/foundation/accepted-runtime.js,Source extraction; visual parity limited to assurance/PARITY_AND_LIMITATIONS.md,
html_ids,143,shortcutBackdrop,PRESERVE_AS_IS,"Original CSS/DOM/event grammar retained; component use is shared, not copied per surface",CEP_LIBRARY_EDITOR_EXECUTABLE_BLUEPRINT_v1.2.17_ACCEPTED_DESIGN_REFERENCE.html,ea66b58ef122bf2f8ca23fd0aa9e461b07da11ea7390c451902e4b1592d396fd,dist/foundation/donor.css + dist/index.html + dist/foundation/accepted-runtime.js,Source extraction; visual parity limited to assurance/PARITY_AND_LIMITATIONS.md,
html_ids,144,shortcutTitle,PRESERVE_AS_IS,"Original CSS/DOM/event grammar retained; component use is shared, not copied per surface",CEP_LIBRARY_EDITOR_EXECUTABLE_BLUEPRINT_v1.2.17_ACCEPTED_DESIGN_REFERENCE.html,ea66b58ef122bf2f8ca23fd0aa9e461b07da11ea7390c451902e4b1592d396fd,dist/foundation/donor.css + dist/index.html + dist/foundation/accepted-runtime.js,Source extraction; visual parity limited to assurance/PARITY_AND_LIMITATIONS.md,
html_ids,145,stateFab,PRESERVE_AS_IS,"Original CSS/DOM/event grammar retained; component use is shared, not copied per surface",CEP_LIBRARY_EDITOR_EXECUTABLE_BLUEPRINT_v1.2.17_ACCEPTED_DESIGN_REFERENCE.html,ea66b58ef122bf2f8ca23fd0aa9e461b07da11ea7390c451902e4b1592d396fd,dist/foundation/donor.css + dist/index.html + dist/foundation/accepted-runtime.js,Source extraction; visual parity limited to assurance/PARITY_AND_LIMITATIONS.md,
html_ids,146,stateLab,PRESERVE_AS_IS,"Original CSS/DOM/event grammar retained; component use is shared, not copied per surface",CEP_LIBRARY_EDITOR_EXECUTABLE_BLUEPRINT_v1.2.17_ACCEPTED_DESIGN_REFERENCE.html,ea66b58ef122bf2f8ca23fd0aa9e461b07da11ea7390c451902e4b1592d396fd,dist/foundation/donor.css + dist/index.html + dist/foundation/accepted-runtime.js,Source extraction; visual parity limited to assurance/PARITY_AND_LIMITATIONS.md,
html_ids,147,stickyNoteHost,PRESERVE_AS_IS,"Original CSS/DOM/event grammar retained; component use is shared, not copied per surface",CEP_LIBRARY_EDITOR_EXECUTABLE_BLUEPRINT_v1.2.17_ACCEPTED_DESIGN_REFERENCE.html,ea66b58ef122bf2f8ca23fd0aa9e461b07da11ea7390c451902e4b1592d396fd,dist/foundation/donor.css + dist/index.html + dist/foundation/accepted-runtime.js,Source extraction; visual parity limited to assurance/PARITY_AND_LIMITATIONS.md,
html_ids,148,structureActivePath,PRESERVE_AS_IS,"Original CSS/DOM/event grammar retained; component use is shared, not copied per surface",CEP_LIBRARY_EDITOR_EXECUTABLE_BLUEPRINT_v1.2.17_ACCEPTED_DESIGN_REFERENCE.html,ea66b58ef122bf2f8ca23fd0aa9e461b07da11ea7390c451902e4b1592d396fd,dist/foundation/donor.css + dist/index.html + dist/foundation/accepted-runtime.js,Source extraction; visual parity limited to assurance/PARITY_AND_LIMITATIONS.md,
html_ids,149,structureEmpty,PRESERVE_AS_IS,"Original CSS/DOM/event grammar retained; component use is shared, not copied per surface",CEP_LIBRARY_EDITOR_EXECUTABLE_BLUEPRINT_v1.2.17_ACCEPTED_DESIGN_REFERENCE.html,ea66b58ef122bf2f8ca23fd0aa9e461b07da11ea7390c451902e4b1592d396fd,dist/foundation/donor.css + dist/index.html + dist/foundation/accepted-runtime.js,Source extraction; visual parity limited to assurance/PARITY_AND_LIMITATIONS.md,
html_ids,150,structureTree,PRESERVE_AS_IS,"Original CSS/DOM/event grammar retained; component use is shared, not copied per surface",CEP_LIBRARY_EDITOR_EXECUTABLE_BLUEPRINT_v1.2.17_ACCEPTED_DESIGN_REFERENCE.html,ea66b58ef122bf2f8ca23fd0aa9e461b07da11ea7390c451902e4b1592d396fd,dist/foundation/donor.css + dist/index.html + dist/foundation/accepted-runtime.js,Source extraction; visual parity limited to assurance/PARITY_AND_LIMITATIONS.md,
html_ids,151,surgical-final-wave-receipt,PRESERVE_AS_IS,"Original CSS/DOM/event grammar retained; component use is shared, not copied per surface",CEP_LIBRARY_EDITOR_EXECUTABLE_BLUEPRINT_v1.2.17_ACCEPTED_DESIGN_REFERENCE.html,ea66b58ef122bf2f8ca23fd0aa9e461b07da11ea7390c451902e4b1592d396fd,dist/foundation/donor.css + dist/index.html + dist/foundation/accepted-runtime.js,Source extraction; visual parity limited to assurance/PARITY_AND_LIMITATIONS.md,
html_ids,152,surgical-interaction-final-receipt,PRESERVE_AS_IS,"Original CSS/DOM/event grammar retained; component use is shared, not copied per surface",CEP_LIBRARY_EDITOR_EXECUTABLE_BLUEPRINT_v1.2.17_ACCEPTED_DESIGN_REFERENCE.html,ea66b58ef122bf2f8ca23fd0aa9e461b07da11ea7390c451902e4b1592d396fd,dist/foundation/donor.css + dist/index.html + dist/foundation/accepted-runtime.js,Source extraction; visual parity limited to assurance/PARITY_AND_LIMITATIONS.md,
html_ids,153,surgical-micro-final-receipt,PRESERVE_AS_IS,"Original CSS/DOM/event grammar retained; component use is shared, not copied per surface",CEP_LIBRARY_EDITOR_EXECUTABLE_BLUEPRINT_v1.2.17_ACCEPTED_DESIGN_REFERENCE.html,ea66b58ef122bf2f8ca23fd0aa9e461b07da11ea7390c451902e4b1592d396fd,dist/foundation/donor.css + dist/index.html + dist/foundation/accepted-runtime.js,Source extraction; visual parity limited to assurance/PARITY_AND_LIMITATIONS.md,
html_ids,154,surgical-minor-final-receipt,PRESERVE_AS_IS,"Original CSS/DOM/event grammar retained; component use is shared, not copied per surface",CEP_LIBRARY_EDITOR_EXECUTABLE_BLUEPRINT_v1.2.17_ACCEPTED_DESIGN_REFERENCE.html,ea66b58ef122bf2f8ca23fd0aa9e461b07da11ea7390c451902e4b1592d396fd,dist/foundation/donor.css + dist/index.html + dist/foundation/accepted-runtime.js,Source extraction; visual parity limited to assurance/PARITY_AND_LIMITATIONS.md,
html_ids,155,surgical-wave1-receipt,PRESERVE_AS_IS,"Original CSS/DOM/event grammar retained; component use is shared, not copied per surface",CEP_LIBRARY_EDITOR_EXECUTABLE_BLUEPRINT_v1.2.17_ACCEPTED_DESIGN_REFERENCE.html,ea66b58ef122bf2f8ca23fd0aa9e461b07da11ea7390c451902e4b1592d396fd,dist/foundation/donor.css + dist/index.html + dist/foundation/accepted-runtime.js,Source extraction; visual parity limited to assurance/PARITY_AND_LIMITATIONS.md,
html_ids,156,surgical-wave2-receipt,PRESERVE_AS_IS,"Original CSS/DOM/event grammar retained; component use is shared, not copied per surface",CEP_LIBRARY_EDITOR_EXECUTABLE_BLUEPRINT_v1.2.17_ACCEPTED_DESIGN_REFERENCE.html,ea66b58ef122bf2f8ca23fd0aa9e461b07da11ea7390c451902e4b1592d396fd,dist/foundation/donor.css + dist/index.html + dist/foundation/accepted-runtime.js,Source extraction; visual parity limited to assurance/PARITY_AND_LIMITATIONS.md,
html_ids,157,themeCycleButton,PRESERVE_AS_IS,"Original CSS/DOM/event grammar retained; component use is shared, not copied per surface",CEP_LIBRARY_EDITOR_EXECUTABLE_BLUEPRINT_v1.2.17_ACCEPTED_DESIGN_REFERENCE.html,ea66b58ef122bf2f8ca23fd0aa9e461b07da11ea7390c451902e4b1592d396fd,dist/foundation/donor.css + dist/index.html + dist/foundation/accepted-runtime.js,Source extraction; visual parity limited to assurance/PARITY_AND_LIMITATIONS.md,
html_ids,158,toastStack,PRESERVE_AS_IS,"Original CSS/DOM/event grammar retained; component use is shared, not copied per surface",CEP_LIBRARY_EDITOR_EXECUTABLE_BLUEPRINT_v1.2.17_ACCEPTED_DESIGN_REFERENCE.html,ea66b58ef122bf2f8ca23fd0aa9e461b07da11ea7390c451902e4b1592d396fd,dist/foundation/donor.css + dist/index.html + dist/foundation/accepted-runtime.js,Source extraction; visual parity limited to assurance/PARITY_AND_LIMITATIONS.md,
html_ids,159,toggleAllWorkspaceButton,PRESERVE_AS_IS,"Original CSS/DOM/event grammar retained; component use is shared, not copied per surface",CEP_LIBRARY_EDITOR_EXECUTABLE_BLUEPRINT_v1.2.17_ACCEPTED_DESIGN_REFERENCE.html,ea66b58ef122bf2f8ca23fd0aa9e461b07da11ea7390c451902e4b1592d396fd,dist/foundation/donor.css + dist/index.html + dist/foundation/accepted-runtime.js,Source extraction; visual parity limited to assurance/PARITY_AND_LIMITATIONS.md,
html_ids,160,toggleAllWorkspaceLabel,PRESERVE_AS_IS,"Original CSS/DOM/event grammar retained; component use is shared, not copied per surface",CEP_LIBRARY_EDITOR_EXECUTABLE_BLUEPRINT_v1.2.17_ACCEPTED_DESIGN_REFERENCE.html,ea66b58ef122bf2f8ca23fd0aa9e461b07da11ea7390c451902e4b1592d396fd,dist/foundation/donor.css + dist/index.html + dist/foundation/accepted-runtime.js,Source extraction; visual parity limited to assurance/PARITY_AND_LIMITATIONS.md,
html_ids,161,toggleContractBackdrop,PRESERVE_AS_IS,"Original CSS/DOM/event grammar retained; component use is shared, not copied per surface",CEP_LIBRARY_EDITOR_EXECUTABLE_BLUEPRINT_v1.2.17_ACCEPTED_DESIGN_REFERENCE.html,ea66b58ef122bf2f8ca23fd0aa9e461b07da11ea7390c451902e4b1592d396fd,dist/foundation/donor.css + dist/index.html + dist/foundation/accepted-runtime.js,Source extraction; visual parity limited to assurance/PARITY_AND_LIMITATIONS.md,
html_ids,162,toggleContractBody,PRESERVE_AS_IS,"Original CSS/DOM/event grammar retained; component use is shared, not copied per surface",CEP_LIBRARY_EDITOR_EXECUTABLE_BLUEPRINT_v1.2.17_ACCEPTED_DESIGN_REFERENCE.html,ea66b58ef122bf2f8ca23fd0aa9e461b07da11ea7390c451902e4b1592d396fd,dist/foundation/donor.css + dist/index.html + dist/foundation/accepted-runtime.js,Source extraction; visual parity limited to assurance/PARITY_AND_LIMITATIONS.md,
html_ids,163,toggleContractTitle,PRESERVE_AS_IS,"Original CSS/DOM/event grammar retained; component use is shared, not copied per surface",CEP_LIBRARY_EDITOR_EXECUTABLE_BLUEPRINT_v1.2.17_ACCEPTED_DESIGN_REFERENCE.html,ea66b58ef122bf2f8ca23fd0aa9e461b07da11ea7390c451902e4b1592d396fd,dist/foundation/donor.css + dist/index.html + dist/foundation/accepted-runtime.js,Source extraction; visual parity limited to assurance/PARITY_AND_LIMITATIONS.md,
html_ids,164,toolbarKuId,PRESERVE_AS_IS,"Original CSS/DOM/event grammar retained; component use is shared, not copied per surface",CEP_LIBRARY_EDITOR_EXECUTABLE_BLUEPRINT_v1.2.17_ACCEPTED_DESIGN_REFERENCE.html,ea66b58ef122bf2f8ca23fd0aa9e461b07da11ea7390c451902e4b1592d396fd,dist/foundation/donor.css + dist/index.html + dist/foundation/accepted-runtime.js,Source extraction; visual parity limited to assurance/PARITY_AND_LIMITATIONS.md,
html_ids,165,toolbarTitle,PRESERVE_AS_IS,"Original CSS/DOM/event grammar retained; component use is shared, not copied per surface",CEP_LIBRARY_EDITOR_EXECUTABLE_BLUEPRINT_v1.2.17_ACCEPTED_DESIGN_REFERENCE.html,ea66b58ef122bf2f8ca23fd0aa9e461b07da11ea7390c451902e4b1592d396fd,dist/foundation/donor.css + dist/index.html + dist/foundation/accepted-runtime.js,Source extraction; visual parity limited to assurance/PARITY_AND_LIMITATIONS.md,
html_ids,166,topBanner,PRESERVE_AS_IS,"Original CSS/DOM/event grammar retained; component use is shared, not copied per surface",CEP_LIBRARY_EDITOR_EXECUTABLE_BLUEPRINT_v1.2.17_ACCEPTED_DESIGN_REFERENCE.html,ea66b58ef122bf2f8ca23fd0aa9e461b07da11ea7390c451902e4b1592d396fd,dist/foundation/donor.css + dist/index.html + dist/foundation/accepted-runtime.js,Source extraction; visual parity limited to assurance/PARITY_AND_LIMITATIONS.md,
html_ids,167,treeClearSearch,PRESERVE_AS_IS,"Original CSS/DOM/event grammar retained; component use is shared, not copied per surface",CEP_LIBRARY_EDITOR_EXECUTABLE_BLUEPRINT_v1.2.17_ACCEPTED_DESIGN_REFERENCE.html,ea66b58ef122bf2f8ca23fd0aa9e461b07da11ea7390c451902e4b1592d396fd,dist/foundation/donor.css + dist/index.html + dist/foundation/accepted-runtime.js,Source extraction; visual parity limited to assurance/PARITY_AND_LIMITATIONS.md,
html_ids,168,treeResultCount,PRESERVE_AS_IS,"Original CSS/DOM/event grammar retained; component use is shared, not copied per surface",CEP_LIBRARY_EDITOR_EXECUTABLE_BLUEPRINT_v1.2.17_ACCEPTED_DESIGN_REFERENCE.html,ea66b58ef122bf2f8ca23fd0aa9e461b07da11ea7390c451902e4b1592d396fd,dist/foundation/donor.css + dist/index.html + dist/foundation/accepted-runtime.js,Source extraction; visual parity limited to assurance/PARITY_AND_LIMITATIONS.md,
html_ids,169,user-feedback-ultra-functional-receipt,PRESERVE_AS_IS,"Original CSS/DOM/event grammar retained; component use is shared, not copied per surface",CEP_LIBRARY_EDITOR_EXECUTABLE_BLUEPRINT_v1.2.17_ACCEPTED_DESIGN_REFERENCE.html,ea66b58ef122bf2f8ca23fd0aa9e461b07da11ea7390c451902e4b1592d396fd,dist/foundation/donor.css + dist/index.html + dist/foundation/accepted-runtime.js,Source extraction; visual parity limited to assurance/PARITY_AND_LIMITATIONS.md,
html_ids,170,wave03-writer-receipt,PRESERVE_AS_IS,"Original CSS/DOM/event grammar retained; component use is shared, not copied per surface",CEP_LIBRARY_EDITOR_EXECUTABLE_BLUEPRINT_v1.2.17_ACCEPTED_DESIGN_REFERENCE.html,ea66b58ef122bf2f8ca23fd0aa9e461b07da11ea7390c451902e4b1592d396fd,dist/foundation/donor.css + dist/index.html + dist/foundation/accepted-runtime.js,Source extraction; visual parity limited to assurance/PARITY_AND_LIMITATIONS.md,
html_ids,171,workspacePopover,PRESERVE_AS_IS,"Original CSS/DOM/event grammar retained; component use is shared, not copied per surface",CEP_LIBRARY_EDITOR_EXECUTABLE_BLUEPRINT_v1.2.17_ACCEPTED_DESIGN_REFERENCE.html,ea66b58ef122bf2f8ca23fd0aa9e461b07da11ea7390c451902e4b1592d396fd,dist/foundation/donor.css + dist/index.html + dist/foundation/accepted-runtime.js,Source extraction; visual parity limited to assurance/PARITY_AND_LIMITATIONS.md,
html_ids,172,workspaceViewButton,PRESERVE_AS_IS,"Original CSS/DOM/event grammar retained; component use is shared, not copied per surface",CEP_LIBRARY_EDITOR_EXECUTABLE_BLUEPRINT_v1.2.17_ACCEPTED_DESIGN_REFERENCE.html,ea66b58ef122bf2f8ca23fd0aa9e461b07da11ea7390c451902e4b1592d396fd,dist/foundation/donor.css + dist/index.html + dist/foundation/accepted-runtime.js,Source extraction; visual parity limited to assurance/PARITY_AND_LIMITATIONS.md,
html_ids,173,writer-v1-2-final-receipt,PRESERVE_AS_IS,"Original CSS/DOM/event grammar retained; component use is shared, not copied per surface",CEP_LIBRARY_EDITOR_EXECUTABLE_BLUEPRINT_v1.2.17_ACCEPTED_DESIGN_REFERENCE.html,ea66b58ef122bf2f8ca23fd0aa9e461b07da11ea7390c451902e4b1592d396fd,dist/foundation/donor.css + dist/index.html + dist/foundation/accepted-runtime.js,Source extraction; visual parity limited to assurance/PARITY_AND_LIMITATIONS.md,
html_ids,174,writer-v1-2-w1-w3-receipt,PRESERVE_AS_IS,"Original CSS/DOM/event grammar retained; component use is shared, not copied per surface",CEP_LIBRARY_EDITOR_EXECUTABLE_BLUEPRINT_v1.2.17_ACCEPTED_DESIGN_REFERENCE.html,ea66b58ef122bf2f8ca23fd0aa9e461b07da11ea7390c451902e4b1592d396fd,dist/foundation/donor.css + dist/index.html + dist/foundation/accepted-runtime.js,Source extraction; visual parity limited to assurance/PARITY_AND_LIMITATIONS.md,
html_ids,175,writer-v1-2-w4-w6-receipt,PRESERVE_AS_IS,"Original CSS/DOM/event grammar retained; component use is shared, not copied per surface",CEP_LIBRARY_EDITOR_EXECUTABLE_BLUEPRINT_v1.2.17_ACCEPTED_DESIGN_REFERENCE.html,ea66b58ef122bf2f8ca23fd0aa9e461b07da11ea7390c451902e4b1592d396fd,dist/foundation/donor.css + dist/index.html + dist/foundation/accepted-runtime.js,Source extraction; visual parity limited to assurance/PARITY_AND_LIMITATIONS.md,
html_ids,176,writer-v1-2-w7-receipt,PRESERVE_AS_IS,"Original CSS/DOM/event grammar retained; component use is shared, not copied per surface",CEP_LIBRARY_EDITOR_EXECUTABLE_BLUEPRINT_v1.2.17_ACCEPTED_DESIGN_REFERENCE.html,ea66b58ef122bf2f8ca23fd0aa9e461b07da11ea7390c451902e4b1592d396fd,dist/foundation/donor.css + dist/index.html + dist/foundation/accepted-runtime.js,Source extraction; visual parity limited to assurance/PARITY_AND_LIMITATIONS.md,
data_attributes,1,data-action,PRESERVE_AS_IS,"Original CSS/DOM/event grammar retained; component use is shared, not copied per surface",CEP_LIBRARY_EDITOR_EXECUTABLE_BLUEPRINT_v1.2.17_ACCEPTED_DESIGN_REFERENCE.html,ea66b58ef122bf2f8ca23fd0aa9e461b07da11ea7390c451902e4b1592d396fd,dist/foundation/donor.css + dist/index.html + dist/foundation/accepted-runtime.js,Source extraction; visual parity limited to assurance/PARITY_AND_LIMITATIONS.md,
data_attributes,2,data-active,PRESERVE_AS_IS,"Original CSS/DOM/event grammar retained; component use is shared, not copied per surface",CEP_LIBRARY_EDITOR_EXECUTABLE_BLUEPRINT_v1.2.17_ACCEPTED_DESIGN_REFERENCE.html,ea66b58ef122bf2f8ca23fd0aa9e461b07da11ea7390c451902e4b1592d396fd,dist/foundation/donor.css + dist/index.html + dist/foundation/accepted-runtime.js,Source extraction; visual parity limited to assurance/PARITY_AND_LIMITATIONS.md,
data_attributes,3,data-align,PRESERVE_AS_IS,"Original CSS/DOM/event grammar retained; component use is shared, not copied per surface",CEP_LIBRARY_EDITOR_EXECUTABLE_BLUEPRINT_v1.2.17_ACCEPTED_DESIGN_REFERENCE.html,ea66b58ef122bf2f8ca23fd0aa9e461b07da11ea7390c451902e4b1592d396fd,dist/foundation/donor.css + dist/index.html + dist/foundation/accepted-runtime.js,Source extraction; visual parity limited to assurance/PARITY_AND_LIMITATIONS.md,
data_attributes,4,data-authority,PRESERVE_AS_IS,"Original CSS/DOM/event grammar retained; component use is shared, not copied per surface",CEP_LIBRARY_EDITOR_EXECUTABLE_BLUEPRINT_v1.2.17_ACCEPTED_DESIGN_REFERENCE.html,ea66b58ef122bf2f8ca23fd0aa9e461b07da11ea7390c451902e4b1592d396fd,dist/foundation/donor.css + dist/index.html + dist/foundation/accepted-runtime.js,Source extraction; visual parity limited to assurance/PARITY_AND_LIMITATIONS.md,
data_attributes,5,data-banner,PRESERVE_AS_IS,"Original CSS/DOM/event grammar retained; component use is shared, not copied per surface",CEP_LIBRARY_EDITOR_EXECUTABLE_BLUEPRINT_v1.2.17_ACCEPTED_DESIGN_REFERENCE.html,ea66b58ef122bf2f8ca23fd0aa9e461b07da11ea7390c451902e4b1592d396fd,dist/foundation/donor.css + dist/index.html + dist/foundation/accepted-runtime.js,Source extraction; visual parity limited to assurance/PARITY_AND_LIMITATIONS.md,
data_attributes,6,data-bg,PRESERVE_AS_IS,"Original CSS/DOM/event grammar retained; component use is shared, not copied per surface",CEP_LIBRARY_EDITOR_EXECUTABLE_BLUEPRINT_v1.2.17_ACCEPTED_DESIGN_REFERENCE.html,ea66b58ef122bf2f8ca23fd0aa9e461b07da11ea7390c451902e4b1592d396fd,dist/foundation/donor.css + dist/index.html + dist/foundation/accepted-runtime.js,Source extraction; visual parity limited to assurance/PARITY_AND_LIMITATIONS.md,
data_attributes,7,data-block-focus-origin,PRESERVE_AS_IS,"Original CSS/DOM/event grammar retained; component use is shared, not copied per surface",CEP_LIBRARY_EDITOR_EXECUTABLE_BLUEPRINT_v1.2.17_ACCEPTED_DESIGN_REFERENCE.html,ea66b58ef122bf2f8ca23fd0aa9e461b07da11ea7390c451902e4b1592d396fd,dist/foundation/donor.css + dist/index.html + dist/foundation/accepted-runtime.js,Source extraction; visual parity limited to assurance/PARITY_AND_LIMITATIONS.md,
data_attributes,8,data-block-handle,PRESERVE_AS_IS,"Original CSS/DOM/event grammar retained; component use is shared, not copied per surface",CEP_LIBRARY_EDITOR_EXECUTABLE_BLUEPRINT_v1.2.17_ACCEPTED_DESIGN_REFERENCE.html,ea66b58ef122bf2f8ca23fd0aa9e461b07da11ea7390c451902e4b1592d396fd,dist/foundation/donor.css + dist/index.html + dist/foundation/accepted-runtime.js,Source extraction; visual parity limited to assurance/PARITY_AND_LIMITATIONS.md,
data_attributes,9,data-block-id,PRESERVE_AS_IS,"Original CSS/DOM/event grammar retained; component use is shared, not copied per surface",CEP_LIBRARY_EDITOR_EXECUTABLE_BLUEPRINT_v1.2.17_ACCEPTED_DESIGN_REFERENCE.html,ea66b58ef122bf2f8ca23fd0aa9e461b07da11ea7390c451902e4b1592d396fd,dist/foundation/donor.css + dist/index.html + dist/foundation/accepted-runtime.js,Source extraction; visual parity limited to assurance/PARITY_AND_LIMITATIONS.md,
data_attributes,10,data-block-rail,PRESERVE_AS_IS,"Original CSS/DOM/event grammar retained; component use is shared, not copied per surface",CEP_LIBRARY_EDITOR_EXECUTABLE_BLUEPRINT_v1.2.17_ACCEPTED_DESIGN_REFERENCE.html,ea66b58ef122bf2f8ca23fd0aa9e461b07da11ea7390c451902e4b1592d396fd,dist/foundation/donor.css + dist/index.html + dist/foundation/accepted-runtime.js,Source extraction; visual parity limited to assurance/PARITY_AND_LIMITATIONS.md,
data_attributes,11,data-block-selected,PRESERVE_AS_IS,"Original CSS/DOM/event grammar retained; component use is shared, not copied per surface",CEP_LIBRARY_EDITOR_EXECUTABLE_BLUEPRINT_v1.2.17_ACCEPTED_DESIGN_REFERENCE.html,ea66b58ef122bf2f8ca23fd0aa9e461b07da11ea7390c451902e4b1592d396fd,dist/foundation/donor.css + dist/index.html + dist/foundation/accepted-runtime.js,Source extraction; visual parity limited to assurance/PARITY_AND_LIMITATIONS.md,
data_attributes,12,data-center-context-lens,PRESERVE_AS_IS,"Original CSS/DOM/event grammar retained; component use is shared, not copied per surface",CEP_LIBRARY_EDITOR_EXECUTABLE_BLUEPRINT_v1.2.17_ACCEPTED_DESIGN_REFERENCE.html,ea66b58ef122bf2f8ca23fd0aa9e461b07da11ea7390c451902e4b1592d396fd,dist/foundation/donor.css + dist/index.html + dist/foundation/accepted-runtime.js,Source extraction; visual parity limited to assurance/PARITY_AND_LIMITATIONS.md,
data_attributes,13,data-center-ku-target,PRESERVE_AS_IS,"Original CSS/DOM/event grammar retained; component use is shared, not copied per surface",CEP_LIBRARY_EDITOR_EXECUTABLE_BLUEPRINT_v1.2.17_ACCEPTED_DESIGN_REFERENCE.html,ea66b58ef122bf2f8ca23fd0aa9e461b07da11ea7390c451902e4b1592d396fd,dist/foundation/donor.css + dist/index.html + dist/foundation/accepted-runtime.js,Source extraction; visual parity limited to assurance/PARITY_AND_LIMITATIONS.md,
data_attributes,14,data-cep-block,PRESERVE_AS_IS,"Original CSS/DOM/event grammar retained; component use is shared, not copied per surface",CEP_LIBRARY_EDITOR_EXECUTABLE_BLUEPRINT_v1.2.17_ACCEPTED_DESIGN_REFERENCE.html,ea66b58ef122bf2f8ca23fd0aa9e461b07da11ea7390c451902e4b1592d396fd,dist/foundation/donor.css + dist/index.html + dist/foundation/accepted-runtime.js,Source extraction; visual parity limited to assurance/PARITY_AND_LIMITATIONS.md,
data_attributes,15,data-cep-block-type,PRESERVE_AS_IS,"Original CSS/DOM/event grammar retained; component use is shared, not copied per surface",CEP_LIBRARY_EDITOR_EXECUTABLE_BLUEPRINT_v1.2.17_ACCEPTED_DESIGN_REFERENCE.html,ea66b58ef122bf2f8ca23fd0aa9e461b07da11ea7390c451902e4b1592d396fd,dist/foundation/donor.css + dist/index.html + dist/foundation/accepted-runtime.js,Source extraction; visual parity limited to assurance/PARITY_AND_LIMITATIONS.md,
data_attributes,16,data-cmd,PRESERVE_AS_IS,"Original CSS/DOM/event grammar retained; component use is shared, not copied per surface",CEP_LIBRARY_EDITOR_EXECUTABLE_BLUEPRINT_v1.2.17_ACCEPTED_DESIGN_REFERENCE.html,ea66b58ef122bf2f8ca23fd0aa9e461b07da11ea7390c451902e4b1592d396fd,dist/foundation/donor.css + dist/index.html + dist/foundation/accepted-runtime.js,Source extraction; visual parity limited to assurance/PARITY_AND_LIMITATIONS.md,
data_attributes,17,data-cmd-item,PRESERVE_AS_IS,"Original CSS/DOM/event grammar retained; component use is shared, not copied per surface",CEP_LIBRARY_EDITOR_EXECUTABLE_BLUEPRINT_v1.2.17_ACCEPTED_DESIGN_REFERENCE.html,ea66b58ef122bf2f8ca23fd0aa9e461b07da11ea7390c451902e4b1592d396fd,dist/foundation/donor.css + dist/index.html + dist/foundation/accepted-runtime.js,Source extraction; visual parity limited to assurance/PARITY_AND_LIMITATIONS.md,
data_attributes,18,data-code-copy,PRESERVE_AS_IS,"Original CSS/DOM/event grammar retained; component use is shared, not copied per surface",CEP_LIBRARY_EDITOR_EXECUTABLE_BLUEPRINT_v1.2.17_ACCEPTED_DESIGN_REFERENCE.html,ea66b58ef122bf2f8ca23fd0aa9e461b07da11ea7390c451902e4b1592d396fd,dist/foundation/donor.css + dist/index.html + dist/foundation/accepted-runtime.js,Source extraction; visual parity limited to assurance/PARITY_AND_LIMITATIONS.md,
data_attributes,19,data-code-line-numbers,PRESERVE_AS_IS,"Original CSS/DOM/event grammar retained; component use is shared, not copied per surface",CEP_LIBRARY_EDITOR_EXECUTABLE_BLUEPRINT_v1.2.17_ACCEPTED_DESIGN_REFERENCE.html,ea66b58ef122bf2f8ca23fd0aa9e461b07da11ea7390c451902e4b1592d396fd,dist/foundation/donor.css + dist/index.html + dist/foundation/accepted-runtime.js,Source extraction; visual parity limited to assurance/PARITY_AND_LIMITATIONS.md,
data_attributes,20,data-code-wrap,PRESERVE_AS_IS,"Original CSS/DOM/event grammar retained; component use is shared, not copied per surface",CEP_LIBRARY_EDITOR_EXECUTABLE_BLUEPRINT_v1.2.17_ACCEPTED_DESIGN_REFERENCE.html,ea66b58ef122bf2f8ca23fd0aa9e461b07da11ea7390c451902e4b1592d396fd,dist/foundation/donor.css + dist/index.html + dist/foundation/accepted-runtime.js,Source extraction; visual parity limited to assurance/PARITY_AND_LIMITATIONS.md,
data_attributes,21,data-command,PRESERVE_AS_IS,"Original CSS/DOM/event grammar retained; component use is shared, not copied per surface",CEP_LIBRARY_EDITOR_EXECUTABLE_BLUEPRINT_v1.2.17_ACCEPTED_DESIGN_REFERENCE.html,ea66b58ef122bf2f8ca23fd0aa9e461b07da11ea7390c451902e4b1592d396fd,dist/foundation/donor.css + dist/index.html + dist/foundation/accepted-runtime.js,Source extraction; visual parity limited to assurance/PARITY_AND_LIMITATIONS.md,
data_attributes,22,data-command-owner,PRESERVE_AS_IS,"Original CSS/DOM/event grammar retained; component use is shared, not copied per surface",CEP_LIBRARY_EDITOR_EXECUTABLE_BLUEPRINT_v1.2.17_ACCEPTED_DESIGN_REFERENCE.html,ea66b58ef122bf2f8ca23fd0aa9e461b07da11ea7390c451902e4b1592d396fd,dist/foundation/donor.css + dist/index.html + dist/foundation/accepted-runtime.js,Source extraction; visual parity limited to assurance/PARITY_AND_LIMITATIONS.md,
data_attributes,23,data-component,PRESERVE_AS_IS,"Original CSS/DOM/event grammar retained; component use is shared, not copied per surface",CEP_LIBRARY_EDITOR_EXECUTABLE_BLUEPRINT_v1.2.17_ACCEPTED_DESIGN_REFERENCE.html,ea66b58ef122bf2f8ca23fd0aa9e461b07da11ea7390c451902e4b1592d396fd,dist/foundation/donor.css + dist/index.html + dist/foundation/accepted-runtime.js,Source extraction; visual parity limited to assurance/PARITY_AND_LIMITATIONS.md,
data_attributes,24,data-context-ku-target,PRESERVE_AS_IS,"Original CSS/DOM/event grammar retained; component use is shared, not copied per surface",CEP_LIBRARY_EDITOR_EXECUTABLE_BLUEPRINT_v1.2.17_ACCEPTED_DESIGN_REFERENCE.html,ea66b58ef122bf2f8ca23fd0aa9e461b07da11ea7390c451902e4b1592d396fd,dist/foundation/donor.css + dist/index.html + dist/foundation/accepted-runtime.js,Source extraction; visual parity limited to assurance/PARITY_AND_LIMITATIONS.md,
data_attributes,25,data-contrast,PRESERVE_AS_IS,"Original CSS/DOM/event grammar retained; component use is shared, not copied per surface",CEP_LIBRARY_EDITOR_EXECUTABLE_BLUEPRINT_v1.2.17_ACCEPTED_DESIGN_REFERENCE.html,ea66b58ef122bf2f8ca23fd0aa9e461b07da11ea7390c451902e4b1592d396fd,dist/foundation/donor.css + dist/index.html + dist/foundation/accepted-runtime.js,Source extraction; visual parity limited to assurance/PARITY_AND_LIMITATIONS.md,
data_attributes,26,data-conv,PRESERVE_AS_IS,"Original CSS/DOM/event grammar retained; component use is shared, not copied per surface",CEP_LIBRARY_EDITOR_EXECUTABLE_BLUEPRINT_v1.2.17_ACCEPTED_DESIGN_REFERENCE.html,ea66b58ef122bf2f8ca23fd0aa9e461b07da11ea7390c451902e4b1592d396fd,dist/foundation/donor.css + dist/index.html + dist/foundation/accepted-runtime.js,Source extraction; visual parity limited to assurance/PARITY_AND_LIMITATIONS.md,
data_attributes,27,data-copy-controls,PRESERVE_AS_IS,"Original CSS/DOM/event grammar retained; component use is shared, not copied per surface",CEP_LIBRARY_EDITOR_EXECUTABLE_BLUEPRINT_v1.2.17_ACCEPTED_DESIGN_REFERENCE.html,ea66b58ef122bf2f8ca23fd0aa9e461b07da11ea7390c451902e4b1592d396fd,dist/foundation/donor.css + dist/index.html + dist/foundation/accepted-runtime.js,Source extraction; visual parity limited to assurance/PARITY_AND_LIMITATIONS.md,
data_attributes,28,data-delete-confirm,PRESERVE_AS_IS,"Original CSS/DOM/event grammar retained; component use is shared, not copied per surface",CEP_LIBRARY_EDITOR_EXECUTABLE_BLUEPRINT_v1.2.17_ACCEPTED_DESIGN_REFERENCE.html,ea66b58ef122bf2f8ca23fd0aa9e461b07da11ea7390c451902e4b1592d396fd,dist/foundation/donor.css + dist/index.html + dist/foundation/accepted-runtime.js,Source extraction; visual parity limited to assurance/PARITY_AND_LIMITATIONS.md,
data_attributes,29,data-density,PRESERVE_AS_IS,"Original CSS/DOM/event grammar retained; component use is shared, not copied per surface",CEP_LIBRARY_EDITOR_EXECUTABLE_BLUEPRINT_v1.2.17_ACCEPTED_DESIGN_REFERENCE.html,ea66b58ef122bf2f8ca23fd0aa9e461b07da11ea7390c451902e4b1592d396fd,dist/foundation/donor.css + dist/index.html + dist/foundation/accepted-runtime.js,Source extraction; visual parity limited to assurance/PARITY_AND_LIMITATIONS.md,
data_attributes,30,data-depth,PRESERVE_AS_IS,"Original CSS/DOM/event grammar retained; component use is shared, not copied per surface",CEP_LIBRARY_EDITOR_EXECUTABLE_BLUEPRINT_v1.2.17_ACCEPTED_DESIGN_REFERENCE.html,ea66b58ef122bf2f8ca23fd0aa9e461b07da11ea7390c451902e4b1592d396fd,dist/foundation/donor.css + dist/index.html + dist/foundation/accepted-runtime.js,Source extraction; visual parity limited to assurance/PARITY_AND_LIMITATIONS.md,
data_attributes,31,data-dir,PRESERVE_AS_IS,"Original CSS/DOM/event grammar retained; component use is shared, not copied per surface",CEP_LIBRARY_EDITOR_EXECUTABLE_BLUEPRINT_v1.2.17_ACCEPTED_DESIGN_REFERENCE.html,ea66b58ef122bf2f8ca23fd0aa9e461b07da11ea7390c451902e4b1592d396fd,dist/foundation/donor.css + dist/index.html + dist/foundation/accepted-runtime.js,Source extraction; visual parity limited to assurance/PARITY_AND_LIMITATIONS.md,
data_attributes,32,data-drag-target,PRESERVE_AS_IS,"Original CSS/DOM/event grammar retained; component use is shared, not copied per surface",CEP_LIBRARY_EDITOR_EXECUTABLE_BLUEPRINT_v1.2.17_ACCEPTED_DESIGN_REFERENCE.html,ea66b58ef122bf2f8ca23fd0aa9e461b07da11ea7390c451902e4b1592d396fd,dist/foundation/donor.css + dist/index.html + dist/foundation/accepted-runtime.js,Source extraction; visual parity limited to assurance/PARITY_AND_LIMITATIONS.md,
data_attributes,33,data-dragging,PRESERVE_AS_IS,"Original CSS/DOM/event grammar retained; component use is shared, not copied per surface",CEP_LIBRARY_EDITOR_EXECUTABLE_BLUEPRINT_v1.2.17_ACCEPTED_DESIGN_REFERENCE.html,ea66b58ef122bf2f8ca23fd0aa9e461b07da11ea7390c451902e4b1592d396fd,dist/foundation/donor.css + dist/index.html + dist/foundation/accepted-runtime.js,Source extraction; visual parity limited to assurance/PARITY_AND_LIMITATIONS.md,
data_attributes,34,data-drop,PRESERVE_AS_IS,"Original CSS/DOM/event grammar retained; component use is shared, not copied per surface",CEP_LIBRARY_EDITOR_EXECUTABLE_BLUEPRINT_v1.2.17_ACCEPTED_DESIGN_REFERENCE.html,ea66b58ef122bf2f8ca23fd0aa9e461b07da11ea7390c451902e4b1592d396fd,dist/foundation/donor.css + dist/index.html + dist/foundation/accepted-runtime.js,Source extraction; visual parity limited to assurance/PARITY_AND_LIMITATIONS.md,
data_attributes,35,data-editability,PRESERVE_AS_IS,"Original CSS/DOM/event grammar retained; component use is shared, not copied per surface",CEP_LIBRARY_EDITOR_EXECUTABLE_BLUEPRINT_v1.2.17_ACCEPTED_DESIGN_REFERENCE.html,ea66b58ef122bf2f8ca23fd0aa9e461b07da11ea7390c451902e4b1592d396fd,dist/foundation/donor.css + dist/index.html + dist/foundation/accepted-runtime.js,Source extraction; visual parity limited to assurance/PARITY_AND_LIMITATIONS.md,
data_attributes,36,data-editable,PRESERVE_AS_IS,"Original CSS/DOM/event grammar retained; component use is shared, not copied per surface",CEP_LIBRARY_EDITOR_EXECUTABLE_BLUEPRINT_v1.2.17_ACCEPTED_DESIGN_REFERENCE.html,ea66b58ef122bf2f8ca23fd0aa9e461b07da11ea7390c451902e4b1592d396fd,dist/foundation/donor.css + dist/index.html + dist/foundation/accepted-runtime.js,Source extraction; visual parity limited to assurance/PARITY_AND_LIMITATIONS.md,
data_attributes,37,data-editable-block,PRESERVE_AS_IS,"Original CSS/DOM/event grammar retained; component use is shared, not copied per surface",CEP_LIBRARY_EDITOR_EXECUTABLE_BLUEPRINT_v1.2.17_ACCEPTED_DESIGN_REFERENCE.html,ea66b58ef122bf2f8ca23fd0aa9e461b07da11ea7390c451902e4b1592d396fd,dist/foundation/donor.css + dist/index.html + dist/foundation/accepted-runtime.js,Source extraction; visual parity limited to assurance/PARITY_AND_LIMITATIONS.md,
data_attributes,38,data-editor-core,PRESERVE_AS_IS,"Original CSS/DOM/event grammar retained; component use is shared, not copied per surface",CEP_LIBRARY_EDITOR_EXECUTABLE_BLUEPRINT_v1.2.17_ACCEPTED_DESIGN_REFERENCE.html,ea66b58ef122bf2f8ca23fd0aa9e461b07da11ea7390c451902e4b1592d396fd,dist/foundation/donor.css + dist/index.html + dist/foundation/accepted-runtime.js,Source extraction; visual parity limited to assurance/PARITY_AND_LIMITATIONS.md,
data_attributes,39,data-editor-surface,PRESERVE_AS_IS,"Original CSS/DOM/event grammar retained; component use is shared, not copied per surface",CEP_LIBRARY_EDITOR_EXECUTABLE_BLUEPRINT_v1.2.17_ACCEPTED_DESIGN_REFERENCE.html,ea66b58ef122bf2f8ca23fd0aa9e461b07da11ea7390c451902e4b1592d396fd,dist/foundation/donor.css + dist/index.html + dist/foundation/accepted-runtime.js,Source extraction; visual parity limited to assurance/PARITY_AND_LIMITATIONS.md,
data_attributes,40,data-empty,PRESERVE_AS_IS,"Original CSS/DOM/event grammar retained; component use is shared, not copied per surface",CEP_LIBRARY_EDITOR_EXECUTABLE_BLUEPRINT_v1.2.17_ACCEPTED_DESIGN_REFERENCE.html,ea66b58ef122bf2f8ca23fd0aa9e461b07da11ea7390c451902e4b1592d396fd,dist/foundation/donor.css + dist/index.html + dist/foundation/accepted-runtime.js,Source extraction; visual parity limited to assurance/PARITY_AND_LIMITATIONS.md,
data_attributes,41,data-explicit-annotation,PRESERVE_AS_IS,"Original CSS/DOM/event grammar retained; component use is shared, not copied per surface",CEP_LIBRARY_EDITOR_EXECUTABLE_BLUEPRINT_v1.2.17_ACCEPTED_DESIGN_REFERENCE.html,ea66b58ef122bf2f8ca23fd0aa9e461b07da11ea7390c451902e4b1592d396fd,dist/foundation/donor.css + dist/index.html + dist/foundation/accepted-runtime.js,Source extraction; visual parity limited to assurance/PARITY_AND_LIMITATIONS.md,
data_attributes,42,data-flyout,PRESERVE_AS_IS,"Original CSS/DOM/event grammar retained; component use is shared, not copied per surface",CEP_LIBRARY_EDITOR_EXECUTABLE_BLUEPRINT_v1.2.17_ACCEPTED_DESIGN_REFERENCE.html,ea66b58ef122bf2f8ca23fd0aa9e461b07da11ea7390c451902e4b1592d396fd,dist/foundation/donor.css + dist/index.html + dist/foundation/accepted-runtime.js,Source extraction; visual parity limited to assurance/PARITY_AND_LIMITATIONS.md,
data_attributes,43,data-focus,PRESERVE_AS_IS,"Original CSS/DOM/event grammar retained; component use is shared, not copied per surface",CEP_LIBRARY_EDITOR_EXECUTABLE_BLUEPRINT_v1.2.17_ACCEPTED_DESIGN_REFERENCE.html,ea66b58ef122bf2f8ca23fd0aa9e461b07da11ea7390c451902e4b1592d396fd,dist/foundation/donor.css + dist/index.html + dist/foundation/accepted-runtime.js,Source extraction; visual parity limited to assurance/PARITY_AND_LIMITATIONS.md,
data_attributes,44,data-focus-indicators,PRESERVE_AS_IS,"Original CSS/DOM/event grammar retained; component use is shared, not copied per surface",CEP_LIBRARY_EDITOR_EXECUTABLE_BLUEPRINT_v1.2.17_ACCEPTED_DESIGN_REFERENCE.html,ea66b58ef122bf2f8ca23fd0aa9e461b07da11ea7390c451902e4b1592d396fd,dist/foundation/donor.css + dist/index.html + dist/foundation/accepted-runtime.js,Source extraction; visual parity limited to assurance/PARITY_AND_LIMITATIONS.md,
data_attributes,45,data-focus-input,PRESERVE_AS_IS,"Original CSS/DOM/event grammar retained; component use is shared, not copied per surface",CEP_LIBRARY_EDITOR_EXECUTABLE_BLUEPRINT_v1.2.17_ACCEPTED_DESIGN_REFERENCE.html,ea66b58ef122bf2f8ca23fd0aa9e461b07da11ea7390c451902e4b1592d396fd,dist/foundation/donor.css + dist/index.html + dist/foundation/accepted-runtime.js,Source extraction; visual parity limited to assurance/PARITY_AND_LIMITATIONS.md,
data_attributes,46,data-focus-rail,PRESERVE_AS_IS,"Original CSS/DOM/event grammar retained; component use is shared, not copied per surface",CEP_LIBRARY_EDITOR_EXECUTABLE_BLUEPRINT_v1.2.17_ACCEPTED_DESIGN_REFERENCE.html,ea66b58ef122bf2f8ca23fd0aa9e461b07da11ea7390c451902e4b1592d396fd,dist/foundation/donor.css + dist/index.html + dist/foundation/accepted-runtime.js,Source extraction; visual parity limited to assurance/PARITY_AND_LIMITATIONS.md,
data_attributes,47,data-focus-selection,PRESERVE_AS_IS,"Original CSS/DOM/event grammar retained; component use is shared, not copied per surface",CEP_LIBRARY_EDITOR_EXECUTABLE_BLUEPRINT_v1.2.17_ACCEPTED_DESIGN_REFERENCE.html,ea66b58ef122bf2f8ca23fd0aa9e461b07da11ea7390c451902e4b1592d396fd,dist/foundation/donor.css + dist/index.html + dist/foundation/accepted-runtime.js,Source extraction; visual parity limited to assurance/PARITY_AND_LIMITATIONS.md,
data_attributes,48,data-history-restore-index,PRESERVE_AS_IS,"Original CSS/DOM/event grammar retained; component use is shared, not copied per surface",CEP_LIBRARY_EDITOR_EXECUTABLE_BLUEPRINT_v1.2.17_ACCEPTED_DESIGN_REFERENCE.html,ea66b58ef122bf2f8ca23fd0aa9e461b07da11ea7390c451902e4b1592d396fd,dist/foundation/donor.css + dist/index.html + dist/foundation/accepted-runtime.js,Source extraction; visual parity limited to assurance/PARITY_AND_LIMITATIONS.md,
data_attributes,49,data-inline,PRESERVE_AS_IS,"Original CSS/DOM/event grammar retained; component use is shared, not copied per surface",CEP_LIBRARY_EDITOR_EXECUTABLE_BLUEPRINT_v1.2.17_ACCEPTED_DESIGN_REFERENCE.html,ea66b58ef122bf2f8ca23fd0aa9e461b07da11ea7390c451902e4b1592d396fd,dist/foundation/donor.css + dist/index.html + dist/foundation/accepted-runtime.js,Source extraction; visual parity limited to assurance/PARITY_AND_LIMITATIONS.md,
data_attributes,50,data-inline-target-choice,PRESERVE_AS_IS,"Original CSS/DOM/event grammar retained; component use is shared, not copied per surface",CEP_LIBRARY_EDITOR_EXECUTABLE_BLUEPRINT_v1.2.17_ACCEPTED_DESIGN_REFERENCE.html,ea66b58ef122bf2f8ca23fd0aa9e461b07da11ea7390c451902e4b1592d396fd,dist/foundation/donor.css + dist/index.html + dist/foundation/accepted-runtime.js,Source extraction; visual parity limited to assurance/PARITY_AND_LIMITATIONS.md,
data_attributes,51,data-insert-gap,PRESERVE_AS_IS,"Original CSS/DOM/event grammar retained; component use is shared, not copied per surface",CEP_LIBRARY_EDITOR_EXECUTABLE_BLUEPRINT_v1.2.17_ACCEPTED_DESIGN_REFERENCE.html,ea66b58ef122bf2f8ca23fd0aa9e461b07da11ea7390c451902e4b1592d396fd,dist/foundation/donor.css + dist/index.html + dist/foundation/accepted-runtime.js,Source extraction; visual parity limited to assurance/PARITY_AND_LIMITATIONS.md,
data_attributes,52,data-insert-scope,PRESERVE_AS_IS,"Original CSS/DOM/event grammar retained; component use is shared, not copied per surface",CEP_LIBRARY_EDITOR_EXECUTABLE_BLUEPRINT_v1.2.17_ACCEPTED_DESIGN_REFERENCE.html,ea66b58ef122bf2f8ca23fd0aa9e461b07da11ea7390c451902e4b1592d396fd,dist/foundation/donor.css + dist/index.html + dist/foundation/accepted-runtime.js,Source extraction; visual parity limited to assurance/PARITY_AND_LIMITATIONS.md,
data_attributes,53,data-invalid,PRESERVE_AS_IS,"Original CSS/DOM/event grammar retained; component use is shared, not copied per surface",CEP_LIBRARY_EDITOR_EXECUTABLE_BLUEPRINT_v1.2.17_ACCEPTED_DESIGN_REFERENCE.html,ea66b58ef122bf2f8ca23fd0aa9e461b07da11ea7390c451902e4b1592d396fd,dist/foundation/donor.css + dist/index.html + dist/foundation/accepted-runtime.js,Source extraction; visual parity limited to assurance/PARITY_AND_LIMITATIONS.md,
data_attributes,54,data-kind,PRESERVE_AS_IS,"Original CSS/DOM/event grammar retained; component use is shared, not copied per surface",CEP_LIBRARY_EDITOR_EXECUTABLE_BLUEPRINT_v1.2.17_ACCEPTED_DESIGN_REFERENCE.html,ea66b58ef122bf2f8ca23fd0aa9e461b07da11ea7390c451902e4b1592d396fd,dist/foundation/donor.css + dist/index.html + dist/foundation/accepted-runtime.js,Source extraction; visual parity limited to assurance/PARITY_AND_LIMITATIONS.md,
data_attributes,55,data-lab,PRESERVE_AS_IS,"Original CSS/DOM/event grammar retained; component use is shared, not copied per surface",CEP_LIBRARY_EDITOR_EXECUTABLE_BLUEPRINT_v1.2.17_ACCEPTED_DESIGN_REFERENCE.html,ea66b58ef122bf2f8ca23fd0aa9e461b07da11ea7390c451902e4b1592d396fd,dist/foundation/donor.css + dist/index.html + dist/foundation/accepted-runtime.js,Source extraction; visual parity limited to assurance/PARITY_AND_LIMITATIONS.md,
data_attributes,56,data-left,PRESERVE_AS_IS,"Original CSS/DOM/event grammar retained; component use is shared, not copied per surface",CEP_LIBRARY_EDITOR_EXECUTABLE_BLUEPRINT_v1.2.17_ACCEPTED_DESIGN_REFERENCE.html,ea66b58ef122bf2f8ca23fd0aa9e461b07da11ea7390c451902e4b1592d396fd,dist/foundation/donor.css + dist/index.html + dist/foundation/accepted-runtime.js,Source extraction; visual parity limited to assurance/PARITY_AND_LIMITATIONS.md,
data_attributes,57,data-lens,PRESERVE_AS_IS,"Original CSS/DOM/event grammar retained; component use is shared, not copied per surface",CEP_LIBRARY_EDITOR_EXECUTABLE_BLUEPRINT_v1.2.17_ACCEPTED_DESIGN_REFERENCE.html,ea66b58ef122bf2f8ca23fd0aa9e461b07da11ea7390c451902e4b1592d396fd,dist/foundation/donor.css + dist/index.html + dist/foundation/accepted-runtime.js,Source extraction; visual parity limited to assurance/PARITY_AND_LIMITATIONS.md,
data_attributes,58,data-library-current,PRESERVE_AS_IS,"Original CSS/DOM/event grammar retained; component use is shared, not copied per surface",CEP_LIBRARY_EDITOR_EXECUTABLE_BLUEPRINT_v1.2.17_ACCEPTED_DESIGN_REFERENCE.html,ea66b58ef122bf2f8ca23fd0aa9e461b07da11ea7390c451902e4b1592d396fd,dist/foundation/donor.css + dist/index.html + dist/foundation/accepted-runtime.js,Source extraction; visual parity limited to assurance/PARITY_AND_LIMITATIONS.md,
data_attributes,59,data-library-view,PRESERVE_AS_IS,"Original CSS/DOM/event grammar retained; component use is shared, not copied per surface",CEP_LIBRARY_EDITOR_EXECUTABLE_BLUEPRINT_v1.2.17_ACCEPTED_DESIGN_REFERENCE.html,ea66b58ef122bf2f8ca23fd0aa9e461b07da11ea7390c451902e4b1592d396fd,dist/foundation/donor.css + dist/index.html + dist/foundation/accepted-runtime.js,Source extraction; visual parity limited to assurance/PARITY_AND_LIMITATIONS.md,
data_attributes,60,data-list-number,PRESERVE_AS_IS,"Original CSS/DOM/event grammar retained; component use is shared, not copied per surface",CEP_LIBRARY_EDITOR_EXECUTABLE_BLUEPRINT_v1.2.17_ACCEPTED_DESIGN_REFERENCE.html,ea66b58ef122bf2f8ca23fd0aa9e461b07da11ea7390c451902e4b1592d396fd,dist/foundation/donor.css + dist/index.html + dist/foundation/accepted-runtime.js,Source extraction; visual parity limited to assurance/PARITY_AND_LIMITATIONS.md,
data_attributes,61,data-menu-align,PRESERVE_AS_IS,"Original CSS/DOM/event grammar retained; component use is shared, not copied per surface",CEP_LIBRARY_EDITOR_EXECUTABLE_BLUEPRINT_v1.2.17_ACCEPTED_DESIGN_REFERENCE.html,ea66b58ef122bf2f8ca23fd0aa9e461b07da11ea7390c451902e4b1592d396fd,dist/foundation/donor.css + dist/index.html + dist/foundation/accepted-runtime.js,Source extraction; visual parity limited to assurance/PARITY_AND_LIMITATIONS.md,
data_attributes,62,data-menu-bg,PRESERVE_AS_IS,"Original CSS/DOM/event grammar retained; component use is shared, not copied per surface",CEP_LIBRARY_EDITOR_EXECUTABLE_BLUEPRINT_v1.2.17_ACCEPTED_DESIGN_REFERENCE.html,ea66b58ef122bf2f8ca23fd0aa9e461b07da11ea7390c451902e4b1592d396fd,dist/foundation/donor.css + dist/index.html + dist/foundation/accepted-runtime.js,Source extraction; visual parity limited to assurance/PARITY_AND_LIMITATIONS.md,
data_attributes,63,data-menu-cmd,PRESERVE_AS_IS,"Original CSS/DOM/event grammar retained; component use is shared, not copied per surface",CEP_LIBRARY_EDITOR_EXECUTABLE_BLUEPRINT_v1.2.17_ACCEPTED_DESIGN_REFERENCE.html,ea66b58ef122bf2f8ca23fd0aa9e461b07da11ea7390c451902e4b1592d396fd,dist/foundation/donor.css + dist/index.html + dist/foundation/accepted-runtime.js,Source extraction; visual parity limited to assurance/PARITY_AND_LIMITATIONS.md,
data_attributes,64,data-menu-convert,PRESERVE_AS_IS,"Original CSS/DOM/event grammar retained; component use is shared, not copied per surface",CEP_LIBRARY_EDITOR_EXECUTABLE_BLUEPRINT_v1.2.17_ACCEPTED_DESIGN_REFERENCE.html,ea66b58ef122bf2f8ca23fd0aa9e461b07da11ea7390c451902e4b1592d396fd,dist/foundation/donor.css + dist/index.html + dist/foundation/accepted-runtime.js,Source extraction; visual parity limited to assurance/PARITY_AND_LIMITATIONS.md,
data_attributes,65,data-menu-dir,PRESERVE_AS_IS,"Original CSS/DOM/event grammar retained; component use is shared, not copied per surface",CEP_LIBRARY_EDITOR_EXECUTABLE_BLUEPRINT_v1.2.17_ACCEPTED_DESIGN_REFERENCE.html,ea66b58ef122bf2f8ca23fd0aa9e461b07da11ea7390c451902e4b1592d396fd,dist/foundation/donor.css + dist/index.html + dist/foundation/accepted-runtime.js,Source extraction; visual parity limited to assurance/PARITY_AND_LIMITATIONS.md,
data_attributes,66,data-menu-searchable,PRESERVE_AS_IS,"Original CSS/DOM/event grammar retained; component use is shared, not copied per surface",CEP_LIBRARY_EDITOR_EXECUTABLE_BLUEPRINT_v1.2.17_ACCEPTED_DESIGN_REFERENCE.html,ea66b58ef122bf2f8ca23fd0aa9e461b07da11ea7390c451902e4b1592d396fd,dist/foundation/donor.css + dist/index.html + dist/foundation/accepted-runtime.js,Source extraction; visual parity limited to assurance/PARITY_AND_LIMITATIONS.md,
data_attributes,67,data-mode,PRESERVE_AS_IS,"Original CSS/DOM/event grammar retained; component use is shared, not copied per surface",CEP_LIBRARY_EDITOR_EXECUTABLE_BLUEPRINT_v1.2.17_ACCEPTED_DESIGN_REFERENCE.html,ea66b58ef122bf2f8ca23fd0aa9e461b07da11ea7390c451902e4b1592d396fd,dist/foundation/donor.css + dist/index.html + dist/foundation/accepted-runtime.js,Source extraction; visual parity limited to assurance/PARITY_AND_LIMITATIONS.md,
data_attributes,68,data-motion,PRESERVE_AS_IS,"Original CSS/DOM/event grammar retained; component use is shared, not copied per surface",CEP_LIBRARY_EDITOR_EXECUTABLE_BLUEPRINT_v1.2.17_ACCEPTED_DESIGN_REFERENCE.html,ea66b58ef122bf2f8ca23fd0aa9e461b07da11ea7390c451902e4b1592d396fd,dist/foundation/donor.css + dist/index.html + dist/foundation/accepted-runtime.js,Source extraction; visual parity limited to assurance/PARITY_AND_LIMITATIONS.md,
data_attributes,69,data-multi-action,PRESERVE_AS_IS,"Original CSS/DOM/event grammar retained; component use is shared, not copied per surface",CEP_LIBRARY_EDITOR_EXECUTABLE_BLUEPRINT_v1.2.17_ACCEPTED_DESIGN_REFERENCE.html,ea66b58ef122bf2f8ca23fd0aa9e461b07da11ea7390c451902e4b1592d396fd,dist/foundation/donor.css + dist/index.html + dist/foundation/accepted-runtime.js,Source extraction; visual parity limited to assurance/PARITY_AND_LIMITATIONS.md,
data_attributes,70,data-note-action,PRESERVE_AS_IS,"Original CSS/DOM/event grammar retained; component use is shared, not copied per surface",CEP_LIBRARY_EDITOR_EXECUTABLE_BLUEPRINT_v1.2.17_ACCEPTED_DESIGN_REFERENCE.html,ea66b58ef122bf2f8ca23fd0aa9e461b07da11ea7390c451902e4b1592d396fd,dist/foundation/donor.css + dist/index.html + dist/foundation/accepted-runtime.js,Source extraction; visual parity limited to assurance/PARITY_AND_LIMITATIONS.md,
data_attributes,71,data-note-close-choice,PRESERVE_AS_IS,"Original CSS/DOM/event grammar retained; component use is shared, not copied per surface",CEP_LIBRARY_EDITOR_EXECUTABLE_BLUEPRINT_v1.2.17_ACCEPTED_DESIGN_REFERENCE.html,ea66b58ef122bf2f8ca23fd0aa9e461b07da11ea7390c451902e4b1592d396fd,dist/foundation/donor.css + dist/index.html + dist/foundation/accepted-runtime.js,Source extraction; visual parity limited to assurance/PARITY_AND_LIMITATIONS.md,
data_attributes,72,data-note-format,PRESERVE_AS_IS,"Original CSS/DOM/event grammar retained; component use is shared, not copied per surface",CEP_LIBRARY_EDITOR_EXECUTABLE_BLUEPRINT_v1.2.17_ACCEPTED_DESIGN_REFERENCE.html,ea66b58ef122bf2f8ca23fd0aa9e461b07da11ea7390c451902e4b1592d396fd,dist/foundation/donor.css + dist/index.html + dist/foundation/accepted-runtime.js,Source extraction; visual parity limited to assurance/PARITY_AND_LIMITATIONS.md,
data_attributes,73,data-note-id,PRESERVE_AS_IS,"Original CSS/DOM/event grammar retained; component use is shared, not copied per surface",CEP_LIBRARY_EDITOR_EXECUTABLE_BLUEPRINT_v1.2.17_ACCEPTED_DESIGN_REFERENCE.html,ea66b58ef122bf2f8ca23fd0aa9e461b07da11ea7390c451902e4b1592d396fd,dist/foundation/donor.css + dist/index.html + dist/foundation/accepted-runtime.js,Source extraction; visual parity limited to assurance/PARITY_AND_LIMITATIONS.md,
data_attributes,74,data-note-open,PRESERVE_AS_IS,"Original CSS/DOM/event grammar retained; component use is shared, not copied per surface",CEP_LIBRARY_EDITOR_EXECUTABLE_BLUEPRINT_v1.2.17_ACCEPTED_DESIGN_REFERENCE.html,ea66b58ef122bf2f8ca23fd0aa9e461b07da11ea7390c451902e4b1592d396fd,dist/foundation/donor.css + dist/index.html + dist/foundation/accepted-runtime.js,Source extraction; visual parity limited to assurance/PARITY_AND_LIMITATIONS.md,
data_attributes,75,data-open,PRESERVE_AS_IS,"Original CSS/DOM/event grammar retained; component use is shared, not copied per surface",CEP_LIBRARY_EDITOR_EXECUTABLE_BLUEPRINT_v1.2.17_ACCEPTED_DESIGN_REFERENCE.html,ea66b58ef122bf2f8ca23fd0aa9e461b07da11ea7390c451902e4b1592d396fd,dist/foundation/donor.css + dist/index.html + dist/foundation/accepted-runtime.js,Source extraction; visual parity limited to assurance/PARITY_AND_LIMITATIONS.md,
data_attributes,76,data-overlay-pane,PRESERVE_AS_IS,"Original CSS/DOM/event grammar retained; component use is shared, not copied per surface",CEP_LIBRARY_EDITOR_EXECUTABLE_BLUEPRINT_v1.2.17_ACCEPTED_DESIGN_REFERENCE.html,ea66b58ef122bf2f8ca23fd0aa9e461b07da11ea7390c451902e4b1592d396fd,dist/foundation/donor.css + dist/index.html + dist/foundation/accepted-runtime.js,Source extraction; visual parity limited to assurance/PARITY_AND_LIMITATIONS.md,
data_attributes,77,data-pane-side,PRESERVE_AS_IS,"Original CSS/DOM/event grammar retained; component use is shared, not copied per surface",CEP_LIBRARY_EDITOR_EXECUTABLE_BLUEPRINT_v1.2.17_ACCEPTED_DESIGN_REFERENCE.html,ea66b58ef122bf2f8ca23fd0aa9e461b07da11ea7390c451902e4b1592d396fd,dist/foundation/donor.css + dist/index.html + dist/foundation/accepted-runtime.js,Source extraction; visual parity limited to assurance/PARITY_AND_LIMITATIONS.md,
data_attributes,78,data-pane-state,PRESERVE_AS_IS,"Original CSS/DOM/event grammar retained; component use is shared, not copied per surface",CEP_LIBRARY_EDITOR_EXECUTABLE_BLUEPRINT_v1.2.17_ACCEPTED_DESIGN_REFERENCE.html,ea66b58ef122bf2f8ca23fd0aa9e461b07da11ea7390c451902e4b1592d396fd,dist/foundation/donor.css + dist/index.html + dist/foundation/accepted-runtime.js,Source extraction; visual parity limited to assurance/PARITY_AND_LIMITATIONS.md,
data_attributes,79,data-pane-toggle,PRESERVE_AS_IS,"Original CSS/DOM/event grammar retained; component use is shared, not copied per surface",CEP_LIBRARY_EDITOR_EXECUTABLE_BLUEPRINT_v1.2.17_ACCEPTED_DESIGN_REFERENCE.html,ea66b58ef122bf2f8ca23fd0aa9e461b07da11ea7390c451902e4b1592d396fd,dist/foundation/donor.css + dist/index.html + dist/foundation/accepted-runtime.js,Source extraction; visual parity limited to assurance/PARITY_AND_LIMITATIONS.md,
data_attributes,80,data-path,PRESERVE_AS_IS,"Original CSS/DOM/event grammar retained; component use is shared, not copied per surface",CEP_LIBRARY_EDITOR_EXECUTABLE_BLUEPRINT_v1.2.17_ACCEPTED_DESIGN_REFERENCE.html,ea66b58ef122bf2f8ca23fd0aa9e461b07da11ea7390c451902e4b1592d396fd,dist/foundation/donor.css + dist/index.html + dist/foundation/accepted-runtime.js,Source extraction; visual parity limited to assurance/PARITY_AND_LIMITATIONS.md,
data_attributes,81,data-pinned,PRESERVE_AS_IS,"Original CSS/DOM/event grammar retained; component use is shared, not copied per surface",CEP_LIBRARY_EDITOR_EXECUTABLE_BLUEPRINT_v1.2.17_ACCEPTED_DESIGN_REFERENCE.html,ea66b58ef122bf2f8ca23fd0aa9e461b07da11ea7390c451902e4b1592d396fd,dist/foundation/donor.css + dist/index.html + dist/foundation/accepted-runtime.js,Source extraction; visual parity limited to assurance/PARITY_AND_LIMITATIONS.md,
data_attributes,82,data-placeholder,PRESERVE_AS_IS,"Original CSS/DOM/event grammar retained; component use is shared, not copied per surface",CEP_LIBRARY_EDITOR_EXECUTABLE_BLUEPRINT_v1.2.17_ACCEPTED_DESIGN_REFERENCE.html,ea66b58ef122bf2f8ca23fd0aa9e461b07da11ea7390c451902e4b1592d396fd,dist/foundation/donor.css + dist/index.html + dist/foundation/accepted-runtime.js,Source extraction; visual parity limited to assurance/PARITY_AND_LIMITATIONS.md,
data_attributes,83,data-pref-clipboard,PRESERVE_AS_IS,"Original CSS/DOM/event grammar retained; component use is shared, not copied per surface",CEP_LIBRARY_EDITOR_EXECUTABLE_BLUEPRINT_v1.2.17_ACCEPTED_DESIGN_REFERENCE.html,ea66b58ef122bf2f8ca23fd0aa9e461b07da11ea7390c451902e4b1592d396fd,dist/foundation/donor.css + dist/index.html + dist/foundation/accepted-runtime.js,Source extraction; visual parity limited to assurance/PARITY_AND_LIMITATIONS.md,
data_attributes,84,data-pref-code-syntax,PRESERVE_AS_IS,"Original CSS/DOM/event grammar retained; component use is shared, not copied per surface",CEP_LIBRARY_EDITOR_EXECUTABLE_BLUEPRINT_v1.2.17_ACCEPTED_DESIGN_REFERENCE.html,ea66b58ef122bf2f8ca23fd0aa9e461b07da11ea7390c451902e4b1592d396fd,dist/foundation/donor.css + dist/index.html + dist/foundation/accepted-runtime.js,Source extraction; visual parity limited to assurance/PARITY_AND_LIMITATIONS.md,
data_attributes,85,data-pref-code-wrap,PRESERVE_AS_IS,"Original CSS/DOM/event grammar retained; component use is shared, not copied per surface",CEP_LIBRARY_EDITOR_EXECUTABLE_BLUEPRINT_v1.2.17_ACCEPTED_DESIGN_REFERENCE.html,ea66b58ef122bf2f8ca23fd0aa9e461b07da11ea7390c451902e4b1592d396fd,dist/foundation/donor.css + dist/index.html + dist/foundation/accepted-runtime.js,Source extraction; visual parity limited to assurance/PARITY_AND_LIMITATIONS.md,
data_attributes,86,data-pref-default-dir,PRESERVE_AS_IS,"Original CSS/DOM/event grammar retained; component use is shared, not copied per surface",CEP_LIBRARY_EDITOR_EXECUTABLE_BLUEPRINT_v1.2.17_ACCEPTED_DESIGN_REFERENCE.html,ea66b58ef122bf2f8ca23fd0aa9e461b07da11ea7390c451902e4b1592d396fd,dist/foundation/donor.css + dist/index.html + dist/foundation/accepted-runtime.js,Source extraction; visual parity limited to assurance/PARITY_AND_LIMITATIONS.md,
data_attributes,87,data-pref-default-type,PRESERVE_AS_IS,"Original CSS/DOM/event grammar retained; component use is shared, not copied per surface",CEP_LIBRARY_EDITOR_EXECUTABLE_BLUEPRINT_v1.2.17_ACCEPTED_DESIGN_REFERENCE.html,ea66b58ef122bf2f8ca23fd0aa9e461b07da11ea7390c451902e4b1592d396fd,dist/foundation/donor.css + dist/index.html + dist/foundation/accepted-runtime.js,Source extraction; visual parity limited to assurance/PARITY_AND_LIMITATIONS.md,
data_attributes,88,data-pref-delete-confirm,PRESERVE_AS_IS,"Original CSS/DOM/event grammar retained; component use is shared, not copied per surface",CEP_LIBRARY_EDITOR_EXECUTABLE_BLUEPRINT_v1.2.17_ACCEPTED_DESIGN_REFERENCE.html,ea66b58ef122bf2f8ca23fd0aa9e461b07da11ea7390c451902e4b1592d396fd,dist/foundation/donor.css + dist/index.html + dist/foundation/accepted-runtime.js,Source extraction; visual parity limited to assurance/PARITY_AND_LIMITATIONS.md,
data_attributes,89,data-pref-density,PRESERVE_AS_IS,"Original CSS/DOM/event grammar retained; component use is shared, not copied per surface",CEP_LIBRARY_EDITOR_EXECUTABLE_BLUEPRINT_v1.2.17_ACCEPTED_DESIGN_REFERENCE.html,ea66b58ef122bf2f8ca23fd0aa9e461b07da11ea7390c451902e4b1592d396fd,dist/foundation/donor.css + dist/index.html + dist/foundation/accepted-runtime.js,Source extraction; visual parity limited to assurance/PARITY_AND_LIMITATIONS.md,
data_attributes,90,data-pref-disclosure,PRESERVE_AS_IS,"Original CSS/DOM/event grammar retained; component use is shared, not copied per surface",CEP_LIBRARY_EDITOR_EXECUTABLE_BLUEPRINT_v1.2.17_ACCEPTED_DESIGN_REFERENCE.html,ea66b58ef122bf2f8ca23fd0aa9e461b07da11ea7390c451902e4b1592d396fd,dist/foundation/donor.css + dist/index.html + dist/foundation/accepted-runtime.js,Source extraction; visual parity limited to assurance/PARITY_AND_LIMITATIONS.md,
data_attributes,91,data-pref-empty-dir,PRESERVE_AS_IS,"Original CSS/DOM/event grammar retained; component use is shared, not copied per surface",CEP_LIBRARY_EDITOR_EXECUTABLE_BLUEPRINT_v1.2.17_ACCEPTED_DESIGN_REFERENCE.html,ea66b58ef122bf2f8ca23fd0aa9e461b07da11ea7390c451902e4b1592d396fd,dist/foundation/donor.css + dist/index.html + dist/foundation/accepted-runtime.js,Source extraction; visual parity limited to assurance/PARITY_AND_LIMITATIONS.md,
data_attributes,92,data-pref-motion,PRESERVE_AS_IS,"Original CSS/DOM/event grammar retained; component use is shared, not copied per surface",CEP_LIBRARY_EDITOR_EXECUTABLE_BLUEPRINT_v1.2.17_ACCEPTED_DESIGN_REFERENCE.html,ea66b58ef122bf2f8ca23fd0aa9e461b07da11ea7390c451902e4b1592d396fd,dist/foundation/donor.css + dist/index.html + dist/foundation/accepted-runtime.js,Source extraction; visual parity limited to assurance/PARITY_AND_LIMITATIONS.md,
data_attributes,93,data-pref-section,PRESERVE_AS_IS,"Original CSS/DOM/event grammar retained; component use is shared, not copied per surface",CEP_LIBRARY_EDITOR_EXECUTABLE_BLUEPRINT_v1.2.17_ACCEPTED_DESIGN_REFERENCE.html,ea66b58ef122bf2f8ca23fd0aa9e461b07da11ea7390c451902e4b1592d396fd,dist/foundation/donor.css + dist/index.html + dist/foundation/accepted-runtime.js,Source extraction; visual parity limited to assurance/PARITY_AND_LIMITATIONS.md,
data_attributes,94,data-pref-section-toggle,PRESERVE_AS_IS,"Original CSS/DOM/event grammar retained; component use is shared, not copied per surface",CEP_LIBRARY_EDITOR_EXECUTABLE_BLUEPRINT_v1.2.17_ACCEPTED_DESIGN_REFERENCE.html,ea66b58ef122bf2f8ca23fd0aa9e461b07da11ea7390c451902e4b1592d396fd,dist/foundation/donor.css + dist/index.html + dist/foundation/accepted-runtime.js,Source extraction; visual parity limited to assurance/PARITY_AND_LIMITATIONS.md,
data_attributes,95,data-pref-system-dark,PRESERVE_AS_IS,"Original CSS/DOM/event grammar retained; component use is shared, not copied per surface",CEP_LIBRARY_EDITOR_EXECUTABLE_BLUEPRINT_v1.2.17_ACCEPTED_DESIGN_REFERENCE.html,ea66b58ef122bf2f8ca23fd0aa9e461b07da11ea7390c451902e4b1592d396fd,dist/foundation/donor.css + dist/index.html + dist/foundation/accepted-runtime.js,Source extraction; visual parity limited to assurance/PARITY_AND_LIMITATIONS.md,
data_attributes,96,data-pref-theme,PRESERVE_AS_IS,"Original CSS/DOM/event grammar retained; component use is shared, not copied per surface",CEP_LIBRARY_EDITOR_EXECUTABLE_BLUEPRINT_v1.2.17_ACCEPTED_DESIGN_REFERENCE.html,ea66b58ef122bf2f8ca23fd0aa9e461b07da11ea7390c451902e4b1592d396fd,dist/foundation/donor.css + dist/index.html + dist/foundation/accepted-runtime.js,Source extraction; visual parity limited to assurance/PARITY_AND_LIMITATIONS.md,
data_attributes,97,data-pref-theme-behavior,PRESERVE_AS_IS,"Original CSS/DOM/event grammar retained; component use is shared, not copied per surface",CEP_LIBRARY_EDITOR_EXECUTABLE_BLUEPRINT_v1.2.17_ACCEPTED_DESIGN_REFERENCE.html,ea66b58ef122bf2f8ca23fd0aa9e461b07da11ea7390c451902e4b1592d396fd,dist/foundation/donor.css + dist/index.html + dist/foundation/accepted-runtime.js,Source extraction; visual parity limited to assurance/PARITY_AND_LIMITATIONS.md,
data_attributes,98,data-pref-width,PRESERVE_AS_IS,"Original CSS/DOM/event grammar retained; component use is shared, not copied per surface",CEP_LIBRARY_EDITOR_EXECUTABLE_BLUEPRINT_v1.2.17_ACCEPTED_DESIGN_REFERENCE.html,ea66b58ef122bf2f8ca23fd0aa9e461b07da11ea7390c451902e4b1592d396fd,dist/foundation/donor.css + dist/index.html + dist/foundation/accepted-runtime.js,Source extraction; visual parity limited to assurance/PARITY_AND_LIMITATIONS.md,
data_attributes,99,data-projection-owner,PRESERVE_AS_IS,"Original CSS/DOM/event grammar retained; component use is shared, not copied per surface",CEP_LIBRARY_EDITOR_EXECUTABLE_BLUEPRINT_v1.2.17_ACCEPTED_DESIGN_REFERENCE.html,ea66b58ef122bf2f8ca23fd0aa9e461b07da11ea7390c451902e4b1592d396fd,dist/foundation/donor.css + dist/index.html + dist/foundation/accepted-runtime.js,Source extraction; visual parity limited to assurance/PARITY_AND_LIMITATIONS.md,
data_attributes,100,data-quick-block,PRESERVE_AS_IS,"Original CSS/DOM/event grammar retained; component use is shared, not copied per surface",CEP_LIBRARY_EDITOR_EXECUTABLE_BLUEPRINT_v1.2.17_ACCEPTED_DESIGN_REFERENCE.html,ea66b58ef122bf2f8ca23fd0aa9e461b07da11ea7390c451902e4b1592d396fd,dist/foundation/donor.css + dist/index.html + dist/foundation/accepted-runtime.js,Source extraction; visual parity limited to assurance/PARITY_AND_LIMITATIONS.md,
data_attributes,101,data-quick-ku,PRESERVE_AS_IS,"Original CSS/DOM/event grammar retained; component use is shared, not copied per surface",CEP_LIBRARY_EDITOR_EXECUTABLE_BLUEPRINT_v1.2.17_ACCEPTED_DESIGN_REFERENCE.html,ea66b58ef122bf2f8ca23fd0aa9e461b07da11ea7390c451902e4b1592d396fd,dist/foundation/donor.css + dist/index.html + dist/foundation/accepted-runtime.js,Source extraction; visual parity limited to assurance/PARITY_AND_LIMITATIONS.md,
data_attributes,102,data-reader-cmd,PRESERVE_AS_IS,"Original CSS/DOM/event grammar retained; component use is shared, not copied per surface",CEP_LIBRARY_EDITOR_EXECUTABLE_BLUEPRINT_v1.2.17_ACCEPTED_DESIGN_REFERENCE.html,ea66b58ef122bf2f8ca23fd0aa9e461b07da11ea7390c451902e4b1592d396fd,dist/foundation/donor.css + dist/index.html + dist/foundation/accepted-runtime.js,Source extraction; visual parity limited to assurance/PARITY_AND_LIMITATIONS.md,
data_attributes,103,data-reader-reference,PRESERVE_AS_IS,"Original CSS/DOM/event grammar retained; component use is shared, not copied per surface",CEP_LIBRARY_EDITOR_EXECUTABLE_BLUEPRINT_v1.2.17_ACCEPTED_DESIGN_REFERENCE.html,ea66b58ef122bf2f8ca23fd0aa9e461b07da11ea7390c451902e4b1592d396fd,dist/foundation/donor.css + dist/index.html + dist/foundation/accepted-runtime.js,Source extraction; visual parity limited to assurance/PARITY_AND_LIMITATIONS.md,
data_attributes,104,data-recovery-restore,PRESERVE_AS_IS,"Original CSS/DOM/event grammar retained; component use is shared, not copied per surface",CEP_LIBRARY_EDITOR_EXECUTABLE_BLUEPRINT_v1.2.17_ACCEPTED_DESIGN_REFERENCE.html,ea66b58ef122bf2f8ca23fd0aa9e461b07da11ea7390c451902e4b1592d396fd,dist/foundation/donor.css + dist/index.html + dist/foundation/accepted-runtime.js,Source extraction; visual parity limited to assurance/PARITY_AND_LIMITATIONS.md,
data_attributes,105,data-reference-ready,PRESERVE_AS_IS,"Original CSS/DOM/event grammar retained; component use is shared, not copied per surface",CEP_LIBRARY_EDITOR_EXECUTABLE_BLUEPRINT_v1.2.17_ACCEPTED_DESIGN_REFERENCE.html,ea66b58ef122bf2f8ca23fd0aa9e461b07da11ea7390c451902e4b1592d396fd,dist/foundation/donor.css + dist/index.html + dist/foundation/accepted-runtime.js,Source extraction; visual parity limited to assurance/PARITY_AND_LIMITATIONS.md,
data_attributes,106,data-region,PRESERVE_AS_IS,"Original CSS/DOM/event grammar retained; component use is shared, not copied per surface",CEP_LIBRARY_EDITOR_EXECUTABLE_BLUEPRINT_v1.2.17_ACCEPTED_DESIGN_REFERENCE.html,ea66b58ef122bf2f8ca23fd0aa9e461b07da11ea7390c451902e4b1592d396fd,dist/foundation/donor.css + dist/index.html + dist/foundation/accepted-runtime.js,Source extraction; visual parity limited to assurance/PARITY_AND_LIMITATIONS.md,
data_attributes,107,data-render-only,PRESERVE_AS_IS,"Original CSS/DOM/event grammar retained; component use is shared, not copied per surface",CEP_LIBRARY_EDITOR_EXECUTABLE_BLUEPRINT_v1.2.17_ACCEPTED_DESIGN_REFERENCE.html,ea66b58ef122bf2f8ca23fd0aa9e461b07da11ea7390c451902e4b1592d396fd,dist/foundation/donor.css + dist/index.html + dist/foundation/accepted-runtime.js,Source extraction; visual parity limited to assurance/PARITY_AND_LIMITATIONS.md,
data_attributes,108,data-resolved-dir,PRESERVE_AS_IS,"Original CSS/DOM/event grammar retained; component use is shared, not copied per surface",CEP_LIBRARY_EDITOR_EXECUTABLE_BLUEPRINT_v1.2.17_ACCEPTED_DESIGN_REFERENCE.html,ea66b58ef122bf2f8ca23fd0aa9e461b07da11ea7390c451902e4b1592d396fd,dist/foundation/donor.css + dist/index.html + dist/foundation/accepted-runtime.js,Source extraction; visual parity limited to assurance/PARITY_AND_LIMITATIONS.md,
data_attributes,109,data-responsive-band,PRESERVE_AS_IS,"Original CSS/DOM/event grammar retained; component use is shared, not copied per surface",CEP_LIBRARY_EDITOR_EXECUTABLE_BLUEPRINT_v1.2.17_ACCEPTED_DESIGN_REFERENCE.html,ea66b58ef122bf2f8ca23fd0aa9e461b07da11ea7390c451902e4b1592d396fd,dist/foundation/donor.css + dist/index.html + dist/foundation/accepted-runtime.js,Source extraction; visual parity limited to assurance/PARITY_AND_LIMITATIONS.md,
data_attributes,110,data-right,PRESERVE_AS_IS,"Original CSS/DOM/event grammar retained; component use is shared, not copied per surface",CEP_LIBRARY_EDITOR_EXECUTABLE_BLUEPRINT_v1.2.17_ACCEPTED_DESIGN_REFERENCE.html,ea66b58ef122bf2f8ca23fd0aa9e461b07da11ea7390c451902e4b1592d396fd,dist/foundation/donor.css + dist/index.html + dist/foundation/accepted-runtime.js,Source extraction; visual parity limited to assurance/PARITY_AND_LIMITATIONS.md,
data_attributes,111,data-selected,PRESERVE_AS_IS,"Original CSS/DOM/event grammar retained; component use is shared, not copied per surface",CEP_LIBRARY_EDITOR_EXECUTABLE_BLUEPRINT_v1.2.17_ACCEPTED_DESIGN_REFERENCE.html,ea66b58ef122bf2f8ca23fd0aa9e461b07da11ea7390c451902e4b1592d396fd,dist/foundation/donor.css + dist/index.html + dist/foundation/accepted-runtime.js,Source extraction; visual parity limited to assurance/PARITY_AND_LIMITATIONS.md,
data_attributes,112,data-selection-action,PRESERVE_AS_IS,"Original CSS/DOM/event grammar retained; component use is shared, not copied per surface",CEP_LIBRARY_EDITOR_EXECUTABLE_BLUEPRINT_v1.2.17_ACCEPTED_DESIGN_REFERENCE.html,ea66b58ef122bf2f8ca23fd0aa9e461b07da11ea7390c451902e4b1592d396fd,dist/foundation/donor.css + dist/index.html + dist/foundation/accepted-runtime.js,Source extraction; visual parity limited to assurance/PARITY_AND_LIMITATIONS.md,
data_attributes,113,data-state,PRESERVE_AS_IS,"Original CSS/DOM/event grammar retained; component use is shared, not copied per surface",CEP_LIBRARY_EDITOR_EXECUTABLE_BLUEPRINT_v1.2.17_ACCEPTED_DESIGN_REFERENCE.html,ea66b58ef122bf2f8ca23fd0aa9e461b07da11ea7390c451902e4b1592d396fd,dist/foundation/donor.css + dist/index.html + dist/foundation/accepted-runtime.js,Source extraction; visual parity limited to assurance/PARITY_AND_LIMITATIONS.md,
data_attributes,114,data-surface,PRESERVE_AS_IS,"Original CSS/DOM/event grammar retained; component use is shared, not copied per surface",CEP_LIBRARY_EDITOR_EXECUTABLE_BLUEPRINT_v1.2.17_ACCEPTED_DESIGN_REFERENCE.html,ea66b58ef122bf2f8ca23fd0aa9e461b07da11ea7390c451902e4b1592d396fd,dist/foundation/donor.css + dist/index.html + dist/foundation/accepted-runtime.js,Source extraction; visual parity limited to assurance/PARITY_AND_LIMITATIONS.md,
data_attributes,115,data-target-kind,PRESERVE_AS_IS,"Original CSS/DOM/event grammar retained; component use is shared, not copied per surface",CEP_LIBRARY_EDITOR_EXECUTABLE_BLUEPRINT_v1.2.17_ACCEPTED_DESIGN_REFERENCE.html,ea66b58ef122bf2f8ca23fd0aa9e461b07da11ea7390c451902e4b1592d396fd,dist/foundation/donor.css + dist/index.html + dist/foundation/accepted-runtime.js,Source extraction; visual parity limited to assurance/PARITY_AND_LIMITATIONS.md,
data_attributes,116,data-theme,PRESERVE_AS_IS,"Original CSS/DOM/event grammar retained; component use is shared, not copied per surface",CEP_LIBRARY_EDITOR_EXECUTABLE_BLUEPRINT_v1.2.17_ACCEPTED_DESIGN_REFERENCE.html,ea66b58ef122bf2f8ca23fd0aa9e461b07da11ea7390c451902e4b1592d396fd,dist/foundation/donor.css + dist/index.html + dist/foundation/accepted-runtime.js,Source extraction; visual parity limited to assurance/PARITY_AND_LIMITATIONS.md,
data_attributes,117,data-theme-value,PRESERVE_AS_IS,"Original CSS/DOM/event grammar retained; component use is shared, not copied per surface",CEP_LIBRARY_EDITOR_EXECUTABLE_BLUEPRINT_v1.2.17_ACCEPTED_DESIGN_REFERENCE.html,ea66b58ef122bf2f8ca23fd0aa9e461b07da11ea7390c451902e4b1592d396fd,dist/foundation/donor.css + dist/index.html + dist/foundation/accepted-runtime.js,Source extraction; visual parity limited to assurance/PARITY_AND_LIMITATIONS.md,
data_attributes,118,data-toggle-block,PRESERVE_AS_IS,"Original CSS/DOM/event grammar retained; component use is shared, not copied per surface",CEP_LIBRARY_EDITOR_EXECUTABLE_BLUEPRINT_v1.2.17_ACCEPTED_DESIGN_REFERENCE.html,ea66b58ef122bf2f8ca23fd0aa9e461b07da11ea7390c451902e4b1592d396fd,dist/foundation/donor.css + dist/index.html + dist/foundation/accepted-runtime.js,Source extraction; visual parity limited to assurance/PARITY_AND_LIMITATIONS.md,
data_attributes,119,data-toggle-children,PRESERVE_AS_IS,"Original CSS/DOM/event grammar retained; component use is shared, not copied per surface",CEP_LIBRARY_EDITOR_EXECUTABLE_BLUEPRINT_v1.2.17_ACCEPTED_DESIGN_REFERENCE.html,ea66b58ef122bf2f8ca23fd0aa9e461b07da11ea7390c451902e4b1592d396fd,dist/foundation/donor.css + dist/index.html + dist/foundation/accepted-runtime.js,Source extraction; visual parity limited to assurance/PARITY_AND_LIMITATIONS.md,
data_attributes,120,data-tone,PRESERVE_AS_IS,"Original CSS/DOM/event grammar retained; component use is shared, not copied per surface",CEP_LIBRARY_EDITOR_EXECUTABLE_BLUEPRINT_v1.2.17_ACCEPTED_DESIGN_REFERENCE.html,ea66b58ef122bf2f8ca23fd0aa9e461b07da11ea7390c451902e4b1592d396fd,dist/foundation/donor.css + dist/index.html + dist/foundation/accepted-runtime.js,Source extraction; visual parity limited to assurance/PARITY_AND_LIMITATIONS.md,
data_attributes,121,data-tree-id,PRESERVE_AS_IS,"Original CSS/DOM/event grammar retained; component use is shared, not copied per surface",CEP_LIBRARY_EDITOR_EXECUTABLE_BLUEPRINT_v1.2.17_ACCEPTED_DESIGN_REFERENCE.html,ea66b58ef122bf2f8ca23fd0aa9e461b07da11ea7390c451902e4b1592d396fd,dist/foundation/donor.css + dist/index.html + dist/foundation/accepted-runtime.js,Source extraction; visual parity limited to assurance/PARITY_AND_LIMITATIONS.md,
data_attributes,122,data-type,PRESERVE_AS_IS,"Original CSS/DOM/event grammar retained; component use is shared, not copied per surface",CEP_LIBRARY_EDITOR_EXECUTABLE_BLUEPRINT_v1.2.17_ACCEPTED_DESIGN_REFERENCE.html,ea66b58ef122bf2f8ca23fd0aa9e461b07da11ea7390c451902e4b1592d396fd,dist/foundation/donor.css + dist/index.html + dist/foundation/accepted-runtime.js,Source extraction; visual parity limited to assurance/PARITY_AND_LIMITATIONS.md,
data_attributes,123,data-value,PRESERVE_AS_IS,"Original CSS/DOM/event grammar retained; component use is shared, not copied per surface",CEP_LIBRARY_EDITOR_EXECUTABLE_BLUEPRINT_v1.2.17_ACCEPTED_DESIGN_REFERENCE.html,ea66b58ef122bf2f8ca23fd0aa9e461b07da11ea7390c451902e4b1592d396fd,dist/foundation/donor.css + dist/index.html + dist/foundation/accepted-runtime.js,Source extraction; visual parity limited to assurance/PARITY_AND_LIMITATIONS.md,
data_attributes,124,data-width,PRESERVE_AS_IS,"Original CSS/DOM/event grammar retained; component use is shared, not copied per surface",CEP_LIBRARY_EDITOR_EXECUTABLE_BLUEPRINT_v1.2.17_ACCEPTED_DESIGN_REFERENCE.html,ea66b58ef122bf2f8ca23fd0aa9e461b07da11ea7390c451902e4b1592d396fd,dist/foundation/donor.css + dist/index.html + dist/foundation/accepted-runtime.js,Source extraction; visual parity limited to assurance/PARITY_AND_LIMITATIONS.md,
media_queries,1,(max-width:1100px),PRESERVE_AS_IS,"Original CSS/DOM/event grammar retained; component use is shared, not copied per surface",CEP_LIBRARY_EDITOR_EXECUTABLE_BLUEPRINT_v1.2.17_ACCEPTED_DESIGN_REFERENCE.html,ea66b58ef122bf2f8ca23fd0aa9e461b07da11ea7390c451902e4b1592d396fd,dist/foundation/donor.css + dist/index.html + dist/foundation/accepted-runtime.js,Source extraction; visual parity limited to assurance/PARITY_AND_LIMITATIONS.md,
media_queries,2,(max-width:820px),PRESERVE_AS_IS,"Original CSS/DOM/event grammar retained; component use is shared, not copied per surface",CEP_LIBRARY_EDITOR_EXECUTABLE_BLUEPRINT_v1.2.17_ACCEPTED_DESIGN_REFERENCE.html,ea66b58ef122bf2f8ca23fd0aa9e461b07da11ea7390c451902e4b1592d396fd,dist/foundation/donor.css + dist/index.html + dist/foundation/accepted-runtime.js,Source extraction; visual parity limited to assurance/PARITY_AND_LIMITATIONS.md,
media_queries,3,(max-width:570px),PRESERVE_AS_IS,"Original CSS/DOM/event grammar retained; component use is shared, not copied per surface",CEP_LIBRARY_EDITOR_EXECUTABLE_BLUEPRINT_v1.2.17_ACCEPTED_DESIGN_REFERENCE.html,ea66b58ef122bf2f8ca23fd0aa9e461b07da11ea7390c451902e4b1592d396fd,dist/foundation/donor.css + dist/index.html + dist/foundation/accepted-runtime.js,Source extraction; visual parity limited to assurance/PARITY_AND_LIMITATIONS.md,
media_queries,4,(prefers-reduced-motion:reduce),PRESERVE_AS_IS,"Original CSS/DOM/event grammar retained; component use is shared, not copied per surface",CEP_LIBRARY_EDITOR_EXECUTABLE_BLUEPRINT_v1.2.17_ACCEPTED_DESIGN_REFERENCE.html,ea66b58ef122bf2f8ca23fd0aa9e461b07da11ea7390c451902e4b1592d396fd,dist/foundation/donor.css + dist/index.html + dist/foundation/accepted-runtime.js,Source extraction; visual parity limited to assurance/PARITY_AND_LIMITATIONS.md,
media_queries,5,(max-width:1100px),PRESERVE_AS_IS,"Original CSS/DOM/event grammar retained; component use is shared, not copied per surface",CEP_LIBRARY_EDITOR_EXECUTABLE_BLUEPRINT_v1.2.17_ACCEPTED_DESIGN_REFERENCE.html,ea66b58ef122bf2f8ca23fd0aa9e461b07da11ea7390c451902e4b1592d396fd,dist/foundation/donor.css + dist/index.html + dist/foundation/accepted-runtime.js,Source extraction; visual parity limited to assurance/PARITY_AND_LIMITATIONS.md,
media_queries,6,(max-width:820px),PRESERVE_AS_IS,"Original CSS/DOM/event grammar retained; component use is shared, not copied per surface",CEP_LIBRARY_EDITOR_EXECUTABLE_BLUEPRINT_v1.2.17_ACCEPTED_DESIGN_REFERENCE.html,ea66b58ef122bf2f8ca23fd0aa9e461b07da11ea7390c451902e4b1592d396fd,dist/foundation/donor.css + dist/index.html + dist/foundation/accepted-runtime.js,Source extraction; visual parity limited to assurance/PARITY_AND_LIMITATIONS.md,
media_queries,7,(max-width:1100px),PRESERVE_AS_IS,"Original CSS/DOM/event grammar retained; component use is shared, not copied per surface",CEP_LIBRARY_EDITOR_EXECUTABLE_BLUEPRINT_v1.2.17_ACCEPTED_DESIGN_REFERENCE.html,ea66b58ef122bf2f8ca23fd0aa9e461b07da11ea7390c451902e4b1592d396fd,dist/foundation/donor.css + dist/index.html + dist/foundation/accepted-runtime.js,Source extraction; visual parity limited to assurance/PARITY_AND_LIMITATIONS.md,
media_queries,8,(max-width:820px),PRESERVE_AS_IS,"Original CSS/DOM/event grammar retained; component use is shared, not copied per surface",CEP_LIBRARY_EDITOR_EXECUTABLE_BLUEPRINT_v1.2.17_ACCEPTED_DESIGN_REFERENCE.html,ea66b58ef122bf2f8ca23fd0aa9e461b07da11ea7390c451902e4b1592d396fd,dist/foundation/donor.css + dist/index.html + dist/foundation/accepted-runtime.js,Source extraction; visual parity limited to assurance/PARITY_AND_LIMITATIONS.md,
media_queries,9,(max-width:570px),PRESERVE_AS_IS,"Original CSS/DOM/event grammar retained; component use is shared, not copied per surface",CEP_LIBRARY_EDITOR_EXECUTABLE_BLUEPRINT_v1.2.17_ACCEPTED_DESIGN_REFERENCE.html,ea66b58ef122bf2f8ca23fd0aa9e461b07da11ea7390c451902e4b1592d396fd,dist/foundation/donor.css + dist/index.html + dist/foundation/accepted-runtime.js,Source extraction; visual parity limited to assurance/PARITY_AND_LIMITATIONS.md,
media_queries,10,(prefers-reduced-motion:reduce),PRESERVE_AS_IS,"Original CSS/DOM/event grammar retained; component use is shared, not copied per surface",CEP_LIBRARY_EDITOR_EXECUTABLE_BLUEPRINT_v1.2.17_ACCEPTED_DESIGN_REFERENCE.html,ea66b58ef122bf2f8ca23fd0aa9e461b07da11ea7390c451902e4b1592d396fd,dist/foundation/donor.css + dist/index.html + dist/foundation/accepted-runtime.js,Source extraction; visual parity limited to assurance/PARITY_AND_LIMITATIONS.md,
media_queries,11,(min-width:1101px),PRESERVE_AS_IS,"Original CSS/DOM/event grammar retained; component use is shared, not copied per surface",CEP_LIBRARY_EDITOR_EXECUTABLE_BLUEPRINT_v1.2.17_ACCEPTED_DESIGN_REFERENCE.html,ea66b58ef122bf2f8ca23fd0aa9e461b07da11ea7390c451902e4b1592d396fd,dist/foundation/donor.css + dist/index.html + dist/foundation/accepted-runtime.js,Source extraction; visual parity limited to assurance/PARITY_AND_LIMITATIONS.md,
media_queries,12,(max-width:1100px),PRESERVE_AS_IS,"Original CSS/DOM/event grammar retained; component use is shared, not copied per surface",CEP_LIBRARY_EDITOR_EXECUTABLE_BLUEPRINT_v1.2.17_ACCEPTED_DESIGN_REFERENCE.html,ea66b58ef122bf2f8ca23fd0aa9e461b07da11ea7390c451902e4b1592d396fd,dist/foundation/donor.css + dist/index.html + dist/foundation/accepted-runtime.js,Source extraction; visual parity limited to assurance/PARITY_AND_LIMITATIONS.md,
media_queries,13,(max-width:1100px),PRESERVE_AS_IS,"Original CSS/DOM/event grammar retained; component use is shared, not copied per surface",CEP_LIBRARY_EDITOR_EXECUTABLE_BLUEPRINT_v1.2.17_ACCEPTED_DESIGN_REFERENCE.html,ea66b58ef122bf2f8ca23fd0aa9e461b07da11ea7390c451902e4b1592d396fd,dist/foundation/donor.css + dist/index.html + dist/foundation/accepted-runtime.js,Source extraction; visual parity limited to assurance/PARITY_AND_LIMITATIONS.md,
media_queries,14,(max-width:820px),PRESERVE_AS_IS,"Original CSS/DOM/event grammar retained; component use is shared, not copied per surface",CEP_LIBRARY_EDITOR_EXECUTABLE_BLUEPRINT_v1.2.17_ACCEPTED_DESIGN_REFERENCE.html,ea66b58ef122bf2f8ca23fd0aa9e461b07da11ea7390c451902e4b1592d396fd,dist/foundation/donor.css + dist/index.html + dist/foundation/accepted-runtime.js,Source extraction; visual parity limited to assurance/PARITY_AND_LIMITATIONS.md,
media_queries,15,(max-width:570px),PRESERVE_AS_IS,"Original CSS/DOM/event grammar retained; component use is shared, not copied per surface",CEP_LIBRARY_EDITOR_EXECUTABLE_BLUEPRINT_v1.2.17_ACCEPTED_DESIGN_REFERENCE.html,ea66b58ef122bf2f8ca23fd0aa9e461b07da11ea7390c451902e4b1592d396fd,dist/foundation/donor.css + dist/index.html + dist/foundation/accepted-runtime.js,Source extraction; visual parity limited to assurance/PARITY_AND_LIMITATIONS.md,
media_queries,16,(max-width:1100px),PRESERVE_AS_IS,"Original CSS/DOM/event grammar retained; component use is shared, not copied per surface",CEP_LIBRARY_EDITOR_EXECUTABLE_BLUEPRINT_v1.2.17_ACCEPTED_DESIGN_REFERENCE.html,ea66b58ef122bf2f8ca23fd0aa9e461b07da11ea7390c451902e4b1592d396fd,dist/foundation/donor.css + dist/index.html + dist/foundation/accepted-runtime.js,Source extraction; visual parity limited to assurance/PARITY_AND_LIMITATIONS.md,
media_queries,17,(max-width:820px),PRESERVE_AS_IS,"Original CSS/DOM/event grammar retained; component use is shared, not copied per surface",CEP_LIBRARY_EDITOR_EXECUTABLE_BLUEPRINT_v1.2.17_ACCEPTED_DESIGN_REFERENCE.html,ea66b58ef122bf2f8ca23fd0aa9e461b07da11ea7390c451902e4b1592d396fd,dist/foundation/donor.css + dist/index.html + dist/foundation/accepted-runtime.js,Source extraction; visual parity limited to assurance/PARITY_AND_LIMITATIONS.md,
media_queries,18,(max-width:620px),PRESERVE_AS_IS,"Original CSS/DOM/event grammar retained; component use is shared, not copied per surface",CEP_LIBRARY_EDITOR_EXECUTABLE_BLUEPRINT_v1.2.17_ACCEPTED_DESIGN_REFERENCE.html,ea66b58ef122bf2f8ca23fd0aa9e461b07da11ea7390c451902e4b1592d396fd,dist/foundation/donor.css + dist/index.html + dist/foundation/accepted-runtime.js,Source extraction; visual parity limited to assurance/PARITY_AND_LIMITATIONS.md,
media_queries,19,(forced-colors:active),PRESERVE_AS_IS,"Original CSS/DOM/event grammar retained; component use is shared, not copied per surface",CEP_LIBRARY_EDITOR_EXECUTABLE_BLUEPRINT_v1.2.17_ACCEPTED_DESIGN_REFERENCE.html,ea66b58ef122bf2f8ca23fd0aa9e461b07da11ea7390c451902e4b1592d396fd,dist/foundation/donor.css + dist/index.html + dist/foundation/accepted-runtime.js,Source extraction; visual parity limited to assurance/PARITY_AND_LIMITATIONS.md,
media_queries,20,(max-width:1100px),PRESERVE_AS_IS,"Original CSS/DOM/event grammar retained; component use is shared, not copied per surface",CEP_LIBRARY_EDITOR_EXECUTABLE_BLUEPRINT_v1.2.17_ACCEPTED_DESIGN_REFERENCE.html,ea66b58ef122bf2f8ca23fd0aa9e461b07da11ea7390c451902e4b1592d396fd,dist/foundation/donor.css + dist/index.html + dist/foundation/accepted-runtime.js,Source extraction; visual parity limited to assurance/PARITY_AND_LIMITATIONS.md,
media_queries,21,(max-width:620px),PRESERVE_AS_IS,"Original CSS/DOM/event grammar retained; component use is shared, not copied per surface",CEP_LIBRARY_EDITOR_EXECUTABLE_BLUEPRINT_v1.2.17_ACCEPTED_DESIGN_REFERENCE.html,ea66b58ef122bf2f8ca23fd0aa9e461b07da11ea7390c451902e4b1592d396fd,dist/foundation/donor.css + dist/index.html + dist/foundation/accepted-runtime.js,Source extraction; visual parity limited to assurance/PARITY_AND_LIMITATIONS.md,
media_queries,22,(prefers-reduced-motion:reduce),PRESERVE_AS_IS,"Original CSS/DOM/event grammar retained; component use is shared, not copied per surface",CEP_LIBRARY_EDITOR_EXECUTABLE_BLUEPRINT_v1.2.17_ACCEPTED_DESIGN_REFERENCE.html,ea66b58ef122bf2f8ca23fd0aa9e461b07da11ea7390c451902e4b1592d396fd,dist/foundation/donor.css + dist/index.html + dist/foundation/accepted-runtime.js,Source extraction; visual parity limited to assurance/PARITY_AND_LIMITATIONS.md,
media_queries,23,(forced-colors:active),PRESERVE_AS_IS,"Original CSS/DOM/event grammar retained; component use is shared, not copied per surface",CEP_LIBRARY_EDITOR_EXECUTABLE_BLUEPRINT_v1.2.17_ACCEPTED_DESIGN_REFERENCE.html,ea66b58ef122bf2f8ca23fd0aa9e461b07da11ea7390c451902e4b1592d396fd,dist/foundation/donor.css + dist/index.html + dist/foundation/accepted-runtime.js,Source extraction; visual parity limited to assurance/PARITY_AND_LIMITATIONS.md,
media_queries,24,(max-width:820px),PRESERVE_AS_IS,"Original CSS/DOM/event grammar retained; component use is shared, not copied per surface",CEP_LIBRARY_EDITOR_EXECUTABLE_BLUEPRINT_v1.2.17_ACCEPTED_DESIGN_REFERENCE.html,ea66b58ef122bf2f8ca23fd0aa9e461b07da11ea7390c451902e4b1592d396fd,dist/foundation/donor.css + dist/index.html + dist/foundation/accepted-runtime.js,Source extraction; visual parity limited to assurance/PARITY_AND_LIMITATIONS.md,
media_queries,25,(forced-colors:active),PRESERVE_AS_IS,"Original CSS/DOM/event grammar retained; component use is shared, not copied per surface",CEP_LIBRARY_EDITOR_EXECUTABLE_BLUEPRINT_v1.2.17_ACCEPTED_DESIGN_REFERENCE.html,ea66b58ef122bf2f8ca23fd0aa9e461b07da11ea7390c451902e4b1592d396fd,dist/foundation/donor.css + dist/index.html + dist/foundation/accepted-runtime.js,Source extraction; visual parity limited to assurance/PARITY_AND_LIMITATIONS.md,
media_queries,26,(max-width:620px),PRESERVE_AS_IS,"Original CSS/DOM/event grammar retained; component use is shared, not copied per surface",CEP_LIBRARY_EDITOR_EXECUTABLE_BLUEPRINT_v1.2.17_ACCEPTED_DESIGN_REFERENCE.html,ea66b58ef122bf2f8ca23fd0aa9e461b07da11ea7390c451902e4b1592d396fd,dist/foundation/donor.css + dist/index.html + dist/foundation/accepted-runtime.js,Source extraction; visual parity limited to assurance/PARITY_AND_LIMITATIONS.md,
media_queries,27,(max-width:1100px),PRESERVE_AS_IS,"Original CSS/DOM/event grammar retained; component use is shared, not copied per surface",CEP_LIBRARY_EDITOR_EXECUTABLE_BLUEPRINT_v1.2.17_ACCEPTED_DESIGN_REFERENCE.html,ea66b58ef122bf2f8ca23fd0aa9e461b07da11ea7390c451902e4b1592d396fd,dist/foundation/donor.css + dist/index.html + dist/foundation/accepted-runtime.js,Source extraction; visual parity limited to assurance/PARITY_AND_LIMITATIONS.md,
media_queries,28,(max-width:700px),PRESERVE_AS_IS,"Original CSS/DOM/event grammar retained; component use is shared, not copied per surface",CEP_LIBRARY_EDITOR_EXECUTABLE_BLUEPRINT_v1.2.17_ACCEPTED_DESIGN_REFERENCE.html,ea66b58ef122bf2f8ca23fd0aa9e461b07da11ea7390c451902e4b1592d396fd,dist/foundation/donor.css + dist/index.html + dist/foundation/accepted-runtime.js,Source extraction; visual parity limited to assurance/PARITY_AND_LIMITATIONS.md,
media_queries,29,(prefers-reduced-motion:reduce),PRESERVE_AS_IS,"Original CSS/DOM/event grammar retained; component use is shared, not copied per surface",CEP_LIBRARY_EDITOR_EXECUTABLE_BLUEPRINT_v1.2.17_ACCEPTED_DESIGN_REFERENCE.html,ea66b58ef122bf2f8ca23fd0aa9e461b07da11ea7390c451902e4b1592d396fd,dist/foundation/donor.css + dist/index.html + dist/foundation/accepted-runtime.js,Source extraction; visual parity limited to assurance/PARITY_AND_LIMITATIONS.md,
media_queries,30,(forced-colors:active),PRESERVE_AS_IS,"Original CSS/DOM/event grammar retained; component use is shared, not copied per surface",CEP_LIBRARY_EDITOR_EXECUTABLE_BLUEPRINT_v1.2.17_ACCEPTED_DESIGN_REFERENCE.html,ea66b58ef122bf2f8ca23fd0aa9e461b07da11ea7390c451902e4b1592d396fd,dist/foundation/donor.css + dist/index.html + dist/foundation/accepted-runtime.js,Source extraction; visual parity limited to assurance/PARITY_AND_LIMITATIONS.md,
media_queries,31,(prefers-reduced-motion:reduce),PRESERVE_AS_IS,"Original CSS/DOM/event grammar retained; component use is shared, not copied per surface",CEP_LIBRARY_EDITOR_EXECUTABLE_BLUEPRINT_v1.2.17_ACCEPTED_DESIGN_REFERENCE.html,ea66b58ef122bf2f8ca23fd0aa9e461b07da11ea7390c451902e4b1592d396fd,dist/foundation/donor.css + dist/index.html + dist/foundation/accepted-runtime.js,Source extraction; visual parity limited to assurance/PARITY_AND_LIMITATIONS.md,
media_queries,32,(max-width:1180px),PRESERVE_AS_IS,"Original CSS/DOM/event grammar retained; component use is shared, not copied per surface",CEP_LIBRARY_EDITOR_EXECUTABLE_BLUEPRINT_v1.2.17_ACCEPTED_DESIGN_REFERENCE.html,ea66b58ef122bf2f8ca23fd0aa9e461b07da11ea7390c451902e4b1592d396fd,dist/foundation/donor.css + dist/index.html + dist/foundation/accepted-runtime.js,Source extraction; visual parity limited to assurance/PARITY_AND_LIMITATIONS.md,
media_queries,33,(max-width:820px),PRESERVE_AS_IS,"Original CSS/DOM/event grammar retained; component use is shared, not copied per surface",CEP_LIBRARY_EDITOR_EXECUTABLE_BLUEPRINT_v1.2.17_ACCEPTED_DESIGN_REFERENCE.html,ea66b58ef122bf2f8ca23fd0aa9e461b07da11ea7390c451902e4b1592d396fd,dist/foundation/donor.css + dist/index.html + dist/foundation/accepted-runtime.js,Source extraction; visual parity limited to assurance/PARITY_AND_LIMITATIONS.md,
media_queries,34,(max-width:1180px),PRESERVE_AS_IS,"Original CSS/DOM/event grammar retained; component use is shared, not copied per surface",CEP_LIBRARY_EDITOR_EXECUTABLE_BLUEPRINT_v1.2.17_ACCEPTED_DESIGN_REFERENCE.html,ea66b58ef122bf2f8ca23fd0aa9e461b07da11ea7390c451902e4b1592d396fd,dist/foundation/donor.css + dist/index.html + dist/foundation/accepted-runtime.js,Source extraction; visual parity limited to assurance/PARITY_AND_LIMITATIONS.md,
media_queries,35,(max-width:1100px),PRESERVE_AS_IS,"Original CSS/DOM/event grammar retained; component use is shared, not copied per surface",CEP_LIBRARY_EDITOR_EXECUTABLE_BLUEPRINT_v1.2.17_ACCEPTED_DESIGN_REFERENCE.html,ea66b58ef122bf2f8ca23fd0aa9e461b07da11ea7390c451902e4b1592d396fd,dist/foundation/donor.css + dist/index.html + dist/foundation/accepted-runtime.js,Source extraction; visual parity limited to assurance/PARITY_AND_LIMITATIONS.md,
media_queries,36,(max-width:1100px),PRESERVE_AS_IS,"Original CSS/DOM/event grammar retained; component use is shared, not copied per surface",CEP_LIBRARY_EDITOR_EXECUTABLE_BLUEPRINT_v1.2.17_ACCEPTED_DESIGN_REFERENCE.html,ea66b58ef122bf2f8ca23fd0aa9e461b07da11ea7390c451902e4b1592d396fd,dist/foundation/donor.css + dist/index.html + dist/foundation/accepted-runtime.js,Source extraction; visual parity limited to assurance/PARITY_AND_LIMITATIONS.md,
media_queries,37,(max-width:1180px),PRESERVE_AS_IS,"Original CSS/DOM/event grammar retained; component use is shared, not copied per surface",CEP_LIBRARY_EDITOR_EXECUTABLE_BLUEPRINT_v1.2.17_ACCEPTED_DESIGN_REFERENCE.html,ea66b58ef122bf2f8ca23fd0aa9e461b07da11ea7390c451902e4b1592d396fd,dist/foundation/donor.css + dist/index.html + dist/foundation/accepted-runtime.js,Source extraction; visual parity limited to assurance/PARITY_AND_LIMITATIONS.md,
media_queries,38,(max-width:930px),PRESERVE_AS_IS,"Original CSS/DOM/event grammar retained; component use is shared, not copied per surface",CEP_LIBRARY_EDITOR_EXECUTABLE_BLUEPRINT_v1.2.17_ACCEPTED_DESIGN_REFERENCE.html,ea66b58ef122bf2f8ca23fd0aa9e461b07da11ea7390c451902e4b1592d396fd,dist/foundation/donor.css + dist/index.html + dist/foundation/accepted-runtime.js,Source extraction; visual parity limited to assurance/PARITY_AND_LIMITATIONS.md,
media_queries,39,(max-width:840px),PRESERVE_AS_IS,"Original CSS/DOM/event grammar retained; component use is shared, not copied per surface",CEP_LIBRARY_EDITOR_EXECUTABLE_BLUEPRINT_v1.2.17_ACCEPTED_DESIGN_REFERENCE.html,ea66b58ef122bf2f8ca23fd0aa9e461b07da11ea7390c451902e4b1592d396fd,dist/foundation/donor.css + dist/index.html + dist/foundation/accepted-runtime.js,Source extraction; visual parity limited to assurance/PARITY_AND_LIMITATIONS.md,
media_queries,40,(max-width:760px),PRESERVE_AS_IS,"Original CSS/DOM/event grammar retained; component use is shared, not copied per surface",CEP_LIBRARY_EDITOR_EXECUTABLE_BLUEPRINT_v1.2.17_ACCEPTED_DESIGN_REFERENCE.html,ea66b58ef122bf2f8ca23fd0aa9e461b07da11ea7390c451902e4b1592d396fd,dist/foundation/donor.css + dist/index.html + dist/foundation/accepted-runtime.js,Source extraction; visual parity limited to assurance/PARITY_AND_LIMITATIONS.md,
media_queries,41,(max-width:930px),PRESERVE_AS_IS,"Original CSS/DOM/event grammar retained; component use is shared, not copied per surface",CEP_LIBRARY_EDITOR_EXECUTABLE_BLUEPRINT_v1.2.17_ACCEPTED_DESIGN_REFERENCE.html,ea66b58ef122bf2f8ca23fd0aa9e461b07da11ea7390c451902e4b1592d396fd,dist/foundation/donor.css + dist/index.html + dist/foundation/accepted-runtime.js,Source extraction; visual parity limited to assurance/PARITY_AND_LIMITATIONS.md,
media_queries,42,(max-width:760px),PRESERVE_AS_IS,"Original CSS/DOM/event grammar retained; component use is shared, not copied per surface",CEP_LIBRARY_EDITOR_EXECUTABLE_BLUEPRINT_v1.2.17_ACCEPTED_DESIGN_REFERENCE.html,ea66b58ef122bf2f8ca23fd0aa9e461b07da11ea7390c451902e4b1592d396fd,dist/foundation/donor.css + dist/index.html + dist/foundation/accepted-runtime.js,Source extraction; visual parity limited to assurance/PARITY_AND_LIMITATIONS.md,
event_types,1,beforeinput,PRESERVE_AS_IS,"Original CSS/DOM/event grammar retained; component use is shared, not copied per surface",CEP_LIBRARY_EDITOR_EXECUTABLE_BLUEPRINT_v1.2.17_ACCEPTED_DESIGN_REFERENCE.html,ea66b58ef122bf2f8ca23fd0aa9e461b07da11ea7390c451902e4b1592d396fd,dist/foundation/donor.css + dist/index.html + dist/foundation/accepted-runtime.js,Source extraction; visual parity limited to assurance/PARITY_AND_LIMITATIONS.md,
event_types,2,blur,PRESERVE_AS_IS,"Original CSS/DOM/event grammar retained; component use is shared, not copied per surface",CEP_LIBRARY_EDITOR_EXECUTABLE_BLUEPRINT_v1.2.17_ACCEPTED_DESIGN_REFERENCE.html,ea66b58ef122bf2f8ca23fd0aa9e461b07da11ea7390c451902e4b1592d396fd,dist/foundation/donor.css + dist/index.html + dist/foundation/accepted-runtime.js,Source extraction; visual parity limited to assurance/PARITY_AND_LIMITATIONS.md,
event_types,3,change,PRESERVE_AS_IS,"Original CSS/DOM/event grammar retained; component use is shared, not copied per surface",CEP_LIBRARY_EDITOR_EXECUTABLE_BLUEPRINT_v1.2.17_ACCEPTED_DESIGN_REFERENCE.html,ea66b58ef122bf2f8ca23fd0aa9e461b07da11ea7390c451902e4b1592d396fd,dist/foundation/donor.css + dist/index.html + dist/foundation/accepted-runtime.js,Source extraction; visual parity limited to assurance/PARITY_AND_LIMITATIONS.md,
event_types,4,click,PRESERVE_AS_IS,"Original CSS/DOM/event grammar retained; component use is shared, not copied per surface",CEP_LIBRARY_EDITOR_EXECUTABLE_BLUEPRINT_v1.2.17_ACCEPTED_DESIGN_REFERENCE.html,ea66b58ef122bf2f8ca23fd0aa9e461b07da11ea7390c451902e4b1592d396fd,dist/foundation/donor.css + dist/index.html + dist/foundation/accepted-runtime.js,Source extraction; visual parity limited to assurance/PARITY_AND_LIMITATIONS.md,
event_types,5,compositionend,PRESERVE_AS_IS,"Original CSS/DOM/event grammar retained; component use is shared, not copied per surface",CEP_LIBRARY_EDITOR_EXECUTABLE_BLUEPRINT_v1.2.17_ACCEPTED_DESIGN_REFERENCE.html,ea66b58ef122bf2f8ca23fd0aa9e461b07da11ea7390c451902e4b1592d396fd,dist/foundation/donor.css + dist/index.html + dist/foundation/accepted-runtime.js,Source extraction; visual parity limited to assurance/PARITY_AND_LIMITATIONS.md,
event_types,6,compositionstart,PRESERVE_AS_IS,"Original CSS/DOM/event grammar retained; component use is shared, not copied per surface",CEP_LIBRARY_EDITOR_EXECUTABLE_BLUEPRINT_v1.2.17_ACCEPTED_DESIGN_REFERENCE.html,ea66b58ef122bf2f8ca23fd0aa9e461b07da11ea7390c451902e4b1592d396fd,dist/foundation/donor.css + dist/index.html + dist/foundation/accepted-runtime.js,Source extraction; visual parity limited to assurance/PARITY_AND_LIMITATIONS.md,
event_types,7,contextmenu,PRESERVE_AS_IS,"Original CSS/DOM/event grammar retained; component use is shared, not copied per surface",CEP_LIBRARY_EDITOR_EXECUTABLE_BLUEPRINT_v1.2.17_ACCEPTED_DESIGN_REFERENCE.html,ea66b58ef122bf2f8ca23fd0aa9e461b07da11ea7390c451902e4b1592d396fd,dist/foundation/donor.css + dist/index.html + dist/foundation/accepted-runtime.js,Source extraction; visual parity limited to assurance/PARITY_AND_LIMITATIONS.md,
event_types,8,copy,PRESERVE_AS_IS,"Original CSS/DOM/event grammar retained; component use is shared, not copied per surface",CEP_LIBRARY_EDITOR_EXECUTABLE_BLUEPRINT_v1.2.17_ACCEPTED_DESIGN_REFERENCE.html,ea66b58ef122bf2f8ca23fd0aa9e461b07da11ea7390c451902e4b1592d396fd,dist/foundation/donor.css + dist/index.html + dist/foundation/accepted-runtime.js,Source extraction; visual parity limited to assurance/PARITY_AND_LIMITATIONS.md,
event_types,9,error,PRESERVE_AS_IS,"Original CSS/DOM/event grammar retained; component use is shared, not copied per surface",CEP_LIBRARY_EDITOR_EXECUTABLE_BLUEPRINT_v1.2.17_ACCEPTED_DESIGN_REFERENCE.html,ea66b58ef122bf2f8ca23fd0aa9e461b07da11ea7390c451902e4b1592d396fd,dist/foundation/donor.css + dist/index.html + dist/foundation/accepted-runtime.js,Source extraction; visual parity limited to assurance/PARITY_AND_LIMITATIONS.md,
event_types,10,focusin,PRESERVE_AS_IS,"Original CSS/DOM/event grammar retained; component use is shared, not copied per surface",CEP_LIBRARY_EDITOR_EXECUTABLE_BLUEPRINT_v1.2.17_ACCEPTED_DESIGN_REFERENCE.html,ea66b58ef122bf2f8ca23fd0aa9e461b07da11ea7390c451902e4b1592d396fd,dist/foundation/donor.css + dist/index.html + dist/foundation/accepted-runtime.js,Source extraction; visual parity limited to assurance/PARITY_AND_LIMITATIONS.md,
event_types,11,focusout,PRESERVE_AS_IS,"Original CSS/DOM/event grammar retained; component use is shared, not copied per surface",CEP_LIBRARY_EDITOR_EXECUTABLE_BLUEPRINT_v1.2.17_ACCEPTED_DESIGN_REFERENCE.html,ea66b58ef122bf2f8ca23fd0aa9e461b07da11ea7390c451902e4b1592d396fd,dist/foundation/donor.css + dist/index.html + dist/foundation/accepted-runtime.js,Source extraction; visual parity limited to assurance/PARITY_AND_LIMITATIONS.md,
event_types,12,input,PRESERVE_AS_IS,"Original CSS/DOM/event grammar retained; component use is shared, not copied per surface",CEP_LIBRARY_EDITOR_EXECUTABLE_BLUEPRINT_v1.2.17_ACCEPTED_DESIGN_REFERENCE.html,ea66b58ef122bf2f8ca23fd0aa9e461b07da11ea7390c451902e4b1592d396fd,dist/foundation/donor.css + dist/index.html + dist/foundation/accepted-runtime.js,Source extraction; visual parity limited to assurance/PARITY_AND_LIMITATIONS.md,
event_types,13,keydown,PRESERVE_AS_IS,"Original CSS/DOM/event grammar retained; component use is shared, not copied per surface",CEP_LIBRARY_EDITOR_EXECUTABLE_BLUEPRINT_v1.2.17_ACCEPTED_DESIGN_REFERENCE.html,ea66b58ef122bf2f8ca23fd0aa9e461b07da11ea7390c451902e4b1592d396fd,dist/foundation/donor.css + dist/index.html + dist/foundation/accepted-runtime.js,Source extraction; visual parity limited to assurance/PARITY_AND_LIMITATIONS.md,
event_types,14,keyup,PRESERVE_AS_IS,"Original CSS/DOM/event grammar retained; component use is shared, not copied per surface",CEP_LIBRARY_EDITOR_EXECUTABLE_BLUEPRINT_v1.2.17_ACCEPTED_DESIGN_REFERENCE.html,ea66b58ef122bf2f8ca23fd0aa9e461b07da11ea7390c451902e4b1592d396fd,dist/foundation/donor.css + dist/index.html + dist/foundation/accepted-runtime.js,Source extraction; visual parity limited to assurance/PARITY_AND_LIMITATIONS.md,
event_types,15,paste,PRESERVE_AS_IS,"Original CSS/DOM/event grammar retained; component use is shared, not copied per surface",CEP_LIBRARY_EDITOR_EXECUTABLE_BLUEPRINT_v1.2.17_ACCEPTED_DESIGN_REFERENCE.html,ea66b58ef122bf2f8ca23fd0aa9e461b07da11ea7390c451902e4b1592d396fd,dist/foundation/donor.css + dist/index.html + dist/foundation/accepted-runtime.js,Source extraction; visual parity limited to assurance/PARITY_AND_LIMITATIONS.md,
event_types,16,pointerdown,PRESERVE_AS_IS,"Original CSS/DOM/event grammar retained; component use is shared, not copied per surface",CEP_LIBRARY_EDITOR_EXECUTABLE_BLUEPRINT_v1.2.17_ACCEPTED_DESIGN_REFERENCE.html,ea66b58ef122bf2f8ca23fd0aa9e461b07da11ea7390c451902e4b1592d396fd,dist/foundation/donor.css + dist/index.html + dist/foundation/accepted-runtime.js,Source extraction; visual parity limited to assurance/PARITY_AND_LIMITATIONS.md,
event_types,17,pointermove,PRESERVE_AS_IS,"Original CSS/DOM/event grammar retained; component use is shared, not copied per surface",CEP_LIBRARY_EDITOR_EXECUTABLE_BLUEPRINT_v1.2.17_ACCEPTED_DESIGN_REFERENCE.html,ea66b58ef122bf2f8ca23fd0aa9e461b07da11ea7390c451902e4b1592d396fd,dist/foundation/donor.css + dist/index.html + dist/foundation/accepted-runtime.js,Source extraction; visual parity limited to assurance/PARITY_AND_LIMITATIONS.md,
event_types,18,pointerout,PRESERVE_AS_IS,"Original CSS/DOM/event grammar retained; component use is shared, not copied per surface",CEP_LIBRARY_EDITOR_EXECUTABLE_BLUEPRINT_v1.2.17_ACCEPTED_DESIGN_REFERENCE.html,ea66b58ef122bf2f8ca23fd0aa9e461b07da11ea7390c451902e4b1592d396fd,dist/foundation/donor.css + dist/index.html + dist/foundation/accepted-runtime.js,Source extraction; visual parity limited to assurance/PARITY_AND_LIMITATIONS.md,
event_types,19,pointerover,PRESERVE_AS_IS,"Original CSS/DOM/event grammar retained; component use is shared, not copied per surface",CEP_LIBRARY_EDITOR_EXECUTABLE_BLUEPRINT_v1.2.17_ACCEPTED_DESIGN_REFERENCE.html,ea66b58ef122bf2f8ca23fd0aa9e461b07da11ea7390c451902e4b1592d396fd,dist/foundation/donor.css + dist/index.html + dist/foundation/accepted-runtime.js,Source extraction; visual parity limited to assurance/PARITY_AND_LIMITATIONS.md,
event_types,20,pointerup,PRESERVE_AS_IS,"Original CSS/DOM/event grammar retained; component use is shared, not copied per surface",CEP_LIBRARY_EDITOR_EXECUTABLE_BLUEPRINT_v1.2.17_ACCEPTED_DESIGN_REFERENCE.html,ea66b58ef122bf2f8ca23fd0aa9e461b07da11ea7390c451902e4b1592d396fd,dist/foundation/donor.css + dist/index.html + dist/foundation/accepted-runtime.js,Source extraction; visual parity limited to assurance/PARITY_AND_LIMITATIONS.md,
event_types,21,resize,PRESERVE_AS_IS,"Original CSS/DOM/event grammar retained; component use is shared, not copied per surface",CEP_LIBRARY_EDITOR_EXECUTABLE_BLUEPRINT_v1.2.17_ACCEPTED_DESIGN_REFERENCE.html,ea66b58ef122bf2f8ca23fd0aa9e461b07da11ea7390c451902e4b1592d396fd,dist/foundation/donor.css + dist/index.html + dist/foundation/accepted-runtime.js,Source extraction; visual parity limited to assurance/PARITY_AND_LIMITATIONS.md,
event_types,22,selectionchange,PRESERVE_AS_IS,"Original CSS/DOM/event grammar retained; component use is shared, not copied per surface",CEP_LIBRARY_EDITOR_EXECUTABLE_BLUEPRINT_v1.2.17_ACCEPTED_DESIGN_REFERENCE.html,ea66b58ef122bf2f8ca23fd0aa9e461b07da11ea7390c451902e4b1592d396fd,dist/foundation/donor.css + dist/index.html + dist/foundation/accepted-runtime.js,Source extraction; visual parity limited to assurance/PARITY_AND_LIMITATIONS.md,
event_types,23,unhandledrejection,PRESERVE_AS_IS,"Original CSS/DOM/event grammar retained; component use is shared, not copied per surface",CEP_LIBRARY_EDITOR_EXECUTABLE_BLUEPRINT_v1.2.17_ACCEPTED_DESIGN_REFERENCE.html,ea66b58ef122bf2f8ca23fd0aa9e461b07da11ea7390c451902e4b1592d396fd,dist/foundation/donor.css + dist/index.html + dist/foundation/accepted-runtime.js,Source extraction; visual parity limited to assurance/PARITY_AND_LIMITATIONS.md,
event_listener_call,1,"addEventListener('error',e=>RUNTIME.errors.push({type:'error',message:e.message,time:now()}));",PRESERVE_AND_IMPROVE,Retained event owner; pointer hooks delegate note/ops geometry to WindowMotion,,ea66b58ef122bf2f8ca23fd0aa9e461b07da11ea7390c451902e4b1592d396fd,,,1114
event_listener_call,2,"addEventListener('unhandledrejection',e=>RUNTIME.errors.push({type:'unhandledrejection',message:Stri",PRESERVE_AND_IMPROVE,Retained event owner; pointer hooks delegate note/ops geometry to WindowMotion,,ea66b58ef122bf2f8ca23fd0aa9e461b07da11ea7390c451902e4b1592d396fd,,,1115
event_listener_call,3,"addEventListener('click',()=>t.remove());setTimeout(()=>t.remove(),5200)}",PRESERVE_AND_IMPROVE,Retained event owner; pointer hooks delegate note/ops geometry to WindowMotion,,ea66b58ef122bf2f8ca23fd0aa9e461b07da11ea7390c451902e4b1592d396fd,,,1117
event_listener_call,4,"addEventListener('pointerover',e=>show(e.target.closest?.('[data-cep-tooltip]')));document.addEventL",PRESERVE_AND_IMPROVE,Retained event owner; pointer hooks delegate note/ops geometry to WindowMotion,,ea66b58ef122bf2f8ca23fd0aa9e461b07da11ea7390c451902e4b1592d396fd,,,1636
event_listener_call,5,"addEventListener('pointerout',e=>{if(e.target.closest?.('[data-cep-tooltip]'))hide()});document.addE",PRESERVE_AND_IMPROVE,Retained event owner; pointer hooks delegate note/ops geometry to WindowMotion,,ea66b58ef122bf2f8ca23fd0aa9e461b07da11ea7390c451902e4b1592d396fd,,,1636
event_listener_call,6,"addEventListener('focusin',e=>show(e.target.closest?.('[data-cep-tooltip]')));document.addEventListe",PRESERVE_AND_IMPROVE,Retained event owner; pointer hooks delegate note/ops geometry to WindowMotion,,ea66b58ef122bf2f8ca23fd0aa9e461b07da11ea7390c451902e4b1592d396fd,,,1636
event_listener_call,7,"addEventListener('focusout',hide);return tip}",PRESERVE_AND_IMPROVE,Retained event owner; pointer hooks delegate note/ops geometry to WindowMotion,,ea66b58ef122bf2f8ca23fd0aa9e461b07da11ea7390c451902e4b1592d396fd,,,1636
event_listener_call,8,"addEventListener('keydown',e=>trapFocusWithin(e,el));el.addEventListener('focusout',()=>requestAnima",PRESERVE_AND_IMPROVE,Retained event owner; pointer hooks delegate note/ops geometry to WindowMotion,,ea66b58ef122bf2f8ca23fd0aa9e461b07da11ea7390c451902e4b1592d396fd,,,1693
event_listener_call,9,"addEventListener('focusout',()=>requestAnimationFrame(()=>{if(!el.hidden&&!el.contains(document.acti",PRESERVE_AND_IMPROVE,Retained event owner; pointer hooks delegate note/ops geometry to WindowMotion,,ea66b58ef122bf2f8ca23fd0aa9e461b07da11ea7390c451902e4b1592d396fd,,,1693
event_listener_call,10,"addEventListener('click',()=>{const s=$('#kuSearch');if(!s)return;s.value='';state.structure.search=",PRESERVE_AND_IMPROVE,Retained event owner; pointer hooks delegate note/ops geometry to WindowMotion,,ea66b58ef122bf2f8ca23fd0aa9e461b07da11ea7390c451902e4b1592d396fd,,,1776
event_listener_call,11,"addEventListener('click',e=>{e.preventDefault();const target=$('#editorDocument');target?.focus({pre",PRESERVE_AND_IMPROVE,Retained event owner; pointer hooks delegate note/ops geometry to WindowMotion,,ea66b58ef122bf2f8ca23fd0aa9e461b07da11ea7390c451902e4b1592d396fd,,,1776
event_listener_call,12,"addEventListener('pointerdown',e=>{if(e.target.closest('#selectionToolbar button,#selectionToolbar s",PRESERVE_AND_IMPROVE,Retained event owner; pointer hooks delegate note/ops geometry to WindowMotion,,ea66b58ef122bf2f8ca23fd0aa9e461b07da11ea7390c451902e4b1592d396fd,,,1779
event_listener_call,13,"addEventListener('pointermove',handlePointerMove,true);document.addEventListener('pointerup',handleP",PRESERVE_AND_IMPROVE,Retained event owner; pointer hooks delegate note/ops geometry to WindowMotion,,ea66b58ef122bf2f8ca23fd0aa9e461b07da11ea7390c451902e4b1592d396fd,,,1779
event_listener_call,14,"addEventListener('pointerup',handlePointerUp,true);",PRESERVE_AND_IMPROVE,Retained event owner; pointer hooks delegate note/ops geometry to WindowMotion,,ea66b58ef122bf2f8ca23fd0aa9e461b07da11ea7390c451902e4b1592d396fd,,,1779
event_listener_call,15,"addEventListener('click',e=>{",PRESERVE_AND_IMPROVE,Retained event owner; pointer hooks delegate note/ops geometry to WindowMotion,,ea66b58ef122bf2f8ca23fd0aa9e461b07da11ea7390c451902e4b1592d396fd,,,1780
event_listener_call,16,"addEventListener('focusin',e=>{const edit=e.target.closest('.blockbody[data-editable-block],.toggle-",PRESERVE_AND_IMPROVE,Retained event owner; pointer hooks delegate note/ops geometry to WindowMotion,,ea66b58ef122bf2f8ca23fd0aa9e461b07da11ea7390c451902e4b1592d396fd,,,1818
event_listener_call,17,"addEventListener('beforeinput',e=>{const edit=e.target.closest('.blockbody[data-editable-block],.tog",PRESERVE_AND_IMPROVE,Retained event owner; pointer hooks delegate note/ops geometry to WindowMotion,,ea66b58ef122bf2f8ca23fd0aa9e461b07da11ea7390c451902e4b1592d396fd,,,1819
event_listener_call,18,"addEventListener('input',e=>{const edit=e.target.closest('.blockbody[data-editable-block],.toggle-ti",PRESERVE_AND_IMPROVE,Retained event owner; pointer hooks delegate note/ops geometry to WindowMotion,,ea66b58ef122bf2f8ca23fd0aa9e461b07da11ea7390c451902e4b1592d396fd,,,1819
event_listener_call,19,"addEventListener('blur',e=>{const edit=e.target.closest('.blockbody[data-editable-block],.toggle-tit",PRESERVE_AND_IMPROVE,Retained event owner; pointer hooks delegate note/ops geometry to WindowMotion,,ea66b58ef122bf2f8ca23fd0aa9e461b07da11ea7390c451902e4b1592d396fd,,,1820
event_listener_call,20,"addEventListener('compositionstart',e=>{const edit=e.target.closest('.blockbody[data-editable-block]",PRESERVE_AND_IMPROVE,Retained event owner; pointer hooks delegate note/ops geometry to WindowMotion,,ea66b58ef122bf2f8ca23fd0aa9e461b07da11ea7390c451902e4b1592d396fd,,,1821
event_listener_call,21,"addEventListener('compositionend',e=>{const edit=e.target.closest('.blockbody[data-editable-block],.",PRESERVE_AND_IMPROVE,Retained event owner; pointer hooks delegate note/ops geometry to WindowMotion,,ea66b58ef122bf2f8ca23fd0aa9e461b07da11ea7390c451902e4b1592d396fd,,,1821
event_listener_call,22,"addEventListener('copy',e=>{if(ClipboardService.pendingPayload){try{ClipboardService.writeEventPaylo",PRESERVE_AND_IMPROVE,Retained event owner; pointer hooks delegate note/ops geometry to WindowMotion,,ea66b58ef122bf2f8ca23fd0aa9e461b07da11ea7390c451902e4b1592d396fd,,,1821
event_listener_call,23,"addEventListener('paste',e=>{const edit=e.target.closest('.blockbody[data-editable-block],.toggle-ti",PRESERVE_AND_IMPROVE,Retained event owner; pointer hooks delegate note/ops geometry to WindowMotion,,ea66b58ef122bf2f8ca23fd0aa9e461b07da11ea7390c451902e4b1592d396fd,,,1822
event_listener_call,24,"addEventListener('change',e=>{if(e.target.id==='libraryDomainFilter'){state.structure.filters.domain",PRESERVE_AND_IMPROVE,Retained event owner; pointer hooks delegate note/ops geometry to WindowMotion,,ea66b58ef122bf2f8ca23fd0aa9e461b07da11ea7390c451902e4b1592d396fd,,,1823
event_listener_call,25,"addEventListener('keydown',e=>{",PRESERVE_AND_IMPROVE,Retained event owner; pointer hooks delegate note/ops geometry to WindowMotion,,ea66b58ef122bf2f8ca23fd0aa9e461b07da11ea7390c451902e4b1592d396fd,,,1824
event_listener_call,26,"addEventListener('contextmenu',e=>{const plus=e.target.closest('[data-insert-gap]');if(plus&&state.s",PRESERVE_AND_IMPROVE,Retained event owner; pointer hooks delegate note/ops geometry to WindowMotion,,ea66b58ef122bf2f8ca23fd0aa9e461b07da11ea7390c451902e4b1592d396fd,,,1840
event_listener_call,27,"addEventListener('selectionchange',()=>{clearTimeout(window.__selTimer);window.__selTimer=setTimeout",PRESERVE_AND_IMPROVE,Retained event owner; pointer hooks delegate note/ops geometry to WindowMotion,,ea66b58ef122bf2f8ca23fd0aa9e461b07da11ea7390c451902e4b1592d396fd,,,1841
event_listener_call,28,"addEventListener('pointerup',e=>{if(e.target?.closest?.('.blockbody[data-editable-block],.toggle-tit",PRESERVE_AND_IMPROVE,Retained event owner; pointer hooks delegate note/ops geometry to WindowMotion,,ea66b58ef122bf2f8ca23fd0aa9e461b07da11ea7390c451902e4b1592d396fd,,,1841
event_listener_call,29,"addEventListener('keyup',e=>{if(e.shiftKey&&['ArrowLeft','ArrowRight','ArrowUp','ArrowDown','Home','",PRESERVE_AND_IMPROVE,Retained event owner; pointer hooks delegate note/ops geometry to WindowMotion,,ea66b58ef122bf2f8ca23fd0aa9e461b07da11ea7390c451902e4b1592d396fd,,,1841
event_listener_call,30,"addEventListener('resize',()=>{applyResponsivePolicy();syncPaneCSS();syncOverlayGeometry();Object.va",PRESERVE_AND_IMPROVE,Retained event owner; pointer hooks delegate note/ops geometry to WindowMotion,,ea66b58ef122bf2f8ca23fd0aa9e461b07da11ea7390c451902e4b1592d396fd,,,1842
event_listener_call,31,"addEventListener('keydown',e=>{if(e.key==='ArrowDown'){e.preventDefault();$('#insertGrid button:not(",PRESERVE_AND_IMPROVE,Retained event owner; pointer hooks delegate note/ops geometry to WindowMotion,,ea66b58ef122bf2f8ca23fd0aa9e461b07da11ea7390c451902e4b1592d396fd,,,1843
event_listener_call,32,"addEventListener('keydown',e=>{if(!['ArrowDown','ArrowUp','Home','End'].includes(e.key))return;const",PRESERVE_AND_IMPROVE,Retained event owner; pointer hooks delegate note/ops geometry to WindowMotion,,ea66b58ef122bf2f8ca23fd0aa9e461b07da11ea7390c451902e4b1592d396fd,,,1843
event_listener_call,33,"addEventListener('keydown',e=>{if(e.key==='ArrowDown'){e.preventDefault();$('#commandResults button:",PRESERVE_AND_IMPROVE,Retained event owner; pointer hooks delegate note/ops geometry to WindowMotion,,ea66b58ef122bf2f8ca23fd0aa9e461b07da11ea7390c451902e4b1592d396fd,,,1844
event_listener_call,34,"addEventListener('keydown',e=>{if(!['ArrowDown','ArrowUp','Home','End','Enter'].includes(e.key))retu",PRESERVE_AND_IMPROVE,Retained event owner; pointer hooks delegate note/ops geometry to WindowMotion,,ea66b58ef122bf2f8ca23fd0aa9e461b07da11ea7390c451902e4b1592d396fd,,,1844
state_owner,,state.surface,PRESERVE_AND_IMPROVE,workspace effective projection,,ea66b58ef122bf2f8ca23fd0aa9e461b07da11ea7390c451902e4b1592d396fd,,,
state_owner,,state.preferences,PRESERVE_AND_IMPROVE,ScopedPreferences bridge,,ea66b58ef122bf2f8ca23fd0aa9e461b07da11ea7390c451902e4b1592d396fd,,,
state_owner,,state.editor,PRESERVE_AND_IMPROVE,shared structured working documents,,ea66b58ef122bf2f8ca23fd0aa9e461b07da11ea7390c451902e4b1592d396fd,,,
state_owner,,state.notes,PRESERVE_AND_IMPROVE,one NoteWorkingState map,,ea66b58ef122bf2f8ca23fd0aa9e461b07da11ea7390c451902e4b1592d396fd,,,
state_owner,,state.surface.contextScope/contextLens/contextPin,PRESERVE_AND_IMPROVE,one inspector scope,,ea66b58ef122bf2f8ca23fd0aa9e461b07da11ea7390c451902e4b1592d396fd,,,
state_owner,,state.transient.selection/blockSelection,PRESERVE_AND_IMPROVE,structured selection and bookmarks,,ea66b58ef122bf2f8ca23fd0aa9e461b07da11ea7390c451902e4b1592d396fd,,,
state_owner,,state.transient.drag,PRESERVE_AND_IMPROVE,transient transaction,,ea66b58ef122bf2f8ca23fd0aa9e461b07da11ea7390c451902e4b1592d396fd,,,
state_owner,,state.route,PRESERVE_AND_IMPROVE,current object and reference origin,,ea66b58ef122bf2f8ca23fd0aa9e461b07da11ea7390c451902e4b1592d396fd,,,
state_owner,,state.structure,PRESERVE_AND_IMPROVE,navigation expansion/search,,ea66b58ef122bf2f8ca23fd0aa9e461b07da11ea7390c451902e4b1592d396fd,,,
state_owner,,state.library,PRESERVE_AND_IMPROVE,fixture metadata and recents,,ea66b58ef122bf2f8ca23fd0aa9e461b07da11ea7390c451902e4b1592d396fd,,,
state_owner,,state.documents,PRESERVE_AND_IMPROVE,working document stores,,ea66b58ef122bf2f8ca23fd0aa9e461b07da11ea7390c451902e4b1592d396fd,,,
state_owner,,state.recovery,PRESERVE_AND_IMPROVE,fixture recovery snapshots,,ea66b58ef122bf2f8ca23fd0aa9e461b07da11ea7390c451902e4b1592d396fd,,,
state_owner,,state.counters,PRESERVE_AND_IMPROVE,temporary identities,,ea66b58ef122bf2f8ca23fd0aa9e461b07da11ea7390c451902e4b1592d396fd,,,
state_owner,,StorageAdapter,PRESERVE_AND_IMPROVE,namespaced fixture storage,,ea66b58ef122bf2f8ca23fd0aa9e461b07da11ea7390c451902e4b1592d396fd,,,
