function,source_line,source_sha256,source_line_sha256,categories,disposition,target,target_line,symbol_present,change_reason,parity_evidence,remaining_work
announce,1116,ea66b58ef122bf2f8ca23fd0aa9e461b07da11ea7390c451902e4b1592d396fd,847435e16c2126d8205b14aed4a5ab858a9c7f89ba3ec65a1719ce1441d727cb,"[""FOCUS_ACCESSIBILITY""]",FOUNDATION_REUSE,dist/foundation/accepted-runtime.js,13,True,Original implementation retained under one module mount,"SOURCE_PRESERVATION_VERIFIED; behavior coverage by assurance receipts, not 330 blanket passes",Modular separation by family without parity regression; full behavior regression OPEN
toast,1117,ea66b58ef122bf2f8ca23fd0aa9e461b07da11ea7390c451902e4b1592d396fd,20aebbd21bc639c487a1dd7958799b03076519e7ed1ea9525faa018174557fa4,"[""OTHER""]",FOUNDATION_REUSE,dist/foundation/accepted-runtime.js,14,True,Original implementation retained under one module mount,"SOURCE_PRESERVATION_VERIFIED; behavior coverage by assurance receipts, not 330 blanket passes",Modular separation by family without parity regression; full behavior regression OPEN
logCommand,1118,ea66b58ef122bf2f8ca23fd0aa9e461b07da11ea7390c451902e4b1592d396fd,d82e6c94759823a513c0a7c9739370c15706fe3768e2bdb830d39a10b1b36214,"[""COMMAND_ACTION""]",FOUNDATION_REUSE,dist/foundation/accepted-runtime.js,15,True,Original implementation retained under one module mount,"SOURCE_PRESERVATION_VERIFIED; behavior coverage by assurance receipts, not 330 blanket passes",Modular separation by family without parity regression; full behavior regression OPEN
canOwnChildren,1135,ea66b58ef122bf2f8ca23fd0aa9e461b07da11ea7390c451902e4b1592d396fd,e545c5340df78cb6cfa459c19788ab8c6988371c13288f16b979c70e20fefd35,"[""OTHER""]",FOUNDATION_REUSE,dist/foundation/accepted-runtime.js,23,True,Original implementation retained under one module mount,"SOURCE_PRESERVATION_VERIFIED; behavior coverage by assurance receipts, not 330 blanket passes",Modular separation by family without parity regression; full behavior regression OPEN
canContain,1136,ea66b58ef122bf2f8ca23fd0aa9e461b07da11ea7390c451902e4b1592d396fd,05f272ed7005495a6d987e38323a23f699dff82349520fe0872abbb5bce43dba,"[""OTHER""]",FOUNDATION_REUSE,dist/foundation/accepted-runtime.js,24,True,Original implementation retained under one module mount,"SOURCE_PRESERVATION_VERIFIED; behavior coverage by assurance receipts, not 330 blanket passes",Modular separation by family without parity regression; full behavior regression OPEN
newDocStore,1213,ea66b58ef122bf2f8ca23fd0aa9e461b07da11ea7390c451902e4b1592d396fd,e31ae27e5ae7f41ac955a17c74b0b9bbf5b5236d7db17acc47b8fd88977b7ec4,"[""OTHER""]",FOUNDATION_REUSE,dist/foundation/accepted-runtime.js,29,True,Original implementation retained under one module mount,"SOURCE_PRESERVATION_VERIFIED; behavior coverage by assurance receipts, not 330 blanket passes",Modular separation by family without parity regression; full behavior regression OPEN
activeFixture,1238,ea66b58ef122bf2f8ca23fd0aa9e461b07da11ea7390c451902e4b1592d396fd,81e485c74cf4fe7bd0843031f54e6a401a3cd688bce941eea196ffd5d4c52a0e,"[""OTHER""]",DOMAIN_ONLY,dist/foundation/accepted-runtime.js,53,True,Original implementation retained under one module mount,"SOURCE_PRESERVATION_VERIFIED; behavior coverage by assurance receipts, not 330 blanket passes",Modular separation by family without parity regression; full behavior regression OPEN
getNote,1239,ea66b58ef122bf2f8ca23fd0aa9e461b07da11ea7390c451902e4b1592d396fd,614b84f86e384c29d578358e2ac6b32b972b118b56eb325bf1fbff9f7984d473,"[""NOTES_STICKY""]",FAMILY_ENGINE,dist/foundation/accepted-runtime.js,55,True,Original implementation retained under one module mount,"SOURCE_PRESERVATION_VERIFIED; behavior coverage by assurance receipts, not 330 blanket passes",Modular separation by family without parity regression; full behavior regression OPEN
getStore,1240,ea66b58ef122bf2f8ca23fd0aa9e461b07da11ea7390c451902e4b1592d396fd,c12ea20d5274dfe7550af8c3ca2335a0bf6c64c0cf93d18e6b3e03a6924d5ec7,"[""OTHER""]",FOUNDATION_REUSE,dist/foundation/accepted-runtime.js,67,True,Original implementation retained under one module mount,"SOURCE_PRESERVATION_VERIFIED; behavior coverage by assurance receipts, not 330 blanket passes",Modular separation by family without parity regression; full behavior regression OPEN
surfaceLabel,1245,ea66b58ef122bf2f8ca23fd0aa9e461b07da11ea7390c451902e4b1592d396fd,812f07717ffbc27c98ad94441850a177a51a963715882f0b6820638b42260ad3,"[""OTHER""]",FOUNDATION_REUSE,dist/foundation/accepted-runtime.js,73,True,Original implementation retained under one module mount,"SOURCE_PRESERVATION_VERIFIED; behavior coverage by assurance receipts, not 330 blanket passes",Modular separation by family without parity regression; full behavior regression OPEN
freshBlockId,1246,ea66b58ef122bf2f8ca23fd0aa9e461b07da11ea7390c451902e4b1592d396fd,b12c359737a1a893ae3bbada30f95ea84a96bcf910445284c566b5260404d662,"[""UNIFIED_EDITOR_BLOCK""]",FAMILY_ENGINE,dist/foundation/accepted-runtime.js,74,True,Original implementation retained under one module mount,"SOURCE_PRESERVATION_VERIFIED; behavior coverage by assurance receipts, not 330 blanket passes",Modular separation by family without parity regression; full behavior regression OPEN
freshNoteId,1247,ea66b58ef122bf2f8ca23fd0aa9e461b07da11ea7390c451902e4b1592d396fd,b8fb8154681fd68aa2a5dc13b5080949a9d062c9b82a5f1b2a71fab051e1806e,"[""NOTES_STICKY""]",FAMILY_ENGINE,dist/foundation/accepted-runtime.js,75,True,Original implementation retained under one module mount,"SOURCE_PRESERVATION_VERIFIED; behavior coverage by assurance receipts, not 330 blanket passes",Modular separation by family without parity regression; full behavior regression OPEN
plainTextFromStoredHTML,1248,ea66b58ef122bf2f8ca23fd0aa9e461b07da11ea7390c451902e4b1592d396fd,155f64b83a147c1e4d290596fb9d7c93a290e5c9c816bbaa35be21aee305b3a8,"[""OTHER""]",FOUNDATION_REUSE,dist/foundation/accepted-runtime.js,76,True,Original implementation retained under one module mount,"SOURCE_PRESERVATION_VERIFIED; behavior coverage by assurance receipts, not 330 blanket passes",Modular separation by family without parity regression; full behavior regression OPEN
codeRaw,1249,ea66b58ef122bf2f8ca23fd0aa9e461b07da11ea7390c451902e4b1592d396fd,bae6c26f6e7eb00031b6e2cbe3d7d3617f47eff3d7559b2114e361ecd2367e5a,"[""CODE""]",FAMILY_ENGINE,dist/foundation/accepted-runtime.js,77,True,Original implementation retained under one module mount,"SOURCE_PRESERVATION_VERIFIED; behavior coverage by assurance receipts, not 330 blanket passes",Modular separation by family without parity regression; full behavior regression OPEN
blockHTML,1250,ea66b58ef122bf2f8ca23fd0aa9e461b07da11ea7390c451902e4b1592d396fd,51a6bea848be3b7aa0ba15e6ab733af7e8e629e04fbece362d4058453783866a,"[""UNIFIED_EDITOR_BLOCK""]",FAMILY_ENGINE,dist/foundation/accepted-runtime.js,78,True,Original implementation retained under one module mount,"SOURCE_PRESERVATION_VERIFIED; behavior coverage by assurance receipts, not 330 blanket passes",Modular separation by family without parity regression; full behavior regression OPEN
blockText,1251,ea66b58ef122bf2f8ca23fd0aa9e461b07da11ea7390c451902e4b1592d396fd,3282d1ee5aa28198095c51145b3d5487b261b7736b1187b9d5787ab885b8a347,"[""UNIFIED_EDITOR_BLOCK""]",FAMILY_ENGINE,dist/foundation/accepted-runtime.js,79,True,Original implementation retained under one module mount,"SOURCE_PRESERVATION_VERIFIED; behavior coverage by assurance receipts, not 330 blanket passes",Modular separation by family without parity regression; full behavior regression OPEN
inferCodeLanguage,1252,ea66b58ef122bf2f8ca23fd0aa9e461b07da11ea7390c451902e4b1592d396fd,ef5182970ecbc1a5f1856fb0da2fe892cd6f2da4f05a4e8d2b4048137a3def86,"[""CODE""]",FAMILY_ENGINE,dist/foundation/accepted-runtime.js,80,True,Original implementation retained under one module mount,"SOURCE_PRESERVATION_VERIFIED; behavior coverage by assurance receipts, not 330 blanket passes",Modular separation by family without parity regression; full behavior regression OPEN
syntaxTokens,1253,ea66b58ef122bf2f8ca23fd0aa9e461b07da11ea7390c451902e4b1592d396fd,e5010da58d4ae8273e1369f84068b9fdd5364bb2578edc37cec6acf25753ddec,"[""CODE""]",FAMILY_ENGINE,dist/foundation/accepted-runtime.js,81,True,Original implementation retained under one module mount,"SOURCE_PRESERVATION_VERIFIED; behavior coverage by assurance receipts, not 330 blanket passes",Modular separation by family without parity regression; full behavior regression OPEN
syntaxRenderSegment,1254,ea66b58ef122bf2f8ca23fd0aa9e461b07da11ea7390c451902e4b1592d396fd,9eae5db3be9ef20d29e502d1f981d8bde1d67e7e368a736054c6e3ed572a061b,"[""CODE""]",FAMILY_ENGINE,dist/foundation/accepted-runtime.js,82,True,Original implementation retained under one module mount,"SOURCE_PRESERVATION_VERIFIED; behavior coverage by assurance receipts, not 330 blanket passes",Modular separation by family without parity regression; full behavior regression OPEN
renderCodeMarkup,1255,ea66b58ef122bf2f8ca23fd0aa9e461b07da11ea7390c451902e4b1592d396fd,0c1eaf3e2a9e6aca29b9aafc640ee7e6dd29ed1d7da3b2dd37fcaafe421cb340,"[""CODE""]",FAMILY_ENGINE,dist/foundation/accepted-runtime.js,83,True,Original implementation retained under one module mount,"SOURCE_PRESERVATION_VERIFIED; behavior coverage by assurance receipts, not 330 blanket passes",Modular separation by family without parity regression; full behavior regression OPEN
walk,1257,ea66b58ef122bf2f8ca23fd0aa9e461b07da11ea7390c451902e4b1592d396fd,67fbd919a50f49813cac6ab7f3dc42cf4e87efaa1043a0190c85752c9b63f7bd,"[""OTHER""]",FOUNDATION_REUSE,dist/foundation/accepted-runtime.js,85,True,Original implementation retained under one module mount,"SOURCE_PRESERVATION_VERIFIED; behavior coverage by assurance receipts, not 330 blanket passes",Modular separation by family without parity regression; full behavior regression OPEN
findRef,1258,ea66b58ef122bf2f8ca23fd0aa9e461b07da11ea7390c451902e4b1592d396fd,07ae7a0647bbd0a3b82c1d4e48b37b0d102c90ea0c3a9ab2063cd691949d0578,"[""OTHER""]",FOUNDATION_REUSE,dist/foundation/accepted-runtime.js,86,True,Original implementation retained under one module mount,"SOURCE_PRESERVATION_VERIFIED; behavior coverage by assurance receipts, not 330 blanket passes",Modular separation by family without parity regression; full behavior regression OPEN
maxBlockDepth,1259,ea66b58ef122bf2f8ca23fd0aa9e461b07da11ea7390c451902e4b1592d396fd,8c07c2fe21effe8e0f6e14e337fc3900d3b3def7469f92ea74620ed4ed58398f,"[""UNIFIED_EDITOR_BLOCK""]",FAMILY_ENGINE,dist/foundation/accepted-runtime.js,87,True,Original implementation retained under one module mount,"SOURCE_PRESERVATION_VERIFIED; behavior coverage by assurance receipts, not 330 blanket passes",Modular separation by family without parity regression; full behavior regression OPEN
serializeBlocks,1260,ea66b58ef122bf2f8ca23fd0aa9e461b07da11ea7390c451902e4b1592d396fd,731089108d588180b10ad139203dd1795ba515bc14ca681b425901c72501c304,"[""UNIFIED_EDITOR_BLOCK""]",FAMILY_ENGINE,dist/foundation/accepted-runtime.js,88,True,Original implementation retained under one module mount,"SOURCE_PRESERVATION_VERIFIED; behavior coverage by assurance receipts, not 330 blanket passes",Modular separation by family without parity regression; full behavior regression OPEN
validTree,1261,ea66b58ef122bf2f8ca23fd0aa9e461b07da11ea7390c451902e4b1592d396fd,ebcd7fda4d6ad9fd8044c694b9f141480d282395e77a66a8238c990ac971835a,"[""OTHER""]",FOUNDATION_REUSE,dist/foundation/accepted-runtime.js,89,True,Original implementation retained under one module mount,"SOURCE_PRESERVATION_VERIFIED; behavior coverage by assurance receipts, not 330 blanket passes",Modular separation by family without parity regression; full behavior regression OPEN
pushHistory,1270,ea66b58ef122bf2f8ca23fd0aa9e461b07da11ea7390c451902e4b1592d396fd,3d032d89b9b1a5a9017f5c79c9ae37cb44c9a77dcf6bc5940b5dc8fe10544219,"[""HISTORY_RECOVERY""]",FAMILY_ENGINE,dist/foundation/accepted-runtime.js,98,True,Original implementation retained under one module mount,"SOURCE_PRESERVATION_VERIFIED; behavior coverage by assurance receipts, not 330 blanket passes",Modular separation by family without parity regression; full behavior regression OPEN
undo,1271,ea66b58ef122bf2f8ca23fd0aa9e461b07da11ea7390c451902e4b1592d396fd,26128d8fb853c21e87a8943304f67aa3ef6c5bf8700996da1aabf3fea50b058a,"[""HISTORY_RECOVERY""]",FAMILY_ENGINE,dist/foundation/accepted-runtime.js,99,True,Original implementation retained under one module mount,"SOURCE_PRESERVATION_VERIFIED; behavior coverage by assurance receipts, not 330 blanket passes",Modular separation by family without parity regression; full behavior regression OPEN
redo,1272,ea66b58ef122bf2f8ca23fd0aa9e461b07da11ea7390c451902e4b1592d396fd,a4cd3b56a0b46fb3980b6f85dca56e956642df786454181d72479013f528c676,"[""HISTORY_RECOVERY""]",FAMILY_ENGINE,dist/foundation/accepted-runtime.js,100,True,Original implementation retained under one module mount,"SOURCE_PRESERVATION_VERIFIED; behavior coverage by assurance receipts, not 330 blanket passes",Modular separation by family without parity regression; full behavior regression OPEN
captureBookmark,1273,ea66b58ef122bf2f8ca23fd0aa9e461b07da11ea7390c451902e4b1592d396fd,0bb3929944ed54b235fbe755bec9101ed39b0b7c928ec80d0942a306cc33c74d,"[""HISTORY_RECOVERY""]",FAMILY_ENGINE,dist/foundation/accepted-runtime.js,101,True,Original implementation retained under one module mount,"SOURCE_PRESERVATION_VERIFIED; behavior coverage by assurance receipts, not 330 blanket passes",Modular separation by family without parity regression; full behavior regression OPEN
restoreBookmark,1274,ea66b58ef122bf2f8ca23fd0aa9e461b07da11ea7390c451902e4b1592d396fd,0c0c491c9a3785727229c30aade555fc70b62ebb6394f60977bb1f6040f9aab1,"[""HISTORY_RECOVERY""]",FAMILY_ENGINE,dist/foundation/accepted-runtime.js,102,True,Original implementation retained under one module mount,"SOURCE_PRESERVATION_VERIFIED; behavior coverage by assurance receipts, not 330 blanket passes",Modular separation by family without parity regression; full behavior regression OPEN
textOffset,1275,ea66b58ef122bf2f8ca23fd0aa9e461b07da11ea7390c451902e4b1592d396fd,bf7e0863b61dd44c3127c8b823a5b4ffeaf35060e37c0bdb86dddf16752435f4,"[""OTHER""]",FOUNDATION_REUSE,dist/foundation/accepted-runtime.js,103,True,Original implementation retained under one module mount,"SOURCE_PRESERVATION_VERIFIED; behavior coverage by assurance receipts, not 330 blanket passes",Modular separation by family without parity regression; full behavior regression OPEN
setCaretByTextOffset,1276,ea66b58ef122bf2f8ca23fd0aa9e461b07da11ea7390c451902e4b1592d396fd,a2e44fde65d899a849a2a1147711c289cae61316d89e166ce1ea31cdf437a8d7,"[""UNIFIED_EDITOR_BLOCK""]",FAMILY_ENGINE,dist/foundation/accepted-runtime.js,104,True,Original implementation retained under one module mount,"SOURCE_PRESERVATION_VERIFIED; behavior coverage by assurance receipts, not 330 blanket passes",Modular separation by family without parity regression; full behavior regression OPEN
rangeAtTextOffset,1277,ea66b58ef122bf2f8ca23fd0aa9e461b07da11ea7390c451902e4b1592d396fd,acf4c3dbddcd9e5281eeaa19e41be1547acc0e136cc51562de58b5728290b415,"[""SELECTION""]",FAMILY_ENGINE,dist/foundation/accepted-runtime.js,105,True,Original implementation retained under one module mount,"SOURCE_PRESERVATION_VERIFIED; behavior coverage by assurance receipts, not 330 blanket passes",Modular separation by family without parity regression; full behavior regression OPEN
splitHTMLAtOffset,1278,ea66b58ef122bf2f8ca23fd0aa9e461b07da11ea7390c451902e4b1592d396fd,eee89671d24cc0db298f5d88d2dc51574f200af4de2b0c780be921b927231841,"[""OTHER""]",FOUNDATION_REUSE,dist/foundation/accepted-runtime.js,106,True,Original implementation retained under one module mount,"SOURCE_PRESERVATION_VERIFIED; behavior coverage by assurance receipts, not 330 blanket passes",Modular separation by family without parity regression; full behavior regression OPEN
isRtlLocale,1295,ea66b58ef122bf2f8ca23fd0aa9e461b07da11ea7390c451902e4b1592d396fd,86814028ff4dff41913dd845c6fee23cd132315ca31a85ddaa10225252320423,"[""OTHER""]",FOUNDATION_REUSE,dist/foundation/accepted-runtime.js,123,True,Original implementation retained under one module mount,"SOURCE_PRESERVATION_VERIFIED; behavior coverage by assurance receipts, not 330 blanket passes",Modular separation by family without parity regression; full behavior regression OPEN
resolveSystemDirection,1296,ea66b58ef122bf2f8ca23fd0aa9e461b07da11ea7390c451902e4b1592d396fd,5bb655f236a8421f9be2e50b680f71cdde8df1a2636cdfa6191d5384a31c792f,"[""OTHER""]",FOUNDATION_REUSE,dist/foundation/accepted-runtime.js,124,True,Original implementation retained under one module mount,"SOURCE_PRESERVATION_VERIFIED; behavior coverage by assurance receipts, not 330 blanket passes",Modular separation by family without parity regression; full behavior regression OPEN
resolveEmptyBlockDirection,1297,ea66b58ef122bf2f8ca23fd0aa9e461b07da11ea7390c451902e4b1592d396fd,d89039f786cb0dbb223b1dbda3211d4dec9f0e7e408edc6eef872bf49cbde288,"[""UNIFIED_EDITOR_BLOCK""]",FAMILY_ENGINE,dist/foundation/accepted-runtime.js,125,True,Original implementation retained under one module mount,"SOURCE_PRESERVATION_VERIFIED; behavior coverage by assurance receipts, not 330 blanket passes",Modular separation by family without parity regression; full behavior regression OPEN
firstStrongDirection,1298,ea66b58ef122bf2f8ca23fd0aa9e461b07da11ea7390c451902e4b1592d396fd,f52a057fe896413d31bd4d0fe631383514038dfa30b8f58e0c4d05155881cf45,"[""OTHER""]",FOUNDATION_REUSE,dist/foundation/accepted-runtime.js,126,True,Original implementation retained under one module mount,"SOURCE_PRESERVATION_VERIFIED; behavior coverage by assurance receipts, not 330 blanket passes",Modular separation by family without parity regression; full behavior regression OPEN
blockEmptyDirectionHint,1299,ea66b58ef122bf2f8ca23fd0aa9e461b07da11ea7390c451902e4b1592d396fd,ad90b13b533c2af82960d250e86d9ecc6e7745c20e9688aa7f485666bff4b72d,"[""UNIFIED_EDITOR_BLOCK""]",FAMILY_ENGINE,dist/foundation/accepted-runtime.js,127,True,Original implementation retained under one module mount,"SOURCE_PRESERVATION_VERIFIED; behavior coverage by assurance receipts, not 330 blanket passes",Modular separation by family without parity regression; full behavior regression OPEN
resolvedBlockDirection,1300,ea66b58ef122bf2f8ca23fd0aa9e461b07da11ea7390c451902e4b1592d396fd,55f31ef5812d20cd1e29682387e6631e15daa33f394cd0677181ad9375a37d89,"[""UNIFIED_EDITOR_BLOCK""]",FAMILY_ENGINE,dist/foundation/accepted-runtime.js,128,True,Original implementation retained under one module mount,"SOURCE_PRESERVATION_VERIFIED; behavior coverage by assurance receipts, not 330 blanket passes",Modular separation by family without parity regression; full behavior regression OPEN
rememberInputDirection,1301,ea66b58ef122bf2f8ca23fd0aa9e461b07da11ea7390c451902e4b1592d396fd,21be993231a226ad01d1a77af4f20c60f2a33f8aad49d501d80d21f9a70cb0b6,"[""OTHER""]",FOUNDATION_REUSE,dist/foundation/accepted-runtime.js,129,True,Original implementation retained under one module mount,"SOURCE_PRESERVATION_VERIFIED; behavior coverage by assurance receipts, not 330 blanket passes",Modular separation by family without parity regression; full behavior regression OPEN
updateAutoDirection,1302,ea66b58ef122bf2f8ca23fd0aa9e461b07da11ea7390c451902e4b1592d396fd,54107e939c55233d80d3b66c03d23d78f73c9ebf80081cc7892d332bf00d3a91,"[""OTHER""]",FOUNDATION_REUSE,dist/foundation/accepted-runtime.js,130,True,Original implementation retained under one module mount,"SOURCE_PRESERVATION_VERIFIED; behavior coverage by assurance receipts, not 330 blanket passes",Modular separation by family without parity regression; full behavior regression OPEN
refreshKeyboardDirectionHint,1303,ea66b58ef122bf2f8ca23fd0aa9e461b07da11ea7390c451902e4b1592d396fd,55a49caaf6fc483627a92271b4cf66b7a767f727c5bce8949a4778866ef4aaa3,"[""OTHER""]",FOUNDATION_REUSE,dist/foundation/accepted-runtime.js,131,True,Original implementation retained under one module mount,"SOURCE_PRESERVATION_VERIFIED; behavior coverage by assurance receipts, not 330 blanket passes",Modular separation by family without parity regression; full behavior regression OPEN
contextualInsertionDirection,1304,ea66b58ef122bf2f8ca23fd0aa9e461b07da11ea7390c451902e4b1592d396fd,42ee5531566239b60461f771c9c2dd7678e8ff0b1a56fc1755bfbb7adf88777a,"[""CONTEXT_INSPECTOR"", ""UNIFIED_EDITOR_BLOCK""]",FAMILY_ENGINE,dist/foundation/accepted-runtime.js,132,True,Original implementation retained under one module mount,"SOURCE_PRESERVATION_VERIFIED; behavior coverage by assurance receipts, not 330 blanket passes",Modular separation by family without parity regression; full behavior regression OPEN
subtreeCount,1305,ea66b58ef122bf2f8ca23fd0aa9e461b07da11ea7390c451902e4b1592d396fd,640b1d642e3cb929ade449768d50625eb84aecb3f917ebaa972e82e5a21a17cf,"[""OTHER""]",FOUNDATION_REUSE,dist/foundation/accepted-runtime.js,133,True,Original implementation retained under one module mount,"SOURCE_PRESERVATION_VERIFIED; behavior coverage by assurance receipts, not 330 blanket passes",Modular separation by family without parity regression; full behavior regression OPEN
blockContainsId,1306,ea66b58ef122bf2f8ca23fd0aa9e461b07da11ea7390c451902e4b1592d396fd,f43b3793ddbf9015595bdcfb61fa081369670efd4b67ea001134768c9b86d2a4,"[""UNIFIED_EDITOR_BLOCK""]",FAMILY_ENGINE,dist/foundation/accepted-runtime.js,134,True,Original implementation retained under one module mount,"SOURCE_PRESERVATION_VERIFIED; behavior coverage by assurance receipts, not 330 blanket passes",Modular separation by family without parity regression; full behavior regression OPEN
localBlockIndent,1308,ea66b58ef122bf2f8ca23fd0aa9e461b07da11ea7390c451902e4b1592d396fd,9bccf2edbff4eb5f22cee2cbcfab1be13102039bfb115a3ec83a2a93671af36d,"[""UNIFIED_EDITOR_BLOCK""]",FAMILY_ENGINE,dist/foundation/accepted-runtime.js,136,True,Original implementation retained under one module mount,"SOURCE_PRESERVATION_VERIFIED; behavior coverage by assurance receipts, not 330 blanket passes",Modular separation by family without parity regression; full behavior regression OPEN
canStructuralIndentBlock,1309,ea66b58ef122bf2f8ca23fd0aa9e461b07da11ea7390c451902e4b1592d396fd,5fdb5c57355ee4726488aa907978a6c7a367929c39d8750a89b0ff6172d49f59,"[""UNIFIED_EDITOR_BLOCK""]",FAMILY_ENGINE,dist/foundation/accepted-runtime.js,138,True,Original implementation retained under one module mount,"SOURCE_PRESERVATION_VERIFIED; behavior coverage by assurance receipts, not 330 blanket passes",Modular separation by family without parity regression; full behavior regression OPEN
canStructuralOutdentBlock,1310,ea66b58ef122bf2f8ca23fd0aa9e461b07da11ea7390c451902e4b1592d396fd,f4c2907852a0ee0266c91cc0985f390e581395c8ab7a4208d9a941c7dcc4b933,"[""UNIFIED_EDITOR_BLOCK""]",FAMILY_ENGINE,dist/foundation/accepted-runtime.js,139,True,Original implementation retained under one module mount,"SOURCE_PRESERVATION_VERIFIED; behavior coverage by assurance receipts, not 330 blanket passes",Modular separation by family without parity regression; full behavior regression OPEN
canIndentBlock,1311,ea66b58ef122bf2f8ca23fd0aa9e461b07da11ea7390c451902e4b1592d396fd,2b5b46ae635dcc8608afc5038ff21d68165df3df52f505c19cb09dada4bde592,"[""UNIFIED_EDITOR_BLOCK""]",FAMILY_ENGINE,dist/foundation/accepted-runtime.js,140,True,Original implementation retained under one module mount,"SOURCE_PRESERVATION_VERIFIED; behavior coverage by assurance receipts, not 330 blanket passes",Modular separation by family without parity regression; full behavior regression OPEN
canOutdentBlock,1312,ea66b58ef122bf2f8ca23fd0aa9e461b07da11ea7390c451902e4b1592d396fd,f4747cbdd2508dbc915598fa3a05d4becc2c0b647a8131bdbd27929f79cb1981,"[""UNIFIED_EDITOR_BLOCK""]",FAMILY_ENGINE,dist/foundation/accepted-runtime.js,141,True,Original implementation retained under one module mount,"SOURCE_PRESERVATION_VERIFIED; behavior coverage by assurance receipts, not 330 blanket passes",Modular separation by family without parity regression; full behavior regression OPEN
finishKeyboardStructureMutation,1313,ea66b58ef122bf2f8ca23fd0aa9e461b07da11ea7390c451902e4b1592d396fd,0d3552470ec270ed3d2a40b22ae26726ab8e52855c89ce9e5a0707e538af34c5,"[""OTHER""]",FOUNDATION_REUSE,dist/foundation/accepted-runtime.js,142,True,Original implementation retained under one module mount,"SOURCE_PRESERVATION_VERIFIED; behavior coverage by assurance receipts, not 330 blanket passes",Modular separation by family without parity regression; full behavior regression OPEN
indentBlock,1314,ea66b58ef122bf2f8ca23fd0aa9e461b07da11ea7390c451902e4b1592d396fd,33ae127bc701d3bd83ece7d6eaa49b6f840351a4561d8dfcb15695119174eab8,"[""UNIFIED_EDITOR_BLOCK""]",FAMILY_ENGINE,dist/foundation/accepted-runtime.js,143,True,Original implementation retained under one module mount,"SOURCE_PRESERVATION_VERIFIED; behavior coverage by assurance receipts, not 330 blanket passes",Modular separation by family without parity regression; full behavior regression OPEN
outdentBlock,1315,ea66b58ef122bf2f8ca23fd0aa9e461b07da11ea7390c451902e4b1592d396fd,2007b3bdbb4e7c05f91ff8e3010f67c4390ec5a8fdc2bc7e46ad2130640a204b,"[""UNIFIED_EDITOR_BLOCK""]",FAMILY_ENGINE,dist/foundation/accepted-runtime.js,144,True,Original implementation retained under one module mount,"SOURCE_PRESERVATION_VERIFIED; behavior coverage by assurance receipts, not 330 blanket passes",Modular separation by family without parity regression; full behavior regression OPEN
validateMoveTarget,1316,ea66b58ef122bf2f8ca23fd0aa9e461b07da11ea7390c451902e4b1592d396fd,801a28c2d1ab430f720c4bd804dd83a8366415eebc18c52c8b1aae3b24e1a684,"[""OTHER""]",FOUNDATION_REUSE,dist/foundation/accepted-runtime.js,145,True,Original implementation retained under one module mount,"SOURCE_PRESERVATION_VERIFIED; behavior coverage by assurance receipts, not 330 blanket passes",Modular separation by family without parity regression; full behavior regression OPEN
moveBlockToGap,1317,ea66b58ef122bf2f8ca23fd0aa9e461b07da11ea7390c451902e4b1592d396fd,a2c4bba411969180e2370a1baa485f45c718d8906a158c04028ffda1068c157d,"[""UNIFIED_EDITOR_BLOCK""]",FAMILY_ENGINE,dist/foundation/accepted-runtime.js,146,True,Original implementation retained under one module mount,"SOURCE_PRESERVATION_VERIFIED; behavior coverage by assurance receipts, not 330 blanket passes",Modular separation by family without parity regression; full behavior regression OPEN
structurePathForBlock,1318,ea66b58ef122bf2f8ca23fd0aa9e461b07da11ea7390c451902e4b1592d396fd,fbbc92475bb64cb4019c8e8aeb297bd11075e98a97e299d6cbc52fd00642ceec,"[""UNIFIED_EDITOR_BLOCK""]",FAMILY_ENGINE,dist/foundation/accepted-runtime.js,147,True,Original implementation retained under one module mount,"SOURCE_PRESERVATION_VERIFIED; behavior coverage by assurance receipts, not 330 blanket passes",Modular separation by family without parity regression; full behavior regression OPEN
renderStructureHud,1319,ea66b58ef122bf2f8ca23fd0aa9e461b07da11ea7390c451902e4b1592d396fd,c33b472b081e179555f6fb3f89578fed2869f9312af2e7a5f383f3edb6922440,"[""OTHER""]",FOUNDATION_REUSE,dist/foundation/accepted-runtime.js,148,True,Original implementation retained under one module mount,"SOURCE_PRESERVATION_VERIFIED; behavior coverage by assurance receipts, not 330 blanket passes",Modular separation by family without parity regression; full behavior regression OPEN
commitDocumentTitle,1320,ea66b58ef122bf2f8ca23fd0aa9e461b07da11ea7390c451902e4b1592d396fd,09dbfa47cc7f236abbb45cd834b5bc50779a01be791486d0f9c206ee470db5cb,"[""UNIFIED_EDITOR_BLOCK""]",FAMILY_ENGINE,dist/foundation/accepted-runtime.js,149,True,Original implementation retained under one module mount,"SOURCE_PRESERVATION_VERIFIED; behavior coverage by assurance receipts, not 330 blanket passes",Modular separation by family without parity regression; full behavior regression OPEN
insertSiblingAfter,1321,ea66b58ef122bf2f8ca23fd0aa9e461b07da11ea7390c451902e4b1592d396fd,c4a5aaf80c3ee82e8db3fce74d6c65792cac07601e05df2c3edab937f85ba404,"[""UNIFIED_EDITOR_BLOCK""]",FAMILY_ENGINE,dist/foundation/accepted-runtime.js,150,True,Original implementation retained under one module mount,"SOURCE_PRESERVATION_VERIFIED; behavior coverage by assurance receipts, not 330 blanket passes",Modular separation by family without parity regression; full behavior regression OPEN
structuralMergeBackward,1322,ea66b58ef122bf2f8ca23fd0aa9e461b07da11ea7390c451902e4b1592d396fd,8a30a8f4da7fcb07ca7bfff2c651e84bfdd2d058afdf5026b30c7951edf69487,"[""OTHER""]",FOUNDATION_REUSE,dist/foundation/accepted-runtime.js,151,True,Original implementation retained under one module mount,"SOURCE_PRESERVATION_VERIFIED; behavior coverage by assurance receipts, not 330 blanket passes",Modular separation by family without parity regression; full behavior regression OPEN
structuralMergeForward,1325,ea66b58ef122bf2f8ca23fd0aa9e461b07da11ea7390c451902e4b1592d396fd,c66c8879b9d19dad73770142b8d1ab269c629003a7030444f7963ad5e7588dfd,"[""OTHER""]",FOUNDATION_REUSE,dist/foundation/accepted-runtime.js,152,True,Original implementation retained under one module mount,"SOURCE_PRESERVATION_VERIFIED; behavior coverage by assurance receipts, not 330 blanket passes",Modular separation by family without parity regression; full behavior regression OPEN
splitBlockAtCaret,1326,ea66b58ef122bf2f8ca23fd0aa9e461b07da11ea7390c451902e4b1592d396fd,9e6b27b11d3310a0a21083c53bc42ca1deddfd3c4f834905bb52b17f9250a2cf,"[""UNIFIED_EDITOR_BLOCK""]",FAMILY_ENGINE,dist/foundation/accepted-runtime.js,153,True,Original implementation retained under one module mount,"SOURCE_PRESERVATION_VERIFIED; behavior coverage by assurance receipts, not 330 blanket passes",Modular separation by family without parity regression; full behavior regression OPEN
nextVisibleSibling,1327,ea66b58ef122bf2f8ca23fd0aa9e461b07da11ea7390c451902e4b1592d396fd,d0b438f9ab7633fbda537e2e67070de680088cf79da4ef7326060c50fe0ae0e3,"[""OTHER""]",FOUNDATION_REUSE,dist/foundation/accepted-runtime.js,154,True,Original implementation retained under one module mount,"SOURCE_PRESERVATION_VERIFIED; behavior coverage by assurance receipts, not 330 blanket passes",Modular separation by family without parity regression; full behavior regression OPEN
showDragPreview,1328,ea66b58ef122bf2f8ca23fd0aa9e461b07da11ea7390c451902e4b1592d396fd,d3d5799fb0ac0cd3e3f0ce57515bcbd13cb93c5b2cb3d96859c224760c0061d2,"[""DRAG_POINTER""]",FOUNDATION_REUSE,dist/foundation/accepted-runtime.js,155,True,Original implementation retained under one module mount,"SOURCE_PRESERVATION_VERIFIED; behavior coverage by assurance receipts, not 330 blanket passes",Modular separation by family without parity regression; full behavior regression OPEN
hideDragPreview,1329,ea66b58ef122bf2f8ca23fd0aa9e461b07da11ea7390c451902e4b1592d396fd,eed3c71a1e2f067f454556fbd303f1375f404a94d5a250559b0a0d0e2e839f9d,"[""DRAG_POINTER""]",FOUNDATION_REUSE,dist/foundation/accepted-runtime.js,156,True,Original implementation retained under one module mount,"SOURCE_PRESERVATION_VERIFIED; behavior coverage by assurance receipts, not 330 blanket passes",Modular separation by family without parity regression; full behavior regression OPEN
autoscrollDuringDrag,1330,ea66b58ef122bf2f8ca23fd0aa9e461b07da11ea7390c451902e4b1592d396fd,a96efaba9f9b4f1a8c11f0599045857fdce7ef26c674e0ab2f6aeadd89dd3310,"[""DRAG_POINTER""]",FOUNDATION_REUSE,dist/foundation/accepted-runtime.js,157,True,Original implementation retained under one module mount,"SOURCE_PRESERVATION_VERIFIED; behavior coverage by assurance receipts, not 330 blanket passes",Modular separation by family without parity regression; full behavior regression OPEN
describeInsertionTarget,1331,ea66b58ef122bf2f8ca23fd0aa9e461b07da11ea7390c451902e4b1592d396fd,f27fc9cfc53791e5aa235a0d41293a35321cd2346e8d53aa81a580c89f49b3d4,"[""UNIFIED_EDITOR_BLOCK""]",FAMILY_ENGINE,dist/foundation/accepted-runtime.js,158,True,Original implementation retained under one module mount,"SOURCE_PRESERVATION_VERIFIED; behavior coverage by assurance receipts, not 330 blanket passes",Modular separation by family without parity regression; full behavior regression OPEN
openToggleKeyboardContract,1332,ea66b58ef122bf2f8ca23fd0aa9e461b07da11ea7390c451902e4b1592d396fd,23f16be29d948e85c3cdd888d3e65646db35c2a768f104212d7687e52486b476,"[""UNIFIED_EDITOR_BLOCK""]",FAMILY_ENGINE,dist/foundation/accepted-runtime.js,159,True,Original implementation retained under one module mount,"SOURCE_PRESERVATION_VERIFIED; behavior coverage by assurance receipts, not 330 blanket passes",Modular separation by family without parity regression; full behavior regression OPEN
syncOverlayGeometry,1333,ea66b58ef122bf2f8ca23fd0aa9e461b07da11ea7390c451902e4b1592d396fd,e1f86ebfc76493f69732fd4ab9b06479e15871cef08f87f1abcb957a68d455e0,"[""OTHER""]",FOUNDATION_REUSE,dist/foundation/accepted-runtime.js,160,True,Original implementation retained under one module mount,"SOURCE_PRESERVATION_VERIFIED; behavior coverage by assurance receipts, not 330 blanket passes",Modular separation by family without parity regression; full behavior regression OPEN
blockMenuFilter,1334,ea66b58ef122bf2f8ca23fd0aa9e461b07da11ea7390c451902e4b1592d396fd,cae49ebe7f1181fa9815f21280d275e5babad4bdcde4fb1a1ef3691971e3e849,"[""UNIFIED_EDITOR_BLOCK""]",FAMILY_ENGINE,dist/foundation/accepted-runtime.js,161,True,Original implementation retained under one module mount,"SOURCE_PRESERVATION_VERIFIED; behavior coverage by assurance receipts, not 330 blanket passes",Modular separation by family without parity regression; full behavior regression OPEN
formatMutationAllowed,1337,ea66b58ef122bf2f8ca23fd0aa9e461b07da11ea7390c451902e4b1592d396fd,f493ee621cb8b1aa7e61c047533a106b93f7de89c8f91f8db513651ea9e4c034,"[""OTHER""]",FOUNDATION_REUSE,dist/foundation/accepted-runtime.js,164,True,Original implementation retained under one module mount,"SOURCE_PRESERVATION_VERIFIED; behavior coverage by assurance receipts, not 330 blanket passes",Modular separation by family without parity regression; full behavior regression OPEN
commandAvailability,1338,ea66b58ef122bf2f8ca23fd0aa9e461b07da11ea7390c451902e4b1592d396fd,45a5acb98eacee5f1cc0fa7b8ae4ad43c9c25fd44d23f6e43299eede8d0afd02,"[""COMMAND_ACTION""]",FOUNDATION_REUSE,dist/foundation/accepted-runtime.js,167,True,Original implementation retained under one module mount,"SOURCE_PRESERVATION_VERIFIED; behavior coverage by assurance receipts, not 330 blanket passes",Modular separation by family without parity regression; full behavior regression OPEN
commandEnabled,1339,ea66b58ef122bf2f8ca23fd0aa9e461b07da11ea7390c451902e4b1592d396fd,ce4057dd6b5b60cfb606edc6d9ec6fcf6c4e0239300be7f7b0a61ebcd6f7a6ad,"[""COMMAND_ACTION""]",FOUNDATION_REUSE,dist/foundation/accepted-runtime.js,168,True,Original implementation retained under one module mount,"SOURCE_PRESERVATION_VERIFIED; behavior coverage by assurance receipts, not 330 blanket passes",Modular separation by family without parity regression; full behavior regression OPEN
setSaveState,1360,ea66b58ef122bf2f8ca23fd0aa9e461b07da11ea7390c451902e4b1592d396fd,de71dd0716126c637c433ecc9c4a9f422ac77f594af5790f93b2e64e21c04bec,"[""STORAGE_SAVE""]",FOUNDATION_REUSE,dist/foundation/accepted-runtime.js,190,True,Original implementation retained under one module mount,"SOURCE_PRESERVATION_VERIFIED; behavior coverage by assurance receipts, not 330 blanket passes",Modular separation by family without parity regression; full behavior regression OPEN
scheduleAutosaveSimulation,1361,ea66b58ef122bf2f8ca23fd0aa9e461b07da11ea7390c451902e4b1592d396fd,6828325dba4e2cbe0bd7c256a2c02764fc5fa7b862841601210a84f713ee9f8b,"[""PREFERENCES_SETTINGS"", ""STORAGE_SAVE""]",FOUNDATION_REUSE,dist/foundation/accepted-runtime.js,191,True,Original implementation retained under one module mount,"SOURCE_PRESERVATION_VERIFIED; behavior coverage by assurance receipts, not 330 blanket passes",Modular separation by family without parity regression; full behavior regression OPEN
setMode,1362,ea66b58ef122bf2f8ca23fd0aa9e461b07da11ea7390c451902e4b1592d396fd,93a907ae1314f8e29470f460df6b20dfaa27f757552a7eab55af23e2045aeaf6,"[""OTHER""]",FOUNDATION_REUSE,dist/foundation/accepted-runtime.js,192,True,Original implementation retained under one module mount,"SOURCE_PRESERVATION_VERIFIED; behavior coverage by assurance receipts, not 330 blanket passes",Modular separation by family without parity regression; full behavior regression OPEN
blockPlaceholder,1364,ea66b58ef122bf2f8ca23fd0aa9e461b07da11ea7390c451902e4b1592d396fd,c34d3fdf78ca60751d148d08723e3884b5d7de8bfe496d1cc79d7b4ccd8bc9f5,"[""UNIFIED_EDITOR_BLOCK""]",FAMILY_ENGINE,dist/foundation/accepted-runtime.js,194,True,Original implementation retained under one module mount,"SOURCE_PRESERVATION_VERIFIED; behavior coverage by assurance receipts, not 330 blanket passes",Modular separation by family without parity regression; full behavior regression OPEN
codeLineLabels,1366,ea66b58ef122bf2f8ca23fd0aa9e461b07da11ea7390c451902e4b1592d396fd,0e57ed704f45ba528b04a210f3d0bcf77520d935149ab2520669010ca12b05c5,"[""CODE""]",FAMILY_ENGINE,dist/foundation/accepted-runtime.js,196,True,Original implementation retained under one module mount,"SOURCE_PRESERVATION_VERIFIED; behavior coverage by assurance receipts, not 330 blanket passes",Modular separation by family without parity regression; full behavior regression OPEN
applyCodeViewToElement,1367,ea66b58ef122bf2f8ca23fd0aa9e461b07da11ea7390c451902e4b1592d396fd,cb3e1d7056709b9cbc0d080410d4bf37e4aa4022af65a1611a197cf29bc417e3,"[""CODE""]",FAMILY_ENGINE,dist/foundation/accepted-runtime.js,197,True,Original implementation retained under one module mount,"SOURCE_PRESERVATION_VERIFIED; behavior coverage by assurance receipts, not 330 blanket passes",Modular separation by family without parity regression; full behavior regression OPEN
applyCodeViewPreferences,1368,ea66b58ef122bf2f8ca23fd0aa9e461b07da11ea7390c451902e4b1592d396fd,5af4155ec56ed0f39478d7353d4d81aab1054ddccac102fa7e6015d292406257,"[""CONTEXT_INSPECTOR"", ""PREFERENCES_SETTINGS"", ""CODE""]",FAMILY_ENGINE,dist/foundation/accepted-runtime.js,198,True,Original implementation retained under one module mount,"SOURCE_PRESERVATION_VERIFIED; behavior coverage by assurance receipts, not 330 blanket passes",Modular separation by family without parity regression; full behavior regression OPEN
renderSurface,1369,ea66b58ef122bf2f8ca23fd0aa9e461b07da11ea7390c451902e4b1592d396fd,dbf0f3478649b5a8d0bbaa45d19ae21d3a995780688f543e7b4a0e72f3178245,"[""OTHER""]",FOUNDATION_REUSE,dist/foundation/accepted-runtime.js,199,True,Original implementation retained under one module mount,"SOURCE_PRESERVATION_VERIFIED; behavior coverage by assurance receipts, not 330 blanket passes",Modular separation by family without parity regression; full behavior regression OPEN
renderBlockArray,1370,ea66b58ef122bf2f8ca23fd0aa9e461b07da11ea7390c451902e4b1592d396fd,a77c9b75ce5b6918d9731b52bade2c921b8f359237d50fdaca0ff38c95f4e28d,"[""UNIFIED_EDITOR_BLOCK""]",FAMILY_ENGINE,dist/foundation/accepted-runtime.js,200,True,Original implementation retained under one module mount,"SOURCE_PRESERVATION_VERIFIED; behavior coverage by assurance receipts, not 330 blanket passes",Modular separation by family without parity regression; full behavior regression OPEN
renderGap,1371,ea66b58ef122bf2f8ca23fd0aa9e461b07da11ea7390c451902e4b1592d396fd,b527f6f8df9a9528480f010f7325b7881f3f1690547464df80894722b2aa367b,"[""OTHER""]",FOUNDATION_REUSE,dist/foundation/accepted-runtime.js,201,True,Original implementation retained under one module mount,"SOURCE_PRESERVATION_VERIFIED; behavior coverage by assurance receipts, not 330 blanket passes",Modular separation by family without parity regression; full behavior regression OPEN
renderBlock,1373,ea66b58ef122bf2f8ca23fd0aa9e461b07da11ea7390c451902e4b1592d396fd,d7e8c4921f4ce987d261b690550226d8f4ebe6d55dbc616bc68533b0533d2c68,"[""UNIFIED_EDITOR_BLOCK""]",FAMILY_ENGINE,dist/foundation/accepted-runtime.js,203,True,Original implementation retained under one module mount,"SOURCE_PRESERVATION_VERIFIED; behavior coverage by assurance receipts, not 330 blanket passes",Modular separation by family without parity regression; full behavior regression OPEN
relatedLearningProjection,1383,ea66b58ef122bf2f8ca23fd0aa9e461b07da11ea7390c451902e4b1592d396fd,cef1d69a0cd3465feffee336a2cf20d88d7a65071656977c6bd3131baf08e7c9,"[""OTHER""]",DOMAIN_ONLY,dist/foundation/accepted-runtime.js,213,True,Original implementation retained under one module mount,"SOURCE_PRESERVATION_VERIFIED; behavior coverage by assurance receipts, not 330 blanket passes",Modular separation by family without parity regression; full behavior regression OPEN
relatedContextProjection,1384,ea66b58ef122bf2f8ca23fd0aa9e461b07da11ea7390c451902e4b1592d396fd,d70cd2a637e8ca6e9ec6a639768579398f6f55d189fddee0edc363273f602c43,"[""CONTEXT_INSPECTOR""]",DOMAIN_ONLY,dist/foundation/accepted-runtime.js,214,True,Original implementation retained under one module mount,"SOURCE_PRESERVATION_VERIFIED; behavior coverage by assurance receipts, not 330 blanket passes",Modular separation by family without parity regression; full behavior regression OPEN
renderCenterProjections,1385,ea66b58ef122bf2f8ca23fd0aa9e461b07da11ea7390c451902e4b1592d396fd,73c551c1253fe7cd9b4a8891d66cb504585684a4d5082761bd806ad3db3458be,"[""OTHER""]",DOMAIN_ONLY,dist/foundation/accepted-runtime.js,215,True,Original implementation retained under one module mount,"SOURCE_PRESERVATION_VERIFIED; behavior coverage by assurance receipts, not 330 blanket passes",Modular separation by family without parity regression; full behavior regression OPEN
updateMainCounts,1386,ea66b58ef122bf2f8ca23fd0aa9e461b07da11ea7390c451902e4b1592d396fd,723f0cfaf81380f3abf88e2a9194ee61b9fe939b15881095287667cff330776e,"[""OTHER""]",FOUNDATION_REUSE,dist/foundation/accepted-runtime.js,216,True,Original implementation retained under one module mount,"SOURCE_PRESERVATION_VERIFIED; behavior coverage by assurance receipts, not 330 blanket passes",Modular separation by family without parity regression; full behavior regression OPEN
updateToolbarState,1387,ea66b58ef122bf2f8ca23fd0aa9e461b07da11ea7390c451902e4b1592d396fd,421f6efda40cb03cb08cf8e1e3499b68f363a245b5c0b83e0d5373c476e13126,"[""OTHER""]",FOUNDATION_REUSE,dist/foundation/accepted-runtime.js,217,True,Original implementation retained under one module mount,"SOURCE_PRESERVATION_VERIFIED; behavior coverage by assurance receipts, not 330 blanket passes",Modular separation by family without parity regression; full behavior regression OPEN
commitEditable,1388,ea66b58ef122bf2f8ca23fd0aa9e461b07da11ea7390c451902e4b1592d396fd,9eb911d9347671fbeb7f20a9f2b597f8ae3005771361f442312fc66c3815f2b7,"[""OTHER""]",FOUNDATION_REUSE,dist/foundation/accepted-runtime.js,218,True,Original implementation retained under one module mount,"SOURCE_PRESERVATION_VERIFIED; behavior coverage by assurance receipts, not 330 blanket passes",Modular separation by family without parity regression; full behavior regression OPEN
applyBlockFocusPreferenceDatasets,1390,ea66b58ef122bf2f8ca23fd0aa9e461b07da11ea7390c451902e4b1592d396fd,8f38882579d845b3aec4059c762440f52f0fff98a09a921f606b612abd2bfade,"[""CONTEXT_INSPECTOR"", ""UNIFIED_EDITOR_BLOCK"", ""PREFERENCES_SETTINGS"", ""FOCUS_ACCESSIBILITY""]",FAMILY_ENGINE,dist/foundation/accepted-runtime.js,220,True,Original implementation retained under one module mount,"SOURCE_PRESERVATION_VERIFIED; behavior coverage by assurance receipts, not 330 blanket passes",Modular separation by family without parity regression; full behavior regression OPEN
setBlockFocusOrigin,1391,ea66b58ef122bf2f8ca23fd0aa9e461b07da11ea7390c451902e4b1592d396fd,b748ab6fa5556042aa5f724a6ed2083d0bb35ebb9e08f91a040cbc19fbcb8cf1,"[""UNIFIED_EDITOR_BLOCK"", ""FOCUS_ACCESSIBILITY""]",FAMILY_ENGINE,dist/foundation/accepted-runtime.js,221,True,Original implementation retained under one module mount,"SOURCE_PRESERVATION_VERIFIED; behavior coverage by assurance receipts, not 330 blanket passes",Modular separation by family without parity regression; full behavior regression OPEN
selectBlock,1392,ea66b58ef122bf2f8ca23fd0aa9e461b07da11ea7390c451902e4b1592d396fd,8cc3a4283cca78208e7a5bdda3d69241c3324cfbd0afba0f23f480b93d7ff9d1,"[""UNIFIED_EDITOR_BLOCK"", ""SELECTION""]",FAMILY_ENGINE,dist/foundation/accepted-runtime.js,222,True,Original implementation retained under one module mount,"SOURCE_PRESERVATION_VERIFIED; behavior coverage by assurance receipts, not 330 blanket passes",Modular separation by family without parity regression; full behavior regression OPEN
clearBlockSelection,1393,ea66b58ef122bf2f8ca23fd0aa9e461b07da11ea7390c451902e4b1592d396fd,26acae42238fe5e8f121984de9076d9994e426d88050710ca7db96dd08f6e2c6,"[""UNIFIED_EDITOR_BLOCK"", ""SELECTION""]",FAMILY_ENGINE,dist/foundation/accepted-runtime.js,223,True,Original implementation retained under one module mount,"SOURCE_PRESERVATION_VERIFIED; behavior coverage by assurance receipts, not 330 blanket passes",Modular separation by family without parity regression; full behavior regression OPEN
dismissMainBlockFocus,1395,ea66b58ef122bf2f8ca23fd0aa9e461b07da11ea7390c451902e4b1592d396fd,05da5aceeb0b7d1cf2bc3a825229889a7d4fd52e3ad0a0f748b6159109a7d1ef,"[""UNIFIED_EDITOR_BLOCK"", ""FOCUS_ACCESSIBILITY""]",FAMILY_ENGINE,dist/foundation/accepted-runtime.js,225,True,Original implementation retained under one module mount,"SOURCE_PRESERVATION_VERIFIED; behavior coverage by assurance receipts, not 330 blanket passes",Modular separation by family without parity regression; full behavior regression OPEN
deriveGapTarget,1397,ea66b58ef122bf2f8ca23fd0aa9e461b07da11ea7390c451902e4b1592d396fd,24e40052a72bb406781ac6cd12e3f940f3bb630f86c955b8e631547946404d3b,"[""OTHER""]",FOUNDATION_REUSE,dist/foundation/accepted-runtime.js,227,True,Original implementation retained under one module mount,"SOURCE_PRESERVATION_VERIFIED; behavior coverage by assurance receipts, not 330 blanket passes",Modular separation by family without parity regression; full behavior regression OPEN
getArrayForParent,1398,ea66b58ef122bf2f8ca23fd0aa9e461b07da11ea7390c451902e4b1592d396fd,0c499967a8bf32e0b63b2739e2d0f02e75c53b7b0874081ae6a8ca9d93e2ef76,"[""OTHER""]",FOUNDATION_REUSE,dist/foundation/accepted-runtime.js,228,True,Original implementation retained under one module mount,"SOURCE_PRESERVATION_VERIFIED; behavior coverage by assurance receipts, not 330 blanket passes",Modular separation by family without parity regression; full behavior regression OPEN
makeBlock,1399,ea66b58ef122bf2f8ca23fd0aa9e461b07da11ea7390c451902e4b1592d396fd,c937979bd1e95b2366d3d487130fd979a787b252283bb74c3818ee70b1a6b5fe,"[""UNIFIED_EDITOR_BLOCK""]",FAMILY_ENGINE,dist/foundation/accepted-runtime.js,229,True,Original implementation retained under one module mount,"SOURCE_PRESERVATION_VERIFIED; behavior coverage by assurance receipts, not 330 blanket passes",Modular separation by family without parity regression; full behavior regression OPEN
insertBlock,1400,ea66b58ef122bf2f8ca23fd0aa9e461b07da11ea7390c451902e4b1592d396fd,2db589be5d173d821683a1603dfbf7f9e7a9e7f653b464514f9c42af372b045f,"[""UNIFIED_EDITOR_BLOCK""]",FAMILY_ENGINE,dist/foundation/accepted-runtime.js,230,True,Original implementation retained under one module mount,"SOURCE_PRESERVATION_VERIFIED; behavior coverage by assurance receipts, not 330 blanket passes",Modular separation by family without parity regression; full behavior regression OPEN
invalidNesting,1401,ea66b58ef122bf2f8ca23fd0aa9e461b07da11ea7390c451902e4b1592d396fd,bf323a7f36618b708eed34ac6e08340e01705ce6c1548d8eab11951b159b09bf,"[""OTHER""]",FOUNDATION_REUSE,dist/foundation/accepted-runtime.js,231,True,Original implementation retained under one module mount,"SOURCE_PRESERVATION_VERIFIED; behavior coverage by assurance receipts, not 330 blanket passes",Modular separation by family without parity regression; full behavior regression OPEN
caretSplitInsert,1402,ea66b58ef122bf2f8ca23fd0aa9e461b07da11ea7390c451902e4b1592d396fd,1b6ee4dcd44df29c10f461bebb013f9a15c10c0e37ecb3be184f40b8557a8e20,"[""UNIFIED_EDITOR_BLOCK""]",FAMILY_ENGINE,dist/foundation/accepted-runtime.js,232,True,Original implementation retained under one module mount,"SOURCE_PRESERVATION_VERIFIED; behavior coverage by assurance receipts, not 330 blanket passes",Modular separation by family without parity regression; full behavior regression OPEN
focusBlock,1403,ea66b58ef122bf2f8ca23fd0aa9e461b07da11ea7390c451902e4b1592d396fd,ae39228b3fb45ae7f35129d344c60897ff7daf6035f22a3db542d66529f97427,"[""UNIFIED_EDITOR_BLOCK"", ""FOCUS_ACCESSIBILITY""]",FAMILY_ENGINE,dist/foundation/accepted-runtime.js,233,True,Original implementation retained under one module mount,"SOURCE_PRESERVATION_VERIFIED; behavior coverage by assurance receipts, not 330 blanket passes",Modular separation by family without parity regression; full behavior regression OPEN
duplicateBlock,1404,ea66b58ef122bf2f8ca23fd0aa9e461b07da11ea7390c451902e4b1592d396fd,86b113e160b3c05027f4fcd62f47dfdb35bf4b330290ef90850a6e3a7c529bdc,"[""UNIFIED_EDITOR_BLOCK""]",FAMILY_ENGINE,dist/foundation/accepted-runtime.js,234,True,Original implementation retained under one module mount,"SOURCE_PRESERVATION_VERIFIED; behavior coverage by assurance receipts, not 330 blanket passes",Modular separation by family without parity regression; full behavior regression OPEN
reseed,1404,ea66b58ef122bf2f8ca23fd0aa9e461b07da11ea7390c451902e4b1592d396fd,86b113e160b3c05027f4fcd62f47dfdb35bf4b330290ef90850a6e3a7c529bdc,"[""OTHER""]",FOUNDATION_REUSE,dist/foundation/structured.js,294,True,Extracted/delegated to canonical Structured implementation,"SOURCE_PRESERVATION_VERIFIED; behavior coverage by assurance receipts, not 330 blanket passes",Modular separation by family without parity regression; full behavior regression OPEN
moveSibling,1405,ea66b58ef122bf2f8ca23fd0aa9e461b07da11ea7390c451902e4b1592d396fd,156a9b65250eacef60e8b5304834c5be559b66234ad1c78e2919707bf57eadfb,"[""OTHER""]",FOUNDATION_REUSE,dist/foundation/accepted-runtime.js,235,True,Original implementation retained under one module mount,"SOURCE_PRESERVATION_VERIFIED; behavior coverage by assurance receipts, not 330 blanket passes",Modular separation by family without parity regression; full behavior regression OPEN
removeBlock,1406,ea66b58ef122bf2f8ca23fd0aa9e461b07da11ea7390c451902e4b1592d396fd,804232423cefe4a911768bf04b043fa066475804b565b3a7169a09dbd6593917,"[""UNIFIED_EDITOR_BLOCK""]",FAMILY_ENGINE,dist/foundation/accepted-runtime.js,236,True,Original implementation retained under one module mount,"SOURCE_PRESERVATION_VERIFIED; behavior coverage by assurance receipts, not 330 blanket passes",Modular separation by family without parity regression; full behavior regression OPEN
moveSiblingToEdge,1407,ea66b58ef122bf2f8ca23fd0aa9e461b07da11ea7390c451902e4b1592d396fd,d713968b2f8943f59b323d1629a4c315bc80bd050e4d883a58273902e46617b7,"[""OTHER""]",FOUNDATION_REUSE,dist/foundation/accepted-runtime.js,237,True,Original implementation retained under one module mount,"SOURCE_PRESERVATION_VERIFIED; behavior coverage by assurance receipts, not 330 blanket passes",Modular separation by family without parity regression; full behavior regression OPEN
portableInlineHTML,1409,ea66b58ef122bf2f8ca23fd0aa9e461b07da11ea7390c451902e4b1592d396fd,e17c94ef5ced0b04292e6a3e3bbc6deb33c4f15af5813ee567271f1cb1c297a3,"[""SELECTION"", ""CLIPBOARD""]",FAMILY_ENGINE,dist/foundation/accepted-runtime.js,239,True,Original implementation retained under one module mount,"SOURCE_PRESERVATION_VERIFIED; behavior coverage by assurance receipts, not 330 blanket passes",Modular separation by family without parity regression; full behavior regression OPEN
copyNode,1409,ea66b58ef122bf2f8ca23fd0aa9e461b07da11ea7390c451902e4b1592d396fd,e17c94ef5ced0b04292e6a3e3bbc6deb33c4f15af5813ee567271f1cb1c297a3,"[""CLIPBOARD""]",FAMILY_ENGINE,dist/foundation/accepted-runtime.js,239,True,Original implementation retained under one module mount,"SOURCE_PRESERVATION_VERIFIED; behavior coverage by assurance receipts, not 330 blanket passes",Modular separation by family without parity regression; full behavior regression OPEN
editorOwnedPortableInlineHTML,1411,ea66b58ef122bf2f8ca23fd0aa9e461b07da11ea7390c451902e4b1592d396fd,d07c18356f5550793099e0181269164fae674682917f6ef0a860ffee55ed907b,"[""SELECTION"", ""CLIPBOARD""]",FAMILY_ENGINE,dist/foundation/accepted-runtime.js,241,True,Original implementation retained under one module mount,"SOURCE_PRESERVATION_VERIFIED; behavior coverage by assurance receipts, not 330 blanket passes",Modular separation by family without parity regression; full behavior regression OPEN
copyOwned,1411,ea66b58ef122bf2f8ca23fd0aa9e461b07da11ea7390c451902e4b1592d396fd,d07c18356f5550793099e0181269164fae674682917f6ef0a860ffee55ed907b,"[""CLIPBOARD""]",FAMILY_ENGINE,dist/foundation/accepted-runtime.js,241,True,Original implementation retained under one module mount,"SOURCE_PRESERVATION_VERIFIED; behavior coverage by assurance receipts, not 330 blanket passes",Modular separation by family without parity regression; full behavior regression OPEN
codePortableHTML,1412,ea66b58ef122bf2f8ca23fd0aa9e461b07da11ea7390c451902e4b1592d396fd,0fb5673dafbd32313913d80da44a7a4688cfbb74eb8e38b1c6298c6ddd589684,"[""CLIPBOARD"", ""CODE""]",FAMILY_ENGINE,dist/foundation/accepted-runtime.js,242,True,Original implementation retained under one module mount,"SOURCE_PRESERVATION_VERIFIED; behavior coverage by assurance receipts, not 330 blanket passes",Modular separation by family without parity regression; full behavior regression OPEN
blockPortableHTML,1413,ea66b58ef122bf2f8ca23fd0aa9e461b07da11ea7390c451902e4b1592d396fd,f93ee8a6e8818d46edea61b902049dfcfdf11230d2bd4651a74d91bd05f4c1ce,"[""UNIFIED_EDITOR_BLOCK"", ""CLIPBOARD""]",FAMILY_ENGINE,dist/foundation/accepted-runtime.js,243,True,Original implementation retained under one module mount,"SOURCE_PRESERVATION_VERIFIED; behavior coverage by assurance receipts, not 330 blanket passes",Modular separation by family without parity regression; full behavior regression OPEN
selectedCodePortableHTML,1414,ea66b58ef122bf2f8ca23fd0aa9e461b07da11ea7390c451902e4b1592d396fd,b3f7a8c1e5e926dd3340b8d326502a957bf25d937ad7af0a5cf7ddeece557c50,"[""SELECTION"", ""CLIPBOARD"", ""CODE""]",FAMILY_ENGINE,dist/foundation/accepted-runtime.js,244,True,Original implementation retained under one module mount,"SOURCE_PRESERVATION_VERIFIED; behavior coverage by assurance receipts, not 330 blanket passes",Modular separation by family without parity regression; full behavior regression OPEN
selectionBoundaryPortableHTML,1415,ea66b58ef122bf2f8ca23fd0aa9e461b07da11ea7390c451902e4b1592d396fd,a4bfe4d9d5d6b96f21eed2c5167c83810f3d8362672ddf44040db4362b1b21d3,"[""SELECTION"", ""CLIPBOARD""]",FAMILY_ENGINE,dist/foundation/accepted-runtime.js,245,True,Original implementation retained under one module mount,"SOURCE_PRESERVATION_VERIFIED; behavior coverage by assurance receipts, not 330 blanket passes",Modular separation by family without parity regression; full behavior regression OPEN
selectionPortableHTML,1416,ea66b58ef122bf2f8ca23fd0aa9e461b07da11ea7390c451902e4b1592d396fd,0aeed761f4006357ceff2c0706e38813bc0736ee26fa94880f6d25f87e94e110,"[""SELECTION"", ""CLIPBOARD""]",FAMILY_ENGINE,dist/foundation/accepted-runtime.js,246,True,Original implementation retained under one module mount,"SOURCE_PRESERVATION_VERIFIED; behavior coverage by assurance receipts, not 330 blanket passes",Modular separation by family without parity regression; full behavior regression OPEN
copyPlainBlock,1427,ea66b58ef122bf2f8ca23fd0aa9e461b07da11ea7390c451902e4b1592d396fd,7227c8a9d63abd72c8ca2f625f9ab6a61f79aca441f7aa1becf2e155585922c1,"[""UNIFIED_EDITOR_BLOCK"", ""CLIPBOARD""]",FAMILY_ENGINE,dist/foundation/accepted-runtime.js,257,True,Original implementation retained under one module mount,"SOURCE_PRESERVATION_VERIFIED; behavior coverage by assurance receipts, not 330 blanket passes",Modular separation by family without parity regression; full behavior regression OPEN
blockToMarkdown,1428,ea66b58ef122bf2f8ca23fd0aa9e461b07da11ea7390c451902e4b1592d396fd,03960d0af9c5cd55c7a2b7cdbc76c4a56041968b35400c9e14763baa8737161f,"[""UNIFIED_EDITOR_BLOCK"", ""CLIPBOARD""]",FAMILY_ENGINE,dist/foundation/accepted-runtime.js,258,True,Original implementation retained under one module mount,"SOURCE_PRESERVATION_VERIFIED; behavior coverage by assurance receipts, not 330 blanket passes",Modular separation by family without parity regression; full behavior regression OPEN
copyMarkdownBlock,1429,ea66b58ef122bf2f8ca23fd0aa9e461b07da11ea7390c451902e4b1592d396fd,58f248886dce6136b004c587758b9e8e8dcce98bf1d1c10404bf1dddf38ca4e1,"[""UNIFIED_EDITOR_BLOCK"", ""CLIPBOARD""]",FAMILY_ENGINE,dist/foundation/accepted-runtime.js,259,True,Original implementation retained under one module mount,"SOURCE_PRESERVATION_VERIFIED; behavior coverage by assurance receipts, not 330 blanket passes",Modular separation by family without parity regression; full behavior regression OPEN
cutBlock,1430,ea66b58ef122bf2f8ca23fd0aa9e461b07da11ea7390c451902e4b1592d396fd,6f91a29e0e1fb2ff77804c55a2ccd8ae29f5b0c7f007df76d13a0c45a867c366,"[""UNIFIED_EDITOR_BLOCK"", ""CLIPBOARD""]",FAMILY_ENGINE,dist/foundation/accepted-runtime.js,255,True,Original implementation retained under one module mount,"SOURCE_PRESERVATION_VERIFIED; behavior coverage by assurance receipts, not 330 blanket passes",Modular separation by family without parity regression; full behavior regression OPEN
deleteConfirmationMode,1431,ea66b58ef122bf2f8ca23fd0aa9e461b07da11ea7390c451902e4b1592d396fd,f1b8abbc2158f44be632799adcc657669eb16a110c8bc92277ab87d27e498ad5,"[""OTHER""]",FOUNDATION_REUSE,dist/foundation/accepted-runtime.js,261,True,Original implementation retained under one module mount,"SOURCE_PRESERVATION_VERIFIED; behavior coverage by assurance receipts, not 330 blanket passes",Modular separation by family without parity regression; full behavior regression OPEN
deleteRisk,1432,ea66b58ef122bf2f8ca23fd0aa9e461b07da11ea7390c451902e4b1592d396fd,119ea86b95848ec96d6d17ae79ed3ee66fcdb3afd595187b4eeb8e52b0d16bd6,"[""OTHER""]",FOUNDATION_REUSE,dist/foundation/accepted-runtime.js,262,True,Original implementation retained under one module mount,"SOURCE_PRESERVATION_VERIFIED; behavior coverage by assurance receipts, not 330 blanket passes",Modular separation by family without parity regression; full behavior regression OPEN
shouldConfirmDelete,1433,ea66b58ef122bf2f8ca23fd0aa9e461b07da11ea7390c451902e4b1592d396fd,38140e0b565099a60d157c990a9ba790c627e7e4fb7f460c8cf39a06b01061b2,"[""OTHER""]",FOUNDATION_REUSE,dist/foundation/accepted-runtime.js,263,True,Original implementation retained under one module mount,"SOURCE_PRESERVATION_VERIFIED; behavior coverage by assurance receipts, not 330 blanket passes",Modular separation by family without parity regression; full behavior regression OPEN
positionDeleteConfirm,1434,ea66b58ef122bf2f8ca23fd0aa9e461b07da11ea7390c451902e4b1592d396fd,3288ea0dbf4f8aeb449746c1170bee708962bd40e8dcf7f7d5fc4f1436c677e3,"[""OTHER""]",FOUNDATION_REUSE,dist/foundation/accepted-runtime.js,264,True,Original implementation retained under one module mount,"SOURCE_PRESERVATION_VERIFIED; behavior coverage by assurance receipts, not 330 blanket passes",Modular separation by family without parity regression; full behavior regression OPEN
closeDeleteConfirm,1435,ea66b58ef122bf2f8ca23fd0aa9e461b07da11ea7390c451902e4b1592d396fd,4541931d648e22717147d81b5358ef2cd1d450e7845d271cb9b7cd5583d5c8da,"[""OTHER""]",FOUNDATION_REUSE,dist/foundation/accepted-runtime.js,265,True,Original implementation retained under one module mount,"SOURCE_PRESERVATION_VERIFIED; behavior coverage by assurance receipts, not 330 blanket passes",Modular separation by family without parity regression; full behavior regression OPEN
commitDeletePayload,1436,ea66b58ef122bf2f8ca23fd0aa9e461b07da11ea7390c451902e4b1592d396fd,3bb390db8b1cc77df0f8596aac6e2a9cadc3c06b35cd0a860ab2bd2f9cc864fc,"[""OTHER""]",FOUNDATION_REUSE,dist/foundation/accepted-runtime.js,266,True,Original implementation retained under one module mount,"SOURCE_PRESERVATION_VERIFIED; behavior coverage by assurance receipts, not 330 blanket passes",Modular separation by family without parity regression; full behavior regression OPEN
confirmPendingDelete,1437,ea66b58ef122bf2f8ca23fd0aa9e461b07da11ea7390c451902e4b1592d396fd,942e47dd01081cb8fe740a468e7391a5d166adb3b2e9ddedf23a448e71a6c640,"[""OTHER""]",FOUNDATION_REUSE,dist/foundation/accepted-runtime.js,267,True,Original implementation retained under one module mount,"SOURCE_PRESERVATION_VERIFIED; behavior coverage by assurance receipts, not 330 blanket passes",Modular separation by family without parity regression; full behavior regression OPEN
openDeleteConfirm,1438,ea66b58ef122bf2f8ca23fd0aa9e461b07da11ea7390c451902e4b1592d396fd,7dc89f2bea8dbdea19f46e46f9058f81d418b425c823d6be49e6501c7c84305f,"[""OTHER""]",FOUNDATION_REUSE,dist/foundation/accepted-runtime.js,268,True,Original implementation retained under one module mount,"SOURCE_PRESERVATION_VERIFIED; behavior coverage by assurance receipts, not 330 blanket passes",Modular separation by family without parity regression; full behavior regression OPEN
requestDeletePayload,1439,ea66b58ef122bf2f8ca23fd0aa9e461b07da11ea7390c451902e4b1592d396fd,39e295b6db814c93e1d7dbe758266ea6e21e98034f4c6d0420c329c6a99e1c58,"[""OTHER""]",FOUNDATION_REUSE,dist/foundation/accepted-runtime.js,269,True,Original implementation retained under one module mount,"SOURCE_PRESERVATION_VERIFIED; behavior coverage by assurance receipts, not 330 blanket passes",Modular separation by family without parity regression; full behavior regression OPEN
requestDelete,1440,ea66b58ef122bf2f8ca23fd0aa9e461b07da11ea7390c451902e4b1592d396fd,4db660d81c97cb23a1a157fd2902431d71704ad33c85ff2bec55aece6f28eaba,"[""OTHER""]",FOUNDATION_REUSE,dist/foundation/accepted-runtime.js,270,True,Original implementation retained under one module mount,"SOURCE_PRESERVATION_VERIFIED; behavior coverage by assurance receipts, not 330 blanket passes",Modular separation by family without parity regression; full behavior regression OPEN
setBlockProp,1441,ea66b58ef122bf2f8ca23fd0aa9e461b07da11ea7390c451902e4b1592d396fd,3cdf856b164e31edfee0c86d2c43da8db5cace56cdf5f66e56c7d9c48988d99d,"[""UNIFIED_EDITOR_BLOCK""]",FAMILY_ENGINE,dist/foundation/accepted-runtime.js,271,True,Original implementation retained under one module mount,"SOURCE_PRESERVATION_VERIFIED; behavior coverage by assurance receipts, not 330 blanket passes",Modular separation by family without parity regression; full behavior regression OPEN
requestConvert,1446,ea66b58ef122bf2f8ca23fd0aa9e461b07da11ea7390c451902e4b1592d396fd,60b5c484c1b1f21ef1f0f631448f470af111cf34afe380cfa9e8a43f31589069,"[""UNIFIED_EDITOR_BLOCK""]",FAMILY_ENGINE,dist/foundation/accepted-runtime.js,276,True,Original implementation retained under one module mount,"SOURCE_PRESERVATION_VERIFIED; behavior coverage by assurance receipts, not 330 blanket passes",Modular separation by family without parity regression; full behavior regression OPEN
convertToPlainText,1447,ea66b58ef122bf2f8ca23fd0aa9e461b07da11ea7390c451902e4b1592d396fd,e36bdb3edd5d844f51ad8541da125f2421c3e5618fdd436f451883a0f96a6a26,"[""UNIFIED_EDITOR_BLOCK""]",FAMILY_ENGINE,dist/foundation/accepted-runtime.js,277,True,Original implementation retained under one module mount,"SOURCE_PRESERVATION_VERIFIED; behavior coverage by assurance receipts, not 330 blanket passes",Modular separation by family without parity regression; full behavior regression OPEN
commitConversion,1449,ea66b58ef122bf2f8ca23fd0aa9e461b07da11ea7390c451902e4b1592d396fd,5b969fdfa97352d13fc3571c0a91cea718dcbfe9af9a98d19ec77d60d9f2c509,"[""OTHER""]",FOUNDATION_REUSE,dist/foundation/accepted-runtime.js,278,True,Original implementation retained under one module mount,"SOURCE_PRESERVATION_VERIFIED; behavior coverage by assurance receipts, not 330 blanket passes",Modular separation by family without parity regression; full behavior regression OPEN
workspaceToggleState,1450,ea66b58ef122bf2f8ca23fd0aa9e461b07da11ea7390c451902e4b1592d396fd,1f81297048f9738dc4f0a0a74b15da0770a351265adecdea32f0cacb56891b96,"[""WORKSPACE_PANE_LAYOUT"", ""UNIFIED_EDITOR_BLOCK""]",FAMILY_ENGINE,dist/foundation/accepted-runtime.js,279,True,Original implementation retained under one module mount,"SOURCE_PRESERVATION_VERIFIED; behavior coverage by assurance receipts, not 330 blanket passes",Modular separation by family without parity regression; full behavior regression OPEN
updateAllWorkspaceToggleControl,1451,ea66b58ef122bf2f8ca23fd0aa9e461b07da11ea7390c451902e4b1592d396fd,fdda547a1b9b5f2d0dafd8f9e1328476dd617de404fb0c32a8ad3162d9a78ad2,"[""WORKSPACE_PANE_LAYOUT"", ""UNIFIED_EDITOR_BLOCK""]",FAMILY_ENGINE,dist/foundation/accepted-runtime.js,280,True,Original implementation retained under one module mount,"SOURCE_PRESERVATION_VERIFIED; behavior coverage by assurance receipts, not 330 blanket passes",Modular separation by family without parity regression; full behavior regression OPEN
toggleAllWorkspaceToggles,1452,ea66b58ef122bf2f8ca23fd0aa9e461b07da11ea7390c451902e4b1592d396fd,47b6b39587ecd52b02d47a5c62808c6e93d55dcaef0a67872b0b0d6ad9fe73b4,"[""WORKSPACE_PANE_LAYOUT"", ""UNIFIED_EDITOR_BLOCK""]",FAMILY_ENGINE,dist/foundation/accepted-runtime.js,281,True,Original implementation retained under one module mount,"SOURCE_PRESERVATION_VERIFIED; behavior coverage by assurance receipts, not 330 blanket passes",Modular separation by family without parity regression; full behavior regression OPEN
toggleContainer,1453,ea66b58ef122bf2f8ca23fd0aa9e461b07da11ea7390c451902e4b1592d396fd,c68010fccd2c185438ce5694f3f0406f050568077433bd05b2c69b59be28b070,"[""UNIFIED_EDITOR_BLOCK""]",FAMILY_ENGINE,dist/foundation/accepted-runtime.js,282,True,Original implementation retained under one module mount,"SOURCE_PRESERVATION_VERIFIED; behavior coverage by assurance receipts, not 330 blanket passes",Modular separation by family without parity regression; full behavior regression OPEN
enterToggleBody,1454,ea66b58ef122bf2f8ca23fd0aa9e461b07da11ea7390c451902e4b1592d396fd,f99d03fd1a4d04d6c1527c12734bee6ca445c77d853b003d7eb3426e518c43cc,"[""UNIFIED_EDITOR_BLOCK""]",FAMILY_ENGINE,dist/foundation/accepted-runtime.js,283,True,Original implementation retained under one module mount,"SOURCE_PRESERVATION_VERIFIED; behavior coverage by assurance receipts, not 330 blanket passes",Modular separation by family without parity regression; full behavior regression OPEN
createSiblingToggle,1455,ea66b58ef122bf2f8ca23fd0aa9e461b07da11ea7390c451902e4b1592d396fd,bee05428abcdefadd0dfe394b0d6ca0ee61271e7b36f2f764c4f7b64dc7ee520,"[""UNIFIED_EDITOR_BLOCK""]",FAMILY_ENGINE,dist/foundation/accepted-runtime.js,284,True,Original implementation retained under one module mount,"SOURCE_PRESERVATION_VERIFIED; behavior coverage by assurance receipts, not 330 blanket passes",Modular separation by family without parity regression; full behavior regression OPEN
insertFirstChildOfContainer,1456,ea66b58ef122bf2f8ca23fd0aa9e461b07da11ea7390c451902e4b1592d396fd,f88f12653c0945646b0f1b8847917fd27612206e8c6e4feb513c638052e09de8,"[""UNIFIED_EDITOR_BLOCK""]",FAMILY_ENGINE,dist/foundation/accepted-runtime.js,285,True,Original implementation retained under one module mount,"SOURCE_PRESERVATION_VERIFIED; behavior coverage by assurance receipts, not 330 blanket passes",Modular separation by family without parity regression; full behavior regression OPEN
splitContainerSibling,1457,ea66b58ef122bf2f8ca23fd0aa9e461b07da11ea7390c451902e4b1592d396fd,de5c5c80c279a6f06d704e95255069438135920edb49edc255e6a78da0d0d980,"[""OTHER""]",FOUNDATION_REUSE,dist/foundation/accepted-runtime.js,286,True,Original implementation retained under one module mount,"SOURCE_PRESERVATION_VERIFIED; behavior coverage by assurance receipts, not 330 blanket passes",Modular separation by family without parity regression; full behavior regression OPEN
openInsertion,1459,ea66b58ef122bf2f8ca23fd0aa9e461b07da11ea7390c451902e4b1592d396fd,c2f86ecff02daa7a2082b8fb5347179bb86781adf3b4211d9d66c1e3b4538c54,"[""UNIFIED_EDITOR_BLOCK""]",FAMILY_ENGINE,dist/foundation/accepted-runtime.js,288,True,Original implementation retained under one module mount,"SOURCE_PRESERVATION_VERIFIED; behavior coverage by assurance receipts, not 330 blanket passes",Modular separation by family without parity regression; full behavior regression OPEN
renderInsertGrid,1460,ea66b58ef122bf2f8ca23fd0aa9e461b07da11ea7390c451902e4b1592d396fd,1f72e19df926028109d72e629e2d2782a7fb6950b5397ce2d49167cedb31e1cf,"[""UNIFIED_EDITOR_BLOCK""]",FAMILY_ENGINE,dist/foundation/accepted-runtime.js,289,True,Original implementation retained under one module mount,"SOURCE_PRESERVATION_VERIFIED; behavior coverage by assurance receipts, not 330 blanket passes",Modular separation by family without parity regression; full behavior regression OPEN
closeInsertion,1461,ea66b58ef122bf2f8ca23fd0aa9e461b07da11ea7390c451902e4b1592d396fd,41900bc112f3cd21d099e2e21b033324bb2995c62ff5ba9528e14ed081fa3e37,"[""UNIFIED_EDITOR_BLOCK""]",FAMILY_ENGINE,dist/foundation/accepted-runtime.js,290,True,Original implementation retained under one module mount,"SOURCE_PRESERVATION_VERIFIED; behavior coverage by assurance receipts, not 330 blanket passes",Modular separation by family without parity regression; full behavior regression OPEN
positionPopover,1462,ea66b58ef122bf2f8ca23fd0aa9e461b07da11ea7390c451902e4b1592d396fd,c019ef8020b2aeb545d27b60bcf1804e0d529aabf54f518d367e5d6731912f63,"[""OTHER""]",FOUNDATION_REUSE,dist/foundation/accepted-runtime.js,291,True,Original implementation retained under one module mount,"SOURCE_PRESERVATION_VERIFIED; behavior coverage by assurance receipts, not 330 blanket passes",Modular separation by family without parity regression; full behavior regression OPEN
openBlockMenu,1464,ea66b58ef122bf2f8ca23fd0aa9e461b07da11ea7390c451902e4b1592d396fd,fcd6da2a2bc1699a70832e8d8191aafd011994ecc82f3f81394306d87d2c83ad,"[""UNIFIED_EDITOR_BLOCK""]",FAMILY_ENGINE,dist/foundation/accepted-runtime.js,293,True,Original implementation retained under one module mount,"SOURCE_PRESERVATION_VERIFIED; behavior coverage by assurance receipts, not 330 blanket passes",Modular separation by family without parity regression; full behavior regression OPEN
blockMenuHTML,1465,ea66b58ef122bf2f8ca23fd0aa9e461b07da11ea7390c451902e4b1592d396fd,430abb60fca7e8fbfc7fb81a85859543e29cce5024b6b2be859af48921c00b43,"[""UNIFIED_EDITOR_BLOCK""]",FAMILY_ENGINE,dist/foundation/accepted-runtime.js,294,True,Original implementation retained under one module mount,"SOURCE_PRESERVATION_VERIFIED; behavior coverage by assurance receipts, not 330 blanket passes",Modular separation by family without parity regression; full behavior regression OPEN
renderSurfaceSelection,1469,ea66b58ef122bf2f8ca23fd0aa9e461b07da11ea7390c451902e4b1592d396fd,6e0950b1e50c9d96052edf93ac906570acaf11c2a7ee11363d46491abe1effce,"[""SELECTION""]",FAMILY_ENGINE,dist/foundation/accepted-runtime.js,298,True,Original implementation retained under one module mount,"SOURCE_PRESERVATION_VERIFIED; behavior coverage by assurance receipts, not 330 blanket passes",Modular separation by family without parity regression; full behavior regression OPEN
blockSelection,1470,ea66b58ef122bf2f8ca23fd0aa9e461b07da11ea7390c451902e4b1592d396fd,374a7ebc128d55cdc1a7ed217ab672c8ed150d54a8bfc243b149b0ca12468d6a,"[""UNIFIED_EDITOR_BLOCK"", ""SELECTION""]",FAMILY_ENGINE,dist/foundation/accepted-runtime.js,299,True,Original implementation retained under one module mount,"SOURCE_PRESERVATION_VERIFIED; behavior coverage by assurance receipts, not 330 blanket passes",Modular separation by family without parity regression; full behavior regression OPEN
visibleBlockIds,1471,ea66b58ef122bf2f8ca23fd0aa9e461b07da11ea7390c451902e4b1592d396fd,dbd36c17b096d9288c63b2e438e389c0a68c7e312a39eba0097b30195771c834,"[""UNIFIED_EDITOR_BLOCK""]",FAMILY_ENGINE,dist/foundation/accepted-runtime.js,300,True,Original implementation retained under one module mount,"SOURCE_PRESERVATION_VERIFIED; behavior coverage by assurance receipts, not 330 blanket passes",Modular separation by family without parity regression; full behavior regression OPEN
orderedSelectedBlockIds,1472,ea66b58ef122bf2f8ca23fd0aa9e461b07da11ea7390c451902e4b1592d396fd,49129a42de51cdec8b6c5673ea5a7321628c7f20365e663972efdb950a0cf73a,"[""UNIFIED_EDITOR_BLOCK"", ""SELECTION""]",FAMILY_ENGINE,dist/foundation/accepted-runtime.js,301,True,Original implementation retained under one module mount,"SOURCE_PRESERVATION_VERIFIED; behavior coverage by assurance receipts, not 330 blanket passes",Modular separation by family without parity regression; full behavior regression OPEN
renderMultiBlockSelection,1473,ea66b58ef122bf2f8ca23fd0aa9e461b07da11ea7390c451902e4b1592d396fd,3e9bc18d257299857972f6cff8fb7dca6400b2d9871e1b011d394f34a02f3ce2,"[""UNIFIED_EDITOR_BLOCK"", ""SELECTION""]",FAMILY_ENGINE,dist/foundation/accepted-runtime.js,302,True,Original implementation retained under one module mount,"SOURCE_PRESERVATION_VERIFIED; behavior coverage by assurance receipts, not 330 blanket passes",Modular separation by family without parity regression; full behavior regression OPEN
clearMultiBlockSelection,1474,ea66b58ef122bf2f8ca23fd0aa9e461b07da11ea7390c451902e4b1592d396fd,8474868cfb425389c24f9b596fccedf1e6972c898720a4af8977c77bd2dbbc11,"[""UNIFIED_EDITOR_BLOCK"", ""SELECTION""]",FAMILY_ENGINE,dist/foundation/accepted-runtime.js,303,True,Original implementation retained under one module mount,"SOURCE_PRESERVATION_VERIFIED; behavior coverage by assurance receipts, not 330 blanket passes",Modular separation by family without parity regression; full behavior regression OPEN
setMultiBlockSelection,1475,ea66b58ef122bf2f8ca23fd0aa9e461b07da11ea7390c451902e4b1592d396fd,fe6fc9a05178a47ea1694a4ead0844f4f6111405ba26a2a380b559390ecd7f27,"[""UNIFIED_EDITOR_BLOCK"", ""SELECTION""]",FAMILY_ENGINE,dist/foundation/accepted-runtime.js,304,True,Original implementation retained under one module mount,"SOURCE_PRESERVATION_VERIFIED; behavior coverage by assurance receipts, not 330 blanket passes",Modular separation by family without parity regression; full behavior regression OPEN
multiBlockRange,1476,ea66b58ef122bf2f8ca23fd0aa9e461b07da11ea7390c451902e4b1592d396fd,051a94bad5fdf65c61808589a190fd73d4d6f0de810cace3b23aaf28e301c6a7,"[""UNIFIED_EDITOR_BLOCK"", ""SELECTION""]",FAMILY_ENGINE,dist/foundation/accepted-runtime.js,305,True,Original implementation retained under one module mount,"SOURCE_PRESERVATION_VERIFIED; behavior coverage by assurance receipts, not 330 blanket passes",Modular separation by family without parity regression; full behavior regression OPEN
handleMultiBlockClick,1477,ea66b58ef122bf2f8ca23fd0aa9e461b07da11ea7390c451902e4b1592d396fd,75ee7233a10cd36708203fa9df7e6d1281e077548599e9782cdbcc9a83019cc8,"[""UNIFIED_EDITOR_BLOCK""]",FAMILY_ENGINE,dist/foundation/accepted-runtime.js,306,True,Original implementation retained under one module mount,"SOURCE_PRESERVATION_VERIFIED; behavior coverage by assurance receipts, not 330 blanket passes",Modular separation by family without parity regression; full behavior regression OPEN
blockSelectionUnionRect,1478,ea66b58ef122bf2f8ca23fd0aa9e461b07da11ea7390c451902e4b1592d396fd,69cb5c0b15a1bb213e3a82d5dbe3df31175f51f5918ca77721d68d979abb7973,"[""UNIFIED_EDITOR_BLOCK"", ""SELECTION""]",FAMILY_ENGINE,dist/foundation/accepted-runtime.js,307,True,Original implementation retained under one module mount,"SOURCE_PRESERVATION_VERIFIED; behavior coverage by assurance receipts, not 330 blanket passes",Modular separation by family without parity regression; full behavior regression OPEN
renderBlockSelectionToolbar,1479,ea66b58ef122bf2f8ca23fd0aa9e461b07da11ea7390c451902e4b1592d396fd,c5ce8b4994c4bee4275e4fddf055d7fc6a3d68d0bd32ac11ce9538ce544ef6ac,"[""UNIFIED_EDITOR_BLOCK"", ""SELECTION""]",FAMILY_ENGINE,dist/foundation/accepted-runtime.js,308,True,Original implementation retained under one module mount,"SOURCE_PRESERVATION_VERIFIED; behavior coverage by assurance receipts, not 330 blanket passes",Modular separation by family without parity regression; full behavior regression OPEN
copyMultiBlockSelection,1480,ea66b58ef122bf2f8ca23fd0aa9e461b07da11ea7390c451902e4b1592d396fd,ab02c93f3a2e25a184b19b1844b1a4dafde29e324f9bc5e853f65cd4cd7380c0,"[""UNIFIED_EDITOR_BLOCK"", ""SELECTION"", ""CLIPBOARD""]",FAMILY_ENGINE,dist/foundation/accepted-runtime.js,309,True,Original implementation retained under one module mount,"SOURCE_PRESERVATION_VERIFIED; behavior coverage by assurance receipts, not 330 blanket passes",Modular separation by family without parity regression; full behavior regression OPEN
deleteMultiBlockSelectionNow,1481,ea66b58ef122bf2f8ca23fd0aa9e461b07da11ea7390c451902e4b1592d396fd,48ac4882bb444f0ee4abe72364df6c5c5907e9c9a146c65746624e83ac153653,"[""UNIFIED_EDITOR_BLOCK"", ""SELECTION""]",FAMILY_ENGINE,dist/foundation/accepted-runtime.js,310,True,Original implementation retained under one module mount,"SOURCE_PRESERVATION_VERIFIED; behavior coverage by assurance receipts, not 330 blanket passes",Modular separation by family without parity regression; full behavior regression OPEN
prune,1481,ea66b58ef122bf2f8ca23fd0aa9e461b07da11ea7390c451902e4b1592d396fd,48ac4882bb444f0ee4abe72364df6c5c5907e9c9a146c65746624e83ac153653,"[""OTHER""]",FOUNDATION_REUSE,dist/foundation/structured.js,300,True,Extracted/delegated to canonical Structured implementation,"SOURCE_PRESERVATION_VERIFIED; behavior coverage by assurance receipts, not 330 blanket passes",Modular separation by family without parity regression; full behavior regression OPEN
deleteMultiBlockSelection,1482,ea66b58ef122bf2f8ca23fd0aa9e461b07da11ea7390c451902e4b1592d396fd,471185dac339ab27fd74a810284daa6e5d340ffa49f6bd2cb3a99fb295ee5392,"[""UNIFIED_EDITOR_BLOCK"", ""SELECTION""]",FAMILY_ENGINE,dist/foundation/accepted-runtime.js,311,True,Original implementation retained under one module mount,"SOURCE_PRESERVATION_VERIFIED; behavior coverage by assurance receipts, not 330 blanket passes",Modular separation by family without parity regression; full behavior regression OPEN
multiBlockIntersection,1483,ea66b58ef122bf2f8ca23fd0aa9e461b07da11ea7390c451902e4b1592d396fd,787d2a99a17e64810c65b07ff0b564dfa7b925991ec159ea864c8a2f315b9e6d,"[""UNIFIED_EDITOR_BLOCK""]",FAMILY_ENGINE,dist/foundation/accepted-runtime.js,312,True,Original implementation retained under one module mount,"SOURCE_PRESERVATION_VERIFIED; behavior coverage by assurance receipts, not 330 blanket passes",Modular separation by family without parity regression; full behavior regression OPEN
marqueeSafeTarget,1484,ea66b58ef122bf2f8ca23fd0aa9e461b07da11ea7390c451902e4b1592d396fd,6a80a1eee2347fb8bba32e56b9602c2c45c8e9e41fadeb1858791b0d914b49df,"[""DRAG_POINTER""]",FOUNDATION_REUSE,dist/foundation/accepted-runtime.js,313,True,Original implementation retained under one module mount,"SOURCE_PRESERVATION_VERIFIED; behavior coverage by assurance receipts, not 330 blanket passes",Modular separation by family without parity regression; full behavior regression OPEN
startBlockMarquee,1485,ea66b58ef122bf2f8ca23fd0aa9e461b07da11ea7390c451902e4b1592d396fd,3ffc2c571227e8b30d223014eeedf1256dcdfe6621ecaaf09a365d4db9d93ae5,"[""UNIFIED_EDITOR_BLOCK"", ""DRAG_POINTER""]",FAMILY_ENGINE,dist/foundation/accepted-runtime.js,314,True,Original implementation retained under one module mount,"SOURCE_PRESERVATION_VERIFIED; behavior coverage by assurance receipts, not 330 blanket passes",Modular separation by family without parity regression; full behavior regression OPEN
updateBlockMarquee,1486,ea66b58ef122bf2f8ca23fd0aa9e461b07da11ea7390c451902e4b1592d396fd,8d02d614608ee395c9d92daeaffdc51d8fe643e9c3d8fcbe9029704241494c88,"[""UNIFIED_EDITOR_BLOCK"", ""DRAG_POINTER""]",FAMILY_ENGINE,dist/foundation/accepted-runtime.js,315,True,Original implementation retained under one module mount,"SOURCE_PRESERVATION_VERIFIED; behavior coverage by assurance receipts, not 330 blanket passes",Modular separation by family without parity regression; full behavior regression OPEN
finishBlockMarquee,1487,ea66b58ef122bf2f8ca23fd0aa9e461b07da11ea7390c451902e4b1592d396fd,7dd4b3a2fb297fd6cbb3355bf83899324d6b3d70eb20e1325b6e6e24c6029176,"[""UNIFIED_EDITOR_BLOCK"", ""DRAG_POINTER""]",FAMILY_ENGINE,dist/foundation/accepted-runtime.js,316,True,Original implementation retained under one module mount,"SOURCE_PRESERVATION_VERIFIED; behavior coverage by assurance receipts, not 330 blanket passes",Modular separation by family without parity regression; full behavior regression OPEN
closeBlockMenu,1489,ea66b58ef122bf2f8ca23fd0aa9e461b07da11ea7390c451902e4b1592d396fd,208bdcf25ba056cdd7b5207761c5766df9fa4ec0c8a42841519ffc4461b472e8,"[""UNIFIED_EDITOR_BLOCK""]",FAMILY_ENGINE,dist/foundation/accepted-runtime.js,318,True,Original implementation retained under one module mount,"SOURCE_PRESERVATION_VERIFIED; behavior coverage by assurance receipts, not 330 blanket passes",Modular separation by family without parity regression; full behavior regression OPEN
selectionContext,1491,ea66b58ef122bf2f8ca23fd0aa9e461b07da11ea7390c451902e4b1592d396fd,a87b3cf5615f4c7468e5631c9229dcf40cc716c785af68d69b5df34355b535e8,"[""CONTEXT_INSPECTOR"", ""SELECTION""]",FAMILY_ENGINE,dist/foundation/accepted-runtime.js,320,True,Original implementation retained under one module mount,"SOURCE_PRESERVATION_VERIFIED; behavior coverage by assurance receipts, not 330 blanket passes",Modular separation by family without parity regression; full behavior regression OPEN
selectionOffsets,1493,ea66b58ef122bf2f8ca23fd0aa9e461b07da11ea7390c451902e4b1592d396fd,0ce3dad7b5e747db433a8eb0d7c348d2327c6d1d7ed8f8ea1840dc69cf754abf,"[""SELECTION""]",FAMILY_ENGINE,dist/foundation/accepted-runtime.js,322,True,Original implementation retained under one module mount,"SOURCE_PRESERVATION_VERIFIED; behavior coverage by assurance receipts, not 330 blanket passes",Modular separation by family without parity regression; full behavior regression OPEN
wrapCapturedRange,1494,ea66b58ef122bf2f8ca23fd0aa9e461b07da11ea7390c451902e4b1592d396fd,b83f76fb54a50b972d88afdeaaa03bc89e589b87a47d385e26e2390ee43a7158,"[""SELECTION""]",FAMILY_ENGINE,dist/foundation/accepted-runtime.js,323,True,Original implementation retained under one module mount,"SOURCE_PRESERVATION_VERIFIED; behavior coverage by assurance receipts, not 330 blanket passes",Modular separation by family without parity regression; full behavior regression OPEN
unwrapNode,1495,ea66b58ef122bf2f8ca23fd0aa9e461b07da11ea7390c451902e4b1592d396fd,750577dbb5f82611e4bf189cbf38151f79525dfe7b6ce82e0239842200d14a7e,"[""OTHER""]",FOUNDATION_REUSE,dist/foundation/accepted-runtime.js,324,True,Original implementation retained under one module mount,"SOURCE_PRESERVATION_VERIFIED; behavior coverage by assurance receipts, not 330 blanket passes",Modular separation by family without parity regression; full behavior regression OPEN
clearFormattingInRange,1496,ea66b58ef122bf2f8ca23fd0aa9e461b07da11ea7390c451902e4b1592d396fd,c1185a01425c2b4be86cfd8f0ebe98c1d2aa33d137aa4d0b85d6fea868570451,"[""SELECTION""]",FAMILY_ENGINE,dist/foundation/accepted-runtime.js,325,True,Original implementation retained under one module mount,"SOURCE_PRESERVATION_VERIFIED; behavior coverage by assurance receipts, not 330 blanket passes",Modular separation by family without parity regression; full behavior regression OPEN
replaceCodeAnnotationRange,1497,ea66b58ef122bf2f8ca23fd0aa9e461b07da11ea7390c451902e4b1592d396fd,0b3268da70fe8f23190aec308cb5acaf6914341901cff24e70547c64608d194c,"[""SELECTION"", ""CODE""]",FAMILY_ENGINE,dist/foundation/accepted-runtime.js,326,True,Original implementation retained under one module mount,"SOURCE_PRESERVATION_VERIFIED; behavior coverage by assurance receipts, not 330 blanket passes",Modular separation by family without parity regression; full behavior regression OPEN
restoreCodeSelectionAfterRender,1498,ea66b58ef122bf2f8ca23fd0aa9e461b07da11ea7390c451902e4b1592d396fd,5fb07bba9f8d15fdf4b1a984b38af577d9a8f1eb9dd3543f20ea5c729fa0f3a0,"[""SELECTION"", ""CODE""]",FAMILY_ENGINE,dist/foundation/accepted-runtime.js,327,True,Original implementation retained under one module mount,"SOURCE_PRESERVATION_VERIFIED; behavior coverage by assurance receipts, not 330 blanket passes",Modular separation by family without parity regression; full behavior regression OPEN
applyCodeAnnotation,1499,ea66b58ef122bf2f8ca23fd0aa9e461b07da11ea7390c451902e4b1592d396fd,6fdfc2af951426baa7a12100278edb94739d624e231fea90be519b6057022cdc,"[""CODE""]",FAMILY_ENGINE,dist/foundation/accepted-runtime.js,328,True,Original implementation retained under one module mount,"SOURCE_PRESERVATION_VERIFIED; behavior coverage by assurance receipts, not 330 blanket passes",Modular separation by family without parity regression; full behavior regression OPEN
colorSwatches,1500,ea66b58ef122bf2f8ca23fd0aa9e461b07da11ea7390c451902e4b1592d396fd,3a3d6c896271f1c04f87ad0f3477b775a2d26e8d1f342e793fb41bb38896412e,"[""OTHER""]",FOUNDATION_REUSE,dist/foundation/accepted-runtime.js,329,True,Original implementation retained under one module mount,"SOURCE_PRESERVATION_VERIFIED; behavior coverage by assurance receipts, not 330 blanket passes",Modular separation by family without parity regression; full behavior regression OPEN
renderSelectionToolbarButtons,1501,ea66b58ef122bf2f8ca23fd0aa9e461b07da11ea7390c451902e4b1592d396fd,71acaa098b34009bb31a8c7eeab4efc676051e1a059595d488b1c3dea60ec293,"[""SELECTION""]",FAMILY_ENGINE,dist/foundation/accepted-runtime.js,330,True,Original implementation retained under one module mount,"SOURCE_PRESERVATION_VERIFIED; behavior coverage by assurance receipts, not 330 blanket passes",Modular separation by family without parity regression; full behavior regression OPEN
refreshSelectionToolbarState,1503,ea66b58ef122bf2f8ca23fd0aa9e461b07da11ea7390c451902e4b1592d396fd,341992a53fa23228251fe746212a9dc110352b6145efbe1584012bb7b1074250,"[""SELECTION""]",FAMILY_ENGINE,dist/foundation/accepted-runtime.js,332,True,Original implementation retained under one module mount,"SOURCE_PRESERVATION_VERIFIED; behavior coverage by assurance receipts, not 330 blanket passes",Modular separation by family without parity regression; full behavior regression OPEN
updateSelectionToolbar,1505,ea66b58ef122bf2f8ca23fd0aa9e461b07da11ea7390c451902e4b1592d396fd,201c09fa7a11bf2cc33f65e1fe7aa4ba0a486ac03be561454936ab40903bc164,"[""SELECTION""]",FAMILY_ENGINE,dist/foundation/accepted-runtime.js,334,True,Original implementation retained under one module mount,"SOURCE_PRESERVATION_VERIFIED; behavior coverage by assurance receipts, not 330 blanket passes",Modular separation by family without parity regression; full behavior regression OPEN
positionSelectionBar,1506,ea66b58ef122bf2f8ca23fd0aa9e461b07da11ea7390c451902e4b1592d396fd,9bd1f7dbb1fe4dfd821d8f9b53bca0feedd63a5270fed81ca2cf3086a4e4b345,"[""SELECTION""]",FAMILY_ENGINE,dist/foundation/accepted-runtime.js,335,True,Original implementation retained under one module mount,"SOURCE_PRESERVATION_VERIFIED; behavior coverage by assurance receipts, not 330 blanket passes",Modular separation by family without parity regression; full behavior regression OPEN
restoreCapturedSelection,1507,ea66b58ef122bf2f8ca23fd0aa9e461b07da11ea7390c451902e4b1592d396fd,08482c342faf60089c884ef288fbdb9408770285833c0110ed6adc6f6733469b,"[""SELECTION""]",FAMILY_ENGINE,dist/foundation/accepted-runtime.js,336,True,Original implementation retained under one module mount,"SOURCE_PRESERVATION_VERIFIED; behavior coverage by assurance receipts, not 330 blanket passes",Modular separation by family without parity regression; full behavior regression OPEN
copySelectionText,1508,ea66b58ef122bf2f8ca23fd0aa9e461b07da11ea7390c451902e4b1592d396fd,bb1a8f1b98dc11cbdd5494a17ae0cd65972f9af736550529734f788186aff490,"[""SELECTION"", ""CLIPBOARD""]",FAMILY_ENGINE,dist/foundation/accepted-runtime.js,337,True,Original implementation retained under one module mount,"SOURCE_PRESERVATION_VERIFIED; behavior coverage by assurance receipts, not 330 blanket passes",Modular separation by family without parity regression; full behavior regression OPEN
openSelectionBlockMenu,1509,ea66b58ef122bf2f8ca23fd0aa9e461b07da11ea7390c451902e4b1592d396fd,380f60f1e5fdff26a394d6f8ce154402864586a72c4210c77316a7326810218a,"[""UNIFIED_EDITOR_BLOCK"", ""SELECTION""]",FAMILY_ENGINE,dist/foundation/accepted-runtime.js,338,True,Original implementation retained under one module mount,"SOURCE_PRESERVATION_VERIFIED; behavior coverage by assurance receipts, not 330 blanket passes",Modular separation by family without parity regression; full behavior regression OPEN
openInlineTarget,1510,ea66b58ef122bf2f8ca23fd0aa9e461b07da11ea7390c451902e4b1592d396fd,8dc7bdfbedbb5222d0c7e85fad3c89ad83f5009a4f799b5b1f5645277453da31,"[""SELECTION""]",FAMILY_ENGINE,dist/foundation/accepted-runtime.js,339,True,Original implementation retained under one module mount,"SOURCE_PRESERVATION_VERIFIED; behavior coverage by assurance receipts, not 330 blanket passes",Modular separation by family without parity regression; full behavior regression OPEN
closeInlineTarget,1511,ea66b58ef122bf2f8ca23fd0aa9e461b07da11ea7390c451902e4b1592d396fd,6e7fb60fa5c7edc5dd5c313cffb2812fdc267b61ff652dbac5aac2bc5be5d088,"[""SELECTION""]",FAMILY_ENGINE,dist/foundation/accepted-runtime.js,340,True,Original implementation retained under one module mount,"SOURCE_PRESERVATION_VERIFIED; behavior coverage by assurance receipts, not 330 blanket passes",Modular separation by family without parity regression; full behavior regression OPEN
applyInlineTarget,1512,ea66b58ef122bf2f8ca23fd0aa9e461b07da11ea7390c451902e4b1592d396fd,0d02578bfdc64f1cda1e1729aee05890f3c1f8f9b78cca01472a9e437b127263,"[""SELECTION""]",FAMILY_ENGINE,dist/foundation/accepted-runtime.js,341,True,Original implementation retained under one module mount,"SOURCE_PRESERVATION_VERIFIED; behavior coverage by assurance receipts, not 330 blanket passes",Modular separation by family without parity regression; full behavior regression OPEN
applyInline,1513,ea66b58ef122bf2f8ca23fd0aa9e461b07da11ea7390c451902e4b1592d396fd,0f451742cf26222be85e92e958164f331ff7c3cfd3d28aa0483d118d58c757cd,"[""SELECTION""]",FAMILY_ENGINE,dist/foundation/accepted-runtime.js,342,True,Original implementation retained under one module mount,"SOURCE_PRESERVATION_VERIFIED; behavior coverage by assurance receipts, not 330 blanket passes",Modular separation by family without parity regression; full behavior regression OPEN
renderStructureTree,1515,ea66b58ef122bf2f8ca23fd0aa9e461b07da11ea7390c451902e4b1592d396fd,dd09f7cbd0629492ed03da07b6a3bc593a23718b5818e7e947d599d8b5ac74ec,"[""OTHER""]",FOUNDATION_REUSE,dist/foundation/accepted-runtime.js,344,True,Original implementation retained under one module mount,"SOURCE_PRESERVATION_VERIFIED; behavior coverage by assurance receipts, not 330 blanket passes",Modular separation by family without parity regression; full behavior regression OPEN
renderStructure,1518,ea66b58ef122bf2f8ca23fd0aa9e461b07da11ea7390c451902e4b1592d396fd,1e399d06ba20703665abee1dd4df31b7ee4f57ef4b1c4e99c4adc4fe2c5a2435,"[""OTHER""]",FOUNDATION_REUSE,dist/foundation/accepted-runtime.js,347,True,Original implementation retained under one module mount,"SOURCE_PRESERVATION_VERIFIED; behavior coverage by assurance receipts, not 330 blanket passes",Modular separation by family without parity regression; full behavior regression OPEN
syncLibraryControls,1519,ea66b58ef122bf2f8ca23fd0aa9e461b07da11ea7390c451902e4b1592d396fd,32b1f694455061ef0748d64270b6ebfa488bb436f40f03f5a806ddce262167cf,"[""OTHER""]",FOUNDATION_REUSE,dist/foundation/accepted-runtime.js,348,True,Original implementation retained under one module mount,"SOURCE_PRESERVATION_VERIFIED; behavior coverage by assurance receipts, not 330 blanket passes",Modular separation by family without parity regression; full behavior regression OPEN
treeContainsMatch,1520,ea66b58ef122bf2f8ca23fd0aa9e461b07da11ea7390c451902e4b1592d396fd,ed6ab34b07cc23b41c4f1c73f4206f21b0bfae19112d2802ac87bd58f6042bcd,"[""OTHER""]",FOUNDATION_REUSE,dist/foundation/accepted-runtime.js,349,True,Original implementation retained under one module mount,"SOURCE_PRESERVATION_VERIFIED; behavior coverage by assurance receipts, not 330 blanket passes",Modular separation by family without parity regression; full behavior regression OPEN
renderTreeNode,1521,ea66b58ef122bf2f8ca23fd0aa9e461b07da11ea7390c451902e4b1592d396fd,4cc165d2ec16588390d669af174080e4c6624db85c9296289115b227975867a0,"[""OTHER""]",FOUNDATION_REUSE,dist/foundation/accepted-runtime.js,350,True,Original implementation retained under one module mount,"SOURCE_PRESERVATION_VERIFIED; behavior coverage by assurance receipts, not 330 blanket passes",Modular separation by family without parity regression; full behavior regression OPEN
highlight,1522,ea66b58ef122bf2f8ca23fd0aa9e461b07da11ea7390c451902e4b1592d396fd,b528e4b0ef70b6b04bffbcf2e217d9c6a03062e1c09e1f27402246344704f2d4,"[""OTHER""]",FOUNDATION_REUSE,dist/foundation/accepted-runtime.js,351,True,Original implementation retained under one module mount,"SOURCE_PRESERVATION_VERIFIED; behavior coverage by assurance receipts, not 330 blanket passes",Modular separation by family without parity regression; full behavior regression OPEN
findTreeNode,1523,ea66b58ef122bf2f8ca23fd0aa9e461b07da11ea7390c451902e4b1592d396fd,711d596b5780563f5877a6d5926dfcffffcb4065355066b19d289a1eec095363,"[""OTHER""]",FOUNDATION_REUSE,dist/foundation/accepted-runtime.js,352,True,Original implementation retained under one module mount,"SOURCE_PRESERVATION_VERIFIED; behavior coverage by assurance receipts, not 330 blanket passes",Modular separation by family without parity regression; full behavior regression OPEN
findTreePathByKu,1524,ea66b58ef122bf2f8ca23fd0aa9e461b07da11ea7390c451902e4b1592d396fd,5c55b70157aeca7d1426a8049e34b9385ea6aab2059814d661b9c4676321e371,"[""OTHER""]",DOMAIN_ONLY,dist/foundation/accepted-runtime.js,353,True,Original implementation retained under one module mount,"SOURCE_PRESERVATION_VERIFIED; behavior coverage by assurance receipts, not 330 blanket passes",Modular separation by family without parity regression; full behavior regression OPEN
switchKU,1525,ea66b58ef122bf2f8ca23fd0aa9e461b07da11ea7390c451902e4b1592d396fd,44f8f3ddfca8fc5f95a130c7288a4939691168c541b7f514b131af55e6305fbb,"[""OTHER""]",DOMAIN_ONLY,dist/foundation/accepted-runtime.js,354,True,Original implementation retained under one module mount,"SOURCE_PRESERVATION_VERIFIED; behavior coverage by assurance receipts, not 330 blanket passes",Modular separation by family without parity regression; full behavior regression OPEN
syncFixtureHeader,1526,ea66b58ef122bf2f8ca23fd0aa9e461b07da11ea7390c451902e4b1592d396fd,12fccb93128c43cc8fd87917d3881fae0a460139c157d07bc8459613191dbd2a,"[""OTHER""]",DOMAIN_ONLY,dist/foundation/accepted-runtime.js,355,True,Original implementation retained under one module mount,"SOURCE_PRESERVATION_VERIFIED; behavior coverage by assurance receipts, not 330 blanket passes",Modular separation by family without parity regression; full behavior regression OPEN
visibleTreeItems,1527,ea66b58ef122bf2f8ca23fd0aa9e461b07da11ea7390c451902e4b1592d396fd,8e0f872cc6fe09ac20c56dee9a13833d7f37aa697b618a9bee30903c498664f4,"[""OTHER""]",FOUNDATION_REUSE,dist/foundation/accepted-runtime.js,356,True,Original implementation retained under one module mount,"SOURCE_PRESERVATION_VERIFIED; behavior coverage by assurance receipts, not 330 blanket passes",Modular separation by family without parity regression; full behavior regression OPEN
treeKeydown,1528,ea66b58ef122bf2f8ca23fd0aa9e461b07da11ea7390c451902e4b1592d396fd,5d4b192bd742f13864095d22e18bb3326c9a6a5badee4e31f1393bf8366dbd94,"[""OTHER""]",FOUNDATION_REUSE,dist/foundation/accepted-runtime.js,357,True,Original implementation retained under one module mount,"SOURCE_PRESERVATION_VERIFIED; behavior coverage by assurance receipts, not 330 blanket passes",Modular separation by family without parity regression; full behavior regression OPEN
contextBlockId,1531,ea66b58ef122bf2f8ca23fd0aa9e461b07da11ea7390c451902e4b1592d396fd,288c4c23d6324914fb6d892d15606a1730639efe24df3359ed2632f33e0c16cc,"[""CONTEXT_INSPECTOR"", ""UNIFIED_EDITOR_BLOCK""]",FAMILY_ENGINE,dist/foundation/accepted-runtime.js,360,True,Original implementation retained under one module mount,"SOURCE_PRESERVATION_VERIFIED; behavior coverage by assurance receipts, not 330 blanket passes",Modular separation by family without parity regression; full behavior regression OPEN
syncContextScopeButtons,1532,ea66b58ef122bf2f8ca23fd0aa9e461b07da11ea7390c451902e4b1592d396fd,362d1b67331b4c83de0770bb5d12926b2b8b43ff6d5befe8b30bf0485ca5a2cf,"[""CONTEXT_INSPECTOR""]",FOUNDATION_REUSE,dist/foundation/accepted-runtime.js,361,True,Original implementation retained under one module mount,"SOURCE_PRESERVATION_VERIFIED; behavior coverage by assurance receipts, not 330 blanket passes",Modular separation by family without parity regression; full behavior regression OPEN
renderContextLenses,1534,ea66b58ef122bf2f8ca23fd0aa9e461b07da11ea7390c451902e4b1592d396fd,586287061a66b5abeb9d6e2e40830419572ea5d828ec261d56d61cdb73e7a49d,"[""CONTEXT_INSPECTOR""]",FOUNDATION_REUSE,dist/foundation/accepted-runtime.js,363,True,Original implementation retained under one module mount,"SOURCE_PRESERVATION_VERIFIED; behavior coverage by assurance receipts, not 330 blanket passes",Modular separation by family without parity regression; full behavior regression OPEN
contextTarget,1535,ea66b58ef122bf2f8ca23fd0aa9e461b07da11ea7390c451902e4b1592d396fd,809412ddc1c39d2185049682289200e1367270fadb6febff17cc3661c4e05046,"[""CONTEXT_INSPECTOR""]",FOUNDATION_REUSE,dist/foundation/accepted-runtime.js,364,True,Original implementation retained under one module mount,"SOURCE_PRESERVATION_VERIFIED; behavior coverage by assurance receipts, not 330 blanket passes",Modular separation by family without parity regression; full behavior regression OPEN
inspectReadBlock,1537,ea66b58ef122bf2f8ca23fd0aa9e461b07da11ea7390c451902e4b1592d396fd,e9337cf070f7ca1ac54082b0cd9f341d7dc2dddbfae9657870a5c18c4d2d6725,"[""UNIFIED_EDITOR_BLOCK""]",FAMILY_ENGINE,dist/foundation/accepted-runtime.js,366,True,Original implementation retained under one module mount,"SOURCE_PRESERVATION_VERIFIED; behavior coverage by assurance receipts, not 330 blanket passes",Modular separation by family without parity regression; full behavior regression OPEN
readerBlockMenuHTML,1538,ea66b58ef122bf2f8ca23fd0aa9e461b07da11ea7390c451902e4b1592d396fd,07853b66f19ce1842a50e70e8fc31a129527ba41c6b6077a59f099042b5535b1,"[""UNIFIED_EDITOR_BLOCK""]",FAMILY_ENGINE,dist/foundation/accepted-runtime.js,367,True,Original implementation retained under one module mount,"SOURCE_PRESERVATION_VERIFIED; behavior coverage by assurance receipts, not 330 blanket passes",Modular separation by family without parity regression; full behavior regression OPEN
openReaderBlockMenu,1539,ea66b58ef122bf2f8ca23fd0aa9e461b07da11ea7390c451902e4b1592d396fd,24f4b484c84bdc1c479f8c08196e716684239f6ea8c638a9753a3ceeef2ec47b,"[""UNIFIED_EDITOR_BLOCK""]",FAMILY_ENGINE,dist/foundation/accepted-runtime.js,368,True,Original implementation retained under one module mount,"SOURCE_PRESERVATION_VERIFIED; behavior coverage by assurance receipts, not 330 blanket passes",Modular separation by family without parity regression; full behavior regression OPEN
bindReaderReference,1540,ea66b58ef122bf2f8ca23fd0aa9e461b07da11ea7390c451902e4b1592d396fd,6224bd8385ffe888663942906bf188530f95b2a3a10052be928b99f67c14127c,"[""CONTEXT_INSPECTOR""]",FOUNDATION_REUSE,dist/foundation/accepted-runtime.js,369,True,Original implementation retained under one module mount,"SOURCE_PRESERVATION_VERIFIED; behavior coverage by assurance receipts, not 330 blanket passes",Modular separation by family without parity regression; full behavior regression OPEN
unlinkReaderReference,1541,ea66b58ef122bf2f8ca23fd0aa9e461b07da11ea7390c451902e4b1592d396fd,5a1798eea183b26191bca8eb81946fe33f1a25b517a9769039e6db684b12f2f3,"[""CONTEXT_INSPECTOR""]",FOUNDATION_REUSE,dist/foundation/accepted-runtime.js,370,True,Original implementation retained under one module mount,"SOURCE_PRESERVATION_VERIFIED; behavior coverage by assurance receipts, not 330 blanket passes",Modular separation by family without parity regression; full behavior regression OPEN
renderInspector,1543,ea66b58ef122bf2f8ca23fd0aa9e461b07da11ea7390c451902e4b1592d396fd,ec995ace96566acf3631137cb66d8ccba5aacdad159d817e66df4a6cebca5a8b,"[""CONTEXT_INSPECTOR""]",FOUNDATION_REUSE,dist/foundation/accepted-runtime.js,372,True,Original implementation retained under one module mount,"SOURCE_PRESERVATION_VERIFIED; behavior coverage by assurance receipts, not 330 blanket passes",Modular separation by family without parity regression; full behavior regression OPEN
lensTitle,1545,ea66b58ef122bf2f8ca23fd0aa9e461b07da11ea7390c451902e4b1592d396fd,183c4b5cff7e2cb81430e13585a0fd93b57f968c718c47d412954b6d1d875078,"[""CONTEXT_INSPECTOR""]",FOUNDATION_REUSE,dist/foundation/accepted-runtime.js,374,True,Original implementation retained under one module mount,"SOURCE_PRESERVATION_VERIFIED; behavior coverage by assurance receipts, not 330 blanket passes",Modular separation by family without parity regression; full behavior regression OPEN
overviewLens,1546,ea66b58ef122bf2f8ca23fd0aa9e461b07da11ea7390c451902e4b1592d396fd,0c8e1bb6cf09996148bc12497926f3e35188b6c27b7198df2cc0a4a36606c71f,"[""CONTEXT_INSPECTOR""]",DOMAIN_ONLY,dist/foundation/accepted-runtime.js,375,True,Original implementation retained under one module mount,"SOURCE_PRESERVATION_VERIFIED; behavior coverage by assurance receipts, not 330 blanket passes",Modular separation by family without parity regression; full behavior regression OPEN
arrayLens,1548,ea66b58ef122bf2f8ca23fd0aa9e461b07da11ea7390c451902e4b1592d396fd,642badd5b89d37528cab9bccbbe0d6e7562aee59371cef2608a02651b2f12de8,"[""CONTEXT_INSPECTOR""]",FOUNDATION_REUSE,dist/foundation/accepted-runtime.js,377,True,Original implementation retained under one module mount,"SOURCE_PRESERVATION_VERIFIED; behavior coverage by assurance receipts, not 330 blanket passes",Modular separation by family without parity regression; full behavior regression OPEN
sourceLens,1549,ea66b58ef122bf2f8ca23fd0aa9e461b07da11ea7390c451902e4b1592d396fd,5c95e9e411c5147b87a1cfad9090a0f14c9fc57be9a3e34668706bd7b7ee1110,"[""CONTEXT_INSPECTOR""]",DOMAIN_ONLY,dist/foundation/accepted-runtime.js,378,True,Original implementation retained under one module mount,"SOURCE_PRESERVATION_VERIFIED; behavior coverage by assurance receipts, not 330 blanket passes",Modular separation by family without parity regression; full behavior regression OPEN
relationLens,1550,ea66b58ef122bf2f8ca23fd0aa9e461b07da11ea7390c451902e4b1592d396fd,81866342ee07a4c8b4d1e4e940db2ed28bbf6f63831c542955ea48f0a79e727c,"[""CONTEXT_INSPECTOR""]",DOMAIN_ONLY,dist/foundation/accepted-runtime.js,379,True,Original implementation retained under one module mount,"SOURCE_PRESERVATION_VERIFIED; behavior coverage by assurance receipts, not 330 blanket passes",Modular separation by family without parity regression; full behavior regression OPEN
labLens,1551,ea66b58ef122bf2f8ca23fd0aa9e461b07da11ea7390c451902e4b1592d396fd,6915c4f91cd8631ffe6ca8c22aada32f2add658c4e1c3e72d0cb2f25906b62ec,"[""CONTEXT_INSPECTOR""]",DOMAIN_ONLY,dist/foundation/accepted-runtime.js,380,True,Original implementation retained under one module mount,"SOURCE_PRESERVATION_VERIFIED; behavior coverage by assurance receipts, not 330 blanket passes",Modular separation by family without parity regression; full behavior regression OPEN
projectLens,1552,ea66b58ef122bf2f8ca23fd0aa9e461b07da11ea7390c451902e4b1592d396fd,bfc6ee64739e2e952d303ef08714b8c2f32e7cea127c98966253a59798ccf957,"[""CONTEXT_INSPECTOR""]",DOMAIN_ONLY,dist/foundation/accepted-runtime.js,381,True,Original implementation retained under one module mount,"SOURCE_PRESERVATION_VERIFIED; behavior coverage by assurance receipts, not 330 blanket passes",Modular separation by family without parity regression; full behavior regression OPEN
evidenceLens,1555,ea66b58ef122bf2f8ca23fd0aa9e461b07da11ea7390c451902e4b1592d396fd,9b2a30b7e9ebd1473638f3068f027f12ce930e252b5aa1ad72ffac83db825e4a,"[""CONTEXT_INSPECTOR""]",DOMAIN_ONLY,dist/foundation/accepted-runtime.js,384,True,Original implementation retained under one module mount,"SOURCE_PRESERVATION_VERIFIED; behavior coverage by assurance receipts, not 330 blanket passes",Modular separation by family without parity regression; full behavior regression OPEN
relatedNotes,1556,ea66b58ef122bf2f8ca23fd0aa9e461b07da11ea7390c451902e4b1592d396fd,435c7e5562389e386931720429d43471f857a01506188bae3a5f68081b349ee2,"[""NOTES_STICKY""]",FAMILY_ENGINE,dist/foundation/accepted-runtime.js,385,True,Original implementation retained under one module mount,"SOURCE_PRESERVATION_VERIFIED; behavior coverage by assurance receipts, not 330 blanket passes",Modular separation by family without parity regression; full behavior regression OPEN
notesLens,1557,ea66b58ef122bf2f8ca23fd0aa9e461b07da11ea7390c451902e4b1592d396fd,64905fa46e3dc0174c20c2802166fcdffe9995c15a937ece47f3fa94b66e736f,"[""CONTEXT_INSPECTOR"", ""NOTES_STICKY""]",FAMILY_ENGINE,dist/foundation/accepted-runtime.js,386,True,Original implementation retained under one module mount,"SOURCE_PRESERVATION_VERIFIED; behavior coverage by assurance receipts, not 330 blanket passes",Modular separation by family without parity regression; full behavior regression OPEN
historyLens,1559,ea66b58ef122bf2f8ca23fd0aa9e461b07da11ea7390c451902e4b1592d396fd,6bc49a09a97fbc1898f6aee251e2396145420f1561c0c2147acca21abe1d0645,"[""CONTEXT_INSPECTOR"", ""HISTORY_RECOVERY""]",FAMILY_ENGINE,dist/foundation/accepted-runtime.js,388,True,Original implementation retained under one module mount,"SOURCE_PRESERVATION_VERIFIED; behavior coverage by assurance receipts, not 330 blanket passes",Modular separation by family without parity regression; full behavior regression OPEN
createNote,1560,ea66b58ef122bf2f8ca23fd0aa9e461b07da11ea7390c451902e4b1592d396fd,74ede3849c156dc1c90eec862aa6879c123ff0f749b8dbd36f8e0850b191a85a,"[""NOTES_STICKY""]",PRESERVE_AND_IMPROVE,dist/foundation/accepted-runtime.js,389,True,Extension seam / shared preference or command delegation,"SOURCE_PRESERVATION_VERIFIED; behavior coverage by assurance receipts, not 330 blanket passes",Modular separation by family without parity regression; full behavior regression OPEN
renderNotes,1562,ea66b58ef122bf2f8ca23fd0aa9e461b07da11ea7390c451902e4b1592d396fd,cd07a7e84ae2b1de35015a385393eddb76a94ea5197cd7d58c457185e5ef83f6,"[""NOTES_STICKY""]",FAMILY_ENGINE,dist/foundation/accepted-runtime.js,391,True,Original implementation retained under one module mount,"SOURCE_PRESERVATION_VERIFIED; behavior coverage by assurance receipts, not 330 blanket passes",Modular separation by family without parity regression; full behavior regression OPEN
renderNoteWindow,1563,ea66b58ef122bf2f8ca23fd0aa9e461b07da11ea7390c451902e4b1592d396fd,bcded2201e42d35d777144898a2181c4c5f2e93e30c56eba9d7eba592a675833,"[""NOTES_STICKY""]",FAMILY_ENGINE,dist/foundation/accepted-runtime.js,392,True,Original implementation retained under one module mount,"SOURCE_PRESERVATION_VERIFIED; behavior coverage by assurance receipts, not 330 blanket passes",Modular separation by family without parity regression; full behavior regression OPEN
updateNoteStatus,1564,ea66b58ef122bf2f8ca23fd0aa9e461b07da11ea7390c451902e4b1592d396fd,02759d1ef9ef9938d8674e8e52793a3159b58f8b084e1043fb549a70d66fcc54,"[""NOTES_STICKY""]",FAMILY_ENGINE,dist/foundation/accepted-runtime.js,393,True,Original implementation retained under one module mount,"SOURCE_PRESERVATION_VERIFIED; behavior coverage by assurance receipts, not 330 blanket passes",Modular separation by family without parity regression; full behavior regression OPEN
openNote,1565,ea66b58ef122bf2f8ca23fd0aa9e461b07da11ea7390c451902e4b1592d396fd,1706a9cda4243fd7568cc6003470eddd65f7f46cc193f42b58b1ba6b540b788a,"[""NOTES_STICKY""]",FAMILY_ENGINE,dist/foundation/accepted-runtime.js,394,True,Original implementation retained under one module mount,"SOURCE_PRESERVATION_VERIFIED; behavior coverage by assurance receipts, not 330 blanket passes",Modular separation by family without parity regression; full behavior regression OPEN
togglePin,1566,ea66b58ef122bf2f8ca23fd0aa9e461b07da11ea7390c451902e4b1592d396fd,c7877a5728ab8a05713d570f3b00b58eb6e62d27f4603467732da3551b879ccd,"[""UNIFIED_EDITOR_BLOCK""]",FAMILY_ENGINE,dist/foundation/accepted-runtime.js,395,True,Original implementation retained under one module mount,"SOURCE_PRESERVATION_VERIFIED; behavior coverage by assurance receipts, not 330 blanket passes",Modular separation by family without parity regression; full behavior regression OPEN
requestNoteClose,1567,ea66b58ef122bf2f8ca23fd0aa9e461b07da11ea7390c451902e4b1592d396fd,852847a94554f8c3397891492127e0f0c8206f3ac5b0260883a67f551f0b0b65,"[""NOTES_STICKY""]",FAMILY_ENGINE,dist/foundation/accepted-runtime.js,396,True,Original implementation retained under one module mount,"SOURCE_PRESERVATION_VERIFIED; behavior coverage by assurance receipts, not 330 blanket passes",Modular separation by family without parity regression; full behavior regression OPEN
closeNoteWith,1568,ea66b58ef122bf2f8ca23fd0aa9e461b07da11ea7390c451902e4b1592d396fd,a5c7fdaba9f2f07fa354fb2f1234c004c0f6d72074d54733d367396c0f576697,"[""NOTES_STICKY""]",FAMILY_ENGINE,dist/foundation/accepted-runtime.js,397,True,Original implementation retained under one module mount,"SOURCE_PRESERVATION_VERIFIED; behavior coverage by assurance receipts, not 330 blanket passes",Modular separation by family without parity regression; full behavior regression OPEN
popoutNote,1569,ea66b58ef122bf2f8ca23fd0aa9e461b07da11ea7390c451902e4b1592d396fd,f63c1241ad574ed2b0a43fb3d849982b90c1b5b39b54c44aac75cf2a04b3b6c2,"[""NOTES_STICKY""]",FAMILY_ENGINE,dist/foundation/accepted-runtime.js,398,True,Original implementation retained under one module mount,"SOURCE_PRESERVATION_VERIFIED; behavior coverage by assurance receipts, not 330 blanket passes",Modular separation by family without parity regression; full behavior regression OPEN
clampNote,1570,ea66b58ef122bf2f8ca23fd0aa9e461b07da11ea7390c451902e4b1592d396fd,696299b2bd7e68f38d48c18fcb446183c0366a16939ca13f35804bccb209765f,"[""NOTES_STICKY"", ""RESPONSIVE""]",FAMILY_ENGINE,dist/foundation/accepted-runtime.js,399,True,Original implementation retained under one module mount,"SOURCE_PRESERVATION_VERIFIED; behavior coverage by assurance receipts, not 330 blanket passes",Modular separation by family without parity regression; full behavior regression OPEN
noteKeyboardAdjust,1571,ea66b58ef122bf2f8ca23fd0aa9e461b07da11ea7390c451902e4b1592d396fd,0a5a31bf9d98b4c3fa9c8fc13103a22937aa4b5778ab73f618287bb0d633b4cc,"[""NOTES_STICKY""]",FAMILY_ENGINE,dist/foundation/accepted-runtime.js,400,True,Original implementation retained under one module mount,"SOURCE_PRESERVATION_VERIFIED; behavior coverage by assurance receipts, not 330 blanket passes",Modular separation by family without parity regression; full behavior regression OPEN
mirror,1585,ea66b58ef122bf2f8ca23fd0aa9e461b07da11ea7390c451902e4b1592d396fd,e17935fb9b6970f9c1fa565432c4b8bde5ed285b8635ef22b4a373ff31effb8f,"[""OTHER""]",FOUNDATION_REUSE,dist/foundation/accepted-runtime.js,414,True,Original implementation retained under one module mount,"SOURCE_PRESERVATION_VERIFIED; behavior coverage by assurance receipts, not 330 blanket passes",Modular separation by family without parity regression; full behavior regression OPEN
preferenceSnapshot,1598,ea66b58ef122bf2f8ca23fd0aa9e461b07da11ea7390c451902e4b1592d396fd,b8c3255d40263f8b8d321325a19da58cd07f7e95dbefda9139565a64fa723fa8,"[""CONTEXT_INSPECTOR"", ""PREFERENCES_SETTINGS""]",FOUNDATION_REUSE,dist/foundation/accepted-runtime.js,427,True,Original implementation retained under one module mount,"SOURCE_PRESERVATION_VERIFIED; behavior coverage by assurance receipts, not 330 blanket passes",Modular separation by family without parity regression; full behavior regression OPEN
applyPreferenceSnapshot,1599,ea66b58ef122bf2f8ca23fd0aa9e461b07da11ea7390c451902e4b1592d396fd,475dd16024dfeff5c3b5063c902377d53d5e65d601b92f46a3655ca1f19eafc6,"[""CONTEXT_INSPECTOR"", ""PREFERENCES_SETTINGS""]",FOUNDATION_REUSE,dist/foundation/accepted-runtime.js,428,True,Original implementation retained under one module mount,"SOURCE_PRESERVATION_VERIFIED; behavior coverage by assurance receipts, not 330 blanket passes",Modular separation by family without parity regression; full behavior regression OPEN
normalizeArabicSearch,1617,ea66b58ef122bf2f8ca23fd0aa9e461b07da11ea7390c451902e4b1592d396fd,b3c9e738c6f00be09501dffb6dd7b9cdacd8ef265e41d87eb826d8a2f22cb45e,"[""OTHER""]",FOUNDATION_REUSE,dist/foundation/accepted-runtime.js,446,True,Original implementation retained under one module mount,"SOURCE_PRESERVATION_VERIFIED; behavior coverage by assurance receipts, not 330 blanket passes",Modular separation by family without parity regression; full behavior regression OPEN
fixtureSearchText,1618,ea66b58ef122bf2f8ca23fd0aa9e461b07da11ea7390c451902e4b1592d396fd,1aa75274e3b86384ac96cbe6378b15c68bc363a5cf710f59aee4e7f7ecb94c5b,"[""OTHER""]",DOMAIN_ONLY,dist/foundation/accepted-runtime.js,447,True,Original implementation retained under one module mount,"SOURCE_PRESERVATION_VERIFIED; behavior coverage by assurance receipts, not 330 blanket passes",Modular separation by family without parity regression; full behavior regression OPEN
libraryRecord,1619,ea66b58ef122bf2f8ca23fd0aa9e461b07da11ea7390c451902e4b1592d396fd,c476625d154ccb54043f08fc7073e1195cb508e9daa465246b8202a97fca0fb9,"[""OTHER""]",DOMAIN_ONLY,dist/foundation/accepted-runtime.js,448,True,Original implementation retained under one module mount,"SOURCE_PRESERVATION_VERIFIED; behavior coverage by assurance receipts, not 330 blanket passes",Modular separation by family without parity regression; full behavior regression OPEN
librarySearchScore,1620,ea66b58ef122bf2f8ca23fd0aa9e461b07da11ea7390c451902e4b1592d396fd,ec0382975367377ed16b34642e16b217f06962958aa0c3dd9650c4fa0ed5ef34,"[""OTHER""]",DOMAIN_ONLY,dist/foundation/accepted-runtime.js,449,True,Original implementation retained under one module mount,"SOURCE_PRESERVATION_VERIFIED; behavior coverage by assurance receipts, not 330 blanket passes",Modular separation by family without parity regression; full behavior regression OPEN
librarySearchResults,1621,ea66b58ef122bf2f8ca23fd0aa9e461b07da11ea7390c451902e4b1592d396fd,e4cdad391d4ebc337038ea591d9c30e0ba7ab4701e6d5710df03618543c16580,"[""OTHER""]",DOMAIN_ONLY,dist/foundation/accepted-runtime.js,450,True,Original implementation retained under one module mount,"SOURCE_PRESERVATION_VERIFIED; behavior coverage by assurance receipts, not 330 blanket passes",Modular separation by family without parity regression; full behavior regression OPEN
resolvedSystemTheme,1622,ea66b58ef122bf2f8ca23fd0aa9e461b07da11ea7390c451902e4b1592d396fd,8850d8362755641197f5a108dd8540723e3a4f98bd81658e2735e1f45abe61c7,"[""PREFERENCES_SETTINGS""]",FOUNDATION_REUSE,dist/foundation/accepted-runtime.js,451,True,Original implementation retained under one module mount,"SOURCE_PRESERVATION_VERIFIED; behavior coverage by assurance receipts, not 330 blanket passes",Modular separation by family without parity regression; full behavior regression OPEN
applyPresentationPreferences,1623,ea66b58ef122bf2f8ca23fd0aa9e461b07da11ea7390c451902e4b1592d396fd,2ec02cc951d7e8f8a4dc98ecb78cfd37fc4485ee65757e7fc3b91c129699b43f,"[""CONTEXT_INSPECTOR"", ""PREFERENCES_SETTINGS""]",FOUNDATION_REUSE,dist/foundation/accepted-runtime.js,452,True,Original implementation retained under one module mount,"SOURCE_PRESERVATION_VERIFIED; behavior coverage by assurance receipts, not 330 blanket passes",Modular separation by family without parity regression; full behavior regression OPEN
currentReferenceOriginLabel,1624,ea66b58ef122bf2f8ca23fd0aa9e461b07da11ea7390c451902e4b1592d396fd,93c9685b40c7c38cfe1c223fe174c4514bb704f0c56cc4f1357e792c07a8f4b8,"[""CONTEXT_INSPECTOR""]",FOUNDATION_REUSE,dist/foundation/accepted-runtime.js,453,True,Original implementation retained under one module mount,"SOURCE_PRESERVATION_VERIFIED; behavior coverage by assurance receipts, not 330 blanket passes",Modular separation by family without parity regression; full behavior regression OPEN
renderReferenceReturnControl,1630,ea66b58ef122bf2f8ca23fd0aa9e461b07da11ea7390c451902e4b1592d396fd,a653d42a2a68d838856c418859565925b0653f1a13776c14e49b2cfc5feb0fba,"[""CONTEXT_INSPECTOR""]",FOUNDATION_REUSE,dist/foundation/accepted-runtime.js,459,True,Original implementation retained under one module mount,"SOURCE_PRESERVATION_VERIFIED; behavior coverage by assurance receipts, not 330 blanket passes",Modular separation by family without parity regression; full behavior regression OPEN
bindScrollSurface,1631,ea66b58ef122bf2f8ca23fd0aa9e461b07da11ea7390c451902e4b1592d396fd,d7e4f4b98775b9f2e9e3432f99bee6e696d41676c5353056afc1606c794160b5,"[""OTHER""]",FOUNDATION_REUSE,dist/foundation/accepted-runtime.js,460,True,Original implementation retained under one module mount,"SOURCE_PRESERVATION_VERIFIED; behavior coverage by assurance receipts, not 330 blanket passes",Modular separation by family without parity regression; full behavior regression OPEN
bindTransientScrollSurfaces,1632,ea66b58ef122bf2f8ca23fd0aa9e461b07da11ea7390c451902e4b1592d396fd,463eaf7bf5de6d4bdb5aae02fe2f3af35d4fb2b315fc45865686a50d51ec01a4,"[""OTHER""]",FOUNDATION_REUSE,dist/foundation/accepted-runtime.js,461,True,Original implementation retained under one module mount,"SOURCE_PRESERVATION_VERIFIED; behavior coverage by assurance receipts, not 330 blanket passes",Modular separation by family without parity regression; full behavior regression OPEN
renderQuickJump,1633,ea66b58ef122bf2f8ca23fd0aa9e461b07da11ea7390c451902e4b1592d396fd,2969736a97cd15859e71cff55e2a874f3ecfe4c8dec8176fef4219427e3bd6f9,"[""OTHER""]",FOUNDATION_REUSE,dist/foundation/accepted-runtime.js,462,True,Original implementation retained under one module mount,"SOURCE_PRESERVATION_VERIFIED; behavior coverage by assurance receipts, not 330 blanket passes",Modular separation by family without parity regression; full behavior regression OPEN
syncQuickJumpControl,1634,ea66b58ef122bf2f8ca23fd0aa9e461b07da11ea7390c451902e4b1592d396fd,37097c80a1fe53c3b1a57b261d6c716e327fb0f973466e9dbc19914c163448d4,"[""OTHER""]",FOUNDATION_REUSE,dist/foundation/accepted-runtime.js,463,True,Original implementation retained under one module mount,"SOURCE_PRESERVATION_VERIFIED; behavior coverage by assurance receipts, not 330 blanket passes",Modular separation by family without parity regression; full behavior regression OPEN
installContainerObserver,1635,ea66b58ef122bf2f8ca23fd0aa9e461b07da11ea7390c451902e4b1592d396fd,5f42898c9d46bc6e03bca57465c1ecc909132551a926b8e29f8910352db3707d,"[""OTHER""]",FOUNDATION_REUSE,dist/foundation/accepted-runtime.js,464,True,Original implementation retained under one module mount,"SOURCE_PRESERVATION_VERIFIED; behavior coverage by assurance receipts, not 330 blanket passes",Modular separation by family without parity regression; full behavior regression OPEN
configureTooltips,1636,ea66b58ef122bf2f8ca23fd0aa9e461b07da11ea7390c451902e4b1592d396fd,e7311f71a6ec297b99548a97f0f0e1b58cd7587b3d6c4ca942f70196a3e61e22,"[""FOCUS_ACCESSIBILITY""]",FOUNDATION_REUSE,dist/foundation/accepted-runtime.js,465,True,Original implementation retained under one module mount,"SOURCE_PRESERVATION_VERIFIED; behavior coverage by assurance receipts, not 330 blanket passes",Modular separation by family without parity regression; full behavior regression OPEN
contextPinTarget,1637,ea66b58ef122bf2f8ca23fd0aa9e461b07da11ea7390c451902e4b1592d396fd,b1144e78277796784cdde14a9cae437b3a38dffbd192cafabd212149cc2ae069,"[""CONTEXT_INSPECTOR""]",FOUNDATION_REUSE,dist/foundation/accepted-runtime.js,466,True,Original implementation retained under one module mount,"SOURCE_PRESERVATION_VERIFIED; behavior coverage by assurance receipts, not 330 blanket passes",Modular separation by family without parity regression; full behavior regression OPEN
toggleContextPin,1638,ea66b58ef122bf2f8ca23fd0aa9e461b07da11ea7390c451902e4b1592d396fd,571fa3b1d6fe810582851687b27de8d5b8ee7a6be17f66dc30659522ee8c6eb3,"[""CONTEXT_INSPECTOR"", ""UNIFIED_EDITOR_BLOCK""]",FAMILY_ENGINE,dist/foundation/accepted-runtime.js,467,True,Original implementation retained under one module mount,"SOURCE_PRESERVATION_VERIFIED; behavior coverage by assurance receipts, not 330 blanket passes",Modular separation by family without parity regression; full behavior regression OPEN
pinnedContextTarget,1639,ea66b58ef122bf2f8ca23fd0aa9e461b07da11ea7390c451902e4b1592d396fd,96bc241b9d115baed2f48af33cc936c1fb5254bf707d5850912558993e83a921,"[""CONTEXT_INSPECTOR""]",FOUNDATION_REUSE,dist/foundation/accepted-runtime.js,468,True,Original implementation retained under one module mount,"SOURCE_PRESERVATION_VERIFIED; behavior coverage by assurance receipts, not 330 blanket passes",Modular separation by family without parity regression; full behavior regression OPEN
applyDisclosurePreferenceOnOpen,1640,ea66b58ef122bf2f8ca23fd0aa9e461b07da11ea7390c451902e4b1592d396fd,53dc8f69f9478745e0523c11e71e67661eb876b751bc263ad8d3823977683061,"[""CONTEXT_INSPECTOR"", ""PREFERENCES_SETTINGS""]",FOUNDATION_REUSE,dist/foundation/accepted-runtime.js,469,True,Original implementation retained under one module mount,"SOURCE_PRESERVATION_VERIFIED; behavior coverage by assurance receipts, not 330 blanket passes",Modular separation by family without parity regression; full behavior regression OPEN
responsiveBand,1641,ea66b58ef122bf2f8ca23fd0aa9e461b07da11ea7390c451902e4b1592d396fd,613db13be2a41bc3a2439b5189e08906bc9605c70852cd9e71c41a183afcc508,"[""RESPONSIVE""]",FOUNDATION_REUSE,dist/foundation/accepted-runtime.js,470,True,Original implementation retained under one module mount,"SOURCE_PRESERVATION_VERIFIED; behavior coverage by assurance receipts, not 330 blanket passes",Modular separation by family without parity regression; full behavior regression OPEN
effectivePaneState,1643,ea66b58ef122bf2f8ca23fd0aa9e461b07da11ea7390c451902e4b1592d396fd,fd22d97c828b9308504ca8ecbaefaa1c2009ad842bf19d72184baf98d7067c7d,"[""WORKSPACE_PANE_LAYOUT""]",FOUNDATION_REUSE,dist/foundation/accepted-runtime.js,472,True,Original implementation retained under one module mount,"SOURCE_PRESERVATION_VERIFIED; behavior coverage by assurance receipts, not 330 blanket passes",Modular separation by family without parity regression; full behavior regression OPEN
setPaneState,1644,ea66b58ef122bf2f8ca23fd0aa9e461b07da11ea7390c451902e4b1592d396fd,e9e9b4821b74592ea4ee2c17392d33b13061cd6c1e32f26a447a95781a31cc09,"[""WORKSPACE_PANE_LAYOUT""]",FOUNDATION_REUSE,dist/foundation/accepted-runtime.js,473,True,Original implementation retained under one module mount,"SOURCE_PRESERVATION_VERIFIED; behavior coverage by assurance receipts, not 330 blanket passes",Modular separation by family without parity regression; full behavior regression OPEN
paneLimits,1645,ea66b58ef122bf2f8ca23fd0aa9e461b07da11ea7390c451902e4b1592d396fd,beda45461338c0dcfbbef558aac05c754a0cc11048e7ad9e5ed8a87927baaf70,"[""WORKSPACE_PANE_LAYOUT""]",FOUNDATION_REUSE,dist/foundation/accepted-runtime.js,474,True,Original implementation retained under one module mount,"SOURCE_PRESERVATION_VERIFIED; behavior coverage by assurance receipts, not 330 blanket passes",Modular separation by family without parity regression; full behavior regression OPEN
clampPaneWidths,1646,ea66b58ef122bf2f8ca23fd0aa9e461b07da11ea7390c451902e4b1592d396fd,0aef7b35bb3ec6e13f08c014f8242e89c2b686f3c2703ff5750900b9419135b1,"[""WORKSPACE_PANE_LAYOUT"", ""RESPONSIVE""]",PRESERVE_AND_IMPROVE,dist/foundation/accepted-runtime.js,475,True,Extension seam / shared preference or command delegation,"SOURCE_PRESERVATION_VERIFIED; behavior coverage by assurance receipts, not 330 blanket passes",Modular separation by family without parity regression; full behavior regression OPEN
persistPresentationPreferences,1647,ea66b58ef122bf2f8ca23fd0aa9e461b07da11ea7390c451902e4b1592d396fd,6bbd81b67efd638cfbb4c20771c6c1244b7cd883137824c496ecddb2e8b37112,"[""CONTEXT_INSPECTOR"", ""PREFERENCES_SETTINGS"", ""STORAGE_SAVE""]",FOUNDATION_REUSE,dist/foundation/accepted-runtime.js,476,True,Original implementation retained under one module mount,"SOURCE_PRESERVATION_VERIFIED; behavior coverage by assurance receipts, not 330 blanket passes",Modular separation by family without parity regression; full behavior regression OPEN
restorePresentationPreferences,1648,ea66b58ef122bf2f8ca23fd0aa9e461b07da11ea7390c451902e4b1592d396fd,66037b3a1728b6265902bbe31782fd9154a17e9ff690ec9595382ed636eb57d9,"[""CONTEXT_INSPECTOR"", ""PREFERENCES_SETTINGS""]",FOUNDATION_REUSE,dist/foundation/accepted-runtime.js,477,True,Original implementation retained under one module mount,"SOURCE_PRESERVATION_VERIFIED; behavior coverage by assurance receipts, not 330 blanket passes",Modular separation by family without parity regression; full behavior regression OPEN
applyResponsivePolicy,1649,ea66b58ef122bf2f8ca23fd0aa9e461b07da11ea7390c451902e4b1592d396fd,afcfe27172ab4a451fbbc69cc61236d236b20989057a7d7f4ebd2bf3c32bfe70,"[""RESPONSIVE""]",FOUNDATION_REUSE,dist/foundation/accepted-runtime.js,478,True,Original implementation retained under one module mount,"SOURCE_PRESERVATION_VERIFIED; behavior coverage by assurance receipts, not 330 blanket passes",Modular separation by family without parity regression; full behavior regression OPEN
paneResizeAvailable,1650,ea66b58ef122bf2f8ca23fd0aa9e461b07da11ea7390c451902e4b1592d396fd,ab07bf896489ae688df3c55d1e3e8cac243f7811054c74e8249bde6ef0c2318c,"[""WORKSPACE_PANE_LAYOUT""]",FOUNDATION_REUSE,dist/foundation/accepted-runtime.js,479,True,Original implementation retained under one module mount,"SOURCE_PRESERVATION_VERIFIED; behavior coverage by assurance receipts, not 330 blanket passes",Modular separation by family without parity regression; full behavior regression OPEN
syncPaneCSS,1651,ea66b58ef122bf2f8ca23fd0aa9e461b07da11ea7390c451902e4b1592d396fd,0b0d8e228e57df780bf3da7e772f92e869c541f9edda480a47fad56677c45918,"[""WORKSPACE_PANE_LAYOUT""]",PRESERVE_AND_IMPROVE,dist/foundation/accepted-runtime.js,480,True,Extension seam / shared preference or command delegation,"SOURCE_PRESERVATION_VERIFIED; behavior coverage by assurance receipts, not 330 blanket passes",Modular separation by family without parity regression; full behavior regression OPEN
togglePane,1652,ea66b58ef122bf2f8ca23fd0aa9e461b07da11ea7390c451902e4b1592d396fd,09dd5fcfcd1dac8908f55a41453905e8c36afa3bc812de2628d68961fb0fa0cb,"[""WORKSPACE_PANE_LAYOUT"", ""UNIFIED_EDITOR_BLOCK""]",FAMILY_ENGINE,dist/foundation/accepted-runtime.js,481,True,Original implementation retained under one module mount,"SOURCE_PRESERVATION_VERIFIED; behavior coverage by assurance receipts, not 330 blanket passes",Modular separation by family without parity regression; full behavior regression OPEN
applyDocumentMeasure,1653,ea66b58ef122bf2f8ca23fd0aa9e461b07da11ea7390c451902e4b1592d396fd,339b0733036b20481ff2f080acebdaee3f6bceeb81531824b5687f01fcfe970e,"[""UNIFIED_EDITOR_BLOCK""]",FAMILY_ENGINE,dist/foundation/accepted-runtime.js,482,True,Original implementation retained under one module mount,"SOURCE_PRESERVATION_VERIFIED; behavior coverage by assurance receipts, not 330 blanket passes",Modular separation by family without parity regression; full behavior regression OPEN
setDocumentWidth,1654,ea66b58ef122bf2f8ca23fd0aa9e461b07da11ea7390c451902e4b1592d396fd,0d8602a064bd36852129db2cd270ce49df5d8804779c681861b7c670f08ce051,"[""UNIFIED_EDITOR_BLOCK""]",FAMILY_ENGINE,dist/foundation/accepted-runtime.js,483,True,Original implementation retained under one module mount,"SOURCE_PRESERVATION_VERIFIED; behavior coverage by assurance receipts, not 330 blanket passes",Modular separation by family without parity regression; full behavior regression OPEN
setDensity,1655,ea66b58ef122bf2f8ca23fd0aa9e461b07da11ea7390c451902e4b1592d396fd,cfc86f9d6a042be1ed01c6f64b53a29d63174db79d1cdad098f2a58e203327a1,"[""PREFERENCES_SETTINGS""]",FOUNDATION_REUSE,dist/foundation/accepted-runtime.js,484,True,Original implementation retained under one module mount,"SOURCE_PRESERVATION_VERIFIED; behavior coverage by assurance receipts, not 330 blanket passes",Modular separation by family without parity regression; full behavior regression OPEN
setEmptyBlockDirection,1656,ea66b58ef122bf2f8ca23fd0aa9e461b07da11ea7390c451902e4b1592d396fd,f0b4a9a31fde38e04f38281fdad894b1d7f415381e8678eecd4b4df81e970f60,"[""UNIFIED_EDITOR_BLOCK""]",FAMILY_ENGINE,dist/foundation/accepted-runtime.js,485,True,Original implementation retained under one module mount,"SOURCE_PRESERVATION_VERIFIED; behavior coverage by assurance receipts, not 330 blanket passes",Modular separation by family without parity regression; full behavior regression OPEN
resizePane,1657,ea66b58ef122bf2f8ca23fd0aa9e461b07da11ea7390c451902e4b1592d396fd,7881d32f4db63484f5a5e41bb395e1fb8a9343669d669d5ddc8493ae13343888,"[""WORKSPACE_PANE_LAYOUT""]",FOUNDATION_REUSE,dist/foundation/accepted-runtime.js,486,True,Original implementation retained under one module mount,"SOURCE_PRESERVATION_VERIFIED; behavior coverage by assurance receipts, not 330 blanket passes",Modular separation by family without parity regression; full behavior regression OPEN
previewPaneWidth,1658,ea66b58ef122bf2f8ca23fd0aa9e461b07da11ea7390c451902e4b1592d396fd,005d950262f846291eeb2644220e906beb34ccf5add3d1f384ed0d4c27f029d6,"[""WORKSPACE_PANE_LAYOUT""]",FOUNDATION_REUSE,dist/foundation/accepted-runtime.js,487,True,Original implementation retained under one module mount,"SOURCE_PRESERVATION_VERIFIED; behavior coverage by assurance receipts, not 330 blanket passes",Modular separation by family without parity regression; full behavior regression OPEN
setPaneWidth,1659,ea66b58ef122bf2f8ca23fd0aa9e461b07da11ea7390c451902e4b1592d396fd,d4b0d82ca2630db64ed124382d9a67230cf5dcdef0c2467349719501726dca4d,"[""WORKSPACE_PANE_LAYOUT""]",FOUNDATION_REUSE,dist/foundation/accepted-runtime.js,488,True,Original implementation retained under one module mount,"SOURCE_PRESERVATION_VERIFIED; behavior coverage by assurance receipts, not 330 blanket passes",Modular separation by family without parity regression; full behavior regression OPEN
syncWorkspaceControls,1660,ea66b58ef122bf2f8ca23fd0aa9e461b07da11ea7390c451902e4b1592d396fd,a6dbee74d5bdb7bfd6b1e5572fcde10186d3a5b90cf2487fd0a99ee8d49eeec4,"[""WORKSPACE_PANE_LAYOUT""]",FOUNDATION_REUSE,dist/foundation/accepted-runtime.js,489,True,Original implementation retained under one module mount,"SOURCE_PRESERVATION_VERIFIED; behavior coverage by assurance receipts, not 330 blanket passes",Modular separation by family without parity regression; full behavior regression OPEN
setBanner,1661,ea66b58ef122bf2f8ca23fd0aa9e461b07da11ea7390c451902e4b1592d396fd,99a9554773346adb49882adf56d8e21a3964026d3b219e99502831e53e00fd44,"[""WORKSPACE_PANE_LAYOUT""]",FOUNDATION_REUSE,dist/foundation/accepted-runtime.js,490,True,Original implementation retained under one module mount,"SOURCE_PRESERVATION_VERIFIED; behavior coverage by assurance receipts, not 330 blanket passes",Modular separation by family without parity regression; full behavior regression OPEN
toggleFocus,1662,ea66b58ef122bf2f8ca23fd0aa9e461b07da11ea7390c451902e4b1592d396fd,678a9b673faa06448c5ff396ddd16703dc735b1a3ea7ec4b2e09b790a2400734,"[""UNIFIED_EDITOR_BLOCK"", ""FOCUS_ACCESSIBILITY""]",FAMILY_ENGINE,dist/foundation/accepted-runtime.js,491,True,Original implementation retained under one module mount,"SOURCE_PRESERVATION_VERIFIED; behavior coverage by assurance receipts, not 330 blanket passes",Modular separation by family without parity regression; full behavior regression OPEN
syncThemeControl,1666,ea66b58ef122bf2f8ca23fd0aa9e461b07da11ea7390c451902e4b1592d396fd,70bb6d7f27a0c03cab2a13577d41580df2710e87046929c3586e08eccf66bb8b,"[""PREFERENCES_SETTINGS""]",FOUNDATION_REUSE,dist/foundation/accepted-runtime.js,495,True,Original implementation retained under one module mount,"SOURCE_PRESERVATION_VERIFIED; behavior coverage by assurance receipts, not 330 blanket passes",Modular separation by family without parity regression; full behavior regression OPEN
applyTheme,1667,ea66b58ef122bf2f8ca23fd0aa9e461b07da11ea7390c451902e4b1592d396fd,3c507e40dca33947b2e6aab5762dadcd7346863aa22d697fc747ab48ef06ea78,"[""PREFERENCES_SETTINGS""]",FOUNDATION_REUSE,dist/foundation/accepted-runtime.js,496,True,Original implementation retained under one module mount,"SOURCE_PRESERVATION_VERIFIED; behavior coverage by assurance receipts, not 330 blanket passes",Modular separation by family without parity regression; full behavior regression OPEN
cycleTheme,1668,ea66b58ef122bf2f8ca23fd0aa9e461b07da11ea7390c451902e4b1592d396fd,4a97503a1f4248e9479d7b5318890974f67cec718d58ae5f13af8a36fe65c90d,"[""PREFERENCES_SETTINGS""]",FOUNDATION_REUSE,dist/foundation/accepted-runtime.js,497,True,Original implementation retained under one module mount,"SOURCE_PRESERVATION_VERIFIED; behavior coverage by assurance receipts, not 330 blanket passes",Modular separation by family without parity regression; full behavior regression OPEN
setThemeBehavior,1669,ea66b58ef122bf2f8ca23fd0aa9e461b07da11ea7390c451902e4b1592d396fd,ee295d7ba786f096e9ee73587372e9e2faeaec985797395de9198754ea116838,"[""PREFERENCES_SETTINGS""]",FOUNDATION_REUSE,dist/foundation/accepted-runtime.js,498,True,Original implementation retained under one module mount,"SOURCE_PRESERVATION_VERIFIED; behavior coverage by assurance receipts, not 330 blanket passes",Modular separation by family without parity regression; full behavior regression OPEN
setSystemDarkTheme,1670,ea66b58ef122bf2f8ca23fd0aa9e461b07da11ea7390c451902e4b1592d396fd,56d3767eb080b15c02dc853a38163c6a96841ddae44efa380dd22138e1c7acf3,"[""PREFERENCES_SETTINGS""]",FOUNDATION_REUSE,dist/foundation/accepted-runtime.js,499,True,Original implementation retained under one module mount,"SOURCE_PRESERVATION_VERIFIED; behavior coverage by assurance receipts, not 330 blanket passes",Modular separation by family without parity regression; full behavior regression OPEN
preferenceControlIdentity,1671,ea66b58ef122bf2f8ca23fd0aa9e461b07da11ea7390c451902e4b1592d396fd,c5be2e43d9ddba9bea9fff69da200afb6be5788e554962ce25be2d1b49d66c5c,"[""CONTEXT_INSPECTOR"", ""PREFERENCES_SETTINGS""]",FOUNDATION_REUSE,dist/foundation/accepted-runtime.js,500,True,Original implementation retained under one module mount,"SOURCE_PRESERVATION_VERIFIED; behavior coverage by assurance receipts, not 330 blanket passes",Modular separation by family without parity regression; full behavior regression OPEN
preferenceSectionDef,1672,ea66b58ef122bf2f8ca23fd0aa9e461b07da11ea7390c451902e4b1592d396fd,f16f90228b783780b32aaaa59e50ab57a017eb21c9c1855ec77051cbbf1e4958,"[""CONTEXT_INSPECTOR"", ""PREFERENCES_SETTINGS""]",FOUNDATION_REUSE,dist/foundation/accepted-runtime.js,501,True,Original implementation retained under one module mount,"SOURCE_PRESERVATION_VERIFIED; behavior coverage by assurance receipts, not 330 blanket passes",Modular separation by family without parity regression; full behavior regression OPEN
renderOverflowMenu,1673,ea66b58ef122bf2f8ca23fd0aa9e461b07da11ea7390c451902e4b1592d396fd,45416f16f1c760150210d28fb6bf8d74d044cd0b1c02a772ac02e51e0b94ba70,"[""OTHER""]",FOUNDATION_REUSE,dist/foundation/accepted-runtime.js,502,True,Original implementation retained under one module mount,"SOURCE_PRESERVATION_VERIFIED; behavior coverage by assurance receipts, not 330 blanket passes",Modular separation by family without parity regression; full behavior regression OPEN
renderBottom,1688,ea66b58ef122bf2f8ca23fd0aa9e461b07da11ea7390c451902e4b1592d396fd,a3d4829bcc2e47b1b92c1d8295e098f12a4be00f75873342fe089f1750b40ed1,"[""WORKSPACE_PANE_LAYOUT""]",PRESERVE_AND_IMPROVE,dist/foundation/accepted-runtime.js,518,True,Extension seam / shared preference or command delegation,"SOURCE_PRESERVATION_VERIFIED; behavior coverage by assurance receipts, not 330 blanket passes",Modular separation by family without parity regression; full behavior regression OPEN
focusableIn,1690,ea66b58ef122bf2f8ca23fd0aa9e461b07da11ea7390c451902e4b1592d396fd,bace0f9874bebb7eceae7085517bcb43a1953a4ccebb58bd7df22e0464bb1fe8,"[""FOCUS_ACCESSIBILITY""]",FOUNDATION_REUSE,dist/foundation/accepted-runtime.js,520,True,Original implementation retained under one module mount,"SOURCE_PRESERVATION_VERIFIED; behavior coverage by assurance receipts, not 330 blanket passes",Modular separation by family without parity regression; full behavior regression OPEN
modalIsolation,1691,ea66b58ef122bf2f8ca23fd0aa9e461b07da11ea7390c451902e4b1592d396fd,1db921feaeb2820465930f354150954d7a9ef341a23937692619baa2b05f3c42,"[""OTHER""]",FOUNDATION_REUSE,dist/foundation/accepted-runtime.js,521,True,Original implementation retained under one module mount,"SOURCE_PRESERVATION_VERIFIED; behavior coverage by assurance receipts, not 330 blanket passes",Modular separation by family without parity regression; full behavior regression OPEN
trapFocusWithin,1692,ea66b58ef122bf2f8ca23fd0aa9e461b07da11ea7390c451902e4b1592d396fd,cb33632ad682aca89efc0a4fef6be1eaea27f01cf9d05d95473e70582666dc4a,"[""FOCUS_ACCESSIBILITY""]",FOUNDATION_REUSE,dist/foundation/accepted-runtime.js,522,True,Original implementation retained under one module mount,"SOURCE_PRESERVATION_VERIFIED; behavior coverage by assurance receipts, not 330 blanket passes",Modular separation by family without parity regression; full behavior regression OPEN
openBackdrop,1693,ea66b58ef122bf2f8ca23fd0aa9e461b07da11ea7390c451902e4b1592d396fd,ca7573f5beb28f371d528d133f46e4e256932f9c6b1398fafd2705eb9a6720f1,"[""DRAG_POINTER""]",FOUNDATION_REUSE,dist/foundation/accepted-runtime.js,523,True,Original implementation retained under one module mount,"SOURCE_PRESERVATION_VERIFIED; behavior coverage by assurance receipts, not 330 blanket passes",Modular separation by family without parity regression; full behavior regression OPEN
closeBackdrop,1694,ea66b58ef122bf2f8ca23fd0aa9e461b07da11ea7390c451902e4b1592d396fd,cefa4e76b1eef81f36f6a6170ce6b82697e15715b86624443b8510225bd965d1,"[""DRAG_POINTER""]",FOUNDATION_REUSE,dist/foundation/accepted-runtime.js,524,True,Original implementation retained under one module mount,"SOURCE_PRESERVATION_VERIFIED; behavior coverage by assurance receipts, not 330 blanket passes",Modular separation by family without parity regression; full behavior regression OPEN
trapModalTab,1695,ea66b58ef122bf2f8ca23fd0aa9e461b07da11ea7390c451902e4b1592d396fd,213e9dd246d43bc9eb27ecb27d3cf39316c7def2e926632062224d594dd65640,"[""OTHER""]",FOUNDATION_REUSE,dist/foundation/accepted-runtime.js,525,True,Original implementation retained under one module mount,"SOURCE_PRESERVATION_VERIFIED; behavior coverage by assurance receipts, not 330 blanket passes",Modular separation by family without parity regression; full behavior regression OPEN
ensureDynamicDialogs,1696,ea66b58ef122bf2f8ca23fd0aa9e461b07da11ea7390c451902e4b1592d396fd,cad62cf74919140c3b62ca79f8ea280c5cfa3c425746472fdcf0ee16c58ac67c,"[""OTHER""]",FOUNDATION_REUSE,dist/foundation/accepted-runtime.js,526,True,Original implementation retained under one module mount,"SOURCE_PRESERVATION_VERIFIED; behavior coverage by assurance receipts, not 330 blanket passes",Modular separation by family without parity regression; full behavior regression OPEN
openShortcutHelp,1698,ea66b58ef122bf2f8ca23fd0aa9e461b07da11ea7390c451902e4b1592d396fd,8c9fa73369a9e90ae74f2c83d781961bac69ca58dc00d00de7d7d1818b897970,"[""COMMAND_ACTION"", ""CLIPBOARD""]",FAMILY_ENGINE,dist/foundation/accepted-runtime.js,528,True,Original implementation retained under one module mount,"SOURCE_PRESERVATION_VERIFIED; behavior coverage by assurance receipts, not 330 blanket passes",Modular separation by family without parity regression; full behavior regression OPEN
cyclePrimaryRegion,1699,ea66b58ef122bf2f8ca23fd0aa9e461b07da11ea7390c451902e4b1592d396fd,9e5330b00cdad97b8eaf6926c91189500963cdfb2b55ec6ff127c92c9242c10b,"[""FOCUS_ACCESSIBILITY""]",FOUNDATION_REUSE,dist/foundation/accepted-runtime.js,529,True,Original implementation retained under one module mount,"SOURCE_PRESERVATION_VERIFIED; behavior coverage by assurance receipts, not 330 blanket passes",Modular separation by family without parity regression; full behavior regression OPEN
syncBlockMenuDisclosures,1700,ea66b58ef122bf2f8ca23fd0aa9e461b07da11ea7390c451902e4b1592d396fd,51f9e03525357777edc2d309f1ae7e6c4c8b9178c085f85c59e34b4bab22d454,"[""UNIFIED_EDITOR_BLOCK"", ""PREFERENCES_SETTINGS""]",FAMILY_ENGINE,dist/foundation/accepted-runtime.js,530,True,Original implementation retained under one module mount,"SOURCE_PRESERVATION_VERIFIED; behavior coverage by assurance receipts, not 330 blanket passes",Modular separation by family without parity regression; full behavior regression OPEN
nestedMenuEscape,1701,ea66b58ef122bf2f8ca23fd0aa9e461b07da11ea7390c451902e4b1592d396fd,b645ac57c8f4a8370fed1524d0028e8955446eb83c54bf102d1cf52a0e6236f3,"[""OTHER""]",FOUNDATION_REUSE,dist/foundation/accepted-runtime.js,531,True,Original implementation retained under one module mount,"SOURCE_PRESERVATION_VERIFIED; behavior coverage by assurance receipts, not 330 blanket passes",Modular separation by family without parity regression; full behavior regression OPEN
blockMenuKeydown,1702,ea66b58ef122bf2f8ca23fd0aa9e461b07da11ea7390c451902e4b1592d396fd,aa97ebb9c66c548ca92e2f4303f300b86331bb3e866d2c3e63affeb4fe2cfd8f,"[""UNIFIED_EDITOR_BLOCK""]",FAMILY_ENGINE,dist/foundation/accepted-runtime.js,532,True,Original implementation retained under one module mount,"SOURCE_PRESERVATION_VERIFIED; behavior coverage by assurance receipts, not 330 blanket passes",Modular separation by family without parity regression; full behavior regression OPEN
closePrimaryTransients,1704,ea66b58ef122bf2f8ca23fd0aa9e461b07da11ea7390c451902e4b1592d396fd,607fc90160ac55e17853e5798c30718f8a5f6427032a907d09f6a190954c1ca2,"[""OTHER""]",FOUNDATION_REUSE,dist/foundation/accepted-runtime.js,534,True,Original implementation retained under one module mount,"SOURCE_PRESERVATION_VERIFIED; behavior coverage by assurance receipts, not 330 blanket passes",Modular separation by family without parity regression; full behavior regression OPEN
topEscape,1705,ea66b58ef122bf2f8ca23fd0aa9e461b07da11ea7390c451902e4b1592d396fd,732ddd62913b9c6f82b28850b973adce02029b0e3976d59c4a535cc84f369fc2,"[""OTHER""]",FOUNDATION_REUSE,dist/foundation/accepted-runtime.js,535,True,Original implementation retained under one module mount,"SOURCE_PRESERVATION_VERIFIED; behavior coverage by assurance receipts, not 330 blanket passes",Modular separation by family without parity regression; full behavior regression OPEN
openCommandPalette,1707,ea66b58ef122bf2f8ca23fd0aa9e461b07da11ea7390c451902e4b1592d396fd,ad6ee146309120eb6d4f06b6a90b4c6099149fa74d5390dfeac9a0bfd2773d14,"[""COMMAND_ACTION""]",FOUNDATION_REUSE,dist/foundation/accepted-runtime.js,537,True,Original implementation retained under one module mount,"SOURCE_PRESERVATION_VERIFIED; behavior coverage by assurance receipts, not 330 blanket passes",Modular separation by family without parity regression; full behavior regression OPEN
commandPaletteItems,1708,ea66b58ef122bf2f8ca23fd0aa9e461b07da11ea7390c451902e4b1592d396fd,dc4e640b6ad42753b96e6b8a5673a61d3970ba770adcade932d4ff3c1f8f79ff,"[""COMMAND_ACTION""]",PRESERVE_AND_IMPROVE,dist/foundation/accepted-runtime.js,560,True,Extension seam / shared preference or command delegation,"SOURCE_PRESERVATION_VERIFIED; behavior coverage by assurance receipts, not 330 blanket passes",Modular separation by family without parity regression; full behavior regression OPEN
renderCommandResults,1730,ea66b58ef122bf2f8ca23fd0aa9e461b07da11ea7390c451902e4b1592d396fd,450812d52bd4b4cf346813bce3237a5a850586dccd806470ebf07c06a35cadb0,"[""COMMAND_ACTION""]",PRESERVE_AND_IMPROVE,dist/foundation/accepted-runtime.js,561,True,Extension seam / shared preference or command delegation,"SOURCE_PRESERVATION_VERIFIED; behavior coverage by assurance receipts, not 330 blanket passes",Modular separation by family without parity regression; full behavior regression OPEN
executePaletteCommand,1731,ea66b58ef122bf2f8ca23fd0aa9e461b07da11ea7390c451902e4b1592d396fd,796753173b47fdc7413f6cc245171bba9e7cc8b1d231e10ec99f2c1c9bd52e8a,"[""COMMAND_ACTION"", ""CLIPBOARD""]",PRESERVE_AND_IMPROVE,dist/foundation/accepted-runtime.js,562,True,Extension seam / shared preference or command delegation,"SOURCE_PRESERVATION_VERIFIED; behavior coverage by assurance receipts, not 330 blanket passes",Modular separation by family without parity regression; full behavior regression OPEN
openMapping,1732,ea66b58ef122bf2f8ca23fd0aa9e461b07da11ea7390c451902e4b1592d396fd,49b7a2cf4b12ddcf361cdd2d87467fccb2a566bc66f2dda8d6177810aa75d08d,"[""OTHER""]",FOUNDATION_REUSE,dist/foundation/accepted-runtime.js,563,True,Original implementation retained under one module mount,"SOURCE_PRESERVATION_VERIFIED; behavior coverage by assurance receipts, not 330 blanket passes",Modular separation by family without parity regression; full behavior regression OPEN
replaceEmptyTextBlockByShorthand,1734,ea66b58ef122bf2f8ca23fd0aa9e461b07da11ea7390c451902e4b1592d396fd,49ce97ad8292418fe6bb6684dc49636734c1c1147d5d5ea49eb6548e6212c439,"[""UNIFIED_EDITOR_BLOCK""]",FAMILY_ENGINE,dist/foundation/accepted-runtime.js,565,True,Original implementation retained under one module mount,"SOURCE_PRESERVATION_VERIFIED; behavior coverage by assurance receipts, not 330 blanket passes",Modular separation by family without parity regression; full behavior regression OPEN
maybeHandleBlockShorthand,1736,ea66b58ef122bf2f8ca23fd0aa9e461b07da11ea7390c451902e4b1592d396fd,4e364221e2d573b75482ab7f89e78253a7f913f2b9eb7d922768651b749dda97,"[""UNIFIED_EDITOR_BLOCK""]",FAMILY_ENGINE,dist/foundation/accepted-runtime.js,567,True,Original implementation retained under one module mount,"SOURCE_PRESERVATION_VERIFIED; behavior coverage by assurance receipts, not 330 blanket passes",Modular separation by family without parity regression; full behavior regression OPEN
handleEditableKey,1737,ea66b58ef122bf2f8ca23fd0aa9e461b07da11ea7390c451902e4b1592d396fd,704db4ec5fbe400aa5dcf56b91073bf07794759d3cc737cbf3d743205c06b09e,"[""OTHER""]",FOUNDATION_REUSE,dist/foundation/accepted-runtime.js,570,True,Original implementation retained under one module mount,"SOURCE_PRESERVATION_VERIFIED; behavior coverage by assurance receipts, not 330 blanket passes",Modular separation by family without parity regression; full behavior regression OPEN
activeSurfaceForShortcut,1754,ea66b58ef122bf2f8ca23fd0aa9e461b07da11ea7390c451902e4b1592d396fd,2498cad89d75e5c5f0c36718a603a6a3d37d37a15a2927da0d5428d9cb3a1bea,"[""COMMAND_ACTION"", ""CLIPBOARD""]",FAMILY_ENGINE,dist/foundation/accepted-runtime.js,588,True,Original implementation retained under one module mount,"SOURCE_PRESERVATION_VERIFIED; behavior coverage by assurance receipts, not 330 blanket passes",Modular separation by family without parity regression; full behavior regression OPEN
focusedBlockRef,1755,ea66b58ef122bf2f8ca23fd0aa9e461b07da11ea7390c451902e4b1592d396fd,3f2178802f95624a79b3d9f7dc3a4b1794cb1df945a4727a56638743abe48940,"[""UNIFIED_EDITOR_BLOCK"", ""FOCUS_ACCESSIBILITY""]",FAMILY_ENGINE,dist/foundation/accepted-runtime.js,589,True,Original implementation retained under one module mount,"SOURCE_PRESERVATION_VERIFIED; behavior coverage by assurance receipts, not 330 blanket passes",Modular separation by family without parity regression; full behavior regression OPEN
handleGlobalShortcut,1756,ea66b58ef122bf2f8ca23fd0aa9e461b07da11ea7390c451902e4b1592d396fd,6ef6a220138846b95b4094013637b45eddc0048f94965d925b2b66e968e17e28,"[""COMMAND_ACTION"", ""CLIPBOARD""]",FAMILY_ENGINE,dist/foundation/accepted-runtime.js,590,True,Original implementation retained under one module mount,"SOURCE_PRESERVATION_VERIFIED; behavior coverage by assurance receipts, not 330 blanket passes",Modular separation by family without parity regression; full behavior regression OPEN
insertTextAtSelection,1757,ea66b58ef122bf2f8ca23fd0aa9e461b07da11ea7390c451902e4b1592d396fd,4e695dd3a90c8262a2e5dcd963185b95aa7631cf776e8795dcfe26469caf615e,"[""UNIFIED_EDITOR_BLOCK"", ""SELECTION""]",FAMILY_ENGINE,dist/foundation/accepted-runtime.js,591,True,Original implementation retained under one module mount,"SOURCE_PRESERVATION_VERIFIED; behavior coverage by assurance receipts, not 330 blanket passes",Modular separation by family without parity regression; full behavior regression OPEN
insertSoftBreakAtSelection,1758,ea66b58ef122bf2f8ca23fd0aa9e461b07da11ea7390c451902e4b1592d396fd,28cfe63a473d85a768690ed622bfdd37b3a427c4625cc6d917fa2e4f985fe825,"[""UNIFIED_EDITOR_BLOCK"", ""SELECTION""]",FAMILY_ENGINE,dist/foundation/accepted-runtime.js,592,True,Original implementation retained under one module mount,"SOURCE_PRESERVATION_VERIFIED; behavior coverage by assurance receipts, not 330 blanket passes",Modular separation by family without parity regression; full behavior regression OPEN
insertPortableHTMLAtSelection,1759,ea66b58ef122bf2f8ca23fd0aa9e461b07da11ea7390c451902e4b1592d396fd,fddb3fdbeccb797193a095878e9fe9fd1cbdbc05fd2f669e4482e47a8014afce,"[""UNIFIED_EDITOR_BLOCK"", ""SELECTION"", ""CLIPBOARD""]",FAMILY_ENGINE,dist/foundation/accepted-runtime.js,593,True,Original implementation retained under one module mount,"SOURCE_PRESERVATION_VERIFIED; behavior coverage by assurance receipts, not 330 blanket passes",Modular separation by family without parity regression; full behavior regression OPEN
safePaste,1760,ea66b58ef122bf2f8ca23fd0aa9e461b07da11ea7390c451902e4b1592d396fd,9b8593c2b5bbbca9c2dfba047b1980e431dee5cdddedc76fb2f8a9a359132d18,"[""CLIPBOARD""]",FAMILY_ENGINE,dist/foundation/accepted-runtime.js,594,True,Original implementation retained under one module mount,"SOURCE_PRESERVATION_VERIFIED; behavior coverage by assurance receipts, not 330 blanket passes",Modular separation by family without parity regression; full behavior regression OPEN
handlePointerDown,1761,ea66b58ef122bf2f8ca23fd0aa9e461b07da11ea7390c451902e4b1592d396fd,d7a61231e3426ed8866a628a48d190e66231fe7ce4ca542515e44fdbb8152ec9,"[""DRAG_POINTER""]",PRESERVE_AND_IMPROVE,dist/foundation/accepted-runtime.js,595,True,Extension seam / shared preference or command delegation,"SOURCE_PRESERVATION_VERIFIED; behavior coverage by assurance receipts, not 330 blanket passes",Modular separation by family without parity regression; full behavior regression OPEN
handlePointerMove,1763,ea66b58ef122bf2f8ca23fd0aa9e461b07da11ea7390c451902e4b1592d396fd,aaea3a8771ffa6b61fc706b89b35c7b908e5a97d3c24a65d5f37764904286038,"[""DRAG_POINTER""]",PRESERVE_AND_IMPROVE,dist/foundation/accepted-runtime.js,597,True,Extension seam / shared preference or command delegation,"SOURCE_PRESERVATION_VERIFIED; behavior coverage by assurance receipts, not 330 blanket passes",Modular separation by family without parity regression; full behavior regression OPEN
handlePointerUp,1765,ea66b58ef122bf2f8ca23fd0aa9e461b07da11ea7390c451902e4b1592d396fd,d4906f1ba0462bd337aee49a7e6d918915ed8ad52ef4646eb44eec80e059c7e8,"[""DRAG_POINTER""]",PRESERVE_AND_IMPROVE,dist/foundation/accepted-runtime.js,599,True,Extension seam / shared preference or command delegation,"SOURCE_PRESERVATION_VERIFIED; behavior coverage by assurance receipts, not 330 blanket passes",Modular separation by family without parity regression; full behavior regression OPEN
moveBlockToTarget,1767,ea66b58ef122bf2f8ca23fd0aa9e461b07da11ea7390c451902e4b1592d396fd,f4c83c1163b70ca4d429128f8b757ac18c821887770ff8cb2ebd510e1a32e041,"[""UNIFIED_EDITOR_BLOCK""]",FAMILY_ENGINE,dist/foundation/accepted-runtime.js,601,True,Original implementation retained under one module mount,"SOURCE_PRESERVATION_VERIFIED; behavior coverage by assurance receipts, not 330 blanket passes",Modular separation by family without parity regression; full behavior regression OPEN
cancelDrag,1768,ea66b58ef122bf2f8ca23fd0aa9e461b07da11ea7390c451902e4b1592d396fd,bf6a8e61b7ee8903a006fb13ea8bb14f548b02b4158de787fb138dc479a1b979,"[""DRAG_POINTER""]",FOUNDATION_REUSE,dist/foundation/accepted-runtime.js,602,True,Original implementation retained under one module mount,"SOURCE_PRESERVATION_VERIFIED; behavior coverage by assurance receipts, not 330 blanket passes",Modular separation by family without parity regression; full behavior regression OPEN
initSelectionToolbar,1770,ea66b58ef122bf2f8ca23fd0aa9e461b07da11ea7390c451902e4b1592d396fd,90a57050cb2610208f599f88a8cf094c71b6dbef64f85fb1378d0ed4cb6703f5,"[""SELECTION""]",FAMILY_ENGINE,dist/foundation/accepted-runtime.js,604,True,Original implementation retained under one module mount,"SOURCE_PRESERVATION_VERIFIED; behavior coverage by assurance receipts, not 330 blanket passes",Modular separation by family without parity regression; full behavior regression OPEN
explicitSaveSimulation,1771,ea66b58ef122bf2f8ca23fd0aa9e461b07da11ea7390c451902e4b1592d396fd,dcc3d3a357f4be96fae3d783ae37e169993bfef1a609c27af8795370ccfa467c,"[""STORAGE_SAVE""]",FOUNDATION_REUSE,dist/foundation/accepted-runtime.js,605,True,Original implementation retained under one module mount,"SOURCE_PRESERVATION_VERIFIED; behavior coverage by assurance receipts, not 330 blanket passes",Modular separation by family without parity regression; full behavior regression OPEN
openWorkspace,1772,ea66b58ef122bf2f8ca23fd0aa9e461b07da11ea7390c451902e4b1592d396fd,0c3d4fc03c881801e433156dc1cae0a91922417462da86405c301e1ea10ce33e,"[""WORKSPACE_PANE_LAYOUT""]",DOMAIN_ONLY,dist/foundation/accepted-runtime.js,606,True,Original implementation retained under one module mount,"SOURCE_PRESERVATION_VERIFIED; behavior coverage by assurance receipts, not 330 blanket passes",Modular separation by family without parity regression; full behavior regression OPEN
openOverflow,1773,ea66b58ef122bf2f8ca23fd0aa9e461b07da11ea7390c451902e4b1592d396fd,da890833ab2a9dfd83bec1097f8af6f518927a5d39a6c9e00372221af7b74932,"[""OTHER""]",PRESERVE_AND_IMPROVE,dist/foundation/accepted-runtime.js,607,True,Extension seam / shared preference or command delegation,"SOURCE_PRESERVATION_VERIFIED; behavior coverage by assurance receipts, not 330 blanket passes",Modular separation by family without parity regression; full behavior regression OPEN
labState,1774,ea66b58ef122bf2f8ca23fd0aa9e461b07da11ea7390c451902e4b1592d396fd,99e36d43f91f4f2bc0ca7454ea01c793f23b1be8cacfcf37aec19da5c4cdee22,"[""OTHER""]",DOMAIN_ONLY,dist/foundation/accepted-runtime.js,608,True,Original implementation retained under one module mount,"SOURCE_PRESERVATION_VERIFIED; behavior coverage by assurance receipts, not 330 blanket passes",Modular separation by family without parity regression; full behavior regression OPEN
initStaticDOM,1776,ea66b58ef122bf2f8ca23fd0aa9e461b07da11ea7390c451902e4b1592d396fd,efe32b7a1ecb37337c228dc8c9da356539a29e6fb69cc2e5e84787f862859ed8,"[""OTHER""]",FOUNDATION_REUSE,dist/foundation/accepted-runtime.js,610,True,Original implementation retained under one module mount,"SOURCE_PRESERVATION_VERIFIED; behavior coverage by assurance receipts, not 330 blanket passes",Modular separation by family without parity regression; full behavior regression OPEN
bindEvents,1778,ea66b58ef122bf2f8ca23fd0aa9e461b07da11ea7390c451902e4b1592d396fd,6bbba074eda73e1b406a1cc01370e38095b174dd4dcb0b8c36ec64287931cba8,"[""OTHER""]",PRESERVE_AND_IMPROVE,dist/foundation/accepted-runtime.js,612,True,Extension seam / shared preference or command delegation,"SOURCE_PRESERVATION_VERIFIED; behavior coverage by assurance receipts, not 330 blanket passes",Modular separation by family without parity regression; full behavior regression OPEN
getVisibleContextOwnerCount,1847,ea66b58ef122bf2f8ca23fd0aa9e461b07da11ea7390c451902e4b1592d396fd,61c27f87b13f2f764adf01aaf9b0cc6115c67f5913735b6ca2a07e884e3232f6,"[""CONTEXT_INSPECTOR""]",FOUNDATION_REUSE,dist/foundation/accepted-runtime.js,682,True,Original implementation retained under one module mount,"SOURCE_PRESERVATION_VERIFIED; behavior coverage by assurance receipts, not 330 blanket passes",Modular separation by family without parity regression; full behavior regression OPEN
inspect,1848,ea66b58ef122bf2f8ca23fd0aa9e461b07da11ea7390c451902e4b1592d396fd,6bf23c42878736f804cb878b9b3c72d11c3e5c65cabae02b845e517be5c00dbc,"[""OTHER""]",FOUNDATION_REUSE,dist/foundation/accepted-runtime.js,683,True,Original implementation retained under one module mount,"SOURCE_PRESERVATION_VERIFIED; behavior coverage by assurance receipts, not 330 blanket passes",Modular separation by family without parity regression; full behavior regression OPEN
init,1852,ea66b58ef122bf2f8ca23fd0aa9e461b07da11ea7390c451902e4b1592d396fd,a083153e079adb428ed854033f889287a359ad3b0beebc10938f1c8e594d21df,"[""OTHER""]",PRESERVE_AND_IMPROVE,dist/foundation/accepted-runtime.js,687,True,Extension seam / shared preference or command delegation,"SOURCE_PRESERVATION_VERIFIED; behavior coverage by assurance receipts, not 330 blanket passes",Modular separation by family without parity regression; full behavior regression OPEN
