surface,workspace,mechanic,name,classification,reason,source,implementation
audit,W05,SC-001,GlobalShellCore,INHERIT_AND_BIND,Navigation owner shared; Shell composition explicitly reopened,BigBoss/O05/surfaces/audit.json + current Owner addendum,CONCEPT_CONTRACT_ONLY
audit,W05,SC-002,WorkspaceRegionCore,MANDATORY_INHERIT,Universal presentation/action/state boundary applies; domain supplies content only,BigBoss/O05/surfaces/audit.json + current Owner addendum,PARTIAL_EXECUTABLE_OWNER
audit,W05,SC-003,PaneResponsiveCore,MANDATORY_INHERIT,Universal presentation/action/state boundary applies; domain supplies content only,BigBoss/O05/surfaces/audit.json + current Owner addendum,PARTIAL_EXECUTABLE_OWNER
audit,W05,SC-004,ContextInspectorCore,MANDATORY_INHERIT,Universal presentation/action/state boundary applies; domain supplies content only,BigBoss/O05/surfaces/audit.json + current Owner addendum,PARTIAL_EXECUTABLE_OWNER
audit,W05,SC-005,BottomDeepWorkCore,MANDATORY_INHERIT,Universal presentation/action/state boundary applies; domain supplies content only,BigBoss/O05/surfaces/audit.json + current Owner addendum,PARTIAL_EXECUTABLE_OWNER
audit,W05,SC-006,PresentationStateCore,MANDATORY_INHERIT,Universal presentation/action/state boundary applies; domain supplies content only,BigBoss/O05/surfaces/audit.json + current Owner addendum,PARTIAL_EXECUTABLE_OWNER
audit,W05,SC-007,GlobalPreferenceCore,MANDATORY_INHERIT,Universal presentation/action/state boundary applies; domain supplies content only,BigBoss/O05/surfaces/audit.json + current Owner addendum,CONCEPT_CONTRACT_ONLY
audit,W05,SC-008,PreferenceScopeResolver,MANDATORY_INHERIT,Universal presentation/action/state boundary applies; domain supplies content only,BigBoss/O05/surfaces/audit.json + current Owner addendum,PARTIAL_EXECUTABLE_OWNER
audit,W05,SC-009,GlobalSettingsIA,MANDATORY_INHERIT,Universal presentation/action/state boundary applies; domain supplies content only,BigBoss/O05/surfaces/audit.json + current Owner addendum,PARTIAL_EXECUTABLE_OWNER
audit,W05,SC-010,PreferencePersistenceCore,MANDATORY_INHERIT,Universal presentation/action/state boundary applies; domain supplies content only,BigBoss/O05/surfaces/audit.json + current Owner addendum,CONCEPT_CONTRACT_ONLY
audit,W05,SC-011,PreferenceExportImportResetModel,MANDATORY_INHERIT,Universal presentation/action/state boundary applies; domain supplies content only,BigBoss/O05/surfaces/audit.json + current Owner addendum,CONCEPT_CONTRACT_ONLY
audit,W05,SC-012,LocaleLanguagePresentationCore,MANDATORY_INHERIT,Universal presentation/action/state boundary applies; domain supplies content only,BigBoss/O05/surfaces/audit.json + current Owner addendum,CONCEPT_CONTRACT_ONLY
audit,W05,SC-013,DirectionAlignmentResolutionCore,MANDATORY_INHERIT,Universal presentation/action/state boundary applies; domain supplies content only,BigBoss/O05/surfaces/audit.json + current Owner addendum,CONCEPT_CONTRACT_ONLY
audit,W05,SC-014,TypographyAndScriptProfileCore,MANDATORY_INHERIT,Universal presentation/action/state boundary applies; domain supplies content only,BigBoss/O05/surfaces/audit.json + current Owner addendum,CONCEPT_CONTRACT_ONLY
audit,W05,SC-015,TechnicalTokenBidiIsolationCore,MANDATORY_INHERIT,Universal presentation/action/state boundary applies; domain supplies content only,BigBoss/O05/surfaces/audit.json + current Owner addendum,CONCEPT_CONTRACT_ONLY
audit,W05,SC-016,SemanticCommandCore,MANDATORY_INHERIT,Universal presentation/action/state boundary applies; domain supplies content only,BigBoss/O05/surfaces/audit.json + current Owner addendum,PARTIAL_EXECUTABLE_OWNER
audit,W05,SC-017,ActionSurfaceCore,MANDATORY_INHERIT,Universal presentation/action/state boundary applies; domain supplies content only,BigBoss/O05/surfaces/audit.json + current Owner addendum,PARTIAL_EXECUTABLE_OWNER
audit,W05,SC-018,ActionAvailabilityCore,MANDATORY_INHERIT,Universal presentation/action/state boundary applies; domain supplies content only,BigBoss/O05/surfaces/audit.json + current Owner addendum,CONCEPT_CONTRACT_ONLY
audit,W05,SC-019,TransientFocusCore,MANDATORY_INHERIT,Universal presentation/action/state boundary applies; domain supplies content only,BigBoss/O05/surfaces/audit.json + current Owner addendum,PARTIAL_EXECUTABLE_OWNER
audit,W05,SC-020,InputKeymapCore,MANDATORY_INHERIT,Universal presentation/action/state boundary applies; domain supplies content only,BigBoss/O05/surfaces/audit.json + current Owner addendum,CONCEPT_CONTRACT_ONLY
audit,W05,SC-021,AccessibilityInteractionCore,MANDATORY_INHERIT,Universal presentation/action/state boundary applies; domain supplies content only,BigBoss/O05/surfaces/audit.json + current Owner addendum,CONCEPT_CONTRACT_ONLY
audit,W05,SC-022,StatusFeedbackCore,MANDATORY_INHERIT,Universal presentation/action/state boundary applies; domain supplies content only,BigBoss/O05/surfaces/audit.json + current Owner addendum,PARTIAL_EXECUTABLE_OWNER
audit,W05,SC-023,EpistemicStateCore,MANDATORY_INHERIT,Universal presentation/action/state boundary applies; domain supplies content only,BigBoss/O05/surfaces/audit.json + current Owner addendum,CONCEPT_CONTRACT_ONLY
audit,W05,SC-024,SearchFilterDiscoveryCore,OPTIONAL,Search/filter binds domain source; no fabricated data,BigBoss/O05/surfaces/audit.json + current Owner addendum,CONCEPT_CONTRACT_ONLY
audit,W05,SC-025,NavigationQuickAccessCore,MANDATORY_INHERIT,Universal presentation/action/state boundary applies; domain supplies content only,BigBoss/O05/surfaces/audit.json + current Owner addendum,CONCEPT_CONTRACT_ONLY
audit,W05,SC-026,ConfirmationSafetyCore,MANDATORY_INHERIT,Universal presentation/action/state boundary applies; domain supplies content only,BigBoss/O05/surfaces/audit.json + current Owner addendum,CONCEPT_CONTRACT_ONLY
audit,W05,SC-027,SelectionInteractionCore,OPTIONAL,For personal annotations or working text only; no new canonical domain mutation,BigBoss/O05/surfaces/audit.json + current Owner addendum,PARTIAL_EXECUTABLE_OWNER
audit,W05,SC-028,TransactionHistoryCore,OPTIONAL,For personal annotations or working text only; no new canonical domain mutation,BigBoss/O05/surfaces/audit.json + current Owner addendum,CONCEPT_CONTRACT_ONLY
audit,W05,SC-029,ClipboardTrustCore,OPTIONAL,For personal annotations or working text only; no new canonical domain mutation,BigBoss/O05/surfaces/audit.json + current Owner addendum,CONCEPT_CONTRACT_ONLY
audit,W05,SC-030,StructuredContentCore,OPTIONAL,For personal annotations or working text only; no new canonical domain mutation,BigBoss/O05/surfaces/audit.json + current Owner addendum,PARTIAL_EXECUTABLE_OWNER
audit,W05,SC-031,SpatialInteractionCore,NOT_APPLICABLE,Current surface objects/operations do not require spatial workspace; future addition needs contract delta,BigBoss/O05/surfaces/audit.json + current Owner addendum,PARTIAL_EXECUTABLE_OWNER
audit,W05,SC-032,AnalyticalWorkbenchCore,INHERIT_AND_BIND,Explicit shared mechanic in admitted unsuperseded conceptual surface contract,BigBoss/O05/surfaces/audit.json + current Owner addendum,CONCEPT_CONTRACT_ONLY
audit,W05,SC-033,AuditProvenanceInteractionCore,INHERIT_AND_BIND,Provenance/evidence identity bound by domain,BigBoss/O05/surfaces/audit.json + current Owner addendum,CONCEPT_CONTRACT_ONLY
audit,W05,SC-034,CollectionTableMatrixCore,INHERIT_AND_BIND,Collection/object browse binds row identity and domain actions,BigBoss/O05/surfaces/audit.json + current Owner addendum,CONCEPT_CONTRACT_ONLY
audit,W05,SC-035,TimelineReplayCore,INHERIT_AND_BIND,Runtime event/replay timeline,BigBoss/O05/surfaces/audit.json + current Owner addendum,CONCEPT_CONTRACT_ONLY
audit,W05,SC-036,OperationalWorkbenchCore,NOT_APPLICABLE,No live runtime owned by this surface,BigBoss/O05/surfaces/audit.json + current Owner addendum,PARTIAL_EXECUTABLE_OWNER
audit,W05,SC-037,ReviewDecisionInteractionCore,OPTIONAL,Decision read projection only; no formal adjudication write,BigBoss/O05/surfaces/audit.json + current Owner addendum,CONCEPT_CONTRACT_ONLY
audit,W05,SC-038,NotesAnnotationCore,MANDATORY_INHERIT,Universal presentation/action/state boundary applies; domain supplies content only,BigBoss/O05/surfaces/audit.json + current Owner addendum,PARTIAL_EXECUTABLE_OWNER
audit,W05,SC-039,ProductionMappingBoundary,NOT_APPLICABLE,Production mapping is evidence only; no production target in bounded foundation,BigBoss/O05/surfaces/audit.json + current Owner addendum,CONCEPT_CONTRACT_ONLY
audit,W05,SC-040,PreferenceVsDomainConfigBoundary,MANDATORY_INHERIT,Universal presentation/action/state boundary applies; domain supplies content only,BigBoss/O05/surfaces/audit.json + current Owner addendum,CONCEPT_CONTRACT_ONLY
audit,W05,WorkspaceFrame,WorkspaceFrame,MANDATORY_INHERIT,Universal presentation/action/state boundary applies; domain supplies content only,SC-002,EXECUTABLE_BOUNDED
audit,W05,SidePaneShell,SidePaneShell,MANDATORY_INHERIT,Universal presentation/action/state boundary applies; domain supplies content only,SC-003,EXECUTABLE_BOUNDED
audit,W05,WorkspaceToolbar,WorkspaceToolbar,MANDATORY_INHERIT,Universal presentation/action/state boundary applies; domain supplies content only,SC-017,EXECUTABLE_BOUNDED
audit,W05,CommandPalette,CommandPalette,MANDATORY_INHERIT,Universal presentation/action/state boundary applies; domain supplies content only,SC-016,EXECUTABLE_BOUNDED
audit,W05,ContextActionMenu,ContextActionMenu,MANDATORY_INHERIT,Universal presentation/action/state boundary applies; domain supplies content only,SC-017,EXECUTABLE_BOUNDED
audit,W05,SelectionActionSurface,SelectionActionSurface,OPTIONAL,For personal annotations or working text only; no new canonical domain mutation,SC-027,EXECUTABLE_BOUNDED
audit,W05,InsertionPalette,InsertionPalette,OPTIONAL,For personal annotations or working text only; no new canonical domain mutation,SC-030,EXECUTABLE_BOUNDED
audit,W05,ContextInspector,ContextInspector,MANDATORY_INHERIT,Universal presentation/action/state boundary applies; domain supplies content only,SC-004,EXECUTABLE_BOUNDED
audit,W05,LensHost,LensHost,MANDATORY_INHERIT,Universal presentation/action/state boundary applies; domain supplies content only,SC-004,EXECUTABLE_BOUNDED
audit,W05,BottomShelf,BottomShelf,MANDATORY_INHERIT,Universal presentation/action/state boundary applies; domain supplies content only,SC-005,EXECUTABLE_BOUNDED
audit,W05,SettingsCenter,SettingsCenter,MANDATORY_INHERIT,Universal presentation/action/state boundary applies; domain supplies content only,SC-009,EXECUTABLE_BOUNDED
audit,W05,ScopedPreferencesOwner,ScopedPreferencesOwner,MANDATORY_INHERIT,Universal presentation/action/state boundary applies; domain supplies content only,SC-008,EXECUTABLE_BOUNDED
audit,W05,FocusAndDismissal,FocusAndDismissal,MANDATORY_INHERIT,Universal presentation/action/state boundary applies; domain supplies content only,SC-019,EXECUTABLE_BOUNDED
audit,W05,UnifiedEditor,UnifiedEditor,OPTIONAL,For personal annotations or working text only; no new canonical domain mutation,SC-030,EXECUTABLE_BOUNDED
audit,W05,StickyNotes,StickyNotes,MANDATORY_INHERIT,Universal presentation/action/state boundary applies; domain supplies content only,SC-038,EXECUTABLE_BOUNDED
audit,W05,SpatialInteraction,SpatialInteraction,NOT_APPLICABLE,Current surface objects/operations do not require spatial workspace; future addition needs contract delta,SC-031,EXECUTABLE_BOUNDED
audit,W05,OperationalSurface,OperationalSurface,NOT_APPLICABLE,No live runtime owned by this surface,SC-036,EXECUTABLE_BOUNDED
audit,W05,WindowMotion,WindowMotion,MANDATORY_INHERIT,Universal presentation/action/state boundary applies; domain supplies content only,SC-006,EXECUTABLE_BOUNDED
audit,W05,SemanticCommandBus,SemanticCommandBus,MANDATORY_INHERIT,Universal presentation/action/state boundary applies; domain supplies content only,SC-016,EXECUTABLE_BOUNDED
audit,W05,StatusFeedback,StatusFeedback,MANDATORY_INHERIT,Universal presentation/action/state boundary applies; domain supplies content only,SC-022,EXECUTABLE_BOUNDED
audit,W05,AnalyticalCompare,AnalyticalCompare,INHERIT_AND_BIND,Explicit shared mechanic in admitted unsuperseded conceptual surface contract,SC-032,OPEN_NOT_IMPLEMENTED
backup,W05,SC-001,GlobalShellCore,INHERIT_AND_BIND,Navigation owner shared; Shell composition explicitly reopened,BigBoss/O05/surfaces/backup.json + current Owner addendum,CONCEPT_CONTRACT_ONLY
backup,W05,SC-002,WorkspaceRegionCore,MANDATORY_INHERIT,Universal presentation/action/state boundary applies; domain supplies content only,BigBoss/O05/surfaces/backup.json + current Owner addendum,PARTIAL_EXECUTABLE_OWNER
backup,W05,SC-003,PaneResponsiveCore,MANDATORY_INHERIT,Universal presentation/action/state boundary applies; domain supplies content only,BigBoss/O05/surfaces/backup.json + current Owner addendum,PARTIAL_EXECUTABLE_OWNER
backup,W05,SC-004,ContextInspectorCore,MANDATORY_INHERIT,Universal presentation/action/state boundary applies; domain supplies content only,BigBoss/O05/surfaces/backup.json + current Owner addendum,PARTIAL_EXECUTABLE_OWNER
backup,W05,SC-005,BottomDeepWorkCore,MANDATORY_INHERIT,Universal presentation/action/state boundary applies; domain supplies content only,BigBoss/O05/surfaces/backup.json + current Owner addendum,PARTIAL_EXECUTABLE_OWNER
backup,W05,SC-006,PresentationStateCore,MANDATORY_INHERIT,Universal presentation/action/state boundary applies; domain supplies content only,BigBoss/O05/surfaces/backup.json + current Owner addendum,PARTIAL_EXECUTABLE_OWNER
backup,W05,SC-007,GlobalPreferenceCore,MANDATORY_INHERIT,Universal presentation/action/state boundary applies; domain supplies content only,BigBoss/O05/surfaces/backup.json + current Owner addendum,CONCEPT_CONTRACT_ONLY
backup,W05,SC-008,PreferenceScopeResolver,MANDATORY_INHERIT,Universal presentation/action/state boundary applies; domain supplies content only,BigBoss/O05/surfaces/backup.json + current Owner addendum,PARTIAL_EXECUTABLE_OWNER
backup,W05,SC-009,GlobalSettingsIA,MANDATORY_INHERIT,Universal presentation/action/state boundary applies; domain supplies content only,BigBoss/O05/surfaces/backup.json + current Owner addendum,PARTIAL_EXECUTABLE_OWNER
backup,W05,SC-010,PreferencePersistenceCore,MANDATORY_INHERIT,Universal presentation/action/state boundary applies; domain supplies content only,BigBoss/O05/surfaces/backup.json + current Owner addendum,CONCEPT_CONTRACT_ONLY
backup,W05,SC-011,PreferenceExportImportResetModel,MANDATORY_INHERIT,Universal presentation/action/state boundary applies; domain supplies content only,BigBoss/O05/surfaces/backup.json + current Owner addendum,CONCEPT_CONTRACT_ONLY
backup,W05,SC-012,LocaleLanguagePresentationCore,MANDATORY_INHERIT,Universal presentation/action/state boundary applies; domain supplies content only,BigBoss/O05/surfaces/backup.json + current Owner addendum,CONCEPT_CONTRACT_ONLY
backup,W05,SC-013,DirectionAlignmentResolutionCore,MANDATORY_INHERIT,Universal presentation/action/state boundary applies; domain supplies content only,BigBoss/O05/surfaces/backup.json + current Owner addendum,CONCEPT_CONTRACT_ONLY
backup,W05,SC-014,TypographyAndScriptProfileCore,MANDATORY_INHERIT,Universal presentation/action/state boundary applies; domain supplies content only,BigBoss/O05/surfaces/backup.json + current Owner addendum,CONCEPT_CONTRACT_ONLY
backup,W05,SC-015,TechnicalTokenBidiIsolationCore,MANDATORY_INHERIT,Universal presentation/action/state boundary applies; domain supplies content only,BigBoss/O05/surfaces/backup.json + current Owner addendum,CONCEPT_CONTRACT_ONLY
backup,W05,SC-016,SemanticCommandCore,MANDATORY_INHERIT,Universal presentation/action/state boundary applies; domain supplies content only,BigBoss/O05/surfaces/backup.json + current Owner addendum,PARTIAL_EXECUTABLE_OWNER
backup,W05,SC-017,ActionSurfaceCore,MANDATORY_INHERIT,Universal presentation/action/state boundary applies; domain supplies content only,BigBoss/O05/surfaces/backup.json + current Owner addendum,PARTIAL_EXECUTABLE_OWNER
backup,W05,SC-018,ActionAvailabilityCore,MANDATORY_INHERIT,Universal presentation/action/state boundary applies; domain supplies content only,BigBoss/O05/surfaces/backup.json + current Owner addendum,CONCEPT_CONTRACT_ONLY
backup,W05,SC-019,TransientFocusCore,MANDATORY_INHERIT,Universal presentation/action/state boundary applies; domain supplies content only,BigBoss/O05/surfaces/backup.json + current Owner addendum,PARTIAL_EXECUTABLE_OWNER
backup,W05,SC-020,InputKeymapCore,MANDATORY_INHERIT,Universal presentation/action/state boundary applies; domain supplies content only,BigBoss/O05/surfaces/backup.json + current Owner addendum,CONCEPT_CONTRACT_ONLY
backup,W05,SC-021,AccessibilityInteractionCore,MANDATORY_INHERIT,Universal presentation/action/state boundary applies; domain supplies content only,BigBoss/O05/surfaces/backup.json + current Owner addendum,CONCEPT_CONTRACT_ONLY
backup,W05,SC-022,StatusFeedbackCore,MANDATORY_INHERIT,Universal presentation/action/state boundary applies; domain supplies content only,BigBoss/O05/surfaces/backup.json + current Owner addendum,PARTIAL_EXECUTABLE_OWNER
backup,W05,SC-023,EpistemicStateCore,MANDATORY_INHERIT,Universal presentation/action/state boundary applies; domain supplies content only,BigBoss/O05/surfaces/backup.json + current Owner addendum,CONCEPT_CONTRACT_ONLY
backup,W05,SC-024,SearchFilterDiscoveryCore,OPTIONAL,Search/filter binds domain source; no fabricated data,BigBoss/O05/surfaces/backup.json + current Owner addendum,CONCEPT_CONTRACT_ONLY
backup,W05,SC-025,NavigationQuickAccessCore,MANDATORY_INHERIT,Universal presentation/action/state boundary applies; domain supplies content only,BigBoss/O05/surfaces/backup.json + current Owner addendum,CONCEPT_CONTRACT_ONLY
backup,W05,SC-026,ConfirmationSafetyCore,MANDATORY_INHERIT,Universal presentation/action/state boundary applies; domain supplies content only,BigBoss/O05/surfaces/backup.json + current Owner addendum,CONCEPT_CONTRACT_ONLY
backup,W05,SC-027,SelectionInteractionCore,OPTIONAL,For personal annotations or working text only; no new canonical domain mutation,BigBoss/O05/surfaces/backup.json + current Owner addendum,PARTIAL_EXECUTABLE_OWNER
backup,W05,SC-028,TransactionHistoryCore,OPTIONAL,For personal annotations or working text only; no new canonical domain mutation,BigBoss/O05/surfaces/backup.json + current Owner addendum,CONCEPT_CONTRACT_ONLY
backup,W05,SC-029,ClipboardTrustCore,OPTIONAL,For personal annotations or working text only; no new canonical domain mutation,BigBoss/O05/surfaces/backup.json + current Owner addendum,CONCEPT_CONTRACT_ONLY
backup,W05,SC-030,StructuredContentCore,OPTIONAL,For personal annotations or working text only; no new canonical domain mutation,BigBoss/O05/surfaces/backup.json + current Owner addendum,PARTIAL_EXECUTABLE_OWNER
backup,W05,SC-031,SpatialInteractionCore,NOT_APPLICABLE,Current surface objects/operations do not require spatial workspace; future addition needs contract delta,BigBoss/O05/surfaces/backup.json + current Owner addendum,PARTIAL_EXECUTABLE_OWNER
backup,W05,SC-032,AnalyticalWorkbenchCore,OPTIONAL,Only if domain supplies typed compare/history projection,BigBoss/O05/surfaces/backup.json + current Owner addendum,CONCEPT_CONTRACT_ONLY
backup,W05,SC-033,AuditProvenanceInteractionCore,INHERIT_AND_BIND,Provenance/evidence identity bound by domain,BigBoss/O05/surfaces/backup.json + current Owner addendum,CONCEPT_CONTRACT_ONLY
backup,W05,SC-034,CollectionTableMatrixCore,INHERIT_AND_BIND,Collection/object browse binds row identity and domain actions,BigBoss/O05/surfaces/backup.json + current Owner addendum,CONCEPT_CONTRACT_ONLY
backup,W05,SC-035,TimelineReplayCore,OPTIONAL,Domain history if justified; never simulated truth,BigBoss/O05/surfaces/backup.json + current Owner addendum,CONCEPT_CONTRACT_ONLY
backup,W05,SC-036,OperationalWorkbenchCore,NOT_APPLICABLE,No live runtime owned by this surface,BigBoss/O05/surfaces/backup.json + current Owner addendum,PARTIAL_EXECUTABLE_OWNER
backup,W05,SC-037,ReviewDecisionInteractionCore,OPTIONAL,Decision read projection only; no formal adjudication write,BigBoss/O05/surfaces/backup.json + current Owner addendum,CONCEPT_CONTRACT_ONLY
backup,W05,SC-038,NotesAnnotationCore,MANDATORY_INHERIT,Universal presentation/action/state boundary applies; domain supplies content only,BigBoss/O05/surfaces/backup.json + current Owner addendum,PARTIAL_EXECUTABLE_OWNER
backup,W05,SC-039,ProductionMappingBoundary,NOT_APPLICABLE,Production mapping is evidence only; no production target in bounded foundation,BigBoss/O05/surfaces/backup.json + current Owner addendum,CONCEPT_CONTRACT_ONLY
backup,W05,SC-040,PreferenceVsDomainConfigBoundary,MANDATORY_INHERIT,Universal presentation/action/state boundary applies; domain supplies content only,BigBoss/O05/surfaces/backup.json + current Owner addendum,CONCEPT_CONTRACT_ONLY
backup,W05,WorkspaceFrame,WorkspaceFrame,MANDATORY_INHERIT,Universal presentation/action/state boundary applies; domain supplies content only,SC-002,EXECUTABLE_BOUNDED
backup,W05,SidePaneShell,SidePaneShell,MANDATORY_INHERIT,Universal presentation/action/state boundary applies; domain supplies content only,SC-003,EXECUTABLE_BOUNDED
backup,W05,WorkspaceToolbar,WorkspaceToolbar,MANDATORY_INHERIT,Universal presentation/action/state boundary applies; domain supplies content only,SC-017,EXECUTABLE_BOUNDED
backup,W05,CommandPalette,CommandPalette,MANDATORY_INHERIT,Universal presentation/action/state boundary applies; domain supplies content only,SC-016,EXECUTABLE_BOUNDED
backup,W05,ContextActionMenu,ContextActionMenu,MANDATORY_INHERIT,Universal presentation/action/state boundary applies; domain supplies content only,SC-017,EXECUTABLE_BOUNDED
backup,W05,SelectionActionSurface,SelectionActionSurface,OPTIONAL,For personal annotations or working text only; no new canonical domain mutation,SC-027,EXECUTABLE_BOUNDED
backup,W05,InsertionPalette,InsertionPalette,OPTIONAL,For personal annotations or working text only; no new canonical domain mutation,SC-030,EXECUTABLE_BOUNDED
backup,W05,ContextInspector,ContextInspector,MANDATORY_INHERIT,Universal presentation/action/state boundary applies; domain supplies content only,SC-004,EXECUTABLE_BOUNDED
backup,W05,LensHost,LensHost,MANDATORY_INHERIT,Universal presentation/action/state boundary applies; domain supplies content only,SC-004,EXECUTABLE_BOUNDED
backup,W05,BottomShelf,BottomShelf,MANDATORY_INHERIT,Universal presentation/action/state boundary applies; domain supplies content only,SC-005,EXECUTABLE_BOUNDED
backup,W05,SettingsCenter,SettingsCenter,MANDATORY_INHERIT,Universal presentation/action/state boundary applies; domain supplies content only,SC-009,EXECUTABLE_BOUNDED
backup,W05,ScopedPreferencesOwner,ScopedPreferencesOwner,MANDATORY_INHERIT,Universal presentation/action/state boundary applies; domain supplies content only,SC-008,EXECUTABLE_BOUNDED
backup,W05,FocusAndDismissal,FocusAndDismissal,MANDATORY_INHERIT,Universal presentation/action/state boundary applies; domain supplies content only,SC-019,EXECUTABLE_BOUNDED
backup,W05,UnifiedEditor,UnifiedEditor,OPTIONAL,For personal annotations or working text only; no new canonical domain mutation,SC-030,EXECUTABLE_BOUNDED
backup,W05,StickyNotes,StickyNotes,MANDATORY_INHERIT,Universal presentation/action/state boundary applies; domain supplies content only,SC-038,EXECUTABLE_BOUNDED
backup,W05,SpatialInteraction,SpatialInteraction,NOT_APPLICABLE,Current surface objects/operations do not require spatial workspace; future addition needs contract delta,SC-031,EXECUTABLE_BOUNDED
backup,W05,OperationalSurface,OperationalSurface,NOT_APPLICABLE,No live runtime owned by this surface,SC-036,EXECUTABLE_BOUNDED
backup,W05,WindowMotion,WindowMotion,MANDATORY_INHERIT,Universal presentation/action/state boundary applies; domain supplies content only,SC-006,EXECUTABLE_BOUNDED
backup,W05,SemanticCommandBus,SemanticCommandBus,MANDATORY_INHERIT,Universal presentation/action/state boundary applies; domain supplies content only,SC-016,EXECUTABLE_BOUNDED
backup,W05,StatusFeedback,StatusFeedback,MANDATORY_INHERIT,Universal presentation/action/state boundary applies; domain supplies content only,SC-022,EXECUTABLE_BOUNDED
backup,W05,AnalyticalCompare,AnalyticalCompare,OPTIONAL,Only if domain supplies typed compare/history projection,SC-032,OPEN_NOT_IMPLEMENTED
configuration,W05,SC-001,GlobalShellCore,INHERIT_AND_BIND,Navigation owner shared; Shell composition explicitly reopened,BigBoss/O05/surfaces/configuration.json + current Owner addendum,CONCEPT_CONTRACT_ONLY
configuration,W05,SC-002,WorkspaceRegionCore,MANDATORY_INHERIT,Universal presentation/action/state boundary applies; domain supplies content only,BigBoss/O05/surfaces/configuration.json + current Owner addendum,PARTIAL_EXECUTABLE_OWNER
configuration,W05,SC-003,PaneResponsiveCore,MANDATORY_INHERIT,Universal presentation/action/state boundary applies; domain supplies content only,BigBoss/O05/surfaces/configuration.json + current Owner addendum,PARTIAL_EXECUTABLE_OWNER
configuration,W05,SC-004,ContextInspectorCore,MANDATORY_INHERIT,Universal presentation/action/state boundary applies; domain supplies content only,BigBoss/O05/surfaces/configuration.json + current Owner addendum,PARTIAL_EXECUTABLE_OWNER
configuration,W05,SC-005,BottomDeepWorkCore,MANDATORY_INHERIT,Universal presentation/action/state boundary applies; domain supplies content only,BigBoss/O05/surfaces/configuration.json + current Owner addendum,PARTIAL_EXECUTABLE_OWNER
configuration,W05,SC-006,PresentationStateCore,MANDATORY_INHERIT,Universal presentation/action/state boundary applies; domain supplies content only,BigBoss/O05/surfaces/configuration.json + current Owner addendum,PARTIAL_EXECUTABLE_OWNER
configuration,W05,SC-007,GlobalPreferenceCore,MANDATORY_INHERIT,Universal presentation/action/state boundary applies; domain supplies content only,BigBoss/O05/surfaces/configuration.json + current Owner addendum,CONCEPT_CONTRACT_ONLY
configuration,W05,SC-008,PreferenceScopeResolver,MANDATORY_INHERIT,Universal presentation/action/state boundary applies; domain supplies content only,BigBoss/O05/surfaces/configuration.json + current Owner addendum,PARTIAL_EXECUTABLE_OWNER
configuration,W05,SC-009,GlobalSettingsIA,MANDATORY_INHERIT,Universal presentation/action/state boundary applies; domain supplies content only,BigBoss/O05/surfaces/configuration.json + current Owner addendum,PARTIAL_EXECUTABLE_OWNER
configuration,W05,SC-010,PreferencePersistenceCore,MANDATORY_INHERIT,Universal presentation/action/state boundary applies; domain supplies content only,BigBoss/O05/surfaces/configuration.json + current Owner addendum,CONCEPT_CONTRACT_ONLY
configuration,W05,SC-011,PreferenceExportImportResetModel,MANDATORY_INHERIT,Universal presentation/action/state boundary applies; domain supplies content only,BigBoss/O05/surfaces/configuration.json + current Owner addendum,CONCEPT_CONTRACT_ONLY
configuration,W05,SC-012,LocaleLanguagePresentationCore,MANDATORY_INHERIT,Universal presentation/action/state boundary applies; domain supplies content only,BigBoss/O05/surfaces/configuration.json + current Owner addendum,CONCEPT_CONTRACT_ONLY
configuration,W05,SC-013,DirectionAlignmentResolutionCore,MANDATORY_INHERIT,Universal presentation/action/state boundary applies; domain supplies content only,BigBoss/O05/surfaces/configuration.json + current Owner addendum,CONCEPT_CONTRACT_ONLY
configuration,W05,SC-014,TypographyAndScriptProfileCore,MANDATORY_INHERIT,Universal presentation/action/state boundary applies; domain supplies content only,BigBoss/O05/surfaces/configuration.json + current Owner addendum,CONCEPT_CONTRACT_ONLY
configuration,W05,SC-015,TechnicalTokenBidiIsolationCore,MANDATORY_INHERIT,Universal presentation/action/state boundary applies; domain supplies content only,BigBoss/O05/surfaces/configuration.json + current Owner addendum,CONCEPT_CONTRACT_ONLY
configuration,W05,SC-016,SemanticCommandCore,MANDATORY_INHERIT,Universal presentation/action/state boundary applies; domain supplies content only,BigBoss/O05/surfaces/configuration.json + current Owner addendum,PARTIAL_EXECUTABLE_OWNER
configuration,W05,SC-017,ActionSurfaceCore,MANDATORY_INHERIT,Universal presentation/action/state boundary applies; domain supplies content only,BigBoss/O05/surfaces/configuration.json + current Owner addendum,PARTIAL_EXECUTABLE_OWNER
configuration,W05,SC-018,ActionAvailabilityCore,MANDATORY_INHERIT,Universal presentation/action/state boundary applies; domain supplies content only,BigBoss/O05/surfaces/configuration.json + current Owner addendum,CONCEPT_CONTRACT_ONLY
configuration,W05,SC-019,TransientFocusCore,MANDATORY_INHERIT,Universal presentation/action/state boundary applies; domain supplies content only,BigBoss/O05/surfaces/configuration.json + current Owner addendum,PARTIAL_EXECUTABLE_OWNER
configuration,W05,SC-020,InputKeymapCore,MANDATORY_INHERIT,Universal presentation/action/state boundary applies; domain supplies content only,BigBoss/O05/surfaces/configuration.json + current Owner addendum,CONCEPT_CONTRACT_ONLY
configuration,W05,SC-021,AccessibilityInteractionCore,MANDATORY_INHERIT,Universal presentation/action/state boundary applies; domain supplies content only,BigBoss/O05/surfaces/configuration.json + current Owner addendum,CONCEPT_CONTRACT_ONLY
configuration,W05,SC-022,StatusFeedbackCore,MANDATORY_INHERIT,Universal presentation/action/state boundary applies; domain supplies content only,BigBoss/O05/surfaces/configuration.json + current Owner addendum,PARTIAL_EXECUTABLE_OWNER
configuration,W05,SC-023,EpistemicStateCore,MANDATORY_INHERIT,Universal presentation/action/state boundary applies; domain supplies content only,BigBoss/O05/surfaces/configuration.json + current Owner addendum,CONCEPT_CONTRACT_ONLY
configuration,W05,SC-024,SearchFilterDiscoveryCore,OPTIONAL,Search/filter binds domain source; no fabricated data,BigBoss/O05/surfaces/configuration.json + current Owner addendum,CONCEPT_CONTRACT_ONLY
configuration,W05,SC-025,NavigationQuickAccessCore,MANDATORY_INHERIT,Universal presentation/action/state boundary applies; domain supplies content only,BigBoss/O05/surfaces/configuration.json + current Owner addendum,CONCEPT_CONTRACT_ONLY
configuration,W05,SC-026,ConfirmationSafetyCore,MANDATORY_INHERIT,Universal presentation/action/state boundary applies; domain supplies content only,BigBoss/O05/surfaces/configuration.json + current Owner addendum,CONCEPT_CONTRACT_ONLY
configuration,W05,SC-027,SelectionInteractionCore,OPTIONAL,For personal annotations or working text only; no new canonical domain mutation,BigBoss/O05/surfaces/configuration.json + current Owner addendum,PARTIAL_EXECUTABLE_OWNER
configuration,W05,SC-028,TransactionHistoryCore,OPTIONAL,For personal annotations or working text only; no new canonical domain mutation,BigBoss/O05/surfaces/configuration.json + current Owner addendum,CONCEPT_CONTRACT_ONLY
configuration,W05,SC-029,ClipboardTrustCore,OPTIONAL,For personal annotations or working text only; no new canonical domain mutation,BigBoss/O05/surfaces/configuration.json + current Owner addendum,CONCEPT_CONTRACT_ONLY
configuration,W05,SC-030,StructuredContentCore,OPTIONAL,For personal annotations or working text only; no new canonical domain mutation,BigBoss/O05/surfaces/configuration.json + current Owner addendum,PARTIAL_EXECUTABLE_OWNER
configuration,W05,SC-031,SpatialInteractionCore,NOT_APPLICABLE,Current surface objects/operations do not require spatial workspace; future addition needs contract delta,BigBoss/O05/surfaces/configuration.json + current Owner addendum,PARTIAL_EXECUTABLE_OWNER
configuration,W05,SC-032,AnalyticalWorkbenchCore,OPTIONAL,Only if domain supplies typed compare/history projection,BigBoss/O05/surfaces/configuration.json + current Owner addendum,CONCEPT_CONTRACT_ONLY
configuration,W05,SC-033,AuditProvenanceInteractionCore,OPTIONAL,Command receipts only; canonical Audit adapter not implied,BigBoss/O05/surfaces/configuration.json + current Owner addendum,CONCEPT_CONTRACT_ONLY
configuration,W05,SC-034,CollectionTableMatrixCore,INHERIT_AND_BIND,Collection/object browse binds row identity and domain actions,BigBoss/O05/surfaces/configuration.json + current Owner addendum,CONCEPT_CONTRACT_ONLY
configuration,W05,SC-035,TimelineReplayCore,OPTIONAL,Domain history if justified; never simulated truth,BigBoss/O05/surfaces/configuration.json + current Owner addendum,CONCEPT_CONTRACT_ONLY
configuration,W05,SC-036,OperationalWorkbenchCore,NOT_APPLICABLE,No live runtime owned by this surface,BigBoss/O05/surfaces/configuration.json + current Owner addendum,PARTIAL_EXECUTABLE_OWNER
configuration,W05,SC-037,ReviewDecisionInteractionCore,OPTIONAL,Decision read projection only; no formal adjudication write,BigBoss/O05/surfaces/configuration.json + current Owner addendum,CONCEPT_CONTRACT_ONLY
configuration,W05,SC-038,NotesAnnotationCore,MANDATORY_INHERIT,Universal presentation/action/state boundary applies; domain supplies content only,BigBoss/O05/surfaces/configuration.json + current Owner addendum,PARTIAL_EXECUTABLE_OWNER
configuration,W05,SC-039,ProductionMappingBoundary,NOT_APPLICABLE,Production mapping is evidence only; no production target in bounded foundation,BigBoss/O05/surfaces/configuration.json + current Owner addendum,CONCEPT_CONTRACT_ONLY
configuration,W05,SC-040,PreferenceVsDomainConfigBoundary,MANDATORY_INHERIT,Universal presentation/action/state boundary applies; domain supplies content only,BigBoss/O05/surfaces/configuration.json + current Owner addendum,CONCEPT_CONTRACT_ONLY
configuration,W05,WorkspaceFrame,WorkspaceFrame,MANDATORY_INHERIT,Universal presentation/action/state boundary applies; domain supplies content only,SC-002,EXECUTABLE_BOUNDED
configuration,W05,SidePaneShell,SidePaneShell,MANDATORY_INHERIT,Universal presentation/action/state boundary applies; domain supplies content only,SC-003,EXECUTABLE_BOUNDED
configuration,W05,WorkspaceToolbar,WorkspaceToolbar,MANDATORY_INHERIT,Universal presentation/action/state boundary applies; domain supplies content only,SC-017,EXECUTABLE_BOUNDED
configuration,W05,CommandPalette,CommandPalette,MANDATORY_INHERIT,Universal presentation/action/state boundary applies; domain supplies content only,SC-016,EXECUTABLE_BOUNDED
configuration,W05,ContextActionMenu,ContextActionMenu,MANDATORY_INHERIT,Universal presentation/action/state boundary applies; domain supplies content only,SC-017,EXECUTABLE_BOUNDED
configuration,W05,SelectionActionSurface,SelectionActionSurface,OPTIONAL,For personal annotations or working text only; no new canonical domain mutation,SC-027,EXECUTABLE_BOUNDED
configuration,W05,InsertionPalette,InsertionPalette,OPTIONAL,For personal annotations or working text only; no new canonical domain mutation,SC-030,EXECUTABLE_BOUNDED
configuration,W05,ContextInspector,ContextInspector,MANDATORY_INHERIT,Universal presentation/action/state boundary applies; domain supplies content only,SC-004,EXECUTABLE_BOUNDED
configuration,W05,LensHost,LensHost,MANDATORY_INHERIT,Universal presentation/action/state boundary applies; domain supplies content only,SC-004,EXECUTABLE_BOUNDED
configuration,W05,BottomShelf,BottomShelf,MANDATORY_INHERIT,Universal presentation/action/state boundary applies; domain supplies content only,SC-005,EXECUTABLE_BOUNDED
configuration,W05,SettingsCenter,SettingsCenter,MANDATORY_INHERIT,Universal presentation/action/state boundary applies; domain supplies content only,SC-009,EXECUTABLE_BOUNDED
configuration,W05,ScopedPreferencesOwner,ScopedPreferencesOwner,MANDATORY_INHERIT,Universal presentation/action/state boundary applies; domain supplies content only,SC-008,EXECUTABLE_BOUNDED
configuration,W05,FocusAndDismissal,FocusAndDismissal,MANDATORY_INHERIT,Universal presentation/action/state boundary applies; domain supplies content only,SC-019,EXECUTABLE_BOUNDED
configuration,W05,UnifiedEditor,UnifiedEditor,OPTIONAL,For personal annotations or working text only; no new canonical domain mutation,SC-030,EXECUTABLE_BOUNDED
configuration,W05,StickyNotes,StickyNotes,MANDATORY_INHERIT,Universal presentation/action/state boundary applies; domain supplies content only,SC-038,EXECUTABLE_BOUNDED
configuration,W05,SpatialInteraction,SpatialInteraction,NOT_APPLICABLE,Current surface objects/operations do not require spatial workspace; future addition needs contract delta,SC-031,EXECUTABLE_BOUNDED
configuration,W05,OperationalSurface,OperationalSurface,NOT_APPLICABLE,No live runtime owned by this surface,SC-036,EXECUTABLE_BOUNDED
configuration,W05,WindowMotion,WindowMotion,MANDATORY_INHERIT,Universal presentation/action/state boundary applies; domain supplies content only,SC-006,EXECUTABLE_BOUNDED
configuration,W05,SemanticCommandBus,SemanticCommandBus,MANDATORY_INHERIT,Universal presentation/action/state boundary applies; domain supplies content only,SC-016,EXECUTABLE_BOUNDED
configuration,W05,StatusFeedback,StatusFeedback,MANDATORY_INHERIT,Universal presentation/action/state boundary applies; domain supplies content only,SC-022,EXECUTABLE_BOUNDED
configuration,W05,AnalyticalCompare,AnalyticalCompare,OPTIONAL,Only if domain supplies typed compare/history projection,SC-032,OPEN_NOT_IMPLEMENTED
enterprise,W03,SC-001,GlobalShellCore,INHERIT_AND_BIND,Navigation owner shared; Shell composition explicitly reopened,BigBoss/O05/surfaces/enterprise.json + current Owner addendum,CONCEPT_CONTRACT_ONLY
enterprise,W03,SC-002,WorkspaceRegionCore,MANDATORY_INHERIT,Universal presentation/action/state boundary applies; domain supplies content only,BigBoss/O05/surfaces/enterprise.json + current Owner addendum,PARTIAL_EXECUTABLE_OWNER
enterprise,W03,SC-003,PaneResponsiveCore,MANDATORY_INHERIT,Universal presentation/action/state boundary applies; domain supplies content only,BigBoss/O05/surfaces/enterprise.json + current Owner addendum,PARTIAL_EXECUTABLE_OWNER
enterprise,W03,SC-004,ContextInspectorCore,MANDATORY_INHERIT,Universal presentation/action/state boundary applies; domain supplies content only,BigBoss/O05/surfaces/enterprise.json + current Owner addendum,PARTIAL_EXECUTABLE_OWNER
enterprise,W03,SC-005,BottomDeepWorkCore,MANDATORY_INHERIT,Universal presentation/action/state boundary applies; domain supplies content only,BigBoss/O05/surfaces/enterprise.json + current Owner addendum,PARTIAL_EXECUTABLE_OWNER
enterprise,W03,SC-006,PresentationStateCore,MANDATORY_INHERIT,Universal presentation/action/state boundary applies; domain supplies content only,BigBoss/O05/surfaces/enterprise.json + current Owner addendum,PARTIAL_EXECUTABLE_OWNER
enterprise,W03,SC-007,GlobalPreferenceCore,MANDATORY_INHERIT,Universal presentation/action/state boundary applies; domain supplies content only,BigBoss/O05/surfaces/enterprise.json + current Owner addendum,CONCEPT_CONTRACT_ONLY
enterprise,W03,SC-008,PreferenceScopeResolver,MANDATORY_INHERIT,Universal presentation/action/state boundary applies; domain supplies content only,BigBoss/O05/surfaces/enterprise.json + current Owner addendum,PARTIAL_EXECUTABLE_OWNER
enterprise,W03,SC-009,GlobalSettingsIA,MANDATORY_INHERIT,Universal presentation/action/state boundary applies; domain supplies content only,BigBoss/O05/surfaces/enterprise.json + current Owner addendum,PARTIAL_EXECUTABLE_OWNER
enterprise,W03,SC-010,PreferencePersistenceCore,MANDATORY_INHERIT,Universal presentation/action/state boundary applies; domain supplies content only,BigBoss/O05/surfaces/enterprise.json + current Owner addendum,CONCEPT_CONTRACT_ONLY
enterprise,W03,SC-011,PreferenceExportImportResetModel,MANDATORY_INHERIT,Universal presentation/action/state boundary applies; domain supplies content only,BigBoss/O05/surfaces/enterprise.json + current Owner addendum,CONCEPT_CONTRACT_ONLY
enterprise,W03,SC-012,LocaleLanguagePresentationCore,MANDATORY_INHERIT,Universal presentation/action/state boundary applies; domain supplies content only,BigBoss/O05/surfaces/enterprise.json + current Owner addendum,CONCEPT_CONTRACT_ONLY
enterprise,W03,SC-013,DirectionAlignmentResolutionCore,MANDATORY_INHERIT,Universal presentation/action/state boundary applies; domain supplies content only,BigBoss/O05/surfaces/enterprise.json + current Owner addendum,CONCEPT_CONTRACT_ONLY
enterprise,W03,SC-014,TypographyAndScriptProfileCore,MANDATORY_INHERIT,Universal presentation/action/state boundary applies; domain supplies content only,BigBoss/O05/surfaces/enterprise.json + current Owner addendum,CONCEPT_CONTRACT_ONLY
enterprise,W03,SC-015,TechnicalTokenBidiIsolationCore,MANDATORY_INHERIT,Universal presentation/action/state boundary applies; domain supplies content only,BigBoss/O05/surfaces/enterprise.json + current Owner addendum,CONCEPT_CONTRACT_ONLY
enterprise,W03,SC-016,SemanticCommandCore,MANDATORY_INHERIT,Universal presentation/action/state boundary applies; domain supplies content only,BigBoss/O05/surfaces/enterprise.json + current Owner addendum,PARTIAL_EXECUTABLE_OWNER
enterprise,W03,SC-017,ActionSurfaceCore,MANDATORY_INHERIT,Universal presentation/action/state boundary applies; domain supplies content only,BigBoss/O05/surfaces/enterprise.json + current Owner addendum,PARTIAL_EXECUTABLE_OWNER
enterprise,W03,SC-018,ActionAvailabilityCore,MANDATORY_INHERIT,Universal presentation/action/state boundary applies; domain supplies content only,BigBoss/O05/surfaces/enterprise.json + current Owner addendum,CONCEPT_CONTRACT_ONLY
enterprise,W03,SC-019,TransientFocusCore,MANDATORY_INHERIT,Universal presentation/action/state boundary applies; domain supplies content only,BigBoss/O05/surfaces/enterprise.json + current Owner addendum,PARTIAL_EXECUTABLE_OWNER
enterprise,W03,SC-020,InputKeymapCore,MANDATORY_INHERIT,Universal presentation/action/state boundary applies; domain supplies content only,BigBoss/O05/surfaces/enterprise.json + current Owner addendum,CONCEPT_CONTRACT_ONLY
enterprise,W03,SC-021,AccessibilityInteractionCore,MANDATORY_INHERIT,Universal presentation/action/state boundary applies; domain supplies content only,BigBoss/O05/surfaces/enterprise.json + current Owner addendum,CONCEPT_CONTRACT_ONLY
enterprise,W03,SC-022,StatusFeedbackCore,MANDATORY_INHERIT,Universal presentation/action/state boundary applies; domain supplies content only,BigBoss/O05/surfaces/enterprise.json + current Owner addendum,PARTIAL_EXECUTABLE_OWNER
enterprise,W03,SC-023,EpistemicStateCore,MANDATORY_INHERIT,Universal presentation/action/state boundary applies; domain supplies content only,BigBoss/O05/surfaces/enterprise.json + current Owner addendum,CONCEPT_CONTRACT_ONLY
enterprise,W03,SC-024,SearchFilterDiscoveryCore,OPTIONAL,Search/filter binds domain source; no fabricated data,BigBoss/O05/surfaces/enterprise.json + current Owner addendum,CONCEPT_CONTRACT_ONLY
enterprise,W03,SC-025,NavigationQuickAccessCore,MANDATORY_INHERIT,Universal presentation/action/state boundary applies; domain supplies content only,BigBoss/O05/surfaces/enterprise.json + current Owner addendum,CONCEPT_CONTRACT_ONLY
enterprise,W03,SC-026,ConfirmationSafetyCore,MANDATORY_INHERIT,Universal presentation/action/state boundary applies; domain supplies content only,BigBoss/O05/surfaces/enterprise.json + current Owner addendum,CONCEPT_CONTRACT_ONLY
enterprise,W03,SC-027,SelectionInteractionCore,OPTIONAL,For personal annotations or working text only; no new canonical domain mutation,BigBoss/O05/surfaces/enterprise.json + current Owner addendum,PARTIAL_EXECUTABLE_OWNER
enterprise,W03,SC-028,TransactionHistoryCore,OPTIONAL,For personal annotations or working text only; no new canonical domain mutation,BigBoss/O05/surfaces/enterprise.json + current Owner addendum,CONCEPT_CONTRACT_ONLY
enterprise,W03,SC-029,ClipboardTrustCore,OPTIONAL,For personal annotations or working text only; no new canonical domain mutation,BigBoss/O05/surfaces/enterprise.json + current Owner addendum,CONCEPT_CONTRACT_ONLY
enterprise,W03,SC-030,StructuredContentCore,OPTIONAL,For personal annotations or working text only; no new canonical domain mutation,BigBoss/O05/surfaces/enterprise.json + current Owner addendum,PARTIAL_EXECUTABLE_OWNER
enterprise,W03,SC-031,SpatialInteractionCore,INHERIT_AND_BIND,Explicit shared mechanic in admitted unsuperseded conceptual surface contract,BigBoss/O05/surfaces/enterprise.json + current Owner addendum,PARTIAL_EXECUTABLE_OWNER
enterprise,W03,SC-032,AnalyticalWorkbenchCore,OPTIONAL,Only if domain supplies typed compare/history projection,BigBoss/O05/surfaces/enterprise.json + current Owner addendum,CONCEPT_CONTRACT_ONLY
enterprise,W03,SC-033,AuditProvenanceInteractionCore,OPTIONAL,Command receipts only; canonical Audit adapter not implied,BigBoss/O05/surfaces/enterprise.json + current Owner addendum,CONCEPT_CONTRACT_ONLY
enterprise,W03,SC-034,CollectionTableMatrixCore,INHERIT_AND_BIND,Collection/object browse binds row identity and domain actions,BigBoss/O05/surfaces/enterprise.json + current Owner addendum,CONCEPT_CONTRACT_ONLY
enterprise,W03,SC-035,TimelineReplayCore,OPTIONAL,Domain history if justified; never simulated truth,BigBoss/O05/surfaces/enterprise.json + current Owner addendum,CONCEPT_CONTRACT_ONLY
enterprise,W03,SC-036,OperationalWorkbenchCore,NOT_APPLICABLE,No live runtime owned by this surface,BigBoss/O05/surfaces/enterprise.json + current Owner addendum,PARTIAL_EXECUTABLE_OWNER
enterprise,W03,SC-037,ReviewDecisionInteractionCore,OPTIONAL,Decision read projection only; no formal adjudication write,BigBoss/O05/surfaces/enterprise.json + current Owner addendum,CONCEPT_CONTRACT_ONLY
enterprise,W03,SC-038,NotesAnnotationCore,MANDATORY_INHERIT,Universal presentation/action/state boundary applies; domain supplies content only,BigBoss/O05/surfaces/enterprise.json + current Owner addendum,PARTIAL_EXECUTABLE_OWNER
enterprise,W03,SC-039,ProductionMappingBoundary,NOT_APPLICABLE,Production mapping is evidence only; no production target in bounded foundation,BigBoss/O05/surfaces/enterprise.json + current Owner addendum,CONCEPT_CONTRACT_ONLY
enterprise,W03,SC-040,PreferenceVsDomainConfigBoundary,MANDATORY_INHERIT,Universal presentation/action/state boundary applies; domain supplies content only,BigBoss/O05/surfaces/enterprise.json + current Owner addendum,CONCEPT_CONTRACT_ONLY
enterprise,W03,WorkspaceFrame,WorkspaceFrame,MANDATORY_INHERIT,Universal presentation/action/state boundary applies; domain supplies content only,SC-002,EXECUTABLE_BOUNDED
enterprise,W03,SidePaneShell,SidePaneShell,MANDATORY_INHERIT,Universal presentation/action/state boundary applies; domain supplies content only,SC-003,EXECUTABLE_BOUNDED
enterprise,W03,WorkspaceToolbar,WorkspaceToolbar,MANDATORY_INHERIT,Universal presentation/action/state boundary applies; domain supplies content only,SC-017,EXECUTABLE_BOUNDED
enterprise,W03,CommandPalette,CommandPalette,MANDATORY_INHERIT,Universal presentation/action/state boundary applies; domain supplies content only,SC-016,EXECUTABLE_BOUNDED
enterprise,W03,ContextActionMenu,ContextActionMenu,MANDATORY_INHERIT,Universal presentation/action/state boundary applies; domain supplies content only,SC-017,EXECUTABLE_BOUNDED
enterprise,W03,SelectionActionSurface,SelectionActionSurface,OPTIONAL,For personal annotations or working text only; no new canonical domain mutation,SC-027,EXECUTABLE_BOUNDED
enterprise,W03,InsertionPalette,InsertionPalette,OPTIONAL,For personal annotations or working text only; no new canonical domain mutation,SC-030,EXECUTABLE_BOUNDED
enterprise,W03,ContextInspector,ContextInspector,MANDATORY_INHERIT,Universal presentation/action/state boundary applies; domain supplies content only,SC-004,EXECUTABLE_BOUNDED
enterprise,W03,LensHost,LensHost,MANDATORY_INHERIT,Universal presentation/action/state boundary applies; domain supplies content only,SC-004,EXECUTABLE_BOUNDED
enterprise,W03,BottomShelf,BottomShelf,MANDATORY_INHERIT,Universal presentation/action/state boundary applies; domain supplies content only,SC-005,EXECUTABLE_BOUNDED
enterprise,W03,SettingsCenter,SettingsCenter,MANDATORY_INHERIT,Universal presentation/action/state boundary applies; domain supplies content only,SC-009,EXECUTABLE_BOUNDED
enterprise,W03,ScopedPreferencesOwner,ScopedPreferencesOwner,MANDATORY_INHERIT,Universal presentation/action/state boundary applies; domain supplies content only,SC-008,EXECUTABLE_BOUNDED
enterprise,W03,FocusAndDismissal,FocusAndDismissal,MANDATORY_INHERIT,Universal presentation/action/state boundary applies; domain supplies content only,SC-019,EXECUTABLE_BOUNDED
enterprise,W03,UnifiedEditor,UnifiedEditor,OPTIONAL,For personal annotations or working text only; no new canonical domain mutation,SC-030,EXECUTABLE_BOUNDED
enterprise,W03,StickyNotes,StickyNotes,MANDATORY_INHERIT,Universal presentation/action/state boundary applies; domain supplies content only,SC-038,EXECUTABLE_BOUNDED
enterprise,W03,SpatialInteraction,SpatialInteraction,INHERIT_AND_BIND,Explicit shared mechanic in admitted unsuperseded conceptual surface contract,SC-031,EXECUTABLE_BOUNDED
enterprise,W03,OperationalSurface,OperationalSurface,NOT_APPLICABLE,No live runtime owned by this surface,SC-036,EXECUTABLE_BOUNDED
enterprise,W03,WindowMotion,WindowMotion,MANDATORY_INHERIT,Universal presentation/action/state boundary applies; domain supplies content only,SC-006,EXECUTABLE_BOUNDED
enterprise,W03,SemanticCommandBus,SemanticCommandBus,MANDATORY_INHERIT,Universal presentation/action/state boundary applies; domain supplies content only,SC-016,EXECUTABLE_BOUNDED
enterprise,W03,StatusFeedback,StatusFeedback,MANDATORY_INHERIT,Universal presentation/action/state boundary applies; domain supplies content only,SC-022,EXECUTABLE_BOUNDED
enterprise,W03,AnalyticalCompare,AnalyticalCompare,OPTIONAL,Only if domain supplies typed compare/history projection,SC-032,OPEN_NOT_IMPLEMENTED
evidence,W04,SC-001,GlobalShellCore,INHERIT_AND_BIND,Navigation owner shared; Shell composition explicitly reopened,BigBoss/O05/surfaces/evidence.json + current Owner addendum,CONCEPT_CONTRACT_ONLY
evidence,W04,SC-002,WorkspaceRegionCore,MANDATORY_INHERIT,Universal presentation/action/state boundary applies; domain supplies content only,BigBoss/O05/surfaces/evidence.json + current Owner addendum,PARTIAL_EXECUTABLE_OWNER
evidence,W04,SC-003,PaneResponsiveCore,MANDATORY_INHERIT,Universal presentation/action/state boundary applies; domain supplies content only,BigBoss/O05/surfaces/evidence.json + current Owner addendum,PARTIAL_EXECUTABLE_OWNER
evidence,W04,SC-004,ContextInspectorCore,MANDATORY_INHERIT,Universal presentation/action/state boundary applies; domain supplies content only,BigBoss/O05/surfaces/evidence.json + current Owner addendum,PARTIAL_EXECUTABLE_OWNER
evidence,W04,SC-005,BottomDeepWorkCore,MANDATORY_INHERIT,Universal presentation/action/state boundary applies; domain supplies content only,BigBoss/O05/surfaces/evidence.json + current Owner addendum,PARTIAL_EXECUTABLE_OWNER
evidence,W04,SC-006,PresentationStateCore,MANDATORY_INHERIT,Universal presentation/action/state boundary applies; domain supplies content only,BigBoss/O05/surfaces/evidence.json + current Owner addendum,PARTIAL_EXECUTABLE_OWNER
evidence,W04,SC-007,GlobalPreferenceCore,MANDATORY_INHERIT,Universal presentation/action/state boundary applies; domain supplies content only,BigBoss/O05/surfaces/evidence.json + current Owner addendum,CONCEPT_CONTRACT_ONLY
evidence,W04,SC-008,PreferenceScopeResolver,MANDATORY_INHERIT,Universal presentation/action/state boundary applies; domain supplies content only,BigBoss/O05/surfaces/evidence.json + current Owner addendum,PARTIAL_EXECUTABLE_OWNER
evidence,W04,SC-009,GlobalSettingsIA,MANDATORY_INHERIT,Universal presentation/action/state boundary applies; domain supplies content only,BigBoss/O05/surfaces/evidence.json + current Owner addendum,PARTIAL_EXECUTABLE_OWNER
evidence,W04,SC-010,PreferencePersistenceCore,MANDATORY_INHERIT,Universal presentation/action/state boundary applies; domain supplies content only,BigBoss/O05/surfaces/evidence.json + current Owner addendum,CONCEPT_CONTRACT_ONLY
evidence,W04,SC-011,PreferenceExportImportResetModel,MANDATORY_INHERIT,Universal presentation/action/state boundary applies; domain supplies content only,BigBoss/O05/surfaces/evidence.json + current Owner addendum,CONCEPT_CONTRACT_ONLY
evidence,W04,SC-012,LocaleLanguagePresentationCore,MANDATORY_INHERIT,Universal presentation/action/state boundary applies; domain supplies content only,BigBoss/O05/surfaces/evidence.json + current Owner addendum,CONCEPT_CONTRACT_ONLY
evidence,W04,SC-013,DirectionAlignmentResolutionCore,MANDATORY_INHERIT,Universal presentation/action/state boundary applies; domain supplies content only,BigBoss/O05/surfaces/evidence.json + current Owner addendum,CONCEPT_CONTRACT_ONLY
evidence,W04,SC-014,TypographyAndScriptProfileCore,MANDATORY_INHERIT,Universal presentation/action/state boundary applies; domain supplies content only,BigBoss/O05/surfaces/evidence.json + current Owner addendum,CONCEPT_CONTRACT_ONLY
evidence,W04,SC-015,TechnicalTokenBidiIsolationCore,MANDATORY_INHERIT,Universal presentation/action/state boundary applies; domain supplies content only,BigBoss/O05/surfaces/evidence.json + current Owner addendum,CONCEPT_CONTRACT_ONLY
evidence,W04,SC-016,SemanticCommandCore,MANDATORY_INHERIT,Universal presentation/action/state boundary applies; domain supplies content only,BigBoss/O05/surfaces/evidence.json + current Owner addendum,PARTIAL_EXECUTABLE_OWNER
evidence,W04,SC-017,ActionSurfaceCore,MANDATORY_INHERIT,Universal presentation/action/state boundary applies; domain supplies content only,BigBoss/O05/surfaces/evidence.json + current Owner addendum,PARTIAL_EXECUTABLE_OWNER
evidence,W04,SC-018,ActionAvailabilityCore,MANDATORY_INHERIT,Universal presentation/action/state boundary applies; domain supplies content only,BigBoss/O05/surfaces/evidence.json + current Owner addendum,CONCEPT_CONTRACT_ONLY
evidence,W04,SC-019,TransientFocusCore,MANDATORY_INHERIT,Universal presentation/action/state boundary applies; domain supplies content only,BigBoss/O05/surfaces/evidence.json + current Owner addendum,PARTIAL_EXECUTABLE_OWNER
evidence,W04,SC-020,InputKeymapCore,MANDATORY_INHERIT,Universal presentation/action/state boundary applies; domain supplies content only,BigBoss/O05/surfaces/evidence.json + current Owner addendum,CONCEPT_CONTRACT_ONLY
evidence,W04,SC-021,AccessibilityInteractionCore,MANDATORY_INHERIT,Universal presentation/action/state boundary applies; domain supplies content only,BigBoss/O05/surfaces/evidence.json + current Owner addendum,CONCEPT_CONTRACT_ONLY
evidence,W04,SC-022,StatusFeedbackCore,MANDATORY_INHERIT,Universal presentation/action/state boundary applies; domain supplies content only,BigBoss/O05/surfaces/evidence.json + current Owner addendum,PARTIAL_EXECUTABLE_OWNER
evidence,W04,SC-023,EpistemicStateCore,MANDATORY_INHERIT,Universal presentation/action/state boundary applies; domain supplies content only,BigBoss/O05/surfaces/evidence.json + current Owner addendum,CONCEPT_CONTRACT_ONLY
evidence,W04,SC-024,SearchFilterDiscoveryCore,OPTIONAL,Search/filter binds domain source; no fabricated data,BigBoss/O05/surfaces/evidence.json + current Owner addendum,CONCEPT_CONTRACT_ONLY
evidence,W04,SC-025,NavigationQuickAccessCore,MANDATORY_INHERIT,Universal presentation/action/state boundary applies; domain supplies content only,BigBoss/O05/surfaces/evidence.json + current Owner addendum,CONCEPT_CONTRACT_ONLY
evidence,W04,SC-026,ConfirmationSafetyCore,MANDATORY_INHERIT,Universal presentation/action/state boundary applies; domain supplies content only,BigBoss/O05/surfaces/evidence.json + current Owner addendum,CONCEPT_CONTRACT_ONLY
evidence,W04,SC-027,SelectionInteractionCore,OPTIONAL,For personal annotations or working text only; no new canonical domain mutation,BigBoss/O05/surfaces/evidence.json + current Owner addendum,PARTIAL_EXECUTABLE_OWNER
evidence,W04,SC-028,TransactionHistoryCore,OPTIONAL,For personal annotations or working text only; no new canonical domain mutation,BigBoss/O05/surfaces/evidence.json + current Owner addendum,CONCEPT_CONTRACT_ONLY
evidence,W04,SC-029,ClipboardTrustCore,OPTIONAL,For personal annotations or working text only; no new canonical domain mutation,BigBoss/O05/surfaces/evidence.json + current Owner addendum,CONCEPT_CONTRACT_ONLY
evidence,W04,SC-030,StructuredContentCore,OPTIONAL,For personal annotations or working text only; no new canonical domain mutation,BigBoss/O05/surfaces/evidence.json + current Owner addendum,PARTIAL_EXECUTABLE_OWNER
evidence,W04,SC-031,SpatialInteractionCore,NOT_APPLICABLE,Current surface objects/operations do not require spatial workspace; future addition needs contract delta,BigBoss/O05/surfaces/evidence.json + current Owner addendum,PARTIAL_EXECUTABLE_OWNER
evidence,W04,SC-032,AnalyticalWorkbenchCore,INHERIT_AND_BIND,Explicit shared mechanic in admitted unsuperseded conceptual surface contract,BigBoss/O05/surfaces/evidence.json + current Owner addendum,CONCEPT_CONTRACT_ONLY
evidence,W04,SC-033,AuditProvenanceInteractionCore,INHERIT_AND_BIND,Provenance/evidence identity bound by domain,BigBoss/O05/surfaces/evidence.json + current Owner addendum,CONCEPT_CONTRACT_ONLY
evidence,W04,SC-034,CollectionTableMatrixCore,INHERIT_AND_BIND,Collection/object browse binds row identity and domain actions,BigBoss/O05/surfaces/evidence.json + current Owner addendum,CONCEPT_CONTRACT_ONLY
evidence,W04,SC-035,TimelineReplayCore,OPTIONAL,Domain history if justified; never simulated truth,BigBoss/O05/surfaces/evidence.json + current Owner addendum,CONCEPT_CONTRACT_ONLY
evidence,W04,SC-036,OperationalWorkbenchCore,NOT_APPLICABLE,No live runtime owned by this surface,BigBoss/O05/surfaces/evidence.json + current Owner addendum,PARTIAL_EXECUTABLE_OWNER
evidence,W04,SC-037,ReviewDecisionInteractionCore,OPTIONAL,Decision read projection only; no formal adjudication write,BigBoss/O05/surfaces/evidence.json + current Owner addendum,CONCEPT_CONTRACT_ONLY
evidence,W04,SC-038,NotesAnnotationCore,MANDATORY_INHERIT,Universal presentation/action/state boundary applies; domain supplies content only,BigBoss/O05/surfaces/evidence.json + current Owner addendum,PARTIAL_EXECUTABLE_OWNER
evidence,W04,SC-039,ProductionMappingBoundary,NOT_APPLICABLE,Production mapping is evidence only; no production target in bounded foundation,BigBoss/O05/surfaces/evidence.json + current Owner addendum,CONCEPT_CONTRACT_ONLY
evidence,W04,SC-040,PreferenceVsDomainConfigBoundary,MANDATORY_INHERIT,Universal presentation/action/state boundary applies; domain supplies content only,BigBoss/O05/surfaces/evidence.json + current Owner addendum,CONCEPT_CONTRACT_ONLY
evidence,W04,WorkspaceFrame,WorkspaceFrame,MANDATORY_INHERIT,Universal presentation/action/state boundary applies; domain supplies content only,SC-002,EXECUTABLE_BOUNDED
evidence,W04,SidePaneShell,SidePaneShell,MANDATORY_INHERIT,Universal presentation/action/state boundary applies; domain supplies content only,SC-003,EXECUTABLE_BOUNDED
evidence,W04,WorkspaceToolbar,WorkspaceToolbar,MANDATORY_INHERIT,Universal presentation/action/state boundary applies; domain supplies content only,SC-017,EXECUTABLE_BOUNDED
evidence,W04,CommandPalette,CommandPalette,MANDATORY_INHERIT,Universal presentation/action/state boundary applies; domain supplies content only,SC-016,EXECUTABLE_BOUNDED
evidence,W04,ContextActionMenu,ContextActionMenu,MANDATORY_INHERIT,Universal presentation/action/state boundary applies; domain supplies content only,SC-017,EXECUTABLE_BOUNDED
evidence,W04,SelectionActionSurface,SelectionActionSurface,OPTIONAL,For personal annotations or working text only; no new canonical domain mutation,SC-027,EXECUTABLE_BOUNDED
evidence,W04,InsertionPalette,InsertionPalette,OPTIONAL,For personal annotations or working text only; no new canonical domain mutation,SC-030,EXECUTABLE_BOUNDED
evidence,W04,ContextInspector,ContextInspector,MANDATORY_INHERIT,Universal presentation/action/state boundary applies; domain supplies content only,SC-004,EXECUTABLE_BOUNDED
evidence,W04,LensHost,LensHost,MANDATORY_INHERIT,Universal presentation/action/state boundary applies; domain supplies content only,SC-004,EXECUTABLE_BOUNDED
evidence,W04,BottomShelf,BottomShelf,MANDATORY_INHERIT,Universal presentation/action/state boundary applies; domain supplies content only,SC-005,EXECUTABLE_BOUNDED
evidence,W04,SettingsCenter,SettingsCenter,MANDATORY_INHERIT,Universal presentation/action/state boundary applies; domain supplies content only,SC-009,EXECUTABLE_BOUNDED
evidence,W04,ScopedPreferencesOwner,ScopedPreferencesOwner,MANDATORY_INHERIT,Universal presentation/action/state boundary applies; domain supplies content only,SC-008,EXECUTABLE_BOUNDED
evidence,W04,FocusAndDismissal,FocusAndDismissal,MANDATORY_INHERIT,Universal presentation/action/state boundary applies; domain supplies content only,SC-019,EXECUTABLE_BOUNDED
evidence,W04,UnifiedEditor,UnifiedEditor,OPTIONAL,For personal annotations or working text only; no new canonical domain mutation,SC-030,EXECUTABLE_BOUNDED
evidence,W04,StickyNotes,StickyNotes,MANDATORY_INHERIT,Universal presentation/action/state boundary applies; domain supplies content only,SC-038,EXECUTABLE_BOUNDED
evidence,W04,SpatialInteraction,SpatialInteraction,NOT_APPLICABLE,Current surface objects/operations do not require spatial workspace; future addition needs contract delta,SC-031,EXECUTABLE_BOUNDED
evidence,W04,OperationalSurface,OperationalSurface,NOT_APPLICABLE,No live runtime owned by this surface,SC-036,EXECUTABLE_BOUNDED
evidence,W04,WindowMotion,WindowMotion,MANDATORY_INHERIT,Universal presentation/action/state boundary applies; domain supplies content only,SC-006,EXECUTABLE_BOUNDED
evidence,W04,SemanticCommandBus,SemanticCommandBus,MANDATORY_INHERIT,Universal presentation/action/state boundary applies; domain supplies content only,SC-016,EXECUTABLE_BOUNDED
evidence,W04,StatusFeedback,StatusFeedback,MANDATORY_INHERIT,Universal presentation/action/state boundary applies; domain supplies content only,SC-022,EXECUTABLE_BOUNDED
evidence,W04,AnalyticalCompare,AnalyticalCompare,INHERIT_AND_BIND,Explicit shared mechanic in admitted unsuperseded conceptual surface contract,SC-032,OPEN_NOT_IMPLEMENTED
health,W05,SC-001,GlobalShellCore,INHERIT_AND_BIND,Navigation owner shared; Shell composition explicitly reopened,BigBoss/O05/surfaces/health.json + current Owner addendum,CONCEPT_CONTRACT_ONLY
health,W05,SC-002,WorkspaceRegionCore,MANDATORY_INHERIT,Universal presentation/action/state boundary applies; domain supplies content only,BigBoss/O05/surfaces/health.json + current Owner addendum,PARTIAL_EXECUTABLE_OWNER
health,W05,SC-003,PaneResponsiveCore,MANDATORY_INHERIT,Universal presentation/action/state boundary applies; domain supplies content only,BigBoss/O05/surfaces/health.json + current Owner addendum,PARTIAL_EXECUTABLE_OWNER
health,W05,SC-004,ContextInspectorCore,MANDATORY_INHERIT,Universal presentation/action/state boundary applies; domain supplies content only,BigBoss/O05/surfaces/health.json + current Owner addendum,PARTIAL_EXECUTABLE_OWNER
health,W05,SC-005,BottomDeepWorkCore,MANDATORY_INHERIT,Universal presentation/action/state boundary applies; domain supplies content only,BigBoss/O05/surfaces/health.json + current Owner addendum,PARTIAL_EXECUTABLE_OWNER
health,W05,SC-006,PresentationStateCore,MANDATORY_INHERIT,Universal presentation/action/state boundary applies; domain supplies content only,BigBoss/O05/surfaces/health.json + current Owner addendum,PARTIAL_EXECUTABLE_OWNER
health,W05,SC-007,GlobalPreferenceCore,MANDATORY_INHERIT,Universal presentation/action/state boundary applies; domain supplies content only,BigBoss/O05/surfaces/health.json + current Owner addendum,CONCEPT_CONTRACT_ONLY
health,W05,SC-008,PreferenceScopeResolver,MANDATORY_INHERIT,Universal presentation/action/state boundary applies; domain supplies content only,BigBoss/O05/surfaces/health.json + current Owner addendum,PARTIAL_EXECUTABLE_OWNER
health,W05,SC-009,GlobalSettingsIA,MANDATORY_INHERIT,Universal presentation/action/state boundary applies; domain supplies content only,BigBoss/O05/surfaces/health.json + current Owner addendum,PARTIAL_EXECUTABLE_OWNER
health,W05,SC-010,PreferencePersistenceCore,MANDATORY_INHERIT,Universal presentation/action/state boundary applies; domain supplies content only,BigBoss/O05/surfaces/health.json + current Owner addendum,CONCEPT_CONTRACT_ONLY
health,W05,SC-011,PreferenceExportImportResetModel,MANDATORY_INHERIT,Universal presentation/action/state boundary applies; domain supplies content only,BigBoss/O05/surfaces/health.json + current Owner addendum,CONCEPT_CONTRACT_ONLY
health,W05,SC-012,LocaleLanguagePresentationCore,MANDATORY_INHERIT,Universal presentation/action/state boundary applies; domain supplies content only,BigBoss/O05/surfaces/health.json + current Owner addendum,CONCEPT_CONTRACT_ONLY
health,W05,SC-013,DirectionAlignmentResolutionCore,MANDATORY_INHERIT,Universal presentation/action/state boundary applies; domain supplies content only,BigBoss/O05/surfaces/health.json + current Owner addendum,CONCEPT_CONTRACT_ONLY
health,W05,SC-014,TypographyAndScriptProfileCore,MANDATORY_INHERIT,Universal presentation/action/state boundary applies; domain supplies content only,BigBoss/O05/surfaces/health.json + current Owner addendum,CONCEPT_CONTRACT_ONLY
health,W05,SC-015,TechnicalTokenBidiIsolationCore,MANDATORY_INHERIT,Universal presentation/action/state boundary applies; domain supplies content only,BigBoss/O05/surfaces/health.json + current Owner addendum,CONCEPT_CONTRACT_ONLY
health,W05,SC-016,SemanticCommandCore,MANDATORY_INHERIT,Universal presentation/action/state boundary applies; domain supplies content only,BigBoss/O05/surfaces/health.json + current Owner addendum,PARTIAL_EXECUTABLE_OWNER
health,W05,SC-017,ActionSurfaceCore,MANDATORY_INHERIT,Universal presentation/action/state boundary applies; domain supplies content only,BigBoss/O05/surfaces/health.json + current Owner addendum,PARTIAL_EXECUTABLE_OWNER
health,W05,SC-018,ActionAvailabilityCore,MANDATORY_INHERIT,Universal presentation/action/state boundary applies; domain supplies content only,BigBoss/O05/surfaces/health.json + current Owner addendum,CONCEPT_CONTRACT_ONLY
health,W05,SC-019,TransientFocusCore,MANDATORY_INHERIT,Universal presentation/action/state boundary applies; domain supplies content only,BigBoss/O05/surfaces/health.json + current Owner addendum,PARTIAL_EXECUTABLE_OWNER
health,W05,SC-020,InputKeymapCore,MANDATORY_INHERIT,Universal presentation/action/state boundary applies; domain supplies content only,BigBoss/O05/surfaces/health.json + current Owner addendum,CONCEPT_CONTRACT_ONLY
health,W05,SC-021,AccessibilityInteractionCore,MANDATORY_INHERIT,Universal presentation/action/state boundary applies; domain supplies content only,BigBoss/O05/surfaces/health.json + current Owner addendum,CONCEPT_CONTRACT_ONLY
health,W05,SC-022,StatusFeedbackCore,MANDATORY_INHERIT,Universal presentation/action/state boundary applies; domain supplies content only,BigBoss/O05/surfaces/health.json + current Owner addendum,PARTIAL_EXECUTABLE_OWNER
health,W05,SC-023,EpistemicStateCore,MANDATORY_INHERIT,Universal presentation/action/state boundary applies; domain supplies content only,BigBoss/O05/surfaces/health.json + current Owner addendum,CONCEPT_CONTRACT_ONLY
health,W05,SC-024,SearchFilterDiscoveryCore,OPTIONAL,Search/filter binds domain source; no fabricated data,BigBoss/O05/surfaces/health.json + current Owner addendum,CONCEPT_CONTRACT_ONLY
health,W05,SC-025,NavigationQuickAccessCore,MANDATORY_INHERIT,Universal presentation/action/state boundary applies; domain supplies content only,BigBoss/O05/surfaces/health.json + current Owner addendum,CONCEPT_CONTRACT_ONLY
health,W05,SC-026,ConfirmationSafetyCore,MANDATORY_INHERIT,Universal presentation/action/state boundary applies; domain supplies content only,BigBoss/O05/surfaces/health.json + current Owner addendum,CONCEPT_CONTRACT_ONLY
health,W05,SC-027,SelectionInteractionCore,OPTIONAL,For personal annotations or working text only; no new canonical domain mutation,BigBoss/O05/surfaces/health.json + current Owner addendum,PARTIAL_EXECUTABLE_OWNER
health,W05,SC-028,TransactionHistoryCore,OPTIONAL,For personal annotations or working text only; no new canonical domain mutation,BigBoss/O05/surfaces/health.json + current Owner addendum,CONCEPT_CONTRACT_ONLY
health,W05,SC-029,ClipboardTrustCore,OPTIONAL,For personal annotations or working text only; no new canonical domain mutation,BigBoss/O05/surfaces/health.json + current Owner addendum,CONCEPT_CONTRACT_ONLY
health,W05,SC-030,StructuredContentCore,OPTIONAL,For personal annotations or working text only; no new canonical domain mutation,BigBoss/O05/surfaces/health.json + current Owner addendum,PARTIAL_EXECUTABLE_OWNER
health,W05,SC-031,SpatialInteractionCore,NOT_APPLICABLE,Current surface objects/operations do not require spatial workspace; future addition needs contract delta,BigBoss/O05/surfaces/health.json + current Owner addendum,PARTIAL_EXECUTABLE_OWNER
health,W05,SC-032,AnalyticalWorkbenchCore,OPTIONAL,Only if domain supplies typed compare/history projection,BigBoss/O05/surfaces/health.json + current Owner addendum,CONCEPT_CONTRACT_ONLY
health,W05,SC-033,AuditProvenanceInteractionCore,OPTIONAL,Command receipts only; canonical Audit adapter not implied,BigBoss/O05/surfaces/health.json + current Owner addendum,CONCEPT_CONTRACT_ONLY
health,W05,SC-034,CollectionTableMatrixCore,INHERIT_AND_BIND,Collection/object browse binds row identity and domain actions,BigBoss/O05/surfaces/health.json + current Owner addendum,CONCEPT_CONTRACT_ONLY
health,W05,SC-035,TimelineReplayCore,OPTIONAL,Domain history if justified; never simulated truth,BigBoss/O05/surfaces/health.json + current Owner addendum,CONCEPT_CONTRACT_ONLY
health,W05,SC-036,OperationalWorkbenchCore,NOT_APPLICABLE,No live runtime owned by this surface,BigBoss/O05/surfaces/health.json + current Owner addendum,PARTIAL_EXECUTABLE_OWNER
health,W05,SC-037,ReviewDecisionInteractionCore,OPTIONAL,Decision read projection only; no formal adjudication write,BigBoss/O05/surfaces/health.json + current Owner addendum,CONCEPT_CONTRACT_ONLY
health,W05,SC-038,NotesAnnotationCore,MANDATORY_INHERIT,Universal presentation/action/state boundary applies; domain supplies content only,BigBoss/O05/surfaces/health.json + current Owner addendum,PARTIAL_EXECUTABLE_OWNER
health,W05,SC-039,ProductionMappingBoundary,NOT_APPLICABLE,Production mapping is evidence only; no production target in bounded foundation,BigBoss/O05/surfaces/health.json + current Owner addendum,CONCEPT_CONTRACT_ONLY
health,W05,SC-040,PreferenceVsDomainConfigBoundary,MANDATORY_INHERIT,Universal presentation/action/state boundary applies; domain supplies content only,BigBoss/O05/surfaces/health.json + current Owner addendum,CONCEPT_CONTRACT_ONLY
health,W05,WorkspaceFrame,WorkspaceFrame,MANDATORY_INHERIT,Universal presentation/action/state boundary applies; domain supplies content only,SC-002,EXECUTABLE_BOUNDED
health,W05,SidePaneShell,SidePaneShell,MANDATORY_INHERIT,Universal presentation/action/state boundary applies; domain supplies content only,SC-003,EXECUTABLE_BOUNDED
health,W05,WorkspaceToolbar,WorkspaceToolbar,MANDATORY_INHERIT,Universal presentation/action/state boundary applies; domain supplies content only,SC-017,EXECUTABLE_BOUNDED
health,W05,CommandPalette,CommandPalette,MANDATORY_INHERIT,Universal presentation/action/state boundary applies; domain supplies content only,SC-016,EXECUTABLE_BOUNDED
health,W05,ContextActionMenu,ContextActionMenu,MANDATORY_INHERIT,Universal presentation/action/state boundary applies; domain supplies content only,SC-017,EXECUTABLE_BOUNDED
health,W05,SelectionActionSurface,SelectionActionSurface,OPTIONAL,For personal annotations or working text only; no new canonical domain mutation,SC-027,EXECUTABLE_BOUNDED
health,W05,InsertionPalette,InsertionPalette,OPTIONAL,For personal annotations or working text only; no new canonical domain mutation,SC-030,EXECUTABLE_BOUNDED
health,W05,ContextInspector,ContextInspector,MANDATORY_INHERIT,Universal presentation/action/state boundary applies; domain supplies content only,SC-004,EXECUTABLE_BOUNDED
health,W05,LensHost,LensHost,MANDATORY_INHERIT,Universal presentation/action/state boundary applies; domain supplies content only,SC-004,EXECUTABLE_BOUNDED
health,W05,BottomShelf,BottomShelf,MANDATORY_INHERIT,Universal presentation/action/state boundary applies; domain supplies content only,SC-005,EXECUTABLE_BOUNDED
health,W05,SettingsCenter,SettingsCenter,MANDATORY_INHERIT,Universal presentation/action/state boundary applies; domain supplies content only,SC-009,EXECUTABLE_BOUNDED
health,W05,ScopedPreferencesOwner,ScopedPreferencesOwner,MANDATORY_INHERIT,Universal presentation/action/state boundary applies; domain supplies content only,SC-008,EXECUTABLE_BOUNDED
health,W05,FocusAndDismissal,FocusAndDismissal,MANDATORY_INHERIT,Universal presentation/action/state boundary applies; domain supplies content only,SC-019,EXECUTABLE_BOUNDED
health,W05,UnifiedEditor,UnifiedEditor,OPTIONAL,For personal annotations or working text only; no new canonical domain mutation,SC-030,EXECUTABLE_BOUNDED
health,W05,StickyNotes,StickyNotes,MANDATORY_INHERIT,Universal presentation/action/state boundary applies; domain supplies content only,SC-038,EXECUTABLE_BOUNDED
health,W05,SpatialInteraction,SpatialInteraction,NOT_APPLICABLE,Current surface objects/operations do not require spatial workspace; future addition needs contract delta,SC-031,EXECUTABLE_BOUNDED
health,W05,OperationalSurface,OperationalSurface,NOT_APPLICABLE,No live runtime owned by this surface,SC-036,EXECUTABLE_BOUNDED
health,W05,WindowMotion,WindowMotion,MANDATORY_INHERIT,Universal presentation/action/state boundary applies; domain supplies content only,SC-006,EXECUTABLE_BOUNDED
health,W05,SemanticCommandBus,SemanticCommandBus,MANDATORY_INHERIT,Universal presentation/action/state boundary applies; domain supplies content only,SC-016,EXECUTABLE_BOUNDED
health,W05,StatusFeedback,StatusFeedback,MANDATORY_INHERIT,Universal presentation/action/state boundary applies; domain supplies content only,SC-022,EXECUTABLE_BOUNDED
health,W05,AnalyticalCompare,AnalyticalCompare,OPTIONAL,Only if domain supplies typed compare/history projection,SC-032,OPEN_NOT_IMPLEMENTED
labs,W03,SC-001,GlobalShellCore,INHERIT_AND_BIND,Navigation owner shared; Shell composition explicitly reopened,BigBoss/O05/surfaces/labs.json + current Owner addendum,CONCEPT_CONTRACT_ONLY
labs,W03,SC-002,WorkspaceRegionCore,MANDATORY_INHERIT,Universal presentation/action/state boundary applies; domain supplies content only,BigBoss/O05/surfaces/labs.json + current Owner addendum,PARTIAL_EXECUTABLE_OWNER
labs,W03,SC-003,PaneResponsiveCore,MANDATORY_INHERIT,Universal presentation/action/state boundary applies; domain supplies content only,BigBoss/O05/surfaces/labs.json + current Owner addendum,PARTIAL_EXECUTABLE_OWNER
labs,W03,SC-004,ContextInspectorCore,MANDATORY_INHERIT,Universal presentation/action/state boundary applies; domain supplies content only,BigBoss/O05/surfaces/labs.json + current Owner addendum,PARTIAL_EXECUTABLE_OWNER
labs,W03,SC-005,BottomDeepWorkCore,MANDATORY_INHERIT,Universal presentation/action/state boundary applies; domain supplies content only,BigBoss/O05/surfaces/labs.json + current Owner addendum,PARTIAL_EXECUTABLE_OWNER
labs,W03,SC-006,PresentationStateCore,MANDATORY_INHERIT,Universal presentation/action/state boundary applies; domain supplies content only,BigBoss/O05/surfaces/labs.json + current Owner addendum,PARTIAL_EXECUTABLE_OWNER
labs,W03,SC-007,GlobalPreferenceCore,MANDATORY_INHERIT,Universal presentation/action/state boundary applies; domain supplies content only,BigBoss/O05/surfaces/labs.json + current Owner addendum,CONCEPT_CONTRACT_ONLY
labs,W03,SC-008,PreferenceScopeResolver,MANDATORY_INHERIT,Universal presentation/action/state boundary applies; domain supplies content only,BigBoss/O05/surfaces/labs.json + current Owner addendum,PARTIAL_EXECUTABLE_OWNER
labs,W03,SC-009,GlobalSettingsIA,MANDATORY_INHERIT,Universal presentation/action/state boundary applies; domain supplies content only,BigBoss/O05/surfaces/labs.json + current Owner addendum,PARTIAL_EXECUTABLE_OWNER
labs,W03,SC-010,PreferencePersistenceCore,MANDATORY_INHERIT,Universal presentation/action/state boundary applies; domain supplies content only,BigBoss/O05/surfaces/labs.json + current Owner addendum,CONCEPT_CONTRACT_ONLY
labs,W03,SC-011,PreferenceExportImportResetModel,MANDATORY_INHERIT,Universal presentation/action/state boundary applies; domain supplies content only,BigBoss/O05/surfaces/labs.json + current Owner addendum,CONCEPT_CONTRACT_ONLY
labs,W03,SC-012,LocaleLanguagePresentationCore,MANDATORY_INHERIT,Universal presentation/action/state boundary applies; domain supplies content only,BigBoss/O05/surfaces/labs.json + current Owner addendum,CONCEPT_CONTRACT_ONLY
labs,W03,SC-013,DirectionAlignmentResolutionCore,MANDATORY_INHERIT,Universal presentation/action/state boundary applies; domain supplies content only,BigBoss/O05/surfaces/labs.json + current Owner addendum,CONCEPT_CONTRACT_ONLY
labs,W03,SC-014,TypographyAndScriptProfileCore,MANDATORY_INHERIT,Universal presentation/action/state boundary applies; domain supplies content only,BigBoss/O05/surfaces/labs.json + current Owner addendum,CONCEPT_CONTRACT_ONLY
labs,W03,SC-015,TechnicalTokenBidiIsolationCore,MANDATORY_INHERIT,Universal presentation/action/state boundary applies; domain supplies content only,BigBoss/O05/surfaces/labs.json + current Owner addendum,CONCEPT_CONTRACT_ONLY
labs,W03,SC-016,SemanticCommandCore,MANDATORY_INHERIT,Universal presentation/action/state boundary applies; domain supplies content only,BigBoss/O05/surfaces/labs.json + current Owner addendum,PARTIAL_EXECUTABLE_OWNER
labs,W03,SC-017,ActionSurfaceCore,MANDATORY_INHERIT,Universal presentation/action/state boundary applies; domain supplies content only,BigBoss/O05/surfaces/labs.json + current Owner addendum,PARTIAL_EXECUTABLE_OWNER
labs,W03,SC-018,ActionAvailabilityCore,MANDATORY_INHERIT,Universal presentation/action/state boundary applies; domain supplies content only,BigBoss/O05/surfaces/labs.json + current Owner addendum,CONCEPT_CONTRACT_ONLY
labs,W03,SC-019,TransientFocusCore,MANDATORY_INHERIT,Universal presentation/action/state boundary applies; domain supplies content only,BigBoss/O05/surfaces/labs.json + current Owner addendum,PARTIAL_EXECUTABLE_OWNER
labs,W03,SC-020,InputKeymapCore,MANDATORY_INHERIT,Universal presentation/action/state boundary applies; domain supplies content only,BigBoss/O05/surfaces/labs.json + current Owner addendum,CONCEPT_CONTRACT_ONLY
labs,W03,SC-021,AccessibilityInteractionCore,MANDATORY_INHERIT,Universal presentation/action/state boundary applies; domain supplies content only,BigBoss/O05/surfaces/labs.json + current Owner addendum,CONCEPT_CONTRACT_ONLY
labs,W03,SC-022,StatusFeedbackCore,MANDATORY_INHERIT,Universal presentation/action/state boundary applies; domain supplies content only,BigBoss/O05/surfaces/labs.json + current Owner addendum,PARTIAL_EXECUTABLE_OWNER
labs,W03,SC-023,EpistemicStateCore,MANDATORY_INHERIT,Universal presentation/action/state boundary applies; domain supplies content only,BigBoss/O05/surfaces/labs.json + current Owner addendum,CONCEPT_CONTRACT_ONLY
labs,W03,SC-024,SearchFilterDiscoveryCore,OPTIONAL,Search/filter binds domain source; no fabricated data,BigBoss/O05/surfaces/labs.json + current Owner addendum,CONCEPT_CONTRACT_ONLY
labs,W03,SC-025,NavigationQuickAccessCore,MANDATORY_INHERIT,Universal presentation/action/state boundary applies; domain supplies content only,BigBoss/O05/surfaces/labs.json + current Owner addendum,CONCEPT_CONTRACT_ONLY
labs,W03,SC-026,ConfirmationSafetyCore,MANDATORY_INHERIT,Universal presentation/action/state boundary applies; domain supplies content only,BigBoss/O05/surfaces/labs.json + current Owner addendum,CONCEPT_CONTRACT_ONLY
labs,W03,SC-027,SelectionInteractionCore,INHERIT_AND_BIND,Editable domain working content uses one structured transaction owner,BigBoss/O05/surfaces/labs.json + current Owner addendum,PARTIAL_EXECUTABLE_OWNER
labs,W03,SC-028,TransactionHistoryCore,INHERIT_AND_BIND,Explicit shared mechanic in admitted unsuperseded conceptual surface contract,BigBoss/O05/surfaces/labs.json + current Owner addendum,CONCEPT_CONTRACT_ONLY
labs,W03,SC-029,ClipboardTrustCore,INHERIT_AND_BIND,Explicit shared mechanic in admitted unsuperseded conceptual surface contract,BigBoss/O05/surfaces/labs.json + current Owner addendum,CONCEPT_CONTRACT_ONLY
labs,W03,SC-030,StructuredContentCore,INHERIT_AND_BIND,Explicit shared mechanic in admitted unsuperseded conceptual surface contract,BigBoss/O05/surfaces/labs.json + current Owner addendum,PARTIAL_EXECUTABLE_OWNER
labs,W03,SC-031,SpatialInteractionCore,INHERIT_AND_BIND,Explicit shared mechanic in admitted unsuperseded conceptual surface contract,BigBoss/O05/surfaces/labs.json + current Owner addendum,PARTIAL_EXECUTABLE_OWNER
labs,W03,SC-032,AnalyticalWorkbenchCore,OPTIONAL,Only if domain supplies typed compare/history projection,BigBoss/O05/surfaces/labs.json + current Owner addendum,CONCEPT_CONTRACT_ONLY
labs,W03,SC-033,AuditProvenanceInteractionCore,OPTIONAL,Command receipts only; canonical Audit adapter not implied,BigBoss/O05/surfaces/labs.json + current Owner addendum,CONCEPT_CONTRACT_ONLY
labs,W03,SC-034,CollectionTableMatrixCore,INHERIT_AND_BIND,Collection/object browse binds row identity and domain actions,BigBoss/O05/surfaces/labs.json + current Owner addendum,CONCEPT_CONTRACT_ONLY
labs,W03,SC-035,TimelineReplayCore,OPTIONAL,Domain history if justified; never simulated truth,BigBoss/O05/surfaces/labs.json + current Owner addendum,CONCEPT_CONTRACT_ONLY
labs,W03,SC-036,OperationalWorkbenchCore,NOT_APPLICABLE,No live runtime owned by this surface,BigBoss/O05/surfaces/labs.json + current Owner addendum,PARTIAL_EXECUTABLE_OWNER
labs,W03,SC-037,ReviewDecisionInteractionCore,OPTIONAL,Decision read projection only; no formal adjudication write,BigBoss/O05/surfaces/labs.json + current Owner addendum,CONCEPT_CONTRACT_ONLY
labs,W03,SC-038,NotesAnnotationCore,MANDATORY_INHERIT,Universal presentation/action/state boundary applies; domain supplies content only,BigBoss/O05/surfaces/labs.json + current Owner addendum,PARTIAL_EXECUTABLE_OWNER
labs,W03,SC-039,ProductionMappingBoundary,NOT_APPLICABLE,Production mapping is evidence only; no production target in bounded foundation,BigBoss/O05/surfaces/labs.json + current Owner addendum,CONCEPT_CONTRACT_ONLY
labs,W03,SC-040,PreferenceVsDomainConfigBoundary,MANDATORY_INHERIT,Universal presentation/action/state boundary applies; domain supplies content only,BigBoss/O05/surfaces/labs.json + current Owner addendum,CONCEPT_CONTRACT_ONLY
labs,W03,WorkspaceFrame,WorkspaceFrame,MANDATORY_INHERIT,Universal presentation/action/state boundary applies; domain supplies content only,SC-002,EXECUTABLE_BOUNDED
labs,W03,SidePaneShell,SidePaneShell,MANDATORY_INHERIT,Universal presentation/action/state boundary applies; domain supplies content only,SC-003,EXECUTABLE_BOUNDED
labs,W03,WorkspaceToolbar,WorkspaceToolbar,MANDATORY_INHERIT,Universal presentation/action/state boundary applies; domain supplies content only,SC-017,EXECUTABLE_BOUNDED
labs,W03,CommandPalette,CommandPalette,MANDATORY_INHERIT,Universal presentation/action/state boundary applies; domain supplies content only,SC-016,EXECUTABLE_BOUNDED
labs,W03,ContextActionMenu,ContextActionMenu,MANDATORY_INHERIT,Universal presentation/action/state boundary applies; domain supplies content only,SC-017,EXECUTABLE_BOUNDED
labs,W03,SelectionActionSurface,SelectionActionSurface,INHERIT_AND_BIND,Editable domain working content uses one structured transaction owner,SC-027,EXECUTABLE_BOUNDED
labs,W03,InsertionPalette,InsertionPalette,INHERIT_AND_BIND,Explicit shared mechanic in admitted unsuperseded conceptual surface contract,SC-030,EXECUTABLE_BOUNDED
labs,W03,ContextInspector,ContextInspector,MANDATORY_INHERIT,Universal presentation/action/state boundary applies; domain supplies content only,SC-004,EXECUTABLE_BOUNDED
labs,W03,LensHost,LensHost,MANDATORY_INHERIT,Universal presentation/action/state boundary applies; domain supplies content only,SC-004,EXECUTABLE_BOUNDED
labs,W03,BottomShelf,BottomShelf,MANDATORY_INHERIT,Universal presentation/action/state boundary applies; domain supplies content only,SC-005,EXECUTABLE_BOUNDED
labs,W03,SettingsCenter,SettingsCenter,MANDATORY_INHERIT,Universal presentation/action/state boundary applies; domain supplies content only,SC-009,EXECUTABLE_BOUNDED
labs,W03,ScopedPreferencesOwner,ScopedPreferencesOwner,MANDATORY_INHERIT,Universal presentation/action/state boundary applies; domain supplies content only,SC-008,EXECUTABLE_BOUNDED
labs,W03,FocusAndDismissal,FocusAndDismissal,MANDATORY_INHERIT,Universal presentation/action/state boundary applies; domain supplies content only,SC-019,EXECUTABLE_BOUNDED
labs,W03,UnifiedEditor,UnifiedEditor,INHERIT_AND_BIND,Explicit shared mechanic in admitted unsuperseded conceptual surface contract,SC-030,EXECUTABLE_BOUNDED
labs,W03,StickyNotes,StickyNotes,MANDATORY_INHERIT,Universal presentation/action/state boundary applies; domain supplies content only,SC-038,EXECUTABLE_BOUNDED
labs,W03,SpatialInteraction,SpatialInteraction,INHERIT_AND_BIND,Explicit shared mechanic in admitted unsuperseded conceptual surface contract,SC-031,EXECUTABLE_BOUNDED
labs,W03,OperationalSurface,OperationalSurface,NOT_APPLICABLE,No live runtime owned by this surface,SC-036,EXECUTABLE_BOUNDED
labs,W03,WindowMotion,WindowMotion,MANDATORY_INHERIT,Universal presentation/action/state boundary applies; domain supplies content only,SC-006,EXECUTABLE_BOUNDED
labs,W03,SemanticCommandBus,SemanticCommandBus,MANDATORY_INHERIT,Universal presentation/action/state boundary applies; domain supplies content only,SC-016,EXECUTABLE_BOUNDED
labs,W03,StatusFeedback,StatusFeedback,MANDATORY_INHERIT,Universal presentation/action/state boundary applies; domain supplies content only,SC-022,EXECUTABLE_BOUNDED
labs,W03,AnalyticalCompare,AnalyticalCompare,OPTIONAL,Only if domain supplies typed compare/history projection,SC-032,OPEN_NOT_IMPLEMENTED
learn,W02,SC-001,GlobalShellCore,INHERIT_AND_BIND,Navigation owner shared; Shell composition explicitly reopened,BigBoss/O05/surfaces/learn.json + current Owner addendum,CONCEPT_CONTRACT_ONLY
learn,W02,SC-002,WorkspaceRegionCore,MANDATORY_INHERIT,Universal presentation/action/state boundary applies; domain supplies content only,BigBoss/O05/surfaces/learn.json + current Owner addendum,PARTIAL_EXECUTABLE_OWNER
learn,W02,SC-003,PaneResponsiveCore,MANDATORY_INHERIT,Universal presentation/action/state boundary applies; domain supplies content only,BigBoss/O05/surfaces/learn.json + current Owner addendum,PARTIAL_EXECUTABLE_OWNER
learn,W02,SC-004,ContextInspectorCore,MANDATORY_INHERIT,Universal presentation/action/state boundary applies; domain supplies content only,BigBoss/O05/surfaces/learn.json + current Owner addendum,PARTIAL_EXECUTABLE_OWNER
learn,W02,SC-005,BottomDeepWorkCore,MANDATORY_INHERIT,Universal presentation/action/state boundary applies; domain supplies content only,BigBoss/O05/surfaces/learn.json + current Owner addendum,PARTIAL_EXECUTABLE_OWNER
learn,W02,SC-006,PresentationStateCore,MANDATORY_INHERIT,Universal presentation/action/state boundary applies; domain supplies content only,BigBoss/O05/surfaces/learn.json + current Owner addendum,PARTIAL_EXECUTABLE_OWNER
learn,W02,SC-007,GlobalPreferenceCore,MANDATORY_INHERIT,Universal presentation/action/state boundary applies; domain supplies content only,BigBoss/O05/surfaces/learn.json + current Owner addendum,CONCEPT_CONTRACT_ONLY
learn,W02,SC-008,PreferenceScopeResolver,MANDATORY_INHERIT,Universal presentation/action/state boundary applies; domain supplies content only,BigBoss/O05/surfaces/learn.json + current Owner addendum,PARTIAL_EXECUTABLE_OWNER
learn,W02,SC-009,GlobalSettingsIA,MANDATORY_INHERIT,Universal presentation/action/state boundary applies; domain supplies content only,BigBoss/O05/surfaces/learn.json + current Owner addendum,PARTIAL_EXECUTABLE_OWNER
learn,W02,SC-010,PreferencePersistenceCore,MANDATORY_INHERIT,Universal presentation/action/state boundary applies; domain supplies content only,BigBoss/O05/surfaces/learn.json + current Owner addendum,CONCEPT_CONTRACT_ONLY
learn,W02,SC-011,PreferenceExportImportResetModel,MANDATORY_INHERIT,Universal presentation/action/state boundary applies; domain supplies content only,BigBoss/O05/surfaces/learn.json + current Owner addendum,CONCEPT_CONTRACT_ONLY
learn,W02,SC-012,LocaleLanguagePresentationCore,MANDATORY_INHERIT,Universal presentation/action/state boundary applies; domain supplies content only,BigBoss/O05/surfaces/learn.json + current Owner addendum,CONCEPT_CONTRACT_ONLY
learn,W02,SC-013,DirectionAlignmentResolutionCore,MANDATORY_INHERIT,Universal presentation/action/state boundary applies; domain supplies content only,BigBoss/O05/surfaces/learn.json + current Owner addendum,CONCEPT_CONTRACT_ONLY
learn,W02,SC-014,TypographyAndScriptProfileCore,MANDATORY_INHERIT,Universal presentation/action/state boundary applies; domain supplies content only,BigBoss/O05/surfaces/learn.json + current Owner addendum,CONCEPT_CONTRACT_ONLY
learn,W02,SC-015,TechnicalTokenBidiIsolationCore,MANDATORY_INHERIT,Universal presentation/action/state boundary applies; domain supplies content only,BigBoss/O05/surfaces/learn.json + current Owner addendum,CONCEPT_CONTRACT_ONLY
learn,W02,SC-016,SemanticCommandCore,MANDATORY_INHERIT,Universal presentation/action/state boundary applies; domain supplies content only,BigBoss/O05/surfaces/learn.json + current Owner addendum,PARTIAL_EXECUTABLE_OWNER
learn,W02,SC-017,ActionSurfaceCore,MANDATORY_INHERIT,Universal presentation/action/state boundary applies; domain supplies content only,BigBoss/O05/surfaces/learn.json + current Owner addendum,PARTIAL_EXECUTABLE_OWNER
learn,W02,SC-018,ActionAvailabilityCore,MANDATORY_INHERIT,Universal presentation/action/state boundary applies; domain supplies content only,BigBoss/O05/surfaces/learn.json + current Owner addendum,CONCEPT_CONTRACT_ONLY
learn,W02,SC-019,TransientFocusCore,MANDATORY_INHERIT,Universal presentation/action/state boundary applies; domain supplies content only,BigBoss/O05/surfaces/learn.json + current Owner addendum,PARTIAL_EXECUTABLE_OWNER
learn,W02,SC-020,InputKeymapCore,MANDATORY_INHERIT,Universal presentation/action/state boundary applies; domain supplies content only,BigBoss/O05/surfaces/learn.json + current Owner addendum,CONCEPT_CONTRACT_ONLY
learn,W02,SC-021,AccessibilityInteractionCore,MANDATORY_INHERIT,Universal presentation/action/state boundary applies; domain supplies content only,BigBoss/O05/surfaces/learn.json + current Owner addendum,CONCEPT_CONTRACT_ONLY
learn,W02,SC-022,StatusFeedbackCore,MANDATORY_INHERIT,Universal presentation/action/state boundary applies; domain supplies content only,BigBoss/O05/surfaces/learn.json + current Owner addendum,PARTIAL_EXECUTABLE_OWNER
learn,W02,SC-023,EpistemicStateCore,MANDATORY_INHERIT,Universal presentation/action/state boundary applies; domain supplies content only,BigBoss/O05/surfaces/learn.json + current Owner addendum,CONCEPT_CONTRACT_ONLY
learn,W02,SC-024,SearchFilterDiscoveryCore,OPTIONAL,Search/filter binds domain source; no fabricated data,BigBoss/O05/surfaces/learn.json + current Owner addendum,CONCEPT_CONTRACT_ONLY
learn,W02,SC-025,NavigationQuickAccessCore,MANDATORY_INHERIT,Universal presentation/action/state boundary applies; domain supplies content only,BigBoss/O05/surfaces/learn.json + current Owner addendum,CONCEPT_CONTRACT_ONLY
learn,W02,SC-026,ConfirmationSafetyCore,MANDATORY_INHERIT,Universal presentation/action/state boundary applies; domain supplies content only,BigBoss/O05/surfaces/learn.json + current Owner addendum,CONCEPT_CONTRACT_ONLY
learn,W02,SC-027,SelectionInteractionCore,INHERIT_AND_BIND,Editable domain working content uses one structured transaction owner,BigBoss/O05/surfaces/learn.json + current Owner addendum,PARTIAL_EXECUTABLE_OWNER
learn,W02,SC-028,TransactionHistoryCore,INHERIT_AND_BIND,Explicit shared mechanic in admitted unsuperseded conceptual surface contract,BigBoss/O05/surfaces/learn.json + current Owner addendum,CONCEPT_CONTRACT_ONLY
learn,W02,SC-029,ClipboardTrustCore,INHERIT_AND_BIND,Explicit shared mechanic in admitted unsuperseded conceptual surface contract,BigBoss/O05/surfaces/learn.json + current Owner addendum,CONCEPT_CONTRACT_ONLY
learn,W02,SC-030,StructuredContentCore,INHERIT_AND_BIND,Explicit shared mechanic in admitted unsuperseded conceptual surface contract,BigBoss/O05/surfaces/learn.json + current Owner addendum,PARTIAL_EXECUTABLE_OWNER
learn,W02,SC-031,SpatialInteractionCore,NOT_APPLICABLE,Current surface objects/operations do not require spatial workspace; future addition needs contract delta,BigBoss/O05/surfaces/learn.json + current Owner addendum,PARTIAL_EXECUTABLE_OWNER
learn,W02,SC-032,AnalyticalWorkbenchCore,OPTIONAL,Only if domain supplies typed compare/history projection,BigBoss/O05/surfaces/learn.json + current Owner addendum,CONCEPT_CONTRACT_ONLY
learn,W02,SC-033,AuditProvenanceInteractionCore,OPTIONAL,Command receipts only; canonical Audit adapter not implied,BigBoss/O05/surfaces/learn.json + current Owner addendum,CONCEPT_CONTRACT_ONLY
learn,W02,SC-034,CollectionTableMatrixCore,INHERIT_AND_BIND,Collection/object browse binds row identity and domain actions,BigBoss/O05/surfaces/learn.json + current Owner addendum,CONCEPT_CONTRACT_ONLY
learn,W02,SC-035,TimelineReplayCore,OPTIONAL,Domain history if justified; never simulated truth,BigBoss/O05/surfaces/learn.json + current Owner addendum,CONCEPT_CONTRACT_ONLY
learn,W02,SC-036,OperationalWorkbenchCore,NOT_APPLICABLE,No live runtime owned by this surface,BigBoss/O05/surfaces/learn.json + current Owner addendum,PARTIAL_EXECUTABLE_OWNER
learn,W02,SC-037,ReviewDecisionInteractionCore,OPTIONAL,Decision read projection only; no formal adjudication write,BigBoss/O05/surfaces/learn.json + current Owner addendum,CONCEPT_CONTRACT_ONLY
learn,W02,SC-038,NotesAnnotationCore,MANDATORY_INHERIT,Universal presentation/action/state boundary applies; domain supplies content only,BigBoss/O05/surfaces/learn.json + current Owner addendum,PARTIAL_EXECUTABLE_OWNER
learn,W02,SC-039,ProductionMappingBoundary,NOT_APPLICABLE,Production mapping is evidence only; no production target in bounded foundation,BigBoss/O05/surfaces/learn.json + current Owner addendum,CONCEPT_CONTRACT_ONLY
learn,W02,SC-040,PreferenceVsDomainConfigBoundary,MANDATORY_INHERIT,Universal presentation/action/state boundary applies; domain supplies content only,BigBoss/O05/surfaces/learn.json + current Owner addendum,CONCEPT_CONTRACT_ONLY
learn,W02,WorkspaceFrame,WorkspaceFrame,MANDATORY_INHERIT,Universal presentation/action/state boundary applies; domain supplies content only,SC-002,EXECUTABLE_BOUNDED
learn,W02,SidePaneShell,SidePaneShell,MANDATORY_INHERIT,Universal presentation/action/state boundary applies; domain supplies content only,SC-003,EXECUTABLE_BOUNDED
learn,W02,WorkspaceToolbar,WorkspaceToolbar,MANDATORY_INHERIT,Universal presentation/action/state boundary applies; domain supplies content only,SC-017,EXECUTABLE_BOUNDED
learn,W02,CommandPalette,CommandPalette,MANDATORY_INHERIT,Universal presentation/action/state boundary applies; domain supplies content only,SC-016,EXECUTABLE_BOUNDED
learn,W02,ContextActionMenu,ContextActionMenu,MANDATORY_INHERIT,Universal presentation/action/state boundary applies; domain supplies content only,SC-017,EXECUTABLE_BOUNDED
learn,W02,SelectionActionSurface,SelectionActionSurface,INHERIT_AND_BIND,Editable domain working content uses one structured transaction owner,SC-027,EXECUTABLE_BOUNDED
learn,W02,InsertionPalette,InsertionPalette,INHERIT_AND_BIND,Explicit shared mechanic in admitted unsuperseded conceptual surface contract,SC-030,EXECUTABLE_BOUNDED
learn,W02,ContextInspector,ContextInspector,MANDATORY_INHERIT,Universal presentation/action/state boundary applies; domain supplies content only,SC-004,EXECUTABLE_BOUNDED
learn,W02,LensHost,LensHost,MANDATORY_INHERIT,Universal presentation/action/state boundary applies; domain supplies content only,SC-004,EXECUTABLE_BOUNDED
learn,W02,BottomShelf,BottomShelf,MANDATORY_INHERIT,Universal presentation/action/state boundary applies; domain supplies content only,SC-005,EXECUTABLE_BOUNDED
learn,W02,SettingsCenter,SettingsCenter,MANDATORY_INHERIT,Universal presentation/action/state boundary applies; domain supplies content only,SC-009,EXECUTABLE_BOUNDED
learn,W02,ScopedPreferencesOwner,ScopedPreferencesOwner,MANDATORY_INHERIT,Universal presentation/action/state boundary applies; domain supplies content only,SC-008,EXECUTABLE_BOUNDED
learn,W02,FocusAndDismissal,FocusAndDismissal,MANDATORY_INHERIT,Universal presentation/action/state boundary applies; domain supplies content only,SC-019,EXECUTABLE_BOUNDED
learn,W02,UnifiedEditor,UnifiedEditor,INHERIT_AND_BIND,Explicit shared mechanic in admitted unsuperseded conceptual surface contract,SC-030,EXECUTABLE_BOUNDED
learn,W02,StickyNotes,StickyNotes,MANDATORY_INHERIT,Universal presentation/action/state boundary applies; domain supplies content only,SC-038,EXECUTABLE_BOUNDED
learn,W02,SpatialInteraction,SpatialInteraction,NOT_APPLICABLE,Current surface objects/operations do not require spatial workspace; future addition needs contract delta,SC-031,EXECUTABLE_BOUNDED
learn,W02,OperationalSurface,OperationalSurface,NOT_APPLICABLE,No live runtime owned by this surface,SC-036,EXECUTABLE_BOUNDED
learn,W02,WindowMotion,WindowMotion,MANDATORY_INHERIT,Universal presentation/action/state boundary applies; domain supplies content only,SC-006,EXECUTABLE_BOUNDED
learn,W02,SemanticCommandBus,SemanticCommandBus,MANDATORY_INHERIT,Universal presentation/action/state boundary applies; domain supplies content only,SC-016,EXECUTABLE_BOUNDED
learn,W02,StatusFeedback,StatusFeedback,MANDATORY_INHERIT,Universal presentation/action/state boundary applies; domain supplies content only,SC-022,EXECUTABLE_BOUNDED
learn,W02,AnalyticalCompare,AnalyticalCompare,OPTIONAL,Only if domain supplies typed compare/history projection,SC-032,OPEN_NOT_IMPLEMENTED
library,W02,SC-001,GlobalShellCore,INHERIT_AND_BIND,Navigation owner shared; Shell composition explicitly reopened,BigBoss/O05/surfaces/library.json + current Owner addendum,CONCEPT_CONTRACT_ONLY
library,W02,SC-002,WorkspaceRegionCore,MANDATORY_INHERIT,Universal presentation/action/state boundary applies; domain supplies content only,BigBoss/O05/surfaces/library.json + current Owner addendum,PARTIAL_EXECUTABLE_OWNER
library,W02,SC-003,PaneResponsiveCore,MANDATORY_INHERIT,Universal presentation/action/state boundary applies; domain supplies content only,BigBoss/O05/surfaces/library.json + current Owner addendum,PARTIAL_EXECUTABLE_OWNER
library,W02,SC-004,ContextInspectorCore,MANDATORY_INHERIT,Universal presentation/action/state boundary applies; domain supplies content only,BigBoss/O05/surfaces/library.json + current Owner addendum,PARTIAL_EXECUTABLE_OWNER
library,W02,SC-005,BottomDeepWorkCore,MANDATORY_INHERIT,Universal presentation/action/state boundary applies; domain supplies content only,BigBoss/O05/surfaces/library.json + current Owner addendum,PARTIAL_EXECUTABLE_OWNER
library,W02,SC-006,PresentationStateCore,MANDATORY_INHERIT,Universal presentation/action/state boundary applies; domain supplies content only,BigBoss/O05/surfaces/library.json + current Owner addendum,PARTIAL_EXECUTABLE_OWNER
library,W02,SC-007,GlobalPreferenceCore,MANDATORY_INHERIT,Universal presentation/action/state boundary applies; domain supplies content only,BigBoss/O05/surfaces/library.json + current Owner addendum,CONCEPT_CONTRACT_ONLY
library,W02,SC-008,PreferenceScopeResolver,MANDATORY_INHERIT,Universal presentation/action/state boundary applies; domain supplies content only,BigBoss/O05/surfaces/library.json + current Owner addendum,PARTIAL_EXECUTABLE_OWNER
library,W02,SC-009,GlobalSettingsIA,MANDATORY_INHERIT,Universal presentation/action/state boundary applies; domain supplies content only,BigBoss/O05/surfaces/library.json + current Owner addendum,PARTIAL_EXECUTABLE_OWNER
library,W02,SC-010,PreferencePersistenceCore,MANDATORY_INHERIT,Universal presentation/action/state boundary applies; domain supplies content only,BigBoss/O05/surfaces/library.json + current Owner addendum,CONCEPT_CONTRACT_ONLY
library,W02,SC-011,PreferenceExportImportResetModel,MANDATORY_INHERIT,Universal presentation/action/state boundary applies; domain supplies content only,BigBoss/O05/surfaces/library.json + current Owner addendum,CONCEPT_CONTRACT_ONLY
library,W02,SC-012,LocaleLanguagePresentationCore,MANDATORY_INHERIT,Universal presentation/action/state boundary applies; domain supplies content only,BigBoss/O05/surfaces/library.json + current Owner addendum,CONCEPT_CONTRACT_ONLY
library,W02,SC-013,DirectionAlignmentResolutionCore,MANDATORY_INHERIT,Universal presentation/action/state boundary applies; domain supplies content only,BigBoss/O05/surfaces/library.json + current Owner addendum,CONCEPT_CONTRACT_ONLY
library,W02,SC-014,TypographyAndScriptProfileCore,MANDATORY_INHERIT,Universal presentation/action/state boundary applies; domain supplies content only,BigBoss/O05/surfaces/library.json + current Owner addendum,CONCEPT_CONTRACT_ONLY
library,W02,SC-015,TechnicalTokenBidiIsolationCore,MANDATORY_INHERIT,Universal presentation/action/state boundary applies; domain supplies content only,BigBoss/O05/surfaces/library.json + current Owner addendum,CONCEPT_CONTRACT_ONLY
library,W02,SC-016,SemanticCommandCore,MANDATORY_INHERIT,Universal presentation/action/state boundary applies; domain supplies content only,BigBoss/O05/surfaces/library.json + current Owner addendum,PARTIAL_EXECUTABLE_OWNER
library,W02,SC-017,ActionSurfaceCore,MANDATORY_INHERIT,Universal presentation/action/state boundary applies; domain supplies content only,BigBoss/O05/surfaces/library.json + current Owner addendum,PARTIAL_EXECUTABLE_OWNER
library,W02,SC-018,ActionAvailabilityCore,MANDATORY_INHERIT,Universal presentation/action/state boundary applies; domain supplies content only,BigBoss/O05/surfaces/library.json + current Owner addendum,CONCEPT_CONTRACT_ONLY
library,W02,SC-019,TransientFocusCore,MANDATORY_INHERIT,Universal presentation/action/state boundary applies; domain supplies content only,BigBoss/O05/surfaces/library.json + current Owner addendum,PARTIAL_EXECUTABLE_OWNER
library,W02,SC-020,InputKeymapCore,MANDATORY_INHERIT,Universal presentation/action/state boundary applies; domain supplies content only,BigBoss/O05/surfaces/library.json + current Owner addendum,CONCEPT_CONTRACT_ONLY
library,W02,SC-021,AccessibilityInteractionCore,MANDATORY_INHERIT,Universal presentation/action/state boundary applies; domain supplies content only,BigBoss/O05/surfaces/library.json + current Owner addendum,CONCEPT_CONTRACT_ONLY
library,W02,SC-022,StatusFeedbackCore,MANDATORY_INHERIT,Universal presentation/action/state boundary applies; domain supplies content only,BigBoss/O05/surfaces/library.json + current Owner addendum,PARTIAL_EXECUTABLE_OWNER
library,W02,SC-023,EpistemicStateCore,MANDATORY_INHERIT,Universal presentation/action/state boundary applies; domain supplies content only,BigBoss/O05/surfaces/library.json + current Owner addendum,CONCEPT_CONTRACT_ONLY
library,W02,SC-024,SearchFilterDiscoveryCore,OPTIONAL,Search/filter binds domain source; no fabricated data,BigBoss/O05/surfaces/library.json + current Owner addendum,CONCEPT_CONTRACT_ONLY
library,W02,SC-025,NavigationQuickAccessCore,MANDATORY_INHERIT,Universal presentation/action/state boundary applies; domain supplies content only,BigBoss/O05/surfaces/library.json + current Owner addendum,CONCEPT_CONTRACT_ONLY
library,W02,SC-026,ConfirmationSafetyCore,MANDATORY_INHERIT,Universal presentation/action/state boundary applies; domain supplies content only,BigBoss/O05/surfaces/library.json + current Owner addendum,CONCEPT_CONTRACT_ONLY
library,W02,SC-027,SelectionInteractionCore,INHERIT_AND_BIND,Editable domain working content uses one structured transaction owner,BigBoss/O05/surfaces/library.json + current Owner addendum,PARTIAL_EXECUTABLE_OWNER
library,W02,SC-028,TransactionHistoryCore,INHERIT_AND_BIND,Explicit shared mechanic in admitted unsuperseded conceptual surface contract,BigBoss/O05/surfaces/library.json + current Owner addendum,CONCEPT_CONTRACT_ONLY
library,W02,SC-029,ClipboardTrustCore,INHERIT_AND_BIND,Explicit shared mechanic in admitted unsuperseded conceptual surface contract,BigBoss/O05/surfaces/library.json + current Owner addendum,CONCEPT_CONTRACT_ONLY
library,W02,SC-030,StructuredContentCore,INHERIT_AND_BIND,Explicit shared mechanic in admitted unsuperseded conceptual surface contract,BigBoss/O05/surfaces/library.json + current Owner addendum,PARTIAL_EXECUTABLE_OWNER
library,W02,SC-031,SpatialInteractionCore,NOT_APPLICABLE,Current surface objects/operations do not require spatial workspace; future addition needs contract delta,BigBoss/O05/surfaces/library.json + current Owner addendum,PARTIAL_EXECUTABLE_OWNER
library,W02,SC-032,AnalyticalWorkbenchCore,OPTIONAL,Only if domain supplies typed compare/history projection,BigBoss/O05/surfaces/library.json + current Owner addendum,CONCEPT_CONTRACT_ONLY
library,W02,SC-033,AuditProvenanceInteractionCore,OPTIONAL,Command receipts only; canonical Audit adapter not implied,BigBoss/O05/surfaces/library.json + current Owner addendum,CONCEPT_CONTRACT_ONLY
library,W02,SC-034,CollectionTableMatrixCore,INHERIT_AND_BIND,Collection/object browse binds row identity and domain actions,BigBoss/O05/surfaces/library.json + current Owner addendum,CONCEPT_CONTRACT_ONLY
library,W02,SC-035,TimelineReplayCore,OPTIONAL,Domain history if justified; never simulated truth,BigBoss/O05/surfaces/library.json + current Owner addendum,CONCEPT_CONTRACT_ONLY
library,W02,SC-036,OperationalWorkbenchCore,NOT_APPLICABLE,No live runtime owned by this surface,BigBoss/O05/surfaces/library.json + current Owner addendum,PARTIAL_EXECUTABLE_OWNER
library,W02,SC-037,ReviewDecisionInteractionCore,OPTIONAL,Decision read projection only; no formal adjudication write,BigBoss/O05/surfaces/library.json + current Owner addendum,CONCEPT_CONTRACT_ONLY
library,W02,SC-038,NotesAnnotationCore,MANDATORY_INHERIT,Universal presentation/action/state boundary applies; domain supplies content only,BigBoss/O05/surfaces/library.json + current Owner addendum,PARTIAL_EXECUTABLE_OWNER
library,W02,SC-039,ProductionMappingBoundary,NOT_APPLICABLE,Production mapping is evidence only; no production target in bounded foundation,BigBoss/O05/surfaces/library.json + current Owner addendum,CONCEPT_CONTRACT_ONLY
library,W02,SC-040,PreferenceVsDomainConfigBoundary,MANDATORY_INHERIT,Universal presentation/action/state boundary applies; domain supplies content only,BigBoss/O05/surfaces/library.json + current Owner addendum,CONCEPT_CONTRACT_ONLY
library,W02,WorkspaceFrame,WorkspaceFrame,MANDATORY_INHERIT,Universal presentation/action/state boundary applies; domain supplies content only,SC-002,EXECUTABLE_BOUNDED
library,W02,SidePaneShell,SidePaneShell,MANDATORY_INHERIT,Universal presentation/action/state boundary applies; domain supplies content only,SC-003,EXECUTABLE_BOUNDED
library,W02,WorkspaceToolbar,WorkspaceToolbar,MANDATORY_INHERIT,Universal presentation/action/state boundary applies; domain supplies content only,SC-017,EXECUTABLE_BOUNDED
library,W02,CommandPalette,CommandPalette,MANDATORY_INHERIT,Universal presentation/action/state boundary applies; domain supplies content only,SC-016,EXECUTABLE_BOUNDED
library,W02,ContextActionMenu,ContextActionMenu,MANDATORY_INHERIT,Universal presentation/action/state boundary applies; domain supplies content only,SC-017,EXECUTABLE_BOUNDED
library,W02,SelectionActionSurface,SelectionActionSurface,INHERIT_AND_BIND,Editable domain working content uses one structured transaction owner,SC-027,EXECUTABLE_BOUNDED
library,W02,InsertionPalette,InsertionPalette,INHERIT_AND_BIND,Explicit shared mechanic in admitted unsuperseded conceptual surface contract,SC-030,EXECUTABLE_BOUNDED
library,W02,ContextInspector,ContextInspector,MANDATORY_INHERIT,Universal presentation/action/state boundary applies; domain supplies content only,SC-004,EXECUTABLE_BOUNDED
library,W02,LensHost,LensHost,MANDATORY_INHERIT,Universal presentation/action/state boundary applies; domain supplies content only,SC-004,EXECUTABLE_BOUNDED
library,W02,BottomShelf,BottomShelf,MANDATORY_INHERIT,Universal presentation/action/state boundary applies; domain supplies content only,SC-005,EXECUTABLE_BOUNDED
library,W02,SettingsCenter,SettingsCenter,MANDATORY_INHERIT,Universal presentation/action/state boundary applies; domain supplies content only,SC-009,EXECUTABLE_BOUNDED
library,W02,ScopedPreferencesOwner,ScopedPreferencesOwner,MANDATORY_INHERIT,Universal presentation/action/state boundary applies; domain supplies content only,SC-008,EXECUTABLE_BOUNDED
library,W02,FocusAndDismissal,FocusAndDismissal,MANDATORY_INHERIT,Universal presentation/action/state boundary applies; domain supplies content only,SC-019,EXECUTABLE_BOUNDED
library,W02,UnifiedEditor,UnifiedEditor,INHERIT_AND_BIND,Explicit shared mechanic in admitted unsuperseded conceptual surface contract,SC-030,EXECUTABLE_BOUNDED
library,W02,StickyNotes,StickyNotes,MANDATORY_INHERIT,Universal presentation/action/state boundary applies; domain supplies content only,SC-038,EXECUTABLE_BOUNDED
library,W02,SpatialInteraction,SpatialInteraction,NOT_APPLICABLE,Current surface objects/operations do not require spatial workspace; future addition needs contract delta,SC-031,EXECUTABLE_BOUNDED
library,W02,OperationalSurface,OperationalSurface,NOT_APPLICABLE,No live runtime owned by this surface,SC-036,EXECUTABLE_BOUNDED
library,W02,WindowMotion,WindowMotion,MANDATORY_INHERIT,Universal presentation/action/state boundary applies; domain supplies content only,SC-006,EXECUTABLE_BOUNDED
library,W02,SemanticCommandBus,SemanticCommandBus,MANDATORY_INHERIT,Universal presentation/action/state boundary applies; domain supplies content only,SC-016,EXECUTABLE_BOUNDED
library,W02,StatusFeedback,StatusFeedback,MANDATORY_INHERIT,Universal presentation/action/state boundary applies; domain supplies content only,SC-022,EXECUTABLE_BOUNDED
library,W02,AnalyticalCompare,AnalyticalCompare,OPTIONAL,Only if domain supplies typed compare/history projection,SC-032,OPEN_NOT_IMPLEMENTED
manual_ai,W05,SC-001,GlobalShellCore,INHERIT_AND_BIND,Navigation owner shared; Shell composition explicitly reopened,BigBoss/O05/surfaces/manual_ai.json + current Owner addendum,CONCEPT_CONTRACT_ONLY
manual_ai,W05,SC-002,WorkspaceRegionCore,MANDATORY_INHERIT,Universal presentation/action/state boundary applies; domain supplies content only,BigBoss/O05/surfaces/manual_ai.json + current Owner addendum,PARTIAL_EXECUTABLE_OWNER
manual_ai,W05,SC-003,PaneResponsiveCore,MANDATORY_INHERIT,Universal presentation/action/state boundary applies; domain supplies content only,BigBoss/O05/surfaces/manual_ai.json + current Owner addendum,PARTIAL_EXECUTABLE_OWNER
manual_ai,W05,SC-004,ContextInspectorCore,MANDATORY_INHERIT,Universal presentation/action/state boundary applies; domain supplies content only,BigBoss/O05/surfaces/manual_ai.json + current Owner addendum,PARTIAL_EXECUTABLE_OWNER
manual_ai,W05,SC-005,BottomDeepWorkCore,MANDATORY_INHERIT,Universal presentation/action/state boundary applies; domain supplies content only,BigBoss/O05/surfaces/manual_ai.json + current Owner addendum,PARTIAL_EXECUTABLE_OWNER
manual_ai,W05,SC-006,PresentationStateCore,MANDATORY_INHERIT,Universal presentation/action/state boundary applies; domain supplies content only,BigBoss/O05/surfaces/manual_ai.json + current Owner addendum,PARTIAL_EXECUTABLE_OWNER
manual_ai,W05,SC-007,GlobalPreferenceCore,MANDATORY_INHERIT,Universal presentation/action/state boundary applies; domain supplies content only,BigBoss/O05/surfaces/manual_ai.json + current Owner addendum,CONCEPT_CONTRACT_ONLY
manual_ai,W05,SC-008,PreferenceScopeResolver,MANDATORY_INHERIT,Universal presentation/action/state boundary applies; domain supplies content only,BigBoss/O05/surfaces/manual_ai.json + current Owner addendum,PARTIAL_EXECUTABLE_OWNER
manual_ai,W05,SC-009,GlobalSettingsIA,MANDATORY_INHERIT,Universal presentation/action/state boundary applies; domain supplies content only,BigBoss/O05/surfaces/manual_ai.json + current Owner addendum,PARTIAL_EXECUTABLE_OWNER
manual_ai,W05,SC-010,PreferencePersistenceCore,MANDATORY_INHERIT,Universal presentation/action/state boundary applies; domain supplies content only,BigBoss/O05/surfaces/manual_ai.json + current Owner addendum,CONCEPT_CONTRACT_ONLY
manual_ai,W05,SC-011,PreferenceExportImportResetModel,MANDATORY_INHERIT,Universal presentation/action/state boundary applies; domain supplies content only,BigBoss/O05/surfaces/manual_ai.json + current Owner addendum,CONCEPT_CONTRACT_ONLY
manual_ai,W05,SC-012,LocaleLanguagePresentationCore,MANDATORY_INHERIT,Universal presentation/action/state boundary applies; domain supplies content only,BigBoss/O05/surfaces/manual_ai.json + current Owner addendum,CONCEPT_CONTRACT_ONLY
manual_ai,W05,SC-013,DirectionAlignmentResolutionCore,MANDATORY_INHERIT,Universal presentation/action/state boundary applies; domain supplies content only,BigBoss/O05/surfaces/manual_ai.json + current Owner addendum,CONCEPT_CONTRACT_ONLY
manual_ai,W05,SC-014,TypographyAndScriptProfileCore,MANDATORY_INHERIT,Universal presentation/action/state boundary applies; domain supplies content only,BigBoss/O05/surfaces/manual_ai.json + current Owner addendum,CONCEPT_CONTRACT_ONLY
manual_ai,W05,SC-015,TechnicalTokenBidiIsolationCore,MANDATORY_INHERIT,Universal presentation/action/state boundary applies; domain supplies content only,BigBoss/O05/surfaces/manual_ai.json + current Owner addendum,CONCEPT_CONTRACT_ONLY
manual_ai,W05,SC-016,SemanticCommandCore,MANDATORY_INHERIT,Universal presentation/action/state boundary applies; domain supplies content only,BigBoss/O05/surfaces/manual_ai.json + current Owner addendum,PARTIAL_EXECUTABLE_OWNER
manual_ai,W05,SC-017,ActionSurfaceCore,MANDATORY_INHERIT,Universal presentation/action/state boundary applies; domain supplies content only,BigBoss/O05/surfaces/manual_ai.json + current Owner addendum,PARTIAL_EXECUTABLE_OWNER
manual_ai,W05,SC-018,ActionAvailabilityCore,MANDATORY_INHERIT,Universal presentation/action/state boundary applies; domain supplies content only,BigBoss/O05/surfaces/manual_ai.json + current Owner addendum,CONCEPT_CONTRACT_ONLY
manual_ai,W05,SC-019,TransientFocusCore,MANDATORY_INHERIT,Universal presentation/action/state boundary applies; domain supplies content only,BigBoss/O05/surfaces/manual_ai.json + current Owner addendum,PARTIAL_EXECUTABLE_OWNER
manual_ai,W05,SC-020,InputKeymapCore,MANDATORY_INHERIT,Universal presentation/action/state boundary applies; domain supplies content only,BigBoss/O05/surfaces/manual_ai.json + current Owner addendum,CONCEPT_CONTRACT_ONLY
manual_ai,W05,SC-021,AccessibilityInteractionCore,MANDATORY_INHERIT,Universal presentation/action/state boundary applies; domain supplies content only,BigBoss/O05/surfaces/manual_ai.json + current Owner addendum,CONCEPT_CONTRACT_ONLY
manual_ai,W05,SC-022,StatusFeedbackCore,MANDATORY_INHERIT,Universal presentation/action/state boundary applies; domain supplies content only,BigBoss/O05/surfaces/manual_ai.json + current Owner addendum,PARTIAL_EXECUTABLE_OWNER
manual_ai,W05,SC-023,EpistemicStateCore,MANDATORY_INHERIT,Universal presentation/action/state boundary applies; domain supplies content only,BigBoss/O05/surfaces/manual_ai.json + current Owner addendum,CONCEPT_CONTRACT_ONLY
manual_ai,W05,SC-024,SearchFilterDiscoveryCore,OPTIONAL,Search/filter binds domain source; no fabricated data,BigBoss/O05/surfaces/manual_ai.json + current Owner addendum,CONCEPT_CONTRACT_ONLY
manual_ai,W05,SC-025,NavigationQuickAccessCore,MANDATORY_INHERIT,Universal presentation/action/state boundary applies; domain supplies content only,BigBoss/O05/surfaces/manual_ai.json + current Owner addendum,CONCEPT_CONTRACT_ONLY
manual_ai,W05,SC-026,ConfirmationSafetyCore,MANDATORY_INHERIT,Universal presentation/action/state boundary applies; domain supplies content only,BigBoss/O05/surfaces/manual_ai.json + current Owner addendum,CONCEPT_CONTRACT_ONLY
manual_ai,W05,SC-027,SelectionInteractionCore,OPTIONAL,For personal annotations or working text only; no new canonical domain mutation,BigBoss/O05/surfaces/manual_ai.json + current Owner addendum,PARTIAL_EXECUTABLE_OWNER
manual_ai,W05,SC-028,TransactionHistoryCore,OPTIONAL,For personal annotations or working text only; no new canonical domain mutation,BigBoss/O05/surfaces/manual_ai.json + current Owner addendum,CONCEPT_CONTRACT_ONLY
manual_ai,W05,SC-029,ClipboardTrustCore,OPTIONAL,For personal annotations or working text only; no new canonical domain mutation,BigBoss/O05/surfaces/manual_ai.json + current Owner addendum,CONCEPT_CONTRACT_ONLY
manual_ai,W05,SC-030,StructuredContentCore,OPTIONAL,For personal annotations or working text only; no new canonical domain mutation,BigBoss/O05/surfaces/manual_ai.json + current Owner addendum,PARTIAL_EXECUTABLE_OWNER
manual_ai,W05,SC-031,SpatialInteractionCore,NOT_APPLICABLE,Current surface objects/operations do not require spatial workspace; future addition needs contract delta,BigBoss/O05/surfaces/manual_ai.json + current Owner addendum,PARTIAL_EXECUTABLE_OWNER
manual_ai,W05,SC-032,AnalyticalWorkbenchCore,OPTIONAL,Only if domain supplies typed compare/history projection,BigBoss/O05/surfaces/manual_ai.json + current Owner addendum,CONCEPT_CONTRACT_ONLY
manual_ai,W05,SC-033,AuditProvenanceInteractionCore,OPTIONAL,Command receipts only; canonical Audit adapter not implied,BigBoss/O05/surfaces/manual_ai.json + current Owner addendum,CONCEPT_CONTRACT_ONLY
manual_ai,W05,SC-034,CollectionTableMatrixCore,INHERIT_AND_BIND,Collection/object browse binds row identity and domain actions,BigBoss/O05/surfaces/manual_ai.json + current Owner addendum,CONCEPT_CONTRACT_ONLY
manual_ai,W05,SC-035,TimelineReplayCore,OPTIONAL,Domain history if justified; never simulated truth,BigBoss/O05/surfaces/manual_ai.json + current Owner addendum,CONCEPT_CONTRACT_ONLY
manual_ai,W05,SC-036,OperationalWorkbenchCore,NOT_APPLICABLE,No live runtime owned by this surface,BigBoss/O05/surfaces/manual_ai.json + current Owner addendum,PARTIAL_EXECUTABLE_OWNER
manual_ai,W05,SC-037,ReviewDecisionInteractionCore,OPTIONAL,Decision read projection only; no formal adjudication write,BigBoss/O05/surfaces/manual_ai.json + current Owner addendum,CONCEPT_CONTRACT_ONLY
manual_ai,W05,SC-038,NotesAnnotationCore,MANDATORY_INHERIT,Universal presentation/action/state boundary applies; domain supplies content only,BigBoss/O05/surfaces/manual_ai.json + current Owner addendum,PARTIAL_EXECUTABLE_OWNER
manual_ai,W05,SC-039,ProductionMappingBoundary,NOT_APPLICABLE,Production mapping is evidence only; no production target in bounded foundation,BigBoss/O05/surfaces/manual_ai.json + current Owner addendum,CONCEPT_CONTRACT_ONLY
manual_ai,W05,SC-040,PreferenceVsDomainConfigBoundary,MANDATORY_INHERIT,Universal presentation/action/state boundary applies; domain supplies content only,BigBoss/O05/surfaces/manual_ai.json + current Owner addendum,CONCEPT_CONTRACT_ONLY
manual_ai,W05,WorkspaceFrame,WorkspaceFrame,MANDATORY_INHERIT,Universal presentation/action/state boundary applies; domain supplies content only,SC-002,EXECUTABLE_BOUNDED
manual_ai,W05,SidePaneShell,SidePaneShell,MANDATORY_INHERIT,Universal presentation/action/state boundary applies; domain supplies content only,SC-003,EXECUTABLE_BOUNDED
manual_ai,W05,WorkspaceToolbar,WorkspaceToolbar,MANDATORY_INHERIT,Universal presentation/action/state boundary applies; domain supplies content only,SC-017,EXECUTABLE_BOUNDED
manual_ai,W05,CommandPalette,CommandPalette,MANDATORY_INHERIT,Universal presentation/action/state boundary applies; domain supplies content only,SC-016,EXECUTABLE_BOUNDED
manual_ai,W05,ContextActionMenu,ContextActionMenu,MANDATORY_INHERIT,Universal presentation/action/state boundary applies; domain supplies content only,SC-017,EXECUTABLE_BOUNDED
manual_ai,W05,SelectionActionSurface,SelectionActionSurface,OPTIONAL,For personal annotations or working text only; no new canonical domain mutation,SC-027,EXECUTABLE_BOUNDED
manual_ai,W05,InsertionPalette,InsertionPalette,OPTIONAL,For personal annotations or working text only; no new canonical domain mutation,SC-030,EXECUTABLE_BOUNDED
manual_ai,W05,ContextInspector,ContextInspector,MANDATORY_INHERIT,Universal presentation/action/state boundary applies; domain supplies content only,SC-004,EXECUTABLE_BOUNDED
manual_ai,W05,LensHost,LensHost,MANDATORY_INHERIT,Universal presentation/action/state boundary applies; domain supplies content only,SC-004,EXECUTABLE_BOUNDED
manual_ai,W05,BottomShelf,BottomShelf,MANDATORY_INHERIT,Universal presentation/action/state boundary applies; domain supplies content only,SC-005,EXECUTABLE_BOUNDED
manual_ai,W05,SettingsCenter,SettingsCenter,MANDATORY_INHERIT,Universal presentation/action/state boundary applies; domain supplies content only,SC-009,EXECUTABLE_BOUNDED
manual_ai,W05,ScopedPreferencesOwner,ScopedPreferencesOwner,MANDATORY_INHERIT,Universal presentation/action/state boundary applies; domain supplies content only,SC-008,EXECUTABLE_BOUNDED
manual_ai,W05,FocusAndDismissal,FocusAndDismissal,MANDATORY_INHERIT,Universal presentation/action/state boundary applies; domain supplies content only,SC-019,EXECUTABLE_BOUNDED
manual_ai,W05,UnifiedEditor,UnifiedEditor,OPTIONAL,For personal annotations or working text only; no new canonical domain mutation,SC-030,EXECUTABLE_BOUNDED
manual_ai,W05,StickyNotes,StickyNotes,MANDATORY_INHERIT,Universal presentation/action/state boundary applies; domain supplies content only,SC-038,EXECUTABLE_BOUNDED
manual_ai,W05,SpatialInteraction,SpatialInteraction,NOT_APPLICABLE,Current surface objects/operations do not require spatial workspace; future addition needs contract delta,SC-031,EXECUTABLE_BOUNDED
manual_ai,W05,OperationalSurface,OperationalSurface,NOT_APPLICABLE,No live runtime owned by this surface,SC-036,EXECUTABLE_BOUNDED
manual_ai,W05,WindowMotion,WindowMotion,MANDATORY_INHERIT,Universal presentation/action/state boundary applies; domain supplies content only,SC-006,EXECUTABLE_BOUNDED
manual_ai,W05,SemanticCommandBus,SemanticCommandBus,MANDATORY_INHERIT,Universal presentation/action/state boundary applies; domain supplies content only,SC-016,EXECUTABLE_BOUNDED
manual_ai,W05,StatusFeedback,StatusFeedback,MANDATORY_INHERIT,Universal presentation/action/state boundary applies; domain supplies content only,SC-022,EXECUTABLE_BOUNDED
manual_ai,W05,AnalyticalCompare,AnalyticalCompare,OPTIONAL,Only if domain supplies typed compare/history projection,SC-032,OPEN_NOT_IMPLEMENTED
mastery,W04,SC-001,GlobalShellCore,INHERIT_AND_BIND,Navigation owner shared; Shell composition explicitly reopened,BigBoss/O05/surfaces/mastery.json + current Owner addendum,CONCEPT_CONTRACT_ONLY
mastery,W04,SC-002,WorkspaceRegionCore,MANDATORY_INHERIT,Universal presentation/action/state boundary applies; domain supplies content only,BigBoss/O05/surfaces/mastery.json + current Owner addendum,PARTIAL_EXECUTABLE_OWNER
mastery,W04,SC-003,PaneResponsiveCore,MANDATORY_INHERIT,Universal presentation/action/state boundary applies; domain supplies content only,BigBoss/O05/surfaces/mastery.json + current Owner addendum,PARTIAL_EXECUTABLE_OWNER
mastery,W04,SC-004,ContextInspectorCore,MANDATORY_INHERIT,Universal presentation/action/state boundary applies; domain supplies content only,BigBoss/O05/surfaces/mastery.json + current Owner addendum,PARTIAL_EXECUTABLE_OWNER
mastery,W04,SC-005,BottomDeepWorkCore,MANDATORY_INHERIT,Universal presentation/action/state boundary applies; domain supplies content only,BigBoss/O05/surfaces/mastery.json + current Owner addendum,PARTIAL_EXECUTABLE_OWNER
mastery,W04,SC-006,PresentationStateCore,MANDATORY_INHERIT,Universal presentation/action/state boundary applies; domain supplies content only,BigBoss/O05/surfaces/mastery.json + current Owner addendum,PARTIAL_EXECUTABLE_OWNER
mastery,W04,SC-007,GlobalPreferenceCore,MANDATORY_INHERIT,Universal presentation/action/state boundary applies; domain supplies content only,BigBoss/O05/surfaces/mastery.json + current Owner addendum,CONCEPT_CONTRACT_ONLY
mastery,W04,SC-008,PreferenceScopeResolver,MANDATORY_INHERIT,Universal presentation/action/state boundary applies; domain supplies content only,BigBoss/O05/surfaces/mastery.json + current Owner addendum,PARTIAL_EXECUTABLE_OWNER
mastery,W04,SC-009,GlobalSettingsIA,MANDATORY_INHERIT,Universal presentation/action/state boundary applies; domain supplies content only,BigBoss/O05/surfaces/mastery.json + current Owner addendum,PARTIAL_EXECUTABLE_OWNER
mastery,W04,SC-010,PreferencePersistenceCore,MANDATORY_INHERIT,Universal presentation/action/state boundary applies; domain supplies content only,BigBoss/O05/surfaces/mastery.json + current Owner addendum,CONCEPT_CONTRACT_ONLY
mastery,W04,SC-011,PreferenceExportImportResetModel,MANDATORY_INHERIT,Universal presentation/action/state boundary applies; domain supplies content only,BigBoss/O05/surfaces/mastery.json + current Owner addendum,CONCEPT_CONTRACT_ONLY
mastery,W04,SC-012,LocaleLanguagePresentationCore,MANDATORY_INHERIT,Universal presentation/action/state boundary applies; domain supplies content only,BigBoss/O05/surfaces/mastery.json + current Owner addendum,CONCEPT_CONTRACT_ONLY
mastery,W04,SC-013,DirectionAlignmentResolutionCore,MANDATORY_INHERIT,Universal presentation/action/state boundary applies; domain supplies content only,BigBoss/O05/surfaces/mastery.json + current Owner addendum,CONCEPT_CONTRACT_ONLY
mastery,W04,SC-014,TypographyAndScriptProfileCore,MANDATORY_INHERIT,Universal presentation/action/state boundary applies; domain supplies content only,BigBoss/O05/surfaces/mastery.json + current Owner addendum,CONCEPT_CONTRACT_ONLY
mastery,W04,SC-015,TechnicalTokenBidiIsolationCore,MANDATORY_INHERIT,Universal presentation/action/state boundary applies; domain supplies content only,BigBoss/O05/surfaces/mastery.json + current Owner addendum,CONCEPT_CONTRACT_ONLY
mastery,W04,SC-016,SemanticCommandCore,MANDATORY_INHERIT,Universal presentation/action/state boundary applies; domain supplies content only,BigBoss/O05/surfaces/mastery.json + current Owner addendum,PARTIAL_EXECUTABLE_OWNER
mastery,W04,SC-017,ActionSurfaceCore,MANDATORY_INHERIT,Universal presentation/action/state boundary applies; domain supplies content only,BigBoss/O05/surfaces/mastery.json + current Owner addendum,PARTIAL_EXECUTABLE_OWNER
mastery,W04,SC-018,ActionAvailabilityCore,MANDATORY_INHERIT,Universal presentation/action/state boundary applies; domain supplies content only,BigBoss/O05/surfaces/mastery.json + current Owner addendum,CONCEPT_CONTRACT_ONLY
mastery,W04,SC-019,TransientFocusCore,MANDATORY_INHERIT,Universal presentation/action/state boundary applies; domain supplies content only,BigBoss/O05/surfaces/mastery.json + current Owner addendum,PARTIAL_EXECUTABLE_OWNER
mastery,W04,SC-020,InputKeymapCore,MANDATORY_INHERIT,Universal presentation/action/state boundary applies; domain supplies content only,BigBoss/O05/surfaces/mastery.json + current Owner addendum,CONCEPT_CONTRACT_ONLY
mastery,W04,SC-021,AccessibilityInteractionCore,MANDATORY_INHERIT,Universal presentation/action/state boundary applies; domain supplies content only,BigBoss/O05/surfaces/mastery.json + current Owner addendum,CONCEPT_CONTRACT_ONLY
mastery,W04,SC-022,StatusFeedbackCore,MANDATORY_INHERIT,Universal presentation/action/state boundary applies; domain supplies content only,BigBoss/O05/surfaces/mastery.json + current Owner addendum,PARTIAL_EXECUTABLE_OWNER
mastery,W04,SC-023,EpistemicStateCore,MANDATORY_INHERIT,Universal presentation/action/state boundary applies; domain supplies content only,BigBoss/O05/surfaces/mastery.json + current Owner addendum,CONCEPT_CONTRACT_ONLY
mastery,W04,SC-024,SearchFilterDiscoveryCore,OPTIONAL,Search/filter binds domain source; no fabricated data,BigBoss/O05/surfaces/mastery.json + current Owner addendum,CONCEPT_CONTRACT_ONLY
mastery,W04,SC-025,NavigationQuickAccessCore,MANDATORY_INHERIT,Universal presentation/action/state boundary applies; domain supplies content only,BigBoss/O05/surfaces/mastery.json + current Owner addendum,CONCEPT_CONTRACT_ONLY
mastery,W04,SC-026,ConfirmationSafetyCore,MANDATORY_INHERIT,Universal presentation/action/state boundary applies; domain supplies content only,BigBoss/O05/surfaces/mastery.json + current Owner addendum,CONCEPT_CONTRACT_ONLY
mastery,W04,SC-027,SelectionInteractionCore,OPTIONAL,For personal annotations or working text only; no new canonical domain mutation,BigBoss/O05/surfaces/mastery.json + current Owner addendum,PARTIAL_EXECUTABLE_OWNER
mastery,W04,SC-028,TransactionHistoryCore,OPTIONAL,For personal annotations or working text only; no new canonical domain mutation,BigBoss/O05/surfaces/mastery.json + current Owner addendum,CONCEPT_CONTRACT_ONLY
mastery,W04,SC-029,ClipboardTrustCore,OPTIONAL,For personal annotations or working text only; no new canonical domain mutation,BigBoss/O05/surfaces/mastery.json + current Owner addendum,CONCEPT_CONTRACT_ONLY
mastery,W04,SC-030,StructuredContentCore,OPTIONAL,For personal annotations or working text only; no new canonical domain mutation,BigBoss/O05/surfaces/mastery.json + current Owner addendum,PARTIAL_EXECUTABLE_OWNER
mastery,W04,SC-031,SpatialInteractionCore,NOT_APPLICABLE,Current surface objects/operations do not require spatial workspace; future addition needs contract delta,BigBoss/O05/surfaces/mastery.json + current Owner addendum,PARTIAL_EXECUTABLE_OWNER
mastery,W04,SC-032,AnalyticalWorkbenchCore,INHERIT_AND_BIND,Explicit shared mechanic in admitted unsuperseded conceptual surface contract,BigBoss/O05/surfaces/mastery.json + current Owner addendum,CONCEPT_CONTRACT_ONLY
mastery,W04,SC-033,AuditProvenanceInteractionCore,INHERIT_AND_BIND,Provenance/evidence identity bound by domain,BigBoss/O05/surfaces/mastery.json + current Owner addendum,CONCEPT_CONTRACT_ONLY
mastery,W04,SC-034,CollectionTableMatrixCore,INHERIT_AND_BIND,Collection/object browse binds row identity and domain actions,BigBoss/O05/surfaces/mastery.json + current Owner addendum,CONCEPT_CONTRACT_ONLY
mastery,W04,SC-035,TimelineReplayCore,OPTIONAL,Domain history if justified; never simulated truth,BigBoss/O05/surfaces/mastery.json + current Owner addendum,CONCEPT_CONTRACT_ONLY
mastery,W04,SC-036,OperationalWorkbenchCore,NOT_APPLICABLE,No live runtime owned by this surface,BigBoss/O05/surfaces/mastery.json + current Owner addendum,PARTIAL_EXECUTABLE_OWNER
mastery,W04,SC-037,ReviewDecisionInteractionCore,OPTIONAL,Decision read projection only; no formal adjudication write,BigBoss/O05/surfaces/mastery.json + current Owner addendum,CONCEPT_CONTRACT_ONLY
mastery,W04,SC-038,NotesAnnotationCore,MANDATORY_INHERIT,Universal presentation/action/state boundary applies; domain supplies content only,BigBoss/O05/surfaces/mastery.json + current Owner addendum,PARTIAL_EXECUTABLE_OWNER
mastery,W04,SC-039,ProductionMappingBoundary,NOT_APPLICABLE,Production mapping is evidence only; no production target in bounded foundation,BigBoss/O05/surfaces/mastery.json + current Owner addendum,CONCEPT_CONTRACT_ONLY
mastery,W04,SC-040,PreferenceVsDomainConfigBoundary,MANDATORY_INHERIT,Universal presentation/action/state boundary applies; domain supplies content only,BigBoss/O05/surfaces/mastery.json + current Owner addendum,CONCEPT_CONTRACT_ONLY
mastery,W04,WorkspaceFrame,WorkspaceFrame,MANDATORY_INHERIT,Universal presentation/action/state boundary applies; domain supplies content only,SC-002,EXECUTABLE_BOUNDED
mastery,W04,SidePaneShell,SidePaneShell,MANDATORY_INHERIT,Universal presentation/action/state boundary applies; domain supplies content only,SC-003,EXECUTABLE_BOUNDED
mastery,W04,WorkspaceToolbar,WorkspaceToolbar,MANDATORY_INHERIT,Universal presentation/action/state boundary applies; domain supplies content only,SC-017,EXECUTABLE_BOUNDED
mastery,W04,CommandPalette,CommandPalette,MANDATORY_INHERIT,Universal presentation/action/state boundary applies; domain supplies content only,SC-016,EXECUTABLE_BOUNDED
mastery,W04,ContextActionMenu,ContextActionMenu,MANDATORY_INHERIT,Universal presentation/action/state boundary applies; domain supplies content only,SC-017,EXECUTABLE_BOUNDED
mastery,W04,SelectionActionSurface,SelectionActionSurface,OPTIONAL,For personal annotations or working text only; no new canonical domain mutation,SC-027,EXECUTABLE_BOUNDED
mastery,W04,InsertionPalette,InsertionPalette,OPTIONAL,For personal annotations or working text only; no new canonical domain mutation,SC-030,EXECUTABLE_BOUNDED
mastery,W04,ContextInspector,ContextInspector,MANDATORY_INHERIT,Universal presentation/action/state boundary applies; domain supplies content only,SC-004,EXECUTABLE_BOUNDED
mastery,W04,LensHost,LensHost,MANDATORY_INHERIT,Universal presentation/action/state boundary applies; domain supplies content only,SC-004,EXECUTABLE_BOUNDED
mastery,W04,BottomShelf,BottomShelf,MANDATORY_INHERIT,Universal presentation/action/state boundary applies; domain supplies content only,SC-005,EXECUTABLE_BOUNDED
mastery,W04,SettingsCenter,SettingsCenter,MANDATORY_INHERIT,Universal presentation/action/state boundary applies; domain supplies content only,SC-009,EXECUTABLE_BOUNDED
mastery,W04,ScopedPreferencesOwner,ScopedPreferencesOwner,MANDATORY_INHERIT,Universal presentation/action/state boundary applies; domain supplies content only,SC-008,EXECUTABLE_BOUNDED
mastery,W04,FocusAndDismissal,FocusAndDismissal,MANDATORY_INHERIT,Universal presentation/action/state boundary applies; domain supplies content only,SC-019,EXECUTABLE_BOUNDED
mastery,W04,UnifiedEditor,UnifiedEditor,OPTIONAL,For personal annotations or working text only; no new canonical domain mutation,SC-030,EXECUTABLE_BOUNDED
mastery,W04,StickyNotes,StickyNotes,MANDATORY_INHERIT,Universal presentation/action/state boundary applies; domain supplies content only,SC-038,EXECUTABLE_BOUNDED
mastery,W04,SpatialInteraction,SpatialInteraction,NOT_APPLICABLE,Current surface objects/operations do not require spatial workspace; future addition needs contract delta,SC-031,EXECUTABLE_BOUNDED
mastery,W04,OperationalSurface,OperationalSurface,NOT_APPLICABLE,No live runtime owned by this surface,SC-036,EXECUTABLE_BOUNDED
mastery,W04,WindowMotion,WindowMotion,MANDATORY_INHERIT,Universal presentation/action/state boundary applies; domain supplies content only,SC-006,EXECUTABLE_BOUNDED
mastery,W04,SemanticCommandBus,SemanticCommandBus,MANDATORY_INHERIT,Universal presentation/action/state boundary applies; domain supplies content only,SC-016,EXECUTABLE_BOUNDED
mastery,W04,StatusFeedback,StatusFeedback,MANDATORY_INHERIT,Universal presentation/action/state boundary applies; domain supplies content only,SC-022,EXECUTABLE_BOUNDED
mastery,W04,AnalyticalCompare,AnalyticalCompare,INHERIT_AND_BIND,Explicit shared mechanic in admitted unsuperseded conceptual surface contract,SC-032,OPEN_NOT_IMPLEMENTED
portfolio,W04,SC-001,GlobalShellCore,INHERIT_AND_BIND,Navigation owner shared; Shell composition explicitly reopened,BigBoss/O05/surfaces/portfolio.json + current Owner addendum,CONCEPT_CONTRACT_ONLY
portfolio,W04,SC-002,WorkspaceRegionCore,MANDATORY_INHERIT,Universal presentation/action/state boundary applies; domain supplies content only,BigBoss/O05/surfaces/portfolio.json + current Owner addendum,PARTIAL_EXECUTABLE_OWNER
portfolio,W04,SC-003,PaneResponsiveCore,MANDATORY_INHERIT,Universal presentation/action/state boundary applies; domain supplies content only,BigBoss/O05/surfaces/portfolio.json + current Owner addendum,PARTIAL_EXECUTABLE_OWNER
portfolio,W04,SC-004,ContextInspectorCore,MANDATORY_INHERIT,Universal presentation/action/state boundary applies; domain supplies content only,BigBoss/O05/surfaces/portfolio.json + current Owner addendum,PARTIAL_EXECUTABLE_OWNER
portfolio,W04,SC-005,BottomDeepWorkCore,MANDATORY_INHERIT,Universal presentation/action/state boundary applies; domain supplies content only,BigBoss/O05/surfaces/portfolio.json + current Owner addendum,PARTIAL_EXECUTABLE_OWNER
portfolio,W04,SC-006,PresentationStateCore,MANDATORY_INHERIT,Universal presentation/action/state boundary applies; domain supplies content only,BigBoss/O05/surfaces/portfolio.json + current Owner addendum,PARTIAL_EXECUTABLE_OWNER
portfolio,W04,SC-007,GlobalPreferenceCore,MANDATORY_INHERIT,Universal presentation/action/state boundary applies; domain supplies content only,BigBoss/O05/surfaces/portfolio.json + current Owner addendum,CONCEPT_CONTRACT_ONLY
portfolio,W04,SC-008,PreferenceScopeResolver,MANDATORY_INHERIT,Universal presentation/action/state boundary applies; domain supplies content only,BigBoss/O05/surfaces/portfolio.json + current Owner addendum,PARTIAL_EXECUTABLE_OWNER
portfolio,W04,SC-009,GlobalSettingsIA,MANDATORY_INHERIT,Universal presentation/action/state boundary applies; domain supplies content only,BigBoss/O05/surfaces/portfolio.json + current Owner addendum,PARTIAL_EXECUTABLE_OWNER
portfolio,W04,SC-010,PreferencePersistenceCore,MANDATORY_INHERIT,Universal presentation/action/state boundary applies; domain supplies content only,BigBoss/O05/surfaces/portfolio.json + current Owner addendum,CONCEPT_CONTRACT_ONLY
portfolio,W04,SC-011,PreferenceExportImportResetModel,MANDATORY_INHERIT,Universal presentation/action/state boundary applies; domain supplies content only,BigBoss/O05/surfaces/portfolio.json + current Owner addendum,CONCEPT_CONTRACT_ONLY
portfolio,W04,SC-012,LocaleLanguagePresentationCore,MANDATORY_INHERIT,Universal presentation/action/state boundary applies; domain supplies content only,BigBoss/O05/surfaces/portfolio.json + current Owner addendum,CONCEPT_CONTRACT_ONLY
portfolio,W04,SC-013,DirectionAlignmentResolutionCore,MANDATORY_INHERIT,Universal presentation/action/state boundary applies; domain supplies content only,BigBoss/O05/surfaces/portfolio.json + current Owner addendum,CONCEPT_CONTRACT_ONLY
portfolio,W04,SC-014,TypographyAndScriptProfileCore,MANDATORY_INHERIT,Universal presentation/action/state boundary applies; domain supplies content only,BigBoss/O05/surfaces/portfolio.json + current Owner addendum,CONCEPT_CONTRACT_ONLY
portfolio,W04,SC-015,TechnicalTokenBidiIsolationCore,MANDATORY_INHERIT,Universal presentation/action/state boundary applies; domain supplies content only,BigBoss/O05/surfaces/portfolio.json + current Owner addendum,CONCEPT_CONTRACT_ONLY
portfolio,W04,SC-016,SemanticCommandCore,MANDATORY_INHERIT,Universal presentation/action/state boundary applies; domain supplies content only,BigBoss/O05/surfaces/portfolio.json + current Owner addendum,PARTIAL_EXECUTABLE_OWNER
portfolio,W04,SC-017,ActionSurfaceCore,MANDATORY_INHERIT,Universal presentation/action/state boundary applies; domain supplies content only,BigBoss/O05/surfaces/portfolio.json + current Owner addendum,PARTIAL_EXECUTABLE_OWNER
portfolio,W04,SC-018,ActionAvailabilityCore,MANDATORY_INHERIT,Universal presentation/action/state boundary applies; domain supplies content only,BigBoss/O05/surfaces/portfolio.json + current Owner addendum,CONCEPT_CONTRACT_ONLY
portfolio,W04,SC-019,TransientFocusCore,MANDATORY_INHERIT,Universal presentation/action/state boundary applies; domain supplies content only,BigBoss/O05/surfaces/portfolio.json + current Owner addendum,PARTIAL_EXECUTABLE_OWNER
portfolio,W04,SC-020,InputKeymapCore,MANDATORY_INHERIT,Universal presentation/action/state boundary applies; domain supplies content only,BigBoss/O05/surfaces/portfolio.json + current Owner addendum,CONCEPT_CONTRACT_ONLY
portfolio,W04,SC-021,AccessibilityInteractionCore,MANDATORY_INHERIT,Universal presentation/action/state boundary applies; domain supplies content only,BigBoss/O05/surfaces/portfolio.json + current Owner addendum,CONCEPT_CONTRACT_ONLY
portfolio,W04,SC-022,StatusFeedbackCore,MANDATORY_INHERIT,Universal presentation/action/state boundary applies; domain supplies content only,BigBoss/O05/surfaces/portfolio.json + current Owner addendum,PARTIAL_EXECUTABLE_OWNER
portfolio,W04,SC-023,EpistemicStateCore,MANDATORY_INHERIT,Universal presentation/action/state boundary applies; domain supplies content only,BigBoss/O05/surfaces/portfolio.json + current Owner addendum,CONCEPT_CONTRACT_ONLY
portfolio,W04,SC-024,SearchFilterDiscoveryCore,OPTIONAL,Search/filter binds domain source; no fabricated data,BigBoss/O05/surfaces/portfolio.json + current Owner addendum,CONCEPT_CONTRACT_ONLY
portfolio,W04,SC-025,NavigationQuickAccessCore,MANDATORY_INHERIT,Universal presentation/action/state boundary applies; domain supplies content only,BigBoss/O05/surfaces/portfolio.json + current Owner addendum,CONCEPT_CONTRACT_ONLY
portfolio,W04,SC-026,ConfirmationSafetyCore,MANDATORY_INHERIT,Universal presentation/action/state boundary applies; domain supplies content only,BigBoss/O05/surfaces/portfolio.json + current Owner addendum,CONCEPT_CONTRACT_ONLY
portfolio,W04,SC-027,SelectionInteractionCore,OPTIONAL,For personal annotations or working text only; no new canonical domain mutation,BigBoss/O05/surfaces/portfolio.json + current Owner addendum,PARTIAL_EXECUTABLE_OWNER
portfolio,W04,SC-028,TransactionHistoryCore,OPTIONAL,For personal annotations or working text only; no new canonical domain mutation,BigBoss/O05/surfaces/portfolio.json + current Owner addendum,CONCEPT_CONTRACT_ONLY
portfolio,W04,SC-029,ClipboardTrustCore,OPTIONAL,For personal annotations or working text only; no new canonical domain mutation,BigBoss/O05/surfaces/portfolio.json + current Owner addendum,CONCEPT_CONTRACT_ONLY
portfolio,W04,SC-030,StructuredContentCore,OPTIONAL,For personal annotations or working text only; no new canonical domain mutation,BigBoss/O05/surfaces/portfolio.json + current Owner addendum,PARTIAL_EXECUTABLE_OWNER
portfolio,W04,SC-031,SpatialInteractionCore,NOT_APPLICABLE,Current surface objects/operations do not require spatial workspace; future addition needs contract delta,BigBoss/O05/surfaces/portfolio.json + current Owner addendum,PARTIAL_EXECUTABLE_OWNER
portfolio,W04,SC-032,AnalyticalWorkbenchCore,INHERIT_AND_BIND,Explicit shared mechanic in admitted unsuperseded conceptual surface contract,BigBoss/O05/surfaces/portfolio.json + current Owner addendum,CONCEPT_CONTRACT_ONLY
portfolio,W04,SC-033,AuditProvenanceInteractionCore,INHERIT_AND_BIND,Provenance/evidence identity bound by domain,BigBoss/O05/surfaces/portfolio.json + current Owner addendum,CONCEPT_CONTRACT_ONLY
portfolio,W04,SC-034,CollectionTableMatrixCore,INHERIT_AND_BIND,Collection/object browse binds row identity and domain actions,BigBoss/O05/surfaces/portfolio.json + current Owner addendum,CONCEPT_CONTRACT_ONLY
portfolio,W04,SC-035,TimelineReplayCore,OPTIONAL,Domain history if justified; never simulated truth,BigBoss/O05/surfaces/portfolio.json + current Owner addendum,CONCEPT_CONTRACT_ONLY
portfolio,W04,SC-036,OperationalWorkbenchCore,NOT_APPLICABLE,No live runtime owned by this surface,BigBoss/O05/surfaces/portfolio.json + current Owner addendum,PARTIAL_EXECUTABLE_OWNER
portfolio,W04,SC-037,ReviewDecisionInteractionCore,OPTIONAL,Decision read projection only; no formal adjudication write,BigBoss/O05/surfaces/portfolio.json + current Owner addendum,CONCEPT_CONTRACT_ONLY
portfolio,W04,SC-038,NotesAnnotationCore,MANDATORY_INHERIT,Universal presentation/action/state boundary applies; domain supplies content only,BigBoss/O05/surfaces/portfolio.json + current Owner addendum,PARTIAL_EXECUTABLE_OWNER
portfolio,W04,SC-039,ProductionMappingBoundary,NOT_APPLICABLE,Production mapping is evidence only; no production target in bounded foundation,BigBoss/O05/surfaces/portfolio.json + current Owner addendum,CONCEPT_CONTRACT_ONLY
portfolio,W04,SC-040,PreferenceVsDomainConfigBoundary,MANDATORY_INHERIT,Universal presentation/action/state boundary applies; domain supplies content only,BigBoss/O05/surfaces/portfolio.json + current Owner addendum,CONCEPT_CONTRACT_ONLY
portfolio,W04,WorkspaceFrame,WorkspaceFrame,MANDATORY_INHERIT,Universal presentation/action/state boundary applies; domain supplies content only,SC-002,EXECUTABLE_BOUNDED
portfolio,W04,SidePaneShell,SidePaneShell,MANDATORY_INHERIT,Universal presentation/action/state boundary applies; domain supplies content only,SC-003,EXECUTABLE_BOUNDED
portfolio,W04,WorkspaceToolbar,WorkspaceToolbar,MANDATORY_INHERIT,Universal presentation/action/state boundary applies; domain supplies content only,SC-017,EXECUTABLE_BOUNDED
portfolio,W04,CommandPalette,CommandPalette,MANDATORY_INHERIT,Universal presentation/action/state boundary applies; domain supplies content only,SC-016,EXECUTABLE_BOUNDED
portfolio,W04,ContextActionMenu,ContextActionMenu,MANDATORY_INHERIT,Universal presentation/action/state boundary applies; domain supplies content only,SC-017,EXECUTABLE_BOUNDED
portfolio,W04,SelectionActionSurface,SelectionActionSurface,OPTIONAL,For personal annotations or working text only; no new canonical domain mutation,SC-027,EXECUTABLE_BOUNDED
portfolio,W04,InsertionPalette,InsertionPalette,OPTIONAL,For personal annotations or working text only; no new canonical domain mutation,SC-030,EXECUTABLE_BOUNDED
portfolio,W04,ContextInspector,ContextInspector,MANDATORY_INHERIT,Universal presentation/action/state boundary applies; domain supplies content only,SC-004,EXECUTABLE_BOUNDED
portfolio,W04,LensHost,LensHost,MANDATORY_INHERIT,Universal presentation/action/state boundary applies; domain supplies content only,SC-004,EXECUTABLE_BOUNDED
portfolio,W04,BottomShelf,BottomShelf,MANDATORY_INHERIT,Universal presentation/action/state boundary applies; domain supplies content only,SC-005,EXECUTABLE_BOUNDED
portfolio,W04,SettingsCenter,SettingsCenter,MANDATORY_INHERIT,Universal presentation/action/state boundary applies; domain supplies content only,SC-009,EXECUTABLE_BOUNDED
portfolio,W04,ScopedPreferencesOwner,ScopedPreferencesOwner,MANDATORY_INHERIT,Universal presentation/action/state boundary applies; domain supplies content only,SC-008,EXECUTABLE_BOUNDED
portfolio,W04,FocusAndDismissal,FocusAndDismissal,MANDATORY_INHERIT,Universal presentation/action/state boundary applies; domain supplies content only,SC-019,EXECUTABLE_BOUNDED
portfolio,W04,UnifiedEditor,UnifiedEditor,OPTIONAL,For personal annotations or working text only; no new canonical domain mutation,SC-030,EXECUTABLE_BOUNDED
portfolio,W04,StickyNotes,StickyNotes,MANDATORY_INHERIT,Universal presentation/action/state boundary applies; domain supplies content only,SC-038,EXECUTABLE_BOUNDED
portfolio,W04,SpatialInteraction,SpatialInteraction,NOT_APPLICABLE,Current surface objects/operations do not require spatial workspace; future addition needs contract delta,SC-031,EXECUTABLE_BOUNDED
portfolio,W04,OperationalSurface,OperationalSurface,NOT_APPLICABLE,No live runtime owned by this surface,SC-036,EXECUTABLE_BOUNDED
portfolio,W04,WindowMotion,WindowMotion,MANDATORY_INHERIT,Universal presentation/action/state boundary applies; domain supplies content only,SC-006,EXECUTABLE_BOUNDED
portfolio,W04,SemanticCommandBus,SemanticCommandBus,MANDATORY_INHERIT,Universal presentation/action/state boundary applies; domain supplies content only,SC-016,EXECUTABLE_BOUNDED
portfolio,W04,StatusFeedback,StatusFeedback,MANDATORY_INHERIT,Universal presentation/action/state boundary applies; domain supplies content only,SC-022,EXECUTABLE_BOUNDED
portfolio,W04,AnalyticalCompare,AnalyticalCompare,INHERIT_AND_BIND,Explicit shared mechanic in admitted unsuperseded conceptual surface contract,SC-032,OPEN_NOT_IMPLEMENTED
processing,W05,SC-001,GlobalShellCore,INHERIT_AND_BIND,Navigation owner shared; Shell composition explicitly reopened,BigBoss/O05/surfaces/processing.json + current Owner addendum,CONCEPT_CONTRACT_ONLY
processing,W05,SC-002,WorkspaceRegionCore,MANDATORY_INHERIT,Universal presentation/action/state boundary applies; domain supplies content only,BigBoss/O05/surfaces/processing.json + current Owner addendum,PARTIAL_EXECUTABLE_OWNER
processing,W05,SC-003,PaneResponsiveCore,MANDATORY_INHERIT,Universal presentation/action/state boundary applies; domain supplies content only,BigBoss/O05/surfaces/processing.json + current Owner addendum,PARTIAL_EXECUTABLE_OWNER
processing,W05,SC-004,ContextInspectorCore,MANDATORY_INHERIT,Universal presentation/action/state boundary applies; domain supplies content only,BigBoss/O05/surfaces/processing.json + current Owner addendum,PARTIAL_EXECUTABLE_OWNER
processing,W05,SC-005,BottomDeepWorkCore,MANDATORY_INHERIT,Universal presentation/action/state boundary applies; domain supplies content only,BigBoss/O05/surfaces/processing.json + current Owner addendum,PARTIAL_EXECUTABLE_OWNER
processing,W05,SC-006,PresentationStateCore,MANDATORY_INHERIT,Universal presentation/action/state boundary applies; domain supplies content only,BigBoss/O05/surfaces/processing.json + current Owner addendum,PARTIAL_EXECUTABLE_OWNER
processing,W05,SC-007,GlobalPreferenceCore,MANDATORY_INHERIT,Universal presentation/action/state boundary applies; domain supplies content only,BigBoss/O05/surfaces/processing.json + current Owner addendum,CONCEPT_CONTRACT_ONLY
processing,W05,SC-008,PreferenceScopeResolver,MANDATORY_INHERIT,Universal presentation/action/state boundary applies; domain supplies content only,BigBoss/O05/surfaces/processing.json + current Owner addendum,PARTIAL_EXECUTABLE_OWNER
processing,W05,SC-009,GlobalSettingsIA,MANDATORY_INHERIT,Universal presentation/action/state boundary applies; domain supplies content only,BigBoss/O05/surfaces/processing.json + current Owner addendum,PARTIAL_EXECUTABLE_OWNER
processing,W05,SC-010,PreferencePersistenceCore,MANDATORY_INHERIT,Universal presentation/action/state boundary applies; domain supplies content only,BigBoss/O05/surfaces/processing.json + current Owner addendum,CONCEPT_CONTRACT_ONLY
processing,W05,SC-011,PreferenceExportImportResetModel,MANDATORY_INHERIT,Universal presentation/action/state boundary applies; domain supplies content only,BigBoss/O05/surfaces/processing.json + current Owner addendum,CONCEPT_CONTRACT_ONLY
processing,W05,SC-012,LocaleLanguagePresentationCore,MANDATORY_INHERIT,Universal presentation/action/state boundary applies; domain supplies content only,BigBoss/O05/surfaces/processing.json + current Owner addendum,CONCEPT_CONTRACT_ONLY
processing,W05,SC-013,DirectionAlignmentResolutionCore,MANDATORY_INHERIT,Universal presentation/action/state boundary applies; domain supplies content only,BigBoss/O05/surfaces/processing.json + current Owner addendum,CONCEPT_CONTRACT_ONLY
processing,W05,SC-014,TypographyAndScriptProfileCore,MANDATORY_INHERIT,Universal presentation/action/state boundary applies; domain supplies content only,BigBoss/O05/surfaces/processing.json + current Owner addendum,CONCEPT_CONTRACT_ONLY
processing,W05,SC-015,TechnicalTokenBidiIsolationCore,MANDATORY_INHERIT,Universal presentation/action/state boundary applies; domain supplies content only,BigBoss/O05/surfaces/processing.json + current Owner addendum,CONCEPT_CONTRACT_ONLY
processing,W05,SC-016,SemanticCommandCore,MANDATORY_INHERIT,Universal presentation/action/state boundary applies; domain supplies content only,BigBoss/O05/surfaces/processing.json + current Owner addendum,PARTIAL_EXECUTABLE_OWNER
processing,W05,SC-017,ActionSurfaceCore,MANDATORY_INHERIT,Universal presentation/action/state boundary applies; domain supplies content only,BigBoss/O05/surfaces/processing.json + current Owner addendum,PARTIAL_EXECUTABLE_OWNER
processing,W05,SC-018,ActionAvailabilityCore,MANDATORY_INHERIT,Universal presentation/action/state boundary applies; domain supplies content only,BigBoss/O05/surfaces/processing.json + current Owner addendum,CONCEPT_CONTRACT_ONLY
processing,W05,SC-019,TransientFocusCore,MANDATORY_INHERIT,Universal presentation/action/state boundary applies; domain supplies content only,BigBoss/O05/surfaces/processing.json + current Owner addendum,PARTIAL_EXECUTABLE_OWNER
processing,W05,SC-020,InputKeymapCore,MANDATORY_INHERIT,Universal presentation/action/state boundary applies; domain supplies content only,BigBoss/O05/surfaces/processing.json + current Owner addendum,CONCEPT_CONTRACT_ONLY
processing,W05,SC-021,AccessibilityInteractionCore,MANDATORY_INHERIT,Universal presentation/action/state boundary applies; domain supplies content only,BigBoss/O05/surfaces/processing.json + current Owner addendum,CONCEPT_CONTRACT_ONLY
processing,W05,SC-022,StatusFeedbackCore,MANDATORY_INHERIT,Universal presentation/action/state boundary applies; domain supplies content only,BigBoss/O05/surfaces/processing.json + current Owner addendum,PARTIAL_EXECUTABLE_OWNER
processing,W05,SC-023,EpistemicStateCore,MANDATORY_INHERIT,Universal presentation/action/state boundary applies; domain supplies content only,BigBoss/O05/surfaces/processing.json + current Owner addendum,CONCEPT_CONTRACT_ONLY
processing,W05,SC-024,SearchFilterDiscoveryCore,OPTIONAL,Search/filter binds domain source; no fabricated data,BigBoss/O05/surfaces/processing.json + current Owner addendum,CONCEPT_CONTRACT_ONLY
processing,W05,SC-025,NavigationQuickAccessCore,MANDATORY_INHERIT,Universal presentation/action/state boundary applies; domain supplies content only,BigBoss/O05/surfaces/processing.json + current Owner addendum,CONCEPT_CONTRACT_ONLY
processing,W05,SC-026,ConfirmationSafetyCore,MANDATORY_INHERIT,Universal presentation/action/state boundary applies; domain supplies content only,BigBoss/O05/surfaces/processing.json + current Owner addendum,CONCEPT_CONTRACT_ONLY
processing,W05,SC-027,SelectionInteractionCore,OPTIONAL,For personal annotations or working text only; no new canonical domain mutation,BigBoss/O05/surfaces/processing.json + current Owner addendum,PARTIAL_EXECUTABLE_OWNER
processing,W05,SC-028,TransactionHistoryCore,OPTIONAL,For personal annotations or working text only; no new canonical domain mutation,BigBoss/O05/surfaces/processing.json + current Owner addendum,CONCEPT_CONTRACT_ONLY
processing,W05,SC-029,ClipboardTrustCore,OPTIONAL,For personal annotations or working text only; no new canonical domain mutation,BigBoss/O05/surfaces/processing.json + current Owner addendum,CONCEPT_CONTRACT_ONLY
processing,W05,SC-030,StructuredContentCore,OPTIONAL,For personal annotations or working text only; no new canonical domain mutation,BigBoss/O05/surfaces/processing.json + current Owner addendum,PARTIAL_EXECUTABLE_OWNER
processing,W05,SC-031,SpatialInteractionCore,NOT_APPLICABLE,Current surface objects/operations do not require spatial workspace; future addition needs contract delta,BigBoss/O05/surfaces/processing.json + current Owner addendum,PARTIAL_EXECUTABLE_OWNER
processing,W05,SC-032,AnalyticalWorkbenchCore,OPTIONAL,Only if domain supplies typed compare/history projection,BigBoss/O05/surfaces/processing.json + current Owner addendum,CONCEPT_CONTRACT_ONLY
processing,W05,SC-033,AuditProvenanceInteractionCore,OPTIONAL,Command receipts only; canonical Audit adapter not implied,BigBoss/O05/surfaces/processing.json + current Owner addendum,CONCEPT_CONTRACT_ONLY
processing,W05,SC-034,CollectionTableMatrixCore,INHERIT_AND_BIND,Collection/object browse binds row identity and domain actions,BigBoss/O05/surfaces/processing.json + current Owner addendum,CONCEPT_CONTRACT_ONLY
processing,W05,SC-035,TimelineReplayCore,INHERIT_AND_BIND,Runtime event/replay timeline,BigBoss/O05/surfaces/processing.json + current Owner addendum,CONCEPT_CONTRACT_ONLY
processing,W05,SC-036,OperationalWorkbenchCore,NOT_APPLICABLE,No live runtime owned by this surface,BigBoss/O05/surfaces/processing.json + current Owner addendum,PARTIAL_EXECUTABLE_OWNER
processing,W05,SC-037,ReviewDecisionInteractionCore,OPTIONAL,Decision read projection only; no formal adjudication write,BigBoss/O05/surfaces/processing.json + current Owner addendum,CONCEPT_CONTRACT_ONLY
processing,W05,SC-038,NotesAnnotationCore,MANDATORY_INHERIT,Universal presentation/action/state boundary applies; domain supplies content only,BigBoss/O05/surfaces/processing.json + current Owner addendum,PARTIAL_EXECUTABLE_OWNER
processing,W05,SC-039,ProductionMappingBoundary,NOT_APPLICABLE,Production mapping is evidence only; no production target in bounded foundation,BigBoss/O05/surfaces/processing.json + current Owner addendum,CONCEPT_CONTRACT_ONLY
processing,W05,SC-040,PreferenceVsDomainConfigBoundary,MANDATORY_INHERIT,Universal presentation/action/state boundary applies; domain supplies content only,BigBoss/O05/surfaces/processing.json + current Owner addendum,CONCEPT_CONTRACT_ONLY
processing,W05,WorkspaceFrame,WorkspaceFrame,MANDATORY_INHERIT,Universal presentation/action/state boundary applies; domain supplies content only,SC-002,EXECUTABLE_BOUNDED
processing,W05,SidePaneShell,SidePaneShell,MANDATORY_INHERIT,Universal presentation/action/state boundary applies; domain supplies content only,SC-003,EXECUTABLE_BOUNDED
processing,W05,WorkspaceToolbar,WorkspaceToolbar,MANDATORY_INHERIT,Universal presentation/action/state boundary applies; domain supplies content only,SC-017,EXECUTABLE_BOUNDED
processing,W05,CommandPalette,CommandPalette,MANDATORY_INHERIT,Universal presentation/action/state boundary applies; domain supplies content only,SC-016,EXECUTABLE_BOUNDED
processing,W05,ContextActionMenu,ContextActionMenu,MANDATORY_INHERIT,Universal presentation/action/state boundary applies; domain supplies content only,SC-017,EXECUTABLE_BOUNDED
processing,W05,SelectionActionSurface,SelectionActionSurface,OPTIONAL,For personal annotations or working text only; no new canonical domain mutation,SC-027,EXECUTABLE_BOUNDED
processing,W05,InsertionPalette,InsertionPalette,OPTIONAL,For personal annotations or working text only; no new canonical domain mutation,SC-030,EXECUTABLE_BOUNDED
processing,W05,ContextInspector,ContextInspector,MANDATORY_INHERIT,Universal presentation/action/state boundary applies; domain supplies content only,SC-004,EXECUTABLE_BOUNDED
processing,W05,LensHost,LensHost,MANDATORY_INHERIT,Universal presentation/action/state boundary applies; domain supplies content only,SC-004,EXECUTABLE_BOUNDED
processing,W05,BottomShelf,BottomShelf,MANDATORY_INHERIT,Universal presentation/action/state boundary applies; domain supplies content only,SC-005,EXECUTABLE_BOUNDED
processing,W05,SettingsCenter,SettingsCenter,MANDATORY_INHERIT,Universal presentation/action/state boundary applies; domain supplies content only,SC-009,EXECUTABLE_BOUNDED
processing,W05,ScopedPreferencesOwner,ScopedPreferencesOwner,MANDATORY_INHERIT,Universal presentation/action/state boundary applies; domain supplies content only,SC-008,EXECUTABLE_BOUNDED
processing,W05,FocusAndDismissal,FocusAndDismissal,MANDATORY_INHERIT,Universal presentation/action/state boundary applies; domain supplies content only,SC-019,EXECUTABLE_BOUNDED
processing,W05,UnifiedEditor,UnifiedEditor,OPTIONAL,For personal annotations or working text only; no new canonical domain mutation,SC-030,EXECUTABLE_BOUNDED
processing,W05,StickyNotes,StickyNotes,MANDATORY_INHERIT,Universal presentation/action/state boundary applies; domain supplies content only,SC-038,EXECUTABLE_BOUNDED
processing,W05,SpatialInteraction,SpatialInteraction,NOT_APPLICABLE,Current surface objects/operations do not require spatial workspace; future addition needs contract delta,SC-031,EXECUTABLE_BOUNDED
processing,W05,OperationalSurface,OperationalSurface,NOT_APPLICABLE,No live runtime owned by this surface,SC-036,EXECUTABLE_BOUNDED
processing,W05,WindowMotion,WindowMotion,MANDATORY_INHERIT,Universal presentation/action/state boundary applies; domain supplies content only,SC-006,EXECUTABLE_BOUNDED
processing,W05,SemanticCommandBus,SemanticCommandBus,MANDATORY_INHERIT,Universal presentation/action/state boundary applies; domain supplies content only,SC-016,EXECUTABLE_BOUNDED
processing,W05,StatusFeedback,StatusFeedback,MANDATORY_INHERIT,Universal presentation/action/state boundary applies; domain supplies content only,SC-022,EXECUTABLE_BOUNDED
processing,W05,AnalyticalCompare,AnalyticalCompare,OPTIONAL,Only if domain supplies typed compare/history projection,SC-032,OPEN_NOT_IMPLEMENTED
releases,W05,SC-001,GlobalShellCore,INHERIT_AND_BIND,Navigation owner shared; Shell composition explicitly reopened,BigBoss/O05/surfaces/releases.json + current Owner addendum,CONCEPT_CONTRACT_ONLY
releases,W05,SC-002,WorkspaceRegionCore,MANDATORY_INHERIT,Universal presentation/action/state boundary applies; domain supplies content only,BigBoss/O05/surfaces/releases.json + current Owner addendum,PARTIAL_EXECUTABLE_OWNER
releases,W05,SC-003,PaneResponsiveCore,MANDATORY_INHERIT,Universal presentation/action/state boundary applies; domain supplies content only,BigBoss/O05/surfaces/releases.json + current Owner addendum,PARTIAL_EXECUTABLE_OWNER
releases,W05,SC-004,ContextInspectorCore,MANDATORY_INHERIT,Universal presentation/action/state boundary applies; domain supplies content only,BigBoss/O05/surfaces/releases.json + current Owner addendum,PARTIAL_EXECUTABLE_OWNER
releases,W05,SC-005,BottomDeepWorkCore,MANDATORY_INHERIT,Universal presentation/action/state boundary applies; domain supplies content only,BigBoss/O05/surfaces/releases.json + current Owner addendum,PARTIAL_EXECUTABLE_OWNER
releases,W05,SC-006,PresentationStateCore,MANDATORY_INHERIT,Universal presentation/action/state boundary applies; domain supplies content only,BigBoss/O05/surfaces/releases.json + current Owner addendum,PARTIAL_EXECUTABLE_OWNER
releases,W05,SC-007,GlobalPreferenceCore,MANDATORY_INHERIT,Universal presentation/action/state boundary applies; domain supplies content only,BigBoss/O05/surfaces/releases.json + current Owner addendum,CONCEPT_CONTRACT_ONLY
releases,W05,SC-008,PreferenceScopeResolver,MANDATORY_INHERIT,Universal presentation/action/state boundary applies; domain supplies content only,BigBoss/O05/surfaces/releases.json + current Owner addendum,PARTIAL_EXECUTABLE_OWNER
releases,W05,SC-009,GlobalSettingsIA,MANDATORY_INHERIT,Universal presentation/action/state boundary applies; domain supplies content only,BigBoss/O05/surfaces/releases.json + current Owner addendum,PARTIAL_EXECUTABLE_OWNER
releases,W05,SC-010,PreferencePersistenceCore,MANDATORY_INHERIT,Universal presentation/action/state boundary applies; domain supplies content only,BigBoss/O05/surfaces/releases.json + current Owner addendum,CONCEPT_CONTRACT_ONLY
releases,W05,SC-011,PreferenceExportImportResetModel,MANDATORY_INHERIT,Universal presentation/action/state boundary applies; domain supplies content only,BigBoss/O05/surfaces/releases.json + current Owner addendum,CONCEPT_CONTRACT_ONLY
releases,W05,SC-012,LocaleLanguagePresentationCore,MANDATORY_INHERIT,Universal presentation/action/state boundary applies; domain supplies content only,BigBoss/O05/surfaces/releases.json + current Owner addendum,CONCEPT_CONTRACT_ONLY
releases,W05,SC-013,DirectionAlignmentResolutionCore,MANDATORY_INHERIT,Universal presentation/action/state boundary applies; domain supplies content only,BigBoss/O05/surfaces/releases.json + current Owner addendum,CONCEPT_CONTRACT_ONLY
releases,W05,SC-014,TypographyAndScriptProfileCore,MANDATORY_INHERIT,Universal presentation/action/state boundary applies; domain supplies content only,BigBoss/O05/surfaces/releases.json + current Owner addendum,CONCEPT_CONTRACT_ONLY
releases,W05,SC-015,TechnicalTokenBidiIsolationCore,MANDATORY_INHERIT,Universal presentation/action/state boundary applies; domain supplies content only,BigBoss/O05/surfaces/releases.json + current Owner addendum,CONCEPT_CONTRACT_ONLY
releases,W05,SC-016,SemanticCommandCore,MANDATORY_INHERIT,Universal presentation/action/state boundary applies; domain supplies content only,BigBoss/O05/surfaces/releases.json + current Owner addendum,PARTIAL_EXECUTABLE_OWNER
releases,W05,SC-017,ActionSurfaceCore,MANDATORY_INHERIT,Universal presentation/action/state boundary applies; domain supplies content only,BigBoss/O05/surfaces/releases.json + current Owner addendum,PARTIAL_EXECUTABLE_OWNER
releases,W05,SC-018,ActionAvailabilityCore,MANDATORY_INHERIT,Universal presentation/action/state boundary applies; domain supplies content only,BigBoss/O05/surfaces/releases.json + current Owner addendum,CONCEPT_CONTRACT_ONLY
releases,W05,SC-019,TransientFocusCore,MANDATORY_INHERIT,Universal presentation/action/state boundary applies; domain supplies content only,BigBoss/O05/surfaces/releases.json + current Owner addendum,PARTIAL_EXECUTABLE_OWNER
releases,W05,SC-020,InputKeymapCore,MANDATORY_INHERIT,Universal presentation/action/state boundary applies; domain supplies content only,BigBoss/O05/surfaces/releases.json + current Owner addendum,CONCEPT_CONTRACT_ONLY
releases,W05,SC-021,AccessibilityInteractionCore,MANDATORY_INHERIT,Universal presentation/action/state boundary applies; domain supplies content only,BigBoss/O05/surfaces/releases.json + current Owner addendum,CONCEPT_CONTRACT_ONLY
releases,W05,SC-022,StatusFeedbackCore,MANDATORY_INHERIT,Universal presentation/action/state boundary applies; domain supplies content only,BigBoss/O05/surfaces/releases.json + current Owner addendum,PARTIAL_EXECUTABLE_OWNER
releases,W05,SC-023,EpistemicStateCore,MANDATORY_INHERIT,Universal presentation/action/state boundary applies; domain supplies content only,BigBoss/O05/surfaces/releases.json + current Owner addendum,CONCEPT_CONTRACT_ONLY
releases,W05,SC-024,SearchFilterDiscoveryCore,OPTIONAL,Search/filter binds domain source; no fabricated data,BigBoss/O05/surfaces/releases.json + current Owner addendum,CONCEPT_CONTRACT_ONLY
releases,W05,SC-025,NavigationQuickAccessCore,MANDATORY_INHERIT,Universal presentation/action/state boundary applies; domain supplies content only,BigBoss/O05/surfaces/releases.json + current Owner addendum,CONCEPT_CONTRACT_ONLY
releases,W05,SC-026,ConfirmationSafetyCore,MANDATORY_INHERIT,Universal presentation/action/state boundary applies; domain supplies content only,BigBoss/O05/surfaces/releases.json + current Owner addendum,CONCEPT_CONTRACT_ONLY
releases,W05,SC-027,SelectionInteractionCore,OPTIONAL,For personal annotations or working text only; no new canonical domain mutation,BigBoss/O05/surfaces/releases.json + current Owner addendum,PARTIAL_EXECUTABLE_OWNER
releases,W05,SC-028,TransactionHistoryCore,OPTIONAL,For personal annotations or working text only; no new canonical domain mutation,BigBoss/O05/surfaces/releases.json + current Owner addendum,CONCEPT_CONTRACT_ONLY
releases,W05,SC-029,ClipboardTrustCore,OPTIONAL,For personal annotations or working text only; no new canonical domain mutation,BigBoss/O05/surfaces/releases.json + current Owner addendum,CONCEPT_CONTRACT_ONLY
releases,W05,SC-030,StructuredContentCore,OPTIONAL,For personal annotations or working text only; no new canonical domain mutation,BigBoss/O05/surfaces/releases.json + current Owner addendum,PARTIAL_EXECUTABLE_OWNER
releases,W05,SC-031,SpatialInteractionCore,NOT_APPLICABLE,Current surface objects/operations do not require spatial workspace; future addition needs contract delta,BigBoss/O05/surfaces/releases.json + current Owner addendum,PARTIAL_EXECUTABLE_OWNER
releases,W05,SC-032,AnalyticalWorkbenchCore,OPTIONAL,Only if domain supplies typed compare/history projection,BigBoss/O05/surfaces/releases.json + current Owner addendum,CONCEPT_CONTRACT_ONLY
releases,W05,SC-033,AuditProvenanceInteractionCore,INHERIT_AND_BIND,Provenance/evidence identity bound by domain,BigBoss/O05/surfaces/releases.json + current Owner addendum,CONCEPT_CONTRACT_ONLY
releases,W05,SC-034,CollectionTableMatrixCore,INHERIT_AND_BIND,Collection/object browse binds row identity and domain actions,BigBoss/O05/surfaces/releases.json + current Owner addendum,CONCEPT_CONTRACT_ONLY
releases,W05,SC-035,TimelineReplayCore,OPTIONAL,Domain history if justified; never simulated truth,BigBoss/O05/surfaces/releases.json + current Owner addendum,CONCEPT_CONTRACT_ONLY
releases,W05,SC-036,OperationalWorkbenchCore,NOT_APPLICABLE,No live runtime owned by this surface,BigBoss/O05/surfaces/releases.json + current Owner addendum,PARTIAL_EXECUTABLE_OWNER
releases,W05,SC-037,ReviewDecisionInteractionCore,OPTIONAL,Decision read projection only; no formal adjudication write,BigBoss/O05/surfaces/releases.json + current Owner addendum,CONCEPT_CONTRACT_ONLY
releases,W05,SC-038,NotesAnnotationCore,MANDATORY_INHERIT,Universal presentation/action/state boundary applies; domain supplies content only,BigBoss/O05/surfaces/releases.json + current Owner addendum,PARTIAL_EXECUTABLE_OWNER
releases,W05,SC-039,ProductionMappingBoundary,NOT_APPLICABLE,Production mapping is evidence only; no production target in bounded foundation,BigBoss/O05/surfaces/releases.json + current Owner addendum,CONCEPT_CONTRACT_ONLY
releases,W05,SC-040,PreferenceVsDomainConfigBoundary,MANDATORY_INHERIT,Universal presentation/action/state boundary applies; domain supplies content only,BigBoss/O05/surfaces/releases.json + current Owner addendum,CONCEPT_CONTRACT_ONLY
releases,W05,WorkspaceFrame,WorkspaceFrame,MANDATORY_INHERIT,Universal presentation/action/state boundary applies; domain supplies content only,SC-002,EXECUTABLE_BOUNDED
releases,W05,SidePaneShell,SidePaneShell,MANDATORY_INHERIT,Universal presentation/action/state boundary applies; domain supplies content only,SC-003,EXECUTABLE_BOUNDED
releases,W05,WorkspaceToolbar,WorkspaceToolbar,MANDATORY_INHERIT,Universal presentation/action/state boundary applies; domain supplies content only,SC-017,EXECUTABLE_BOUNDED
releases,W05,CommandPalette,CommandPalette,MANDATORY_INHERIT,Universal presentation/action/state boundary applies; domain supplies content only,SC-016,EXECUTABLE_BOUNDED
releases,W05,ContextActionMenu,ContextActionMenu,MANDATORY_INHERIT,Universal presentation/action/state boundary applies; domain supplies content only,SC-017,EXECUTABLE_BOUNDED
releases,W05,SelectionActionSurface,SelectionActionSurface,OPTIONAL,For personal annotations or working text only; no new canonical domain mutation,SC-027,EXECUTABLE_BOUNDED
releases,W05,InsertionPalette,InsertionPalette,OPTIONAL,For personal annotations or working text only; no new canonical domain mutation,SC-030,EXECUTABLE_BOUNDED
releases,W05,ContextInspector,ContextInspector,MANDATORY_INHERIT,Universal presentation/action/state boundary applies; domain supplies content only,SC-004,EXECUTABLE_BOUNDED
releases,W05,LensHost,LensHost,MANDATORY_INHERIT,Universal presentation/action/state boundary applies; domain supplies content only,SC-004,EXECUTABLE_BOUNDED
releases,W05,BottomShelf,BottomShelf,MANDATORY_INHERIT,Universal presentation/action/state boundary applies; domain supplies content only,SC-005,EXECUTABLE_BOUNDED
releases,W05,SettingsCenter,SettingsCenter,MANDATORY_INHERIT,Universal presentation/action/state boundary applies; domain supplies content only,SC-009,EXECUTABLE_BOUNDED
releases,W05,ScopedPreferencesOwner,ScopedPreferencesOwner,MANDATORY_INHERIT,Universal presentation/action/state boundary applies; domain supplies content only,SC-008,EXECUTABLE_BOUNDED
releases,W05,FocusAndDismissal,FocusAndDismissal,MANDATORY_INHERIT,Universal presentation/action/state boundary applies; domain supplies content only,SC-019,EXECUTABLE_BOUNDED
releases,W05,UnifiedEditor,UnifiedEditor,OPTIONAL,For personal annotations or working text only; no new canonical domain mutation,SC-030,EXECUTABLE_BOUNDED
releases,W05,StickyNotes,StickyNotes,MANDATORY_INHERIT,Universal presentation/action/state boundary applies; domain supplies content only,SC-038,EXECUTABLE_BOUNDED
releases,W05,SpatialInteraction,SpatialInteraction,NOT_APPLICABLE,Current surface objects/operations do not require spatial workspace; future addition needs contract delta,SC-031,EXECUTABLE_BOUNDED
releases,W05,OperationalSurface,OperationalSurface,NOT_APPLICABLE,No live runtime owned by this surface,SC-036,EXECUTABLE_BOUNDED
releases,W05,WindowMotion,WindowMotion,MANDATORY_INHERIT,Universal presentation/action/state boundary applies; domain supplies content only,SC-006,EXECUTABLE_BOUNDED
releases,W05,SemanticCommandBus,SemanticCommandBus,MANDATORY_INHERIT,Universal presentation/action/state boundary applies; domain supplies content only,SC-016,EXECUTABLE_BOUNDED
releases,W05,StatusFeedback,StatusFeedback,MANDATORY_INHERIT,Universal presentation/action/state boundary applies; domain supplies content only,SC-022,EXECUTABLE_BOUNDED
releases,W05,AnalyticalCompare,AnalyticalCompare,OPTIONAL,Only if domain supplies typed compare/history projection,SC-032,OPEN_NOT_IMPLEMENTED
results,W03,SC-001,GlobalShellCore,INHERIT_AND_BIND,Navigation owner shared; Shell composition explicitly reopened,BigBoss/O05/surfaces/results.json + current Owner addendum,CONCEPT_CONTRACT_ONLY
results,W03,SC-002,WorkspaceRegionCore,MANDATORY_INHERIT,Universal presentation/action/state boundary applies; domain supplies content only,BigBoss/O05/surfaces/results.json + current Owner addendum,PARTIAL_EXECUTABLE_OWNER
results,W03,SC-003,PaneResponsiveCore,MANDATORY_INHERIT,Universal presentation/action/state boundary applies; domain supplies content only,BigBoss/O05/surfaces/results.json + current Owner addendum,PARTIAL_EXECUTABLE_OWNER
results,W03,SC-004,ContextInspectorCore,MANDATORY_INHERIT,Universal presentation/action/state boundary applies; domain supplies content only,BigBoss/O05/surfaces/results.json + current Owner addendum,PARTIAL_EXECUTABLE_OWNER
results,W03,SC-005,BottomDeepWorkCore,MANDATORY_INHERIT,Universal presentation/action/state boundary applies; domain supplies content only,BigBoss/O05/surfaces/results.json + current Owner addendum,PARTIAL_EXECUTABLE_OWNER
results,W03,SC-006,PresentationStateCore,MANDATORY_INHERIT,Universal presentation/action/state boundary applies; domain supplies content only,BigBoss/O05/surfaces/results.json + current Owner addendum,PARTIAL_EXECUTABLE_OWNER
results,W03,SC-007,GlobalPreferenceCore,MANDATORY_INHERIT,Universal presentation/action/state boundary applies; domain supplies content only,BigBoss/O05/surfaces/results.json + current Owner addendum,CONCEPT_CONTRACT_ONLY
results,W03,SC-008,PreferenceScopeResolver,MANDATORY_INHERIT,Universal presentation/action/state boundary applies; domain supplies content only,BigBoss/O05/surfaces/results.json + current Owner addendum,PARTIAL_EXECUTABLE_OWNER
results,W03,SC-009,GlobalSettingsIA,MANDATORY_INHERIT,Universal presentation/action/state boundary applies; domain supplies content only,BigBoss/O05/surfaces/results.json + current Owner addendum,PARTIAL_EXECUTABLE_OWNER
results,W03,SC-010,PreferencePersistenceCore,MANDATORY_INHERIT,Universal presentation/action/state boundary applies; domain supplies content only,BigBoss/O05/surfaces/results.json + current Owner addendum,CONCEPT_CONTRACT_ONLY
results,W03,SC-011,PreferenceExportImportResetModel,MANDATORY_INHERIT,Universal presentation/action/state boundary applies; domain supplies content only,BigBoss/O05/surfaces/results.json + current Owner addendum,CONCEPT_CONTRACT_ONLY
results,W03,SC-012,LocaleLanguagePresentationCore,MANDATORY_INHERIT,Universal presentation/action/state boundary applies; domain supplies content only,BigBoss/O05/surfaces/results.json + current Owner addendum,CONCEPT_CONTRACT_ONLY
results,W03,SC-013,DirectionAlignmentResolutionCore,MANDATORY_INHERIT,Universal presentation/action/state boundary applies; domain supplies content only,BigBoss/O05/surfaces/results.json + current Owner addendum,CONCEPT_CONTRACT_ONLY
results,W03,SC-014,TypographyAndScriptProfileCore,MANDATORY_INHERIT,Universal presentation/action/state boundary applies; domain supplies content only,BigBoss/O05/surfaces/results.json + current Owner addendum,CONCEPT_CONTRACT_ONLY
results,W03,SC-015,TechnicalTokenBidiIsolationCore,MANDATORY_INHERIT,Universal presentation/action/state boundary applies; domain supplies content only,BigBoss/O05/surfaces/results.json + current Owner addendum,CONCEPT_CONTRACT_ONLY
results,W03,SC-016,SemanticCommandCore,MANDATORY_INHERIT,Universal presentation/action/state boundary applies; domain supplies content only,BigBoss/O05/surfaces/results.json + current Owner addendum,PARTIAL_EXECUTABLE_OWNER
results,W03,SC-017,ActionSurfaceCore,MANDATORY_INHERIT,Universal presentation/action/state boundary applies; domain supplies content only,BigBoss/O05/surfaces/results.json + current Owner addendum,PARTIAL_EXECUTABLE_OWNER
results,W03,SC-018,ActionAvailabilityCore,MANDATORY_INHERIT,Universal presentation/action/state boundary applies; domain supplies content only,BigBoss/O05/surfaces/results.json + current Owner addendum,CONCEPT_CONTRACT_ONLY
results,W03,SC-019,TransientFocusCore,MANDATORY_INHERIT,Universal presentation/action/state boundary applies; domain supplies content only,BigBoss/O05/surfaces/results.json + current Owner addendum,PARTIAL_EXECUTABLE_OWNER
results,W03,SC-020,InputKeymapCore,MANDATORY_INHERIT,Universal presentation/action/state boundary applies; domain supplies content only,BigBoss/O05/surfaces/results.json + current Owner addendum,CONCEPT_CONTRACT_ONLY
results,W03,SC-021,AccessibilityInteractionCore,MANDATORY_INHERIT,Universal presentation/action/state boundary applies; domain supplies content only,BigBoss/O05/surfaces/results.json + current Owner addendum,CONCEPT_CONTRACT_ONLY
results,W03,SC-022,StatusFeedbackCore,MANDATORY_INHERIT,Universal presentation/action/state boundary applies; domain supplies content only,BigBoss/O05/surfaces/results.json + current Owner addendum,PARTIAL_EXECUTABLE_OWNER
results,W03,SC-023,EpistemicStateCore,MANDATORY_INHERIT,Universal presentation/action/state boundary applies; domain supplies content only,BigBoss/O05/surfaces/results.json + current Owner addendum,CONCEPT_CONTRACT_ONLY
results,W03,SC-024,SearchFilterDiscoveryCore,OPTIONAL,Search/filter binds domain source; no fabricated data,BigBoss/O05/surfaces/results.json + current Owner addendum,CONCEPT_CONTRACT_ONLY
results,W03,SC-025,NavigationQuickAccessCore,MANDATORY_INHERIT,Universal presentation/action/state boundary applies; domain supplies content only,BigBoss/O05/surfaces/results.json + current Owner addendum,CONCEPT_CONTRACT_ONLY
results,W03,SC-026,ConfirmationSafetyCore,MANDATORY_INHERIT,Universal presentation/action/state boundary applies; domain supplies content only,BigBoss/O05/surfaces/results.json + current Owner addendum,CONCEPT_CONTRACT_ONLY
results,W03,SC-027,SelectionInteractionCore,OPTIONAL,For personal annotations or working text only; no new canonical domain mutation,BigBoss/O05/surfaces/results.json + current Owner addendum,PARTIAL_EXECUTABLE_OWNER
results,W03,SC-028,TransactionHistoryCore,OPTIONAL,For personal annotations or working text only; no new canonical domain mutation,BigBoss/O05/surfaces/results.json + current Owner addendum,CONCEPT_CONTRACT_ONLY
results,W03,SC-029,ClipboardTrustCore,OPTIONAL,For personal annotations or working text only; no new canonical domain mutation,BigBoss/O05/surfaces/results.json + current Owner addendum,CONCEPT_CONTRACT_ONLY
results,W03,SC-030,StructuredContentCore,OPTIONAL,For personal annotations or working text only; no new canonical domain mutation,BigBoss/O05/surfaces/results.json + current Owner addendum,PARTIAL_EXECUTABLE_OWNER
results,W03,SC-031,SpatialInteractionCore,INHERIT_AND_BIND,Explicit shared mechanic in admitted unsuperseded conceptual surface contract,BigBoss/O05/surfaces/results.json + current Owner addendum,PARTIAL_EXECUTABLE_OWNER
results,W03,SC-032,AnalyticalWorkbenchCore,INHERIT_AND_BIND,Explicit shared mechanic in admitted unsuperseded conceptual surface contract,BigBoss/O05/surfaces/results.json + current Owner addendum,CONCEPT_CONTRACT_ONLY
results,W03,SC-033,AuditProvenanceInteractionCore,INHERIT_AND_BIND,Provenance/evidence identity bound by domain,BigBoss/O05/surfaces/results.json + current Owner addendum,CONCEPT_CONTRACT_ONLY
results,W03,SC-034,CollectionTableMatrixCore,INHERIT_AND_BIND,Collection/object browse binds row identity and domain actions,BigBoss/O05/surfaces/results.json + current Owner addendum,CONCEPT_CONTRACT_ONLY
results,W03,SC-035,TimelineReplayCore,INHERIT_AND_BIND,Runtime event/replay timeline,BigBoss/O05/surfaces/results.json + current Owner addendum,CONCEPT_CONTRACT_ONLY
results,W03,SC-036,OperationalWorkbenchCore,ADAPT,Inert recorded session renderer; execution commands unavailable,BigBoss/O05/surfaces/results.json + current Owner addendum,PARTIAL_EXECUTABLE_OWNER
results,W03,SC-037,ReviewDecisionInteractionCore,OPTIONAL,Decision read projection only; no formal adjudication write,BigBoss/O05/surfaces/results.json + current Owner addendum,CONCEPT_CONTRACT_ONLY
results,W03,SC-038,NotesAnnotationCore,MANDATORY_INHERIT,Universal presentation/action/state boundary applies; domain supplies content only,BigBoss/O05/surfaces/results.json + current Owner addendum,PARTIAL_EXECUTABLE_OWNER
results,W03,SC-039,ProductionMappingBoundary,NOT_APPLICABLE,Production mapping is evidence only; no production target in bounded foundation,BigBoss/O05/surfaces/results.json + current Owner addendum,CONCEPT_CONTRACT_ONLY
results,W03,SC-040,PreferenceVsDomainConfigBoundary,MANDATORY_INHERIT,Universal presentation/action/state boundary applies; domain supplies content only,BigBoss/O05/surfaces/results.json + current Owner addendum,CONCEPT_CONTRACT_ONLY
results,W03,WorkspaceFrame,WorkspaceFrame,MANDATORY_INHERIT,Universal presentation/action/state boundary applies; domain supplies content only,SC-002,EXECUTABLE_BOUNDED
results,W03,SidePaneShell,SidePaneShell,MANDATORY_INHERIT,Universal presentation/action/state boundary applies; domain supplies content only,SC-003,EXECUTABLE_BOUNDED
results,W03,WorkspaceToolbar,WorkspaceToolbar,MANDATORY_INHERIT,Universal presentation/action/state boundary applies; domain supplies content only,SC-017,EXECUTABLE_BOUNDED
results,W03,CommandPalette,CommandPalette,MANDATORY_INHERIT,Universal presentation/action/state boundary applies; domain supplies content only,SC-016,EXECUTABLE_BOUNDED
results,W03,ContextActionMenu,ContextActionMenu,MANDATORY_INHERIT,Universal presentation/action/state boundary applies; domain supplies content only,SC-017,EXECUTABLE_BOUNDED
results,W03,SelectionActionSurface,SelectionActionSurface,OPTIONAL,For personal annotations or working text only; no new canonical domain mutation,SC-027,EXECUTABLE_BOUNDED
results,W03,InsertionPalette,InsertionPalette,OPTIONAL,For personal annotations or working text only; no new canonical domain mutation,SC-030,EXECUTABLE_BOUNDED
results,W03,ContextInspector,ContextInspector,MANDATORY_INHERIT,Universal presentation/action/state boundary applies; domain supplies content only,SC-004,EXECUTABLE_BOUNDED
results,W03,LensHost,LensHost,MANDATORY_INHERIT,Universal presentation/action/state boundary applies; domain supplies content only,SC-004,EXECUTABLE_BOUNDED
results,W03,BottomShelf,BottomShelf,MANDATORY_INHERIT,Universal presentation/action/state boundary applies; domain supplies content only,SC-005,EXECUTABLE_BOUNDED
results,W03,SettingsCenter,SettingsCenter,MANDATORY_INHERIT,Universal presentation/action/state boundary applies; domain supplies content only,SC-009,EXECUTABLE_BOUNDED
results,W03,ScopedPreferencesOwner,ScopedPreferencesOwner,MANDATORY_INHERIT,Universal presentation/action/state boundary applies; domain supplies content only,SC-008,EXECUTABLE_BOUNDED
results,W03,FocusAndDismissal,FocusAndDismissal,MANDATORY_INHERIT,Universal presentation/action/state boundary applies; domain supplies content only,SC-019,EXECUTABLE_BOUNDED
results,W03,UnifiedEditor,UnifiedEditor,OPTIONAL,For personal annotations or working text only; no new canonical domain mutation,SC-030,EXECUTABLE_BOUNDED
results,W03,StickyNotes,StickyNotes,MANDATORY_INHERIT,Universal presentation/action/state boundary applies; domain supplies content only,SC-038,EXECUTABLE_BOUNDED
results,W03,SpatialInteraction,SpatialInteraction,INHERIT_AND_BIND,Explicit shared mechanic in admitted unsuperseded conceptual surface contract,SC-031,EXECUTABLE_BOUNDED
results,W03,OperationalSurface,OperationalSurface,ADAPT,Inert recorded session renderer; execution commands unavailable,SC-036,EXECUTABLE_BOUNDED
results,W03,WindowMotion,WindowMotion,MANDATORY_INHERIT,Universal presentation/action/state boundary applies; domain supplies content only,SC-006,EXECUTABLE_BOUNDED
results,W03,SemanticCommandBus,SemanticCommandBus,MANDATORY_INHERIT,Universal presentation/action/state boundary applies; domain supplies content only,SC-016,EXECUTABLE_BOUNDED
results,W03,StatusFeedback,StatusFeedback,MANDATORY_INHERIT,Universal presentation/action/state boundary applies; domain supplies content only,SC-022,EXECUTABLE_BOUNDED
results,W03,AnalyticalCompare,AnalyticalCompare,INHERIT_AND_BIND,Explicit shared mechanic in admitted unsuperseded conceptual surface contract,SC-032,OPEN_NOT_IMPLEMENTED
reviews,W04,SC-001,GlobalShellCore,INHERIT_AND_BIND,Navigation owner shared; Shell composition explicitly reopened,BigBoss/O05/surfaces/reviews.json + current Owner addendum,CONCEPT_CONTRACT_ONLY
reviews,W04,SC-002,WorkspaceRegionCore,MANDATORY_INHERIT,Universal presentation/action/state boundary applies; domain supplies content only,BigBoss/O05/surfaces/reviews.json + current Owner addendum,PARTIAL_EXECUTABLE_OWNER
reviews,W04,SC-003,PaneResponsiveCore,MANDATORY_INHERIT,Universal presentation/action/state boundary applies; domain supplies content only,BigBoss/O05/surfaces/reviews.json + current Owner addendum,PARTIAL_EXECUTABLE_OWNER
reviews,W04,SC-004,ContextInspectorCore,MANDATORY_INHERIT,Universal presentation/action/state boundary applies; domain supplies content only,BigBoss/O05/surfaces/reviews.json + current Owner addendum,PARTIAL_EXECUTABLE_OWNER
reviews,W04,SC-005,BottomDeepWorkCore,MANDATORY_INHERIT,Universal presentation/action/state boundary applies; domain supplies content only,BigBoss/O05/surfaces/reviews.json + current Owner addendum,PARTIAL_EXECUTABLE_OWNER
reviews,W04,SC-006,PresentationStateCore,MANDATORY_INHERIT,Universal presentation/action/state boundary applies; domain supplies content only,BigBoss/O05/surfaces/reviews.json + current Owner addendum,PARTIAL_EXECUTABLE_OWNER
reviews,W04,SC-007,GlobalPreferenceCore,MANDATORY_INHERIT,Universal presentation/action/state boundary applies; domain supplies content only,BigBoss/O05/surfaces/reviews.json + current Owner addendum,CONCEPT_CONTRACT_ONLY
reviews,W04,SC-008,PreferenceScopeResolver,MANDATORY_INHERIT,Universal presentation/action/state boundary applies; domain supplies content only,BigBoss/O05/surfaces/reviews.json + current Owner addendum,PARTIAL_EXECUTABLE_OWNER
reviews,W04,SC-009,GlobalSettingsIA,MANDATORY_INHERIT,Universal presentation/action/state boundary applies; domain supplies content only,BigBoss/O05/surfaces/reviews.json + current Owner addendum,PARTIAL_EXECUTABLE_OWNER
reviews,W04,SC-010,PreferencePersistenceCore,MANDATORY_INHERIT,Universal presentation/action/state boundary applies; domain supplies content only,BigBoss/O05/surfaces/reviews.json + current Owner addendum,CONCEPT_CONTRACT_ONLY
reviews,W04,SC-011,PreferenceExportImportResetModel,MANDATORY_INHERIT,Universal presentation/action/state boundary applies; domain supplies content only,BigBoss/O05/surfaces/reviews.json + current Owner addendum,CONCEPT_CONTRACT_ONLY
reviews,W04,SC-012,LocaleLanguagePresentationCore,MANDATORY_INHERIT,Universal presentation/action/state boundary applies; domain supplies content only,BigBoss/O05/surfaces/reviews.json + current Owner addendum,CONCEPT_CONTRACT_ONLY
reviews,W04,SC-013,DirectionAlignmentResolutionCore,MANDATORY_INHERIT,Universal presentation/action/state boundary applies; domain supplies content only,BigBoss/O05/surfaces/reviews.json + current Owner addendum,CONCEPT_CONTRACT_ONLY
reviews,W04,SC-014,TypographyAndScriptProfileCore,MANDATORY_INHERIT,Universal presentation/action/state boundary applies; domain supplies content only,BigBoss/O05/surfaces/reviews.json + current Owner addendum,CONCEPT_CONTRACT_ONLY
reviews,W04,SC-015,TechnicalTokenBidiIsolationCore,MANDATORY_INHERIT,Universal presentation/action/state boundary applies; domain supplies content only,BigBoss/O05/surfaces/reviews.json + current Owner addendum,CONCEPT_CONTRACT_ONLY
reviews,W04,SC-016,SemanticCommandCore,MANDATORY_INHERIT,Universal presentation/action/state boundary applies; domain supplies content only,BigBoss/O05/surfaces/reviews.json + current Owner addendum,PARTIAL_EXECUTABLE_OWNER
reviews,W04,SC-017,ActionSurfaceCore,MANDATORY_INHERIT,Universal presentation/action/state boundary applies; domain supplies content only,BigBoss/O05/surfaces/reviews.json + current Owner addendum,PARTIAL_EXECUTABLE_OWNER
reviews,W04,SC-018,ActionAvailabilityCore,MANDATORY_INHERIT,Universal presentation/action/state boundary applies; domain supplies content only,BigBoss/O05/surfaces/reviews.json + current Owner addendum,CONCEPT_CONTRACT_ONLY
reviews,W04,SC-019,TransientFocusCore,MANDATORY_INHERIT,Universal presentation/action/state boundary applies; domain supplies content only,BigBoss/O05/surfaces/reviews.json + current Owner addendum,PARTIAL_EXECUTABLE_OWNER
reviews,W04,SC-020,InputKeymapCore,MANDATORY_INHERIT,Universal presentation/action/state boundary applies; domain supplies content only,BigBoss/O05/surfaces/reviews.json + current Owner addendum,CONCEPT_CONTRACT_ONLY
reviews,W04,SC-021,AccessibilityInteractionCore,MANDATORY_INHERIT,Universal presentation/action/state boundary applies; domain supplies content only,BigBoss/O05/surfaces/reviews.json + current Owner addendum,CONCEPT_CONTRACT_ONLY
reviews,W04,SC-022,StatusFeedbackCore,MANDATORY_INHERIT,Universal presentation/action/state boundary applies; domain supplies content only,BigBoss/O05/surfaces/reviews.json + current Owner addendum,PARTIAL_EXECUTABLE_OWNER
reviews,W04,SC-023,EpistemicStateCore,MANDATORY_INHERIT,Universal presentation/action/state boundary applies; domain supplies content only,BigBoss/O05/surfaces/reviews.json + current Owner addendum,CONCEPT_CONTRACT_ONLY
reviews,W04,SC-024,SearchFilterDiscoveryCore,OPTIONAL,Search/filter binds domain source; no fabricated data,BigBoss/O05/surfaces/reviews.json + current Owner addendum,CONCEPT_CONTRACT_ONLY
reviews,W04,SC-025,NavigationQuickAccessCore,MANDATORY_INHERIT,Universal presentation/action/state boundary applies; domain supplies content only,BigBoss/O05/surfaces/reviews.json + current Owner addendum,CONCEPT_CONTRACT_ONLY
reviews,W04,SC-026,ConfirmationSafetyCore,MANDATORY_INHERIT,Universal presentation/action/state boundary applies; domain supplies content only,BigBoss/O05/surfaces/reviews.json + current Owner addendum,CONCEPT_CONTRACT_ONLY
reviews,W04,SC-027,SelectionInteractionCore,OPTIONAL,For personal annotations or working text only; no new canonical domain mutation,BigBoss/O05/surfaces/reviews.json + current Owner addendum,PARTIAL_EXECUTABLE_OWNER
reviews,W04,SC-028,TransactionHistoryCore,OPTIONAL,For personal annotations or working text only; no new canonical domain mutation,BigBoss/O05/surfaces/reviews.json + current Owner addendum,CONCEPT_CONTRACT_ONLY
reviews,W04,SC-029,ClipboardTrustCore,OPTIONAL,For personal annotations or working text only; no new canonical domain mutation,BigBoss/O05/surfaces/reviews.json + current Owner addendum,CONCEPT_CONTRACT_ONLY
reviews,W04,SC-030,StructuredContentCore,OPTIONAL,For personal annotations or working text only; no new canonical domain mutation,BigBoss/O05/surfaces/reviews.json + current Owner addendum,PARTIAL_EXECUTABLE_OWNER
reviews,W04,SC-031,SpatialInteractionCore,NOT_APPLICABLE,Current surface objects/operations do not require spatial workspace; future addition needs contract delta,BigBoss/O05/surfaces/reviews.json + current Owner addendum,PARTIAL_EXECUTABLE_OWNER
reviews,W04,SC-032,AnalyticalWorkbenchCore,INHERIT_AND_BIND,Explicit shared mechanic in admitted unsuperseded conceptual surface contract,BigBoss/O05/surfaces/reviews.json + current Owner addendum,CONCEPT_CONTRACT_ONLY
reviews,W04,SC-033,AuditProvenanceInteractionCore,INHERIT_AND_BIND,Provenance/evidence identity bound by domain,BigBoss/O05/surfaces/reviews.json + current Owner addendum,CONCEPT_CONTRACT_ONLY
reviews,W04,SC-034,CollectionTableMatrixCore,INHERIT_AND_BIND,Collection/object browse binds row identity and domain actions,BigBoss/O05/surfaces/reviews.json + current Owner addendum,CONCEPT_CONTRACT_ONLY
reviews,W04,SC-035,TimelineReplayCore,OPTIONAL,Domain history if justified; never simulated truth,BigBoss/O05/surfaces/reviews.json + current Owner addendum,CONCEPT_CONTRACT_ONLY
reviews,W04,SC-036,OperationalWorkbenchCore,NOT_APPLICABLE,No live runtime owned by this surface,BigBoss/O05/surfaces/reviews.json + current Owner addendum,PARTIAL_EXECUTABLE_OWNER
reviews,W04,SC-037,ReviewDecisionInteractionCore,INHERIT_AND_BIND,Formal decision owner is Reviews only,BigBoss/O05/surfaces/reviews.json + current Owner addendum,CONCEPT_CONTRACT_ONLY
reviews,W04,SC-038,NotesAnnotationCore,MANDATORY_INHERIT,Universal presentation/action/state boundary applies; domain supplies content only,BigBoss/O05/surfaces/reviews.json + current Owner addendum,PARTIAL_EXECUTABLE_OWNER
reviews,W04,SC-039,ProductionMappingBoundary,NOT_APPLICABLE,Production mapping is evidence only; no production target in bounded foundation,BigBoss/O05/surfaces/reviews.json + current Owner addendum,CONCEPT_CONTRACT_ONLY
reviews,W04,SC-040,PreferenceVsDomainConfigBoundary,MANDATORY_INHERIT,Universal presentation/action/state boundary applies; domain supplies content only,BigBoss/O05/surfaces/reviews.json + current Owner addendum,CONCEPT_CONTRACT_ONLY
reviews,W04,WorkspaceFrame,WorkspaceFrame,MANDATORY_INHERIT,Universal presentation/action/state boundary applies; domain supplies content only,SC-002,EXECUTABLE_BOUNDED
reviews,W04,SidePaneShell,SidePaneShell,MANDATORY_INHERIT,Universal presentation/action/state boundary applies; domain supplies content only,SC-003,EXECUTABLE_BOUNDED
reviews,W04,WorkspaceToolbar,WorkspaceToolbar,MANDATORY_INHERIT,Universal presentation/action/state boundary applies; domain supplies content only,SC-017,EXECUTABLE_BOUNDED
reviews,W04,CommandPalette,CommandPalette,MANDATORY_INHERIT,Universal presentation/action/state boundary applies; domain supplies content only,SC-016,EXECUTABLE_BOUNDED
reviews,W04,ContextActionMenu,ContextActionMenu,MANDATORY_INHERIT,Universal presentation/action/state boundary applies; domain supplies content only,SC-017,EXECUTABLE_BOUNDED
reviews,W04,SelectionActionSurface,SelectionActionSurface,OPTIONAL,For personal annotations or working text only; no new canonical domain mutation,SC-027,EXECUTABLE_BOUNDED
reviews,W04,InsertionPalette,InsertionPalette,OPTIONAL,For personal annotations or working text only; no new canonical domain mutation,SC-030,EXECUTABLE_BOUNDED
reviews,W04,ContextInspector,ContextInspector,MANDATORY_INHERIT,Universal presentation/action/state boundary applies; domain supplies content only,SC-004,EXECUTABLE_BOUNDED
reviews,W04,LensHost,LensHost,MANDATORY_INHERIT,Universal presentation/action/state boundary applies; domain supplies content only,SC-004,EXECUTABLE_BOUNDED
reviews,W04,BottomShelf,BottomShelf,MANDATORY_INHERIT,Universal presentation/action/state boundary applies; domain supplies content only,SC-005,EXECUTABLE_BOUNDED
reviews,W04,SettingsCenter,SettingsCenter,MANDATORY_INHERIT,Universal presentation/action/state boundary applies; domain supplies content only,SC-009,EXECUTABLE_BOUNDED
reviews,W04,ScopedPreferencesOwner,ScopedPreferencesOwner,MANDATORY_INHERIT,Universal presentation/action/state boundary applies; domain supplies content only,SC-008,EXECUTABLE_BOUNDED
reviews,W04,FocusAndDismissal,FocusAndDismissal,MANDATORY_INHERIT,Universal presentation/action/state boundary applies; domain supplies content only,SC-019,EXECUTABLE_BOUNDED
reviews,W04,UnifiedEditor,UnifiedEditor,OPTIONAL,For personal annotations or working text only; no new canonical domain mutation,SC-030,EXECUTABLE_BOUNDED
reviews,W04,StickyNotes,StickyNotes,MANDATORY_INHERIT,Universal presentation/action/state boundary applies; domain supplies content only,SC-038,EXECUTABLE_BOUNDED
reviews,W04,SpatialInteraction,SpatialInteraction,NOT_APPLICABLE,Current surface objects/operations do not require spatial workspace; future addition needs contract delta,SC-031,EXECUTABLE_BOUNDED
reviews,W04,OperationalSurface,OperationalSurface,NOT_APPLICABLE,No live runtime owned by this surface,SC-036,EXECUTABLE_BOUNDED
reviews,W04,WindowMotion,WindowMotion,MANDATORY_INHERIT,Universal presentation/action/state boundary applies; domain supplies content only,SC-006,EXECUTABLE_BOUNDED
reviews,W04,SemanticCommandBus,SemanticCommandBus,MANDATORY_INHERIT,Universal presentation/action/state boundary applies; domain supplies content only,SC-016,EXECUTABLE_BOUNDED
reviews,W04,StatusFeedback,StatusFeedback,MANDATORY_INHERIT,Universal presentation/action/state boundary applies; domain supplies content only,SC-022,EXECUTABLE_BOUNDED
reviews,W04,AnalyticalCompare,AnalyticalCompare,INHERIT_AND_BIND,Explicit shared mechanic in admitted unsuperseded conceptual surface contract,SC-032,OPEN_NOT_IMPLEMENTED
rq,W02,SC-001,GlobalShellCore,INHERIT_AND_BIND,Navigation owner shared; Shell composition explicitly reopened,BigBoss/O05/surfaces/rq.json + current Owner addendum,CONCEPT_CONTRACT_ONLY
rq,W02,SC-002,WorkspaceRegionCore,MANDATORY_INHERIT,Universal presentation/action/state boundary applies; domain supplies content only,BigBoss/O05/surfaces/rq.json + current Owner addendum,PARTIAL_EXECUTABLE_OWNER
rq,W02,SC-003,PaneResponsiveCore,MANDATORY_INHERIT,Universal presentation/action/state boundary applies; domain supplies content only,BigBoss/O05/surfaces/rq.json + current Owner addendum,PARTIAL_EXECUTABLE_OWNER
rq,W02,SC-004,ContextInspectorCore,MANDATORY_INHERIT,Universal presentation/action/state boundary applies; domain supplies content only,BigBoss/O05/surfaces/rq.json + current Owner addendum,PARTIAL_EXECUTABLE_OWNER
rq,W02,SC-005,BottomDeepWorkCore,MANDATORY_INHERIT,Universal presentation/action/state boundary applies; domain supplies content only,BigBoss/O05/surfaces/rq.json + current Owner addendum,PARTIAL_EXECUTABLE_OWNER
rq,W02,SC-006,PresentationStateCore,MANDATORY_INHERIT,Universal presentation/action/state boundary applies; domain supplies content only,BigBoss/O05/surfaces/rq.json + current Owner addendum,PARTIAL_EXECUTABLE_OWNER
rq,W02,SC-007,GlobalPreferenceCore,MANDATORY_INHERIT,Universal presentation/action/state boundary applies; domain supplies content only,BigBoss/O05/surfaces/rq.json + current Owner addendum,CONCEPT_CONTRACT_ONLY
rq,W02,SC-008,PreferenceScopeResolver,MANDATORY_INHERIT,Universal presentation/action/state boundary applies; domain supplies content only,BigBoss/O05/surfaces/rq.json + current Owner addendum,PARTIAL_EXECUTABLE_OWNER
rq,W02,SC-009,GlobalSettingsIA,MANDATORY_INHERIT,Universal presentation/action/state boundary applies; domain supplies content only,BigBoss/O05/surfaces/rq.json + current Owner addendum,PARTIAL_EXECUTABLE_OWNER
rq,W02,SC-010,PreferencePersistenceCore,MANDATORY_INHERIT,Universal presentation/action/state boundary applies; domain supplies content only,BigBoss/O05/surfaces/rq.json + current Owner addendum,CONCEPT_CONTRACT_ONLY
rq,W02,SC-011,PreferenceExportImportResetModel,MANDATORY_INHERIT,Universal presentation/action/state boundary applies; domain supplies content only,BigBoss/O05/surfaces/rq.json + current Owner addendum,CONCEPT_CONTRACT_ONLY
rq,W02,SC-012,LocaleLanguagePresentationCore,MANDATORY_INHERIT,Universal presentation/action/state boundary applies; domain supplies content only,BigBoss/O05/surfaces/rq.json + current Owner addendum,CONCEPT_CONTRACT_ONLY
rq,W02,SC-013,DirectionAlignmentResolutionCore,MANDATORY_INHERIT,Universal presentation/action/state boundary applies; domain supplies content only,BigBoss/O05/surfaces/rq.json + current Owner addendum,CONCEPT_CONTRACT_ONLY
rq,W02,SC-014,TypographyAndScriptProfileCore,MANDATORY_INHERIT,Universal presentation/action/state boundary applies; domain supplies content only,BigBoss/O05/surfaces/rq.json + current Owner addendum,CONCEPT_CONTRACT_ONLY
rq,W02,SC-015,TechnicalTokenBidiIsolationCore,MANDATORY_INHERIT,Universal presentation/action/state boundary applies; domain supplies content only,BigBoss/O05/surfaces/rq.json + current Owner addendum,CONCEPT_CONTRACT_ONLY
rq,W02,SC-016,SemanticCommandCore,MANDATORY_INHERIT,Universal presentation/action/state boundary applies; domain supplies content only,BigBoss/O05/surfaces/rq.json + current Owner addendum,PARTIAL_EXECUTABLE_OWNER
rq,W02,SC-017,ActionSurfaceCore,MANDATORY_INHERIT,Universal presentation/action/state boundary applies; domain supplies content only,BigBoss/O05/surfaces/rq.json + current Owner addendum,PARTIAL_EXECUTABLE_OWNER
rq,W02,SC-018,ActionAvailabilityCore,MANDATORY_INHERIT,Universal presentation/action/state boundary applies; domain supplies content only,BigBoss/O05/surfaces/rq.json + current Owner addendum,CONCEPT_CONTRACT_ONLY
rq,W02,SC-019,TransientFocusCore,MANDATORY_INHERIT,Universal presentation/action/state boundary applies; domain supplies content only,BigBoss/O05/surfaces/rq.json + current Owner addendum,PARTIAL_EXECUTABLE_OWNER
rq,W02,SC-020,InputKeymapCore,MANDATORY_INHERIT,Universal presentation/action/state boundary applies; domain supplies content only,BigBoss/O05/surfaces/rq.json + current Owner addendum,CONCEPT_CONTRACT_ONLY
rq,W02,SC-021,AccessibilityInteractionCore,MANDATORY_INHERIT,Universal presentation/action/state boundary applies; domain supplies content only,BigBoss/O05/surfaces/rq.json + current Owner addendum,CONCEPT_CONTRACT_ONLY
rq,W02,SC-022,StatusFeedbackCore,MANDATORY_INHERIT,Universal presentation/action/state boundary applies; domain supplies content only,BigBoss/O05/surfaces/rq.json + current Owner addendum,PARTIAL_EXECUTABLE_OWNER
rq,W02,SC-023,EpistemicStateCore,MANDATORY_INHERIT,Universal presentation/action/state boundary applies; domain supplies content only,BigBoss/O05/surfaces/rq.json + current Owner addendum,CONCEPT_CONTRACT_ONLY
rq,W02,SC-024,SearchFilterDiscoveryCore,OPTIONAL,Search/filter binds domain source; no fabricated data,BigBoss/O05/surfaces/rq.json + current Owner addendum,CONCEPT_CONTRACT_ONLY
rq,W02,SC-025,NavigationQuickAccessCore,MANDATORY_INHERIT,Universal presentation/action/state boundary applies; domain supplies content only,BigBoss/O05/surfaces/rq.json + current Owner addendum,CONCEPT_CONTRACT_ONLY
rq,W02,SC-026,ConfirmationSafetyCore,MANDATORY_INHERIT,Universal presentation/action/state boundary applies; domain supplies content only,BigBoss/O05/surfaces/rq.json + current Owner addendum,CONCEPT_CONTRACT_ONLY
rq,W02,SC-027,SelectionInteractionCore,OPTIONAL,For personal annotations or working text only; no new canonical domain mutation,BigBoss/O05/surfaces/rq.json + current Owner addendum,PARTIAL_EXECUTABLE_OWNER
rq,W02,SC-028,TransactionHistoryCore,OPTIONAL,For personal annotations or working text only; no new canonical domain mutation,BigBoss/O05/surfaces/rq.json + current Owner addendum,CONCEPT_CONTRACT_ONLY
rq,W02,SC-029,ClipboardTrustCore,OPTIONAL,For personal annotations or working text only; no new canonical domain mutation,BigBoss/O05/surfaces/rq.json + current Owner addendum,CONCEPT_CONTRACT_ONLY
rq,W02,SC-030,StructuredContentCore,OPTIONAL,For personal annotations or working text only; no new canonical domain mutation,BigBoss/O05/surfaces/rq.json + current Owner addendum,PARTIAL_EXECUTABLE_OWNER
rq,W02,SC-031,SpatialInteractionCore,NOT_APPLICABLE,Current surface objects/operations do not require spatial workspace; future addition needs contract delta,BigBoss/O05/surfaces/rq.json + current Owner addendum,PARTIAL_EXECUTABLE_OWNER
rq,W02,SC-032,AnalyticalWorkbenchCore,INHERIT_AND_BIND,Explicit shared mechanic in admitted unsuperseded conceptual surface contract,BigBoss/O05/surfaces/rq.json + current Owner addendum,CONCEPT_CONTRACT_ONLY
rq,W02,SC-033,AuditProvenanceInteractionCore,INHERIT_AND_BIND,Provenance/evidence identity bound by domain,BigBoss/O05/surfaces/rq.json + current Owner addendum,CONCEPT_CONTRACT_ONLY
rq,W02,SC-034,CollectionTableMatrixCore,INHERIT_AND_BIND,Collection/object browse binds row identity and domain actions,BigBoss/O05/surfaces/rq.json + current Owner addendum,CONCEPT_CONTRACT_ONLY
rq,W02,SC-035,TimelineReplayCore,OPTIONAL,Domain history if justified; never simulated truth,BigBoss/O05/surfaces/rq.json + current Owner addendum,CONCEPT_CONTRACT_ONLY
rq,W02,SC-036,OperationalWorkbenchCore,NOT_APPLICABLE,No live runtime owned by this surface,BigBoss/O05/surfaces/rq.json + current Owner addendum,PARTIAL_EXECUTABLE_OWNER
rq,W02,SC-037,ReviewDecisionInteractionCore,OPTIONAL,Decision read projection only; no formal adjudication write,BigBoss/O05/surfaces/rq.json + current Owner addendum,CONCEPT_CONTRACT_ONLY
rq,W02,SC-038,NotesAnnotationCore,MANDATORY_INHERIT,Universal presentation/action/state boundary applies; domain supplies content only,BigBoss/O05/surfaces/rq.json + current Owner addendum,PARTIAL_EXECUTABLE_OWNER
rq,W02,SC-039,ProductionMappingBoundary,NOT_APPLICABLE,Production mapping is evidence only; no production target in bounded foundation,BigBoss/O05/surfaces/rq.json + current Owner addendum,CONCEPT_CONTRACT_ONLY
rq,W02,SC-040,PreferenceVsDomainConfigBoundary,MANDATORY_INHERIT,Universal presentation/action/state boundary applies; domain supplies content only,BigBoss/O05/surfaces/rq.json + current Owner addendum,CONCEPT_CONTRACT_ONLY
rq,W02,WorkspaceFrame,WorkspaceFrame,MANDATORY_INHERIT,Universal presentation/action/state boundary applies; domain supplies content only,SC-002,EXECUTABLE_BOUNDED
rq,W02,SidePaneShell,SidePaneShell,MANDATORY_INHERIT,Universal presentation/action/state boundary applies; domain supplies content only,SC-003,EXECUTABLE_BOUNDED
rq,W02,WorkspaceToolbar,WorkspaceToolbar,MANDATORY_INHERIT,Universal presentation/action/state boundary applies; domain supplies content only,SC-017,EXECUTABLE_BOUNDED
rq,W02,CommandPalette,CommandPalette,MANDATORY_INHERIT,Universal presentation/action/state boundary applies; domain supplies content only,SC-016,EXECUTABLE_BOUNDED
rq,W02,ContextActionMenu,ContextActionMenu,MANDATORY_INHERIT,Universal presentation/action/state boundary applies; domain supplies content only,SC-017,EXECUTABLE_BOUNDED
rq,W02,SelectionActionSurface,SelectionActionSurface,OPTIONAL,For personal annotations or working text only; no new canonical domain mutation,SC-027,EXECUTABLE_BOUNDED
rq,W02,InsertionPalette,InsertionPalette,OPTIONAL,For personal annotations or working text only; no new canonical domain mutation,SC-030,EXECUTABLE_BOUNDED
rq,W02,ContextInspector,ContextInspector,MANDATORY_INHERIT,Universal presentation/action/state boundary applies; domain supplies content only,SC-004,EXECUTABLE_BOUNDED
rq,W02,LensHost,LensHost,MANDATORY_INHERIT,Universal presentation/action/state boundary applies; domain supplies content only,SC-004,EXECUTABLE_BOUNDED
rq,W02,BottomShelf,BottomShelf,MANDATORY_INHERIT,Universal presentation/action/state boundary applies; domain supplies content only,SC-005,EXECUTABLE_BOUNDED
rq,W02,SettingsCenter,SettingsCenter,MANDATORY_INHERIT,Universal presentation/action/state boundary applies; domain supplies content only,SC-009,EXECUTABLE_BOUNDED
rq,W02,ScopedPreferencesOwner,ScopedPreferencesOwner,MANDATORY_INHERIT,Universal presentation/action/state boundary applies; domain supplies content only,SC-008,EXECUTABLE_BOUNDED
rq,W02,FocusAndDismissal,FocusAndDismissal,MANDATORY_INHERIT,Universal presentation/action/state boundary applies; domain supplies content only,SC-019,EXECUTABLE_BOUNDED
rq,W02,UnifiedEditor,UnifiedEditor,OPTIONAL,For personal annotations or working text only; no new canonical domain mutation,SC-030,EXECUTABLE_BOUNDED
rq,W02,StickyNotes,StickyNotes,MANDATORY_INHERIT,Universal presentation/action/state boundary applies; domain supplies content only,SC-038,EXECUTABLE_BOUNDED
rq,W02,SpatialInteraction,SpatialInteraction,NOT_APPLICABLE,Current surface objects/operations do not require spatial workspace; future addition needs contract delta,SC-031,EXECUTABLE_BOUNDED
rq,W02,OperationalSurface,OperationalSurface,NOT_APPLICABLE,No live runtime owned by this surface,SC-036,EXECUTABLE_BOUNDED
rq,W02,WindowMotion,WindowMotion,MANDATORY_INHERIT,Universal presentation/action/state boundary applies; domain supplies content only,SC-006,EXECUTABLE_BOUNDED
rq,W02,SemanticCommandBus,SemanticCommandBus,MANDATORY_INHERIT,Universal presentation/action/state boundary applies; domain supplies content only,SC-016,EXECUTABLE_BOUNDED
rq,W02,StatusFeedback,StatusFeedback,MANDATORY_INHERIT,Universal presentation/action/state boundary applies; domain supplies content only,SC-022,EXECUTABLE_BOUNDED
rq,W02,AnalyticalCompare,AnalyticalCompare,INHERIT_AND_BIND,Explicit shared mechanic in admitted unsuperseded conceptual surface contract,SC-032,OPEN_NOT_IMPLEMENTED
runs,W03,SC-001,GlobalShellCore,INHERIT_AND_BIND,Navigation owner shared; Shell composition explicitly reopened,BigBoss/O05/surfaces/runs.json + current Owner addendum,CONCEPT_CONTRACT_ONLY
runs,W03,SC-002,WorkspaceRegionCore,MANDATORY_INHERIT,Universal presentation/action/state boundary applies; domain supplies content only,BigBoss/O05/surfaces/runs.json + current Owner addendum,PARTIAL_EXECUTABLE_OWNER
runs,W03,SC-003,PaneResponsiveCore,MANDATORY_INHERIT,Universal presentation/action/state boundary applies; domain supplies content only,BigBoss/O05/surfaces/runs.json + current Owner addendum,PARTIAL_EXECUTABLE_OWNER
runs,W03,SC-004,ContextInspectorCore,MANDATORY_INHERIT,Universal presentation/action/state boundary applies; domain supplies content only,BigBoss/O05/surfaces/runs.json + current Owner addendum,PARTIAL_EXECUTABLE_OWNER
runs,W03,SC-005,BottomDeepWorkCore,MANDATORY_INHERIT,Universal presentation/action/state boundary applies; domain supplies content only,BigBoss/O05/surfaces/runs.json + current Owner addendum,PARTIAL_EXECUTABLE_OWNER
runs,W03,SC-006,PresentationStateCore,MANDATORY_INHERIT,Universal presentation/action/state boundary applies; domain supplies content only,BigBoss/O05/surfaces/runs.json + current Owner addendum,PARTIAL_EXECUTABLE_OWNER
runs,W03,SC-007,GlobalPreferenceCore,MANDATORY_INHERIT,Universal presentation/action/state boundary applies; domain supplies content only,BigBoss/O05/surfaces/runs.json + current Owner addendum,CONCEPT_CONTRACT_ONLY
runs,W03,SC-008,PreferenceScopeResolver,MANDATORY_INHERIT,Universal presentation/action/state boundary applies; domain supplies content only,BigBoss/O05/surfaces/runs.json + current Owner addendum,PARTIAL_EXECUTABLE_OWNER
runs,W03,SC-009,GlobalSettingsIA,MANDATORY_INHERIT,Universal presentation/action/state boundary applies; domain supplies content only,BigBoss/O05/surfaces/runs.json + current Owner addendum,PARTIAL_EXECUTABLE_OWNER
runs,W03,SC-010,PreferencePersistenceCore,MANDATORY_INHERIT,Universal presentation/action/state boundary applies; domain supplies content only,BigBoss/O05/surfaces/runs.json + current Owner addendum,CONCEPT_CONTRACT_ONLY
runs,W03,SC-011,PreferenceExportImportResetModel,MANDATORY_INHERIT,Universal presentation/action/state boundary applies; domain supplies content only,BigBoss/O05/surfaces/runs.json + current Owner addendum,CONCEPT_CONTRACT_ONLY
runs,W03,SC-012,LocaleLanguagePresentationCore,MANDATORY_INHERIT,Universal presentation/action/state boundary applies; domain supplies content only,BigBoss/O05/surfaces/runs.json + current Owner addendum,CONCEPT_CONTRACT_ONLY
runs,W03,SC-013,DirectionAlignmentResolutionCore,MANDATORY_INHERIT,Universal presentation/action/state boundary applies; domain supplies content only,BigBoss/O05/surfaces/runs.json + current Owner addendum,CONCEPT_CONTRACT_ONLY
runs,W03,SC-014,TypographyAndScriptProfileCore,MANDATORY_INHERIT,Universal presentation/action/state boundary applies; domain supplies content only,BigBoss/O05/surfaces/runs.json + current Owner addendum,CONCEPT_CONTRACT_ONLY
runs,W03,SC-015,TechnicalTokenBidiIsolationCore,MANDATORY_INHERIT,Universal presentation/action/state boundary applies; domain supplies content only,BigBoss/O05/surfaces/runs.json + current Owner addendum,CONCEPT_CONTRACT_ONLY
runs,W03,SC-016,SemanticCommandCore,MANDATORY_INHERIT,Universal presentation/action/state boundary applies; domain supplies content only,BigBoss/O05/surfaces/runs.json + current Owner addendum,PARTIAL_EXECUTABLE_OWNER
runs,W03,SC-017,ActionSurfaceCore,MANDATORY_INHERIT,Universal presentation/action/state boundary applies; domain supplies content only,BigBoss/O05/surfaces/runs.json + current Owner addendum,PARTIAL_EXECUTABLE_OWNER
runs,W03,SC-018,ActionAvailabilityCore,MANDATORY_INHERIT,Universal presentation/action/state boundary applies; domain supplies content only,BigBoss/O05/surfaces/runs.json + current Owner addendum,CONCEPT_CONTRACT_ONLY
runs,W03,SC-019,TransientFocusCore,MANDATORY_INHERIT,Universal presentation/action/state boundary applies; domain supplies content only,BigBoss/O05/surfaces/runs.json + current Owner addendum,PARTIAL_EXECUTABLE_OWNER
runs,W03,SC-020,InputKeymapCore,MANDATORY_INHERIT,Universal presentation/action/state boundary applies; domain supplies content only,BigBoss/O05/surfaces/runs.json + current Owner addendum,CONCEPT_CONTRACT_ONLY
runs,W03,SC-021,AccessibilityInteractionCore,MANDATORY_INHERIT,Universal presentation/action/state boundary applies; domain supplies content only,BigBoss/O05/surfaces/runs.json + current Owner addendum,CONCEPT_CONTRACT_ONLY
runs,W03,SC-022,StatusFeedbackCore,MANDATORY_INHERIT,Universal presentation/action/state boundary applies; domain supplies content only,BigBoss/O05/surfaces/runs.json + current Owner addendum,PARTIAL_EXECUTABLE_OWNER
runs,W03,SC-023,EpistemicStateCore,MANDATORY_INHERIT,Universal presentation/action/state boundary applies; domain supplies content only,BigBoss/O05/surfaces/runs.json + current Owner addendum,CONCEPT_CONTRACT_ONLY
runs,W03,SC-024,SearchFilterDiscoveryCore,OPTIONAL,Search/filter binds domain source; no fabricated data,BigBoss/O05/surfaces/runs.json + current Owner addendum,CONCEPT_CONTRACT_ONLY
runs,W03,SC-025,NavigationQuickAccessCore,MANDATORY_INHERIT,Universal presentation/action/state boundary applies; domain supplies content only,BigBoss/O05/surfaces/runs.json + current Owner addendum,CONCEPT_CONTRACT_ONLY
runs,W03,SC-026,ConfirmationSafetyCore,MANDATORY_INHERIT,Universal presentation/action/state boundary applies; domain supplies content only,BigBoss/O05/surfaces/runs.json + current Owner addendum,CONCEPT_CONTRACT_ONLY
runs,W03,SC-027,SelectionInteractionCore,OPTIONAL,For personal annotations or working text only; no new canonical domain mutation,BigBoss/O05/surfaces/runs.json + current Owner addendum,PARTIAL_EXECUTABLE_OWNER
runs,W03,SC-028,TransactionHistoryCore,OPTIONAL,For personal annotations or working text only; no new canonical domain mutation,BigBoss/O05/surfaces/runs.json + current Owner addendum,CONCEPT_CONTRACT_ONLY
runs,W03,SC-029,ClipboardTrustCore,OPTIONAL,For personal annotations or working text only; no new canonical domain mutation,BigBoss/O05/surfaces/runs.json + current Owner addendum,CONCEPT_CONTRACT_ONLY
runs,W03,SC-030,StructuredContentCore,OPTIONAL,For personal annotations or working text only; no new canonical domain mutation,BigBoss/O05/surfaces/runs.json + current Owner addendum,PARTIAL_EXECUTABLE_OWNER
runs,W03,SC-031,SpatialInteractionCore,INHERIT_AND_BIND,Explicit shared mechanic in admitted unsuperseded conceptual surface contract,BigBoss/O05/surfaces/runs.json + current Owner addendum,PARTIAL_EXECUTABLE_OWNER
runs,W03,SC-032,AnalyticalWorkbenchCore,OPTIONAL,Only if domain supplies typed compare/history projection,BigBoss/O05/surfaces/runs.json + current Owner addendum,CONCEPT_CONTRACT_ONLY
runs,W03,SC-033,AuditProvenanceInteractionCore,OPTIONAL,Command receipts only; canonical Audit adapter not implied,BigBoss/O05/surfaces/runs.json + current Owner addendum,CONCEPT_CONTRACT_ONLY
runs,W03,SC-034,CollectionTableMatrixCore,INHERIT_AND_BIND,Collection/object browse binds row identity and domain actions,BigBoss/O05/surfaces/runs.json + current Owner addendum,CONCEPT_CONTRACT_ONLY
runs,W03,SC-035,TimelineReplayCore,INHERIT_AND_BIND,Runtime event/replay timeline,BigBoss/O05/surfaces/runs.json + current Owner addendum,CONCEPT_CONTRACT_ONLY
runs,W03,SC-036,OperationalWorkbenchCore,INHERIT_AND_BIND,Capability/provider-bound live session presentation,BigBoss/O05/surfaces/runs.json + current Owner addendum,PARTIAL_EXECUTABLE_OWNER
runs,W03,SC-037,ReviewDecisionInteractionCore,OPTIONAL,Decision read projection only; no formal adjudication write,BigBoss/O05/surfaces/runs.json + current Owner addendum,CONCEPT_CONTRACT_ONLY
runs,W03,SC-038,NotesAnnotationCore,MANDATORY_INHERIT,Universal presentation/action/state boundary applies; domain supplies content only,BigBoss/O05/surfaces/runs.json + current Owner addendum,PARTIAL_EXECUTABLE_OWNER
runs,W03,SC-039,ProductionMappingBoundary,NOT_APPLICABLE,Production mapping is evidence only; no production target in bounded foundation,BigBoss/O05/surfaces/runs.json + current Owner addendum,CONCEPT_CONTRACT_ONLY
runs,W03,SC-040,PreferenceVsDomainConfigBoundary,MANDATORY_INHERIT,Universal presentation/action/state boundary applies; domain supplies content only,BigBoss/O05/surfaces/runs.json + current Owner addendum,CONCEPT_CONTRACT_ONLY
runs,W03,WorkspaceFrame,WorkspaceFrame,MANDATORY_INHERIT,Universal presentation/action/state boundary applies; domain supplies content only,SC-002,EXECUTABLE_BOUNDED
runs,W03,SidePaneShell,SidePaneShell,MANDATORY_INHERIT,Universal presentation/action/state boundary applies; domain supplies content only,SC-003,EXECUTABLE_BOUNDED
runs,W03,WorkspaceToolbar,WorkspaceToolbar,MANDATORY_INHERIT,Universal presentation/action/state boundary applies; domain supplies content only,SC-017,EXECUTABLE_BOUNDED
runs,W03,CommandPalette,CommandPalette,MANDATORY_INHERIT,Universal presentation/action/state boundary applies; domain supplies content only,SC-016,EXECUTABLE_BOUNDED
runs,W03,ContextActionMenu,ContextActionMenu,MANDATORY_INHERIT,Universal presentation/action/state boundary applies; domain supplies content only,SC-017,EXECUTABLE_BOUNDED
runs,W03,SelectionActionSurface,SelectionActionSurface,OPTIONAL,For personal annotations or working text only; no new canonical domain mutation,SC-027,EXECUTABLE_BOUNDED
runs,W03,InsertionPalette,InsertionPalette,OPTIONAL,For personal annotations or working text only; no new canonical domain mutation,SC-030,EXECUTABLE_BOUNDED
runs,W03,ContextInspector,ContextInspector,MANDATORY_INHERIT,Universal presentation/action/state boundary applies; domain supplies content only,SC-004,EXECUTABLE_BOUNDED
runs,W03,LensHost,LensHost,MANDATORY_INHERIT,Universal presentation/action/state boundary applies; domain supplies content only,SC-004,EXECUTABLE_BOUNDED
runs,W03,BottomShelf,BottomShelf,MANDATORY_INHERIT,Universal presentation/action/state boundary applies; domain supplies content only,SC-005,EXECUTABLE_BOUNDED
runs,W03,SettingsCenter,SettingsCenter,MANDATORY_INHERIT,Universal presentation/action/state boundary applies; domain supplies content only,SC-009,EXECUTABLE_BOUNDED
runs,W03,ScopedPreferencesOwner,ScopedPreferencesOwner,MANDATORY_INHERIT,Universal presentation/action/state boundary applies; domain supplies content only,SC-008,EXECUTABLE_BOUNDED
runs,W03,FocusAndDismissal,FocusAndDismissal,MANDATORY_INHERIT,Universal presentation/action/state boundary applies; domain supplies content only,SC-019,EXECUTABLE_BOUNDED
runs,W03,UnifiedEditor,UnifiedEditor,OPTIONAL,For personal annotations or working text only; no new canonical domain mutation,SC-030,EXECUTABLE_BOUNDED
runs,W03,StickyNotes,StickyNotes,MANDATORY_INHERIT,Universal presentation/action/state boundary applies; domain supplies content only,SC-038,EXECUTABLE_BOUNDED
runs,W03,SpatialInteraction,SpatialInteraction,INHERIT_AND_BIND,Explicit shared mechanic in admitted unsuperseded conceptual surface contract,SC-031,EXECUTABLE_BOUNDED
runs,W03,OperationalSurface,OperationalSurface,INHERIT_AND_BIND,Capability/provider-bound live session presentation,SC-036,EXECUTABLE_BOUNDED
runs,W03,WindowMotion,WindowMotion,MANDATORY_INHERIT,Universal presentation/action/state boundary applies; domain supplies content only,SC-006,EXECUTABLE_BOUNDED
runs,W03,SemanticCommandBus,SemanticCommandBus,MANDATORY_INHERIT,Universal presentation/action/state boundary applies; domain supplies content only,SC-016,EXECUTABLE_BOUNDED
runs,W03,StatusFeedback,StatusFeedback,MANDATORY_INHERIT,Universal presentation/action/state boundary applies; domain supplies content only,SC-022,EXECUTABLE_BOUNDED
runs,W03,AnalyticalCompare,AnalyticalCompare,OPTIONAL,Only if domain supplies typed compare/history projection,SC-032,OPEN_NOT_IMPLEMENTED
scenarios,W03,SC-001,GlobalShellCore,INHERIT_AND_BIND,Navigation owner shared; Shell composition explicitly reopened,BigBoss/O05/surfaces/scenarios.json + current Owner addendum,CONCEPT_CONTRACT_ONLY
scenarios,W03,SC-002,WorkspaceRegionCore,MANDATORY_INHERIT,Universal presentation/action/state boundary applies; domain supplies content only,BigBoss/O05/surfaces/scenarios.json + current Owner addendum,PARTIAL_EXECUTABLE_OWNER
scenarios,W03,SC-003,PaneResponsiveCore,MANDATORY_INHERIT,Universal presentation/action/state boundary applies; domain supplies content only,BigBoss/O05/surfaces/scenarios.json + current Owner addendum,PARTIAL_EXECUTABLE_OWNER
scenarios,W03,SC-004,ContextInspectorCore,MANDATORY_INHERIT,Universal presentation/action/state boundary applies; domain supplies content only,BigBoss/O05/surfaces/scenarios.json + current Owner addendum,PARTIAL_EXECUTABLE_OWNER
scenarios,W03,SC-005,BottomDeepWorkCore,MANDATORY_INHERIT,Universal presentation/action/state boundary applies; domain supplies content only,BigBoss/O05/surfaces/scenarios.json + current Owner addendum,PARTIAL_EXECUTABLE_OWNER
scenarios,W03,SC-006,PresentationStateCore,MANDATORY_INHERIT,Universal presentation/action/state boundary applies; domain supplies content only,BigBoss/O05/surfaces/scenarios.json + current Owner addendum,PARTIAL_EXECUTABLE_OWNER
scenarios,W03,SC-007,GlobalPreferenceCore,MANDATORY_INHERIT,Universal presentation/action/state boundary applies; domain supplies content only,BigBoss/O05/surfaces/scenarios.json + current Owner addendum,CONCEPT_CONTRACT_ONLY
scenarios,W03,SC-008,PreferenceScopeResolver,MANDATORY_INHERIT,Universal presentation/action/state boundary applies; domain supplies content only,BigBoss/O05/surfaces/scenarios.json + current Owner addendum,PARTIAL_EXECUTABLE_OWNER
scenarios,W03,SC-009,GlobalSettingsIA,MANDATORY_INHERIT,Universal presentation/action/state boundary applies; domain supplies content only,BigBoss/O05/surfaces/scenarios.json + current Owner addendum,PARTIAL_EXECUTABLE_OWNER
scenarios,W03,SC-010,PreferencePersistenceCore,MANDATORY_INHERIT,Universal presentation/action/state boundary applies; domain supplies content only,BigBoss/O05/surfaces/scenarios.json + current Owner addendum,CONCEPT_CONTRACT_ONLY
scenarios,W03,SC-011,PreferenceExportImportResetModel,MANDATORY_INHERIT,Universal presentation/action/state boundary applies; domain supplies content only,BigBoss/O05/surfaces/scenarios.json + current Owner addendum,CONCEPT_CONTRACT_ONLY
scenarios,W03,SC-012,LocaleLanguagePresentationCore,MANDATORY_INHERIT,Universal presentation/action/state boundary applies; domain supplies content only,BigBoss/O05/surfaces/scenarios.json + current Owner addendum,CONCEPT_CONTRACT_ONLY
scenarios,W03,SC-013,DirectionAlignmentResolutionCore,MANDATORY_INHERIT,Universal presentation/action/state boundary applies; domain supplies content only,BigBoss/O05/surfaces/scenarios.json + current Owner addendum,CONCEPT_CONTRACT_ONLY
scenarios,W03,SC-014,TypographyAndScriptProfileCore,MANDATORY_INHERIT,Universal presentation/action/state boundary applies; domain supplies content only,BigBoss/O05/surfaces/scenarios.json + current Owner addendum,CONCEPT_CONTRACT_ONLY
scenarios,W03,SC-015,TechnicalTokenBidiIsolationCore,MANDATORY_INHERIT,Universal presentation/action/state boundary applies; domain supplies content only,BigBoss/O05/surfaces/scenarios.json + current Owner addendum,CONCEPT_CONTRACT_ONLY
scenarios,W03,SC-016,SemanticCommandCore,MANDATORY_INHERIT,Universal presentation/action/state boundary applies; domain supplies content only,BigBoss/O05/surfaces/scenarios.json + current Owner addendum,PARTIAL_EXECUTABLE_OWNER
scenarios,W03,SC-017,ActionSurfaceCore,MANDATORY_INHERIT,Universal presentation/action/state boundary applies; domain supplies content only,BigBoss/O05/surfaces/scenarios.json + current Owner addendum,PARTIAL_EXECUTABLE_OWNER
scenarios,W03,SC-018,ActionAvailabilityCore,MANDATORY_INHERIT,Universal presentation/action/state boundary applies; domain supplies content only,BigBoss/O05/surfaces/scenarios.json + current Owner addendum,CONCEPT_CONTRACT_ONLY
scenarios,W03,SC-019,TransientFocusCore,MANDATORY_INHERIT,Universal presentation/action/state boundary applies; domain supplies content only,BigBoss/O05/surfaces/scenarios.json + current Owner addendum,PARTIAL_EXECUTABLE_OWNER
scenarios,W03,SC-020,InputKeymapCore,MANDATORY_INHERIT,Universal presentation/action/state boundary applies; domain supplies content only,BigBoss/O05/surfaces/scenarios.json + current Owner addendum,CONCEPT_CONTRACT_ONLY
scenarios,W03,SC-021,AccessibilityInteractionCore,MANDATORY_INHERIT,Universal presentation/action/state boundary applies; domain supplies content only,BigBoss/O05/surfaces/scenarios.json + current Owner addendum,CONCEPT_CONTRACT_ONLY
scenarios,W03,SC-022,StatusFeedbackCore,MANDATORY_INHERIT,Universal presentation/action/state boundary applies; domain supplies content only,BigBoss/O05/surfaces/scenarios.json + current Owner addendum,PARTIAL_EXECUTABLE_OWNER
scenarios,W03,SC-023,EpistemicStateCore,MANDATORY_INHERIT,Universal presentation/action/state boundary applies; domain supplies content only,BigBoss/O05/surfaces/scenarios.json + current Owner addendum,CONCEPT_CONTRACT_ONLY
scenarios,W03,SC-024,SearchFilterDiscoveryCore,OPTIONAL,Search/filter binds domain source; no fabricated data,BigBoss/O05/surfaces/scenarios.json + current Owner addendum,CONCEPT_CONTRACT_ONLY
scenarios,W03,SC-025,NavigationQuickAccessCore,MANDATORY_INHERIT,Universal presentation/action/state boundary applies; domain supplies content only,BigBoss/O05/surfaces/scenarios.json + current Owner addendum,CONCEPT_CONTRACT_ONLY
scenarios,W03,SC-026,ConfirmationSafetyCore,MANDATORY_INHERIT,Universal presentation/action/state boundary applies; domain supplies content only,BigBoss/O05/surfaces/scenarios.json + current Owner addendum,CONCEPT_CONTRACT_ONLY
scenarios,W03,SC-027,SelectionInteractionCore,INHERIT_AND_BIND,Editable domain working content uses one structured transaction owner,BigBoss/O05/surfaces/scenarios.json + current Owner addendum,PARTIAL_EXECUTABLE_OWNER
scenarios,W03,SC-028,TransactionHistoryCore,INHERIT_AND_BIND,Explicit shared mechanic in admitted unsuperseded conceptual surface contract,BigBoss/O05/surfaces/scenarios.json + current Owner addendum,CONCEPT_CONTRACT_ONLY
scenarios,W03,SC-029,ClipboardTrustCore,INHERIT_AND_BIND,Explicit shared mechanic in admitted unsuperseded conceptual surface contract,BigBoss/O05/surfaces/scenarios.json + current Owner addendum,CONCEPT_CONTRACT_ONLY
scenarios,W03,SC-030,StructuredContentCore,INHERIT_AND_BIND,Explicit shared mechanic in admitted unsuperseded conceptual surface contract,BigBoss/O05/surfaces/scenarios.json + current Owner addendum,PARTIAL_EXECUTABLE_OWNER
scenarios,W03,SC-031,SpatialInteractionCore,INHERIT_AND_BIND,Explicit shared mechanic in admitted unsuperseded conceptual surface contract,BigBoss/O05/surfaces/scenarios.json + current Owner addendum,PARTIAL_EXECUTABLE_OWNER
scenarios,W03,SC-032,AnalyticalWorkbenchCore,OPTIONAL,Only if domain supplies typed compare/history projection,BigBoss/O05/surfaces/scenarios.json + current Owner addendum,CONCEPT_CONTRACT_ONLY
scenarios,W03,SC-033,AuditProvenanceInteractionCore,OPTIONAL,Command receipts only; canonical Audit adapter not implied,BigBoss/O05/surfaces/scenarios.json + current Owner addendum,CONCEPT_CONTRACT_ONLY
scenarios,W03,SC-034,CollectionTableMatrixCore,INHERIT_AND_BIND,Collection/object browse binds row identity and domain actions,BigBoss/O05/surfaces/scenarios.json + current Owner addendum,CONCEPT_CONTRACT_ONLY
scenarios,W03,SC-035,TimelineReplayCore,OPTIONAL,Domain history if justified; never simulated truth,BigBoss/O05/surfaces/scenarios.json + current Owner addendum,CONCEPT_CONTRACT_ONLY
scenarios,W03,SC-036,OperationalWorkbenchCore,NOT_APPLICABLE,No live runtime owned by this surface,BigBoss/O05/surfaces/scenarios.json + current Owner addendum,PARTIAL_EXECUTABLE_OWNER
scenarios,W03,SC-037,ReviewDecisionInteractionCore,OPTIONAL,Decision read projection only; no formal adjudication write,BigBoss/O05/surfaces/scenarios.json + current Owner addendum,CONCEPT_CONTRACT_ONLY
scenarios,W03,SC-038,NotesAnnotationCore,MANDATORY_INHERIT,Universal presentation/action/state boundary applies; domain supplies content only,BigBoss/O05/surfaces/scenarios.json + current Owner addendum,PARTIAL_EXECUTABLE_OWNER
scenarios,W03,SC-039,ProductionMappingBoundary,NOT_APPLICABLE,Production mapping is evidence only; no production target in bounded foundation,BigBoss/O05/surfaces/scenarios.json + current Owner addendum,CONCEPT_CONTRACT_ONLY
scenarios,W03,SC-040,PreferenceVsDomainConfigBoundary,MANDATORY_INHERIT,Universal presentation/action/state boundary applies; domain supplies content only,BigBoss/O05/surfaces/scenarios.json + current Owner addendum,CONCEPT_CONTRACT_ONLY
scenarios,W03,WorkspaceFrame,WorkspaceFrame,MANDATORY_INHERIT,Universal presentation/action/state boundary applies; domain supplies content only,SC-002,EXECUTABLE_BOUNDED
scenarios,W03,SidePaneShell,SidePaneShell,MANDATORY_INHERIT,Universal presentation/action/state boundary applies; domain supplies content only,SC-003,EXECUTABLE_BOUNDED
scenarios,W03,WorkspaceToolbar,WorkspaceToolbar,MANDATORY_INHERIT,Universal presentation/action/state boundary applies; domain supplies content only,SC-017,EXECUTABLE_BOUNDED
scenarios,W03,CommandPalette,CommandPalette,MANDATORY_INHERIT,Universal presentation/action/state boundary applies; domain supplies content only,SC-016,EXECUTABLE_BOUNDED
scenarios,W03,ContextActionMenu,ContextActionMenu,MANDATORY_INHERIT,Universal presentation/action/state boundary applies; domain supplies content only,SC-017,EXECUTABLE_BOUNDED
scenarios,W03,SelectionActionSurface,SelectionActionSurface,INHERIT_AND_BIND,Editable domain working content uses one structured transaction owner,SC-027,EXECUTABLE_BOUNDED
scenarios,W03,InsertionPalette,InsertionPalette,INHERIT_AND_BIND,Explicit shared mechanic in admitted unsuperseded conceptual surface contract,SC-030,EXECUTABLE_BOUNDED
scenarios,W03,ContextInspector,ContextInspector,MANDATORY_INHERIT,Universal presentation/action/state boundary applies; domain supplies content only,SC-004,EXECUTABLE_BOUNDED
scenarios,W03,LensHost,LensHost,MANDATORY_INHERIT,Universal presentation/action/state boundary applies; domain supplies content only,SC-004,EXECUTABLE_BOUNDED
scenarios,W03,BottomShelf,BottomShelf,MANDATORY_INHERIT,Universal presentation/action/state boundary applies; domain supplies content only,SC-005,EXECUTABLE_BOUNDED
scenarios,W03,SettingsCenter,SettingsCenter,MANDATORY_INHERIT,Universal presentation/action/state boundary applies; domain supplies content only,SC-009,EXECUTABLE_BOUNDED
scenarios,W03,ScopedPreferencesOwner,ScopedPreferencesOwner,MANDATORY_INHERIT,Universal presentation/action/state boundary applies; domain supplies content only,SC-008,EXECUTABLE_BOUNDED
scenarios,W03,FocusAndDismissal,FocusAndDismissal,MANDATORY_INHERIT,Universal presentation/action/state boundary applies; domain supplies content only,SC-019,EXECUTABLE_BOUNDED
scenarios,W03,UnifiedEditor,UnifiedEditor,INHERIT_AND_BIND,Explicit shared mechanic in admitted unsuperseded conceptual surface contract,SC-030,EXECUTABLE_BOUNDED
scenarios,W03,StickyNotes,StickyNotes,MANDATORY_INHERIT,Universal presentation/action/state boundary applies; domain supplies content only,SC-038,EXECUTABLE_BOUNDED
scenarios,W03,SpatialInteraction,SpatialInteraction,INHERIT_AND_BIND,Explicit shared mechanic in admitted unsuperseded conceptual surface contract,SC-031,EXECUTABLE_BOUNDED
scenarios,W03,OperationalSurface,OperationalSurface,NOT_APPLICABLE,No live runtime owned by this surface,SC-036,EXECUTABLE_BOUNDED
scenarios,W03,WindowMotion,WindowMotion,MANDATORY_INHERIT,Universal presentation/action/state boundary applies; domain supplies content only,SC-006,EXECUTABLE_BOUNDED
scenarios,W03,SemanticCommandBus,SemanticCommandBus,MANDATORY_INHERIT,Universal presentation/action/state boundary applies; domain supplies content only,SC-016,EXECUTABLE_BOUNDED
scenarios,W03,StatusFeedback,StatusFeedback,MANDATORY_INHERIT,Universal presentation/action/state boundary applies; domain supplies content only,SC-022,EXECUTABLE_BOUNDED
scenarios,W03,AnalyticalCompare,AnalyticalCompare,OPTIONAL,Only if domain supplies typed compare/history projection,SC-032,OPEN_NOT_IMPLEMENTED
shell,W01,SC-001,GlobalShellCore,INHERIT_AND_BIND,Navigation owner shared; Shell composition explicitly reopened,BigBoss/O05/surfaces/shell.json + current Owner addendum,CONCEPT_CONTRACT_ONLY
shell,W01,SC-002,WorkspaceRegionCore,MANDATORY_INHERIT,Universal presentation/action/state boundary applies; domain supplies content only,BigBoss/O05/surfaces/shell.json + current Owner addendum,PARTIAL_EXECUTABLE_OWNER
shell,W01,SC-003,PaneResponsiveCore,MANDATORY_INHERIT,Universal presentation/action/state boundary applies; domain supplies content only,BigBoss/O05/surfaces/shell.json + current Owner addendum,PARTIAL_EXECUTABLE_OWNER
shell,W01,SC-004,ContextInspectorCore,MANDATORY_INHERIT,Universal presentation/action/state boundary applies; domain supplies content only,BigBoss/O05/surfaces/shell.json + current Owner addendum,PARTIAL_EXECUTABLE_OWNER
shell,W01,SC-005,BottomDeepWorkCore,MANDATORY_INHERIT,Universal presentation/action/state boundary applies; domain supplies content only,BigBoss/O05/surfaces/shell.json + current Owner addendum,PARTIAL_EXECUTABLE_OWNER
shell,W01,SC-006,PresentationStateCore,MANDATORY_INHERIT,Universal presentation/action/state boundary applies; domain supplies content only,BigBoss/O05/surfaces/shell.json + current Owner addendum,PARTIAL_EXECUTABLE_OWNER
shell,W01,SC-007,GlobalPreferenceCore,MANDATORY_INHERIT,Universal presentation/action/state boundary applies; domain supplies content only,BigBoss/O05/surfaces/shell.json + current Owner addendum,CONCEPT_CONTRACT_ONLY
shell,W01,SC-008,PreferenceScopeResolver,MANDATORY_INHERIT,Universal presentation/action/state boundary applies; domain supplies content only,BigBoss/O05/surfaces/shell.json + current Owner addendum,PARTIAL_EXECUTABLE_OWNER
shell,W01,SC-009,GlobalSettingsIA,MANDATORY_INHERIT,Universal presentation/action/state boundary applies; domain supplies content only,BigBoss/O05/surfaces/shell.json + current Owner addendum,PARTIAL_EXECUTABLE_OWNER
shell,W01,SC-010,PreferencePersistenceCore,MANDATORY_INHERIT,Universal presentation/action/state boundary applies; domain supplies content only,BigBoss/O05/surfaces/shell.json + current Owner addendum,CONCEPT_CONTRACT_ONLY
shell,W01,SC-011,PreferenceExportImportResetModel,MANDATORY_INHERIT,Universal presentation/action/state boundary applies; domain supplies content only,BigBoss/O05/surfaces/shell.json + current Owner addendum,CONCEPT_CONTRACT_ONLY
shell,W01,SC-012,LocaleLanguagePresentationCore,MANDATORY_INHERIT,Universal presentation/action/state boundary applies; domain supplies content only,BigBoss/O05/surfaces/shell.json + current Owner addendum,CONCEPT_CONTRACT_ONLY
shell,W01,SC-013,DirectionAlignmentResolutionCore,MANDATORY_INHERIT,Universal presentation/action/state boundary applies; domain supplies content only,BigBoss/O05/surfaces/shell.json + current Owner addendum,CONCEPT_CONTRACT_ONLY
shell,W01,SC-014,TypographyAndScriptProfileCore,MANDATORY_INHERIT,Universal presentation/action/state boundary applies; domain supplies content only,BigBoss/O05/surfaces/shell.json + current Owner addendum,CONCEPT_CONTRACT_ONLY
shell,W01,SC-015,TechnicalTokenBidiIsolationCore,MANDATORY_INHERIT,Universal presentation/action/state boundary applies; domain supplies content only,BigBoss/O05/surfaces/shell.json + current Owner addendum,CONCEPT_CONTRACT_ONLY
shell,W01,SC-016,SemanticCommandCore,MANDATORY_INHERIT,Universal presentation/action/state boundary applies; domain supplies content only,BigBoss/O05/surfaces/shell.json + current Owner addendum,PARTIAL_EXECUTABLE_OWNER
shell,W01,SC-017,ActionSurfaceCore,MANDATORY_INHERIT,Universal presentation/action/state boundary applies; domain supplies content only,BigBoss/O05/surfaces/shell.json + current Owner addendum,PARTIAL_EXECUTABLE_OWNER
shell,W01,SC-018,ActionAvailabilityCore,MANDATORY_INHERIT,Universal presentation/action/state boundary applies; domain supplies content only,BigBoss/O05/surfaces/shell.json + current Owner addendum,CONCEPT_CONTRACT_ONLY
shell,W01,SC-019,TransientFocusCore,MANDATORY_INHERIT,Universal presentation/action/state boundary applies; domain supplies content only,BigBoss/O05/surfaces/shell.json + current Owner addendum,PARTIAL_EXECUTABLE_OWNER
shell,W01,SC-020,InputKeymapCore,MANDATORY_INHERIT,Universal presentation/action/state boundary applies; domain supplies content only,BigBoss/O05/surfaces/shell.json + current Owner addendum,CONCEPT_CONTRACT_ONLY
shell,W01,SC-021,AccessibilityInteractionCore,MANDATORY_INHERIT,Universal presentation/action/state boundary applies; domain supplies content only,BigBoss/O05/surfaces/shell.json + current Owner addendum,CONCEPT_CONTRACT_ONLY
shell,W01,SC-022,StatusFeedbackCore,MANDATORY_INHERIT,Universal presentation/action/state boundary applies; domain supplies content only,BigBoss/O05/surfaces/shell.json + current Owner addendum,PARTIAL_EXECUTABLE_OWNER
shell,W01,SC-023,EpistemicStateCore,MANDATORY_INHERIT,Universal presentation/action/state boundary applies; domain supplies content only,BigBoss/O05/surfaces/shell.json + current Owner addendum,CONCEPT_CONTRACT_ONLY
shell,W01,SC-024,SearchFilterDiscoveryCore,OPTIONAL,Search/filter binds domain source; no fabricated data,BigBoss/O05/surfaces/shell.json + current Owner addendum,CONCEPT_CONTRACT_ONLY
shell,W01,SC-025,NavigationQuickAccessCore,MANDATORY_INHERIT,Universal presentation/action/state boundary applies; domain supplies content only,BigBoss/O05/surfaces/shell.json + current Owner addendum,CONCEPT_CONTRACT_ONLY
shell,W01,SC-026,ConfirmationSafetyCore,MANDATORY_INHERIT,Universal presentation/action/state boundary applies; domain supplies content only,BigBoss/O05/surfaces/shell.json + current Owner addendum,CONCEPT_CONTRACT_ONLY
shell,W01,SC-027,SelectionInteractionCore,OPTIONAL,For personal annotations or working text only; no new canonical domain mutation,BigBoss/O05/surfaces/shell.json + current Owner addendum,PARTIAL_EXECUTABLE_OWNER
shell,W01,SC-028,TransactionHistoryCore,OPTIONAL,For personal annotations or working text only; no new canonical domain mutation,BigBoss/O05/surfaces/shell.json + current Owner addendum,CONCEPT_CONTRACT_ONLY
shell,W01,SC-029,ClipboardTrustCore,OPTIONAL,For personal annotations or working text only; no new canonical domain mutation,BigBoss/O05/surfaces/shell.json + current Owner addendum,CONCEPT_CONTRACT_ONLY
shell,W01,SC-030,StructuredContentCore,OPTIONAL,For personal annotations or working text only; no new canonical domain mutation,BigBoss/O05/surfaces/shell.json + current Owner addendum,PARTIAL_EXECUTABLE_OWNER
shell,W01,SC-031,SpatialInteractionCore,NOT_APPLICABLE,Current surface objects/operations do not require spatial workspace; future addition needs contract delta,BigBoss/O05/surfaces/shell.json + current Owner addendum,PARTIAL_EXECUTABLE_OWNER
shell,W01,SC-032,AnalyticalWorkbenchCore,OPTIONAL,Only if domain supplies typed compare/history projection,BigBoss/O05/surfaces/shell.json + current Owner addendum,CONCEPT_CONTRACT_ONLY
shell,W01,SC-033,AuditProvenanceInteractionCore,OPTIONAL,Command receipts only; canonical Audit adapter not implied,BigBoss/O05/surfaces/shell.json + current Owner addendum,CONCEPT_CONTRACT_ONLY
shell,W01,SC-034,CollectionTableMatrixCore,INHERIT_AND_BIND,Collection/object browse binds row identity and domain actions,BigBoss/O05/surfaces/shell.json + current Owner addendum,CONCEPT_CONTRACT_ONLY
shell,W01,SC-035,TimelineReplayCore,OPTIONAL,Domain history if justified; never simulated truth,BigBoss/O05/surfaces/shell.json + current Owner addendum,CONCEPT_CONTRACT_ONLY
shell,W01,SC-036,OperationalWorkbenchCore,NOT_APPLICABLE,No live runtime owned by this surface,BigBoss/O05/surfaces/shell.json + current Owner addendum,PARTIAL_EXECUTABLE_OWNER
shell,W01,SC-037,ReviewDecisionInteractionCore,OPTIONAL,Decision read projection only; no formal adjudication write,BigBoss/O05/surfaces/shell.json + current Owner addendum,CONCEPT_CONTRACT_ONLY
shell,W01,SC-038,NotesAnnotationCore,MANDATORY_INHERIT,Universal presentation/action/state boundary applies; domain supplies content only,BigBoss/O05/surfaces/shell.json + current Owner addendum,PARTIAL_EXECUTABLE_OWNER
shell,W01,SC-039,ProductionMappingBoundary,NOT_APPLICABLE,Production mapping is evidence only; no production target in bounded foundation,BigBoss/O05/surfaces/shell.json + current Owner addendum,CONCEPT_CONTRACT_ONLY
shell,W01,SC-040,PreferenceVsDomainConfigBoundary,MANDATORY_INHERIT,Universal presentation/action/state boundary applies; domain supplies content only,BigBoss/O05/surfaces/shell.json + current Owner addendum,CONCEPT_CONTRACT_ONLY
shell,W01,WorkspaceFrame,WorkspaceFrame,MANDATORY_INHERIT,Universal presentation/action/state boundary applies; domain supplies content only,SC-002,EXECUTABLE_BOUNDED
shell,W01,SidePaneShell,SidePaneShell,MANDATORY_INHERIT,Universal presentation/action/state boundary applies; domain supplies content only,SC-003,EXECUTABLE_BOUNDED
shell,W01,WorkspaceToolbar,WorkspaceToolbar,MANDATORY_INHERIT,Universal presentation/action/state boundary applies; domain supplies content only,SC-017,EXECUTABLE_BOUNDED
shell,W01,CommandPalette,CommandPalette,MANDATORY_INHERIT,Universal presentation/action/state boundary applies; domain supplies content only,SC-016,EXECUTABLE_BOUNDED
shell,W01,ContextActionMenu,ContextActionMenu,MANDATORY_INHERIT,Universal presentation/action/state boundary applies; domain supplies content only,SC-017,EXECUTABLE_BOUNDED
shell,W01,SelectionActionSurface,SelectionActionSurface,OPTIONAL,For personal annotations or working text only; no new canonical domain mutation,SC-027,EXECUTABLE_BOUNDED
shell,W01,InsertionPalette,InsertionPalette,OPTIONAL,For personal annotations or working text only; no new canonical domain mutation,SC-030,EXECUTABLE_BOUNDED
shell,W01,ContextInspector,ContextInspector,MANDATORY_INHERIT,Universal presentation/action/state boundary applies; domain supplies content only,SC-004,EXECUTABLE_BOUNDED
shell,W01,LensHost,LensHost,MANDATORY_INHERIT,Universal presentation/action/state boundary applies; domain supplies content only,SC-004,EXECUTABLE_BOUNDED
shell,W01,BottomShelf,BottomShelf,MANDATORY_INHERIT,Universal presentation/action/state boundary applies; domain supplies content only,SC-005,EXECUTABLE_BOUNDED
shell,W01,SettingsCenter,SettingsCenter,MANDATORY_INHERIT,Universal presentation/action/state boundary applies; domain supplies content only,SC-009,EXECUTABLE_BOUNDED
shell,W01,ScopedPreferencesOwner,ScopedPreferencesOwner,MANDATORY_INHERIT,Universal presentation/action/state boundary applies; domain supplies content only,SC-008,EXECUTABLE_BOUNDED
shell,W01,FocusAndDismissal,FocusAndDismissal,MANDATORY_INHERIT,Universal presentation/action/state boundary applies; domain supplies content only,SC-019,EXECUTABLE_BOUNDED
shell,W01,UnifiedEditor,UnifiedEditor,OPTIONAL,For personal annotations or working text only; no new canonical domain mutation,SC-030,EXECUTABLE_BOUNDED
shell,W01,StickyNotes,StickyNotes,MANDATORY_INHERIT,Universal presentation/action/state boundary applies; domain supplies content only,SC-038,EXECUTABLE_BOUNDED
shell,W01,SpatialInteraction,SpatialInteraction,NOT_APPLICABLE,Current surface objects/operations do not require spatial workspace; future addition needs contract delta,SC-031,EXECUTABLE_BOUNDED
shell,W01,OperationalSurface,OperationalSurface,NOT_APPLICABLE,No live runtime owned by this surface,SC-036,EXECUTABLE_BOUNDED
shell,W01,WindowMotion,WindowMotion,MANDATORY_INHERIT,Universal presentation/action/state boundary applies; domain supplies content only,SC-006,EXECUTABLE_BOUNDED
shell,W01,SemanticCommandBus,SemanticCommandBus,MANDATORY_INHERIT,Universal presentation/action/state boundary applies; domain supplies content only,SC-016,EXECUTABLE_BOUNDED
shell,W01,StatusFeedback,StatusFeedback,MANDATORY_INHERIT,Universal presentation/action/state boundary applies; domain supplies content only,SC-022,EXECUTABLE_BOUNDED
shell,W01,AnalyticalCompare,AnalyticalCompare,OPTIONAL,Only if domain supplies typed compare/history projection,SC-032,OPEN_NOT_IMPLEMENTED
today,W01,SC-001,GlobalShellCore,INHERIT_AND_BIND,Navigation owner shared; Shell composition explicitly reopened,BigBoss/O05/surfaces/today.json + current Owner addendum,CONCEPT_CONTRACT_ONLY
today,W01,SC-002,WorkspaceRegionCore,MANDATORY_INHERIT,Universal presentation/action/state boundary applies; domain supplies content only,BigBoss/O05/surfaces/today.json + current Owner addendum,PARTIAL_EXECUTABLE_OWNER
today,W01,SC-003,PaneResponsiveCore,MANDATORY_INHERIT,Universal presentation/action/state boundary applies; domain supplies content only,BigBoss/O05/surfaces/today.json + current Owner addendum,PARTIAL_EXECUTABLE_OWNER
today,W01,SC-004,ContextInspectorCore,MANDATORY_INHERIT,Universal presentation/action/state boundary applies; domain supplies content only,BigBoss/O05/surfaces/today.json + current Owner addendum,PARTIAL_EXECUTABLE_OWNER
today,W01,SC-005,BottomDeepWorkCore,MANDATORY_INHERIT,Universal presentation/action/state boundary applies; domain supplies content only,BigBoss/O05/surfaces/today.json + current Owner addendum,PARTIAL_EXECUTABLE_OWNER
today,W01,SC-006,PresentationStateCore,MANDATORY_INHERIT,Universal presentation/action/state boundary applies; domain supplies content only,BigBoss/O05/surfaces/today.json + current Owner addendum,PARTIAL_EXECUTABLE_OWNER
today,W01,SC-007,GlobalPreferenceCore,MANDATORY_INHERIT,Universal presentation/action/state boundary applies; domain supplies content only,BigBoss/O05/surfaces/today.json + current Owner addendum,CONCEPT_CONTRACT_ONLY
today,W01,SC-008,PreferenceScopeResolver,MANDATORY_INHERIT,Universal presentation/action/state boundary applies; domain supplies content only,BigBoss/O05/surfaces/today.json + current Owner addendum,PARTIAL_EXECUTABLE_OWNER
today,W01,SC-009,GlobalSettingsIA,MANDATORY_INHERIT,Universal presentation/action/state boundary applies; domain supplies content only,BigBoss/O05/surfaces/today.json + current Owner addendum,PARTIAL_EXECUTABLE_OWNER
today,W01,SC-010,PreferencePersistenceCore,MANDATORY_INHERIT,Universal presentation/action/state boundary applies; domain supplies content only,BigBoss/O05/surfaces/today.json + current Owner addendum,CONCEPT_CONTRACT_ONLY
today,W01,SC-011,PreferenceExportImportResetModel,MANDATORY_INHERIT,Universal presentation/action/state boundary applies; domain supplies content only,BigBoss/O05/surfaces/today.json + current Owner addendum,CONCEPT_CONTRACT_ONLY
today,W01,SC-012,LocaleLanguagePresentationCore,MANDATORY_INHERIT,Universal presentation/action/state boundary applies; domain supplies content only,BigBoss/O05/surfaces/today.json + current Owner addendum,CONCEPT_CONTRACT_ONLY
today,W01,SC-013,DirectionAlignmentResolutionCore,MANDATORY_INHERIT,Universal presentation/action/state boundary applies; domain supplies content only,BigBoss/O05/surfaces/today.json + current Owner addendum,CONCEPT_CONTRACT_ONLY
today,W01,SC-014,TypographyAndScriptProfileCore,MANDATORY_INHERIT,Universal presentation/action/state boundary applies; domain supplies content only,BigBoss/O05/surfaces/today.json + current Owner addendum,CONCEPT_CONTRACT_ONLY
today,W01,SC-015,TechnicalTokenBidiIsolationCore,MANDATORY_INHERIT,Universal presentation/action/state boundary applies; domain supplies content only,BigBoss/O05/surfaces/today.json + current Owner addendum,CONCEPT_CONTRACT_ONLY
today,W01,SC-016,SemanticCommandCore,MANDATORY_INHERIT,Universal presentation/action/state boundary applies; domain supplies content only,BigBoss/O05/surfaces/today.json + current Owner addendum,PARTIAL_EXECUTABLE_OWNER
today,W01,SC-017,ActionSurfaceCore,MANDATORY_INHERIT,Universal presentation/action/state boundary applies; domain supplies content only,BigBoss/O05/surfaces/today.json + current Owner addendum,PARTIAL_EXECUTABLE_OWNER
today,W01,SC-018,ActionAvailabilityCore,MANDATORY_INHERIT,Universal presentation/action/state boundary applies; domain supplies content only,BigBoss/O05/surfaces/today.json + current Owner addendum,CONCEPT_CONTRACT_ONLY
today,W01,SC-019,TransientFocusCore,MANDATORY_INHERIT,Universal presentation/action/state boundary applies; domain supplies content only,BigBoss/O05/surfaces/today.json + current Owner addendum,PARTIAL_EXECUTABLE_OWNER
today,W01,SC-020,InputKeymapCore,MANDATORY_INHERIT,Universal presentation/action/state boundary applies; domain supplies content only,BigBoss/O05/surfaces/today.json + current Owner addendum,CONCEPT_CONTRACT_ONLY
today,W01,SC-021,AccessibilityInteractionCore,MANDATORY_INHERIT,Universal presentation/action/state boundary applies; domain supplies content only,BigBoss/O05/surfaces/today.json + current Owner addendum,CONCEPT_CONTRACT_ONLY
today,W01,SC-022,StatusFeedbackCore,MANDATORY_INHERIT,Universal presentation/action/state boundary applies; domain supplies content only,BigBoss/O05/surfaces/today.json + current Owner addendum,PARTIAL_EXECUTABLE_OWNER
today,W01,SC-023,EpistemicStateCore,MANDATORY_INHERIT,Universal presentation/action/state boundary applies; domain supplies content only,BigBoss/O05/surfaces/today.json + current Owner addendum,CONCEPT_CONTRACT_ONLY
today,W01,SC-024,SearchFilterDiscoveryCore,OPTIONAL,Search/filter binds domain source; no fabricated data,BigBoss/O05/surfaces/today.json + current Owner addendum,CONCEPT_CONTRACT_ONLY
today,W01,SC-025,NavigationQuickAccessCore,MANDATORY_INHERIT,Universal presentation/action/state boundary applies; domain supplies content only,BigBoss/O05/surfaces/today.json + current Owner addendum,CONCEPT_CONTRACT_ONLY
today,W01,SC-026,ConfirmationSafetyCore,MANDATORY_INHERIT,Universal presentation/action/state boundary applies; domain supplies content only,BigBoss/O05/surfaces/today.json + current Owner addendum,CONCEPT_CONTRACT_ONLY
today,W01,SC-027,SelectionInteractionCore,OPTIONAL,For personal annotations or working text only; no new canonical domain mutation,BigBoss/O05/surfaces/today.json + current Owner addendum,PARTIAL_EXECUTABLE_OWNER
today,W01,SC-028,TransactionHistoryCore,OPTIONAL,For personal annotations or working text only; no new canonical domain mutation,BigBoss/O05/surfaces/today.json + current Owner addendum,CONCEPT_CONTRACT_ONLY
today,W01,SC-029,ClipboardTrustCore,OPTIONAL,For personal annotations or working text only; no new canonical domain mutation,BigBoss/O05/surfaces/today.json + current Owner addendum,CONCEPT_CONTRACT_ONLY
today,W01,SC-030,StructuredContentCore,OPTIONAL,For personal annotations or working text only; no new canonical domain mutation,BigBoss/O05/surfaces/today.json + current Owner addendum,PARTIAL_EXECUTABLE_OWNER
today,W01,SC-031,SpatialInteractionCore,NOT_APPLICABLE,Current surface objects/operations do not require spatial workspace; future addition needs contract delta,BigBoss/O05/surfaces/today.json + current Owner addendum,PARTIAL_EXECUTABLE_OWNER
today,W01,SC-032,AnalyticalWorkbenchCore,OPTIONAL,Only if domain supplies typed compare/history projection,BigBoss/O05/surfaces/today.json + current Owner addendum,CONCEPT_CONTRACT_ONLY
today,W01,SC-033,AuditProvenanceInteractionCore,OPTIONAL,Command receipts only; canonical Audit adapter not implied,BigBoss/O05/surfaces/today.json + current Owner addendum,CONCEPT_CONTRACT_ONLY
today,W01,SC-034,CollectionTableMatrixCore,INHERIT_AND_BIND,Collection/object browse binds row identity and domain actions,BigBoss/O05/surfaces/today.json + current Owner addendum,CONCEPT_CONTRACT_ONLY
today,W01,SC-035,TimelineReplayCore,OPTIONAL,Domain history if justified; never simulated truth,BigBoss/O05/surfaces/today.json + current Owner addendum,CONCEPT_CONTRACT_ONLY
today,W01,SC-036,OperationalWorkbenchCore,NOT_APPLICABLE,No live runtime owned by this surface,BigBoss/O05/surfaces/today.json + current Owner addendum,PARTIAL_EXECUTABLE_OWNER
today,W01,SC-037,ReviewDecisionInteractionCore,OPTIONAL,Decision read projection only; no formal adjudication write,BigBoss/O05/surfaces/today.json + current Owner addendum,CONCEPT_CONTRACT_ONLY
today,W01,SC-038,NotesAnnotationCore,MANDATORY_INHERIT,Universal presentation/action/state boundary applies; domain supplies content only,BigBoss/O05/surfaces/today.json + current Owner addendum,PARTIAL_EXECUTABLE_OWNER
today,W01,SC-039,ProductionMappingBoundary,NOT_APPLICABLE,Production mapping is evidence only; no production target in bounded foundation,BigBoss/O05/surfaces/today.json + current Owner addendum,CONCEPT_CONTRACT_ONLY
today,W01,SC-040,PreferenceVsDomainConfigBoundary,MANDATORY_INHERIT,Universal presentation/action/state boundary applies; domain supplies content only,BigBoss/O05/surfaces/today.json + current Owner addendum,CONCEPT_CONTRACT_ONLY
today,W01,WorkspaceFrame,WorkspaceFrame,MANDATORY_INHERIT,Universal presentation/action/state boundary applies; domain supplies content only,SC-002,EXECUTABLE_BOUNDED
today,W01,SidePaneShell,SidePaneShell,MANDATORY_INHERIT,Universal presentation/action/state boundary applies; domain supplies content only,SC-003,EXECUTABLE_BOUNDED
today,W01,WorkspaceToolbar,WorkspaceToolbar,MANDATORY_INHERIT,Universal presentation/action/state boundary applies; domain supplies content only,SC-017,EXECUTABLE_BOUNDED
today,W01,CommandPalette,CommandPalette,MANDATORY_INHERIT,Universal presentation/action/state boundary applies; domain supplies content only,SC-016,EXECUTABLE_BOUNDED
today,W01,ContextActionMenu,ContextActionMenu,MANDATORY_INHERIT,Universal presentation/action/state boundary applies; domain supplies content only,SC-017,EXECUTABLE_BOUNDED
today,W01,SelectionActionSurface,SelectionActionSurface,OPTIONAL,For personal annotations or working text only; no new canonical domain mutation,SC-027,EXECUTABLE_BOUNDED
today,W01,InsertionPalette,InsertionPalette,OPTIONAL,For personal annotations or working text only; no new canonical domain mutation,SC-030,EXECUTABLE_BOUNDED
today,W01,ContextInspector,ContextInspector,MANDATORY_INHERIT,Universal presentation/action/state boundary applies; domain supplies content only,SC-004,EXECUTABLE_BOUNDED
today,W01,LensHost,LensHost,MANDATORY_INHERIT,Universal presentation/action/state boundary applies; domain supplies content only,SC-004,EXECUTABLE_BOUNDED
today,W01,BottomShelf,BottomShelf,MANDATORY_INHERIT,Universal presentation/action/state boundary applies; domain supplies content only,SC-005,EXECUTABLE_BOUNDED
today,W01,SettingsCenter,SettingsCenter,MANDATORY_INHERIT,Universal presentation/action/state boundary applies; domain supplies content only,SC-009,EXECUTABLE_BOUNDED
today,W01,ScopedPreferencesOwner,ScopedPreferencesOwner,MANDATORY_INHERIT,Universal presentation/action/state boundary applies; domain supplies content only,SC-008,EXECUTABLE_BOUNDED
today,W01,FocusAndDismissal,FocusAndDismissal,MANDATORY_INHERIT,Universal presentation/action/state boundary applies; domain supplies content only,SC-019,EXECUTABLE_BOUNDED
today,W01,UnifiedEditor,UnifiedEditor,OPTIONAL,For personal annotations or working text only; no new canonical domain mutation,SC-030,EXECUTABLE_BOUNDED
today,W01,StickyNotes,StickyNotes,MANDATORY_INHERIT,Universal presentation/action/state boundary applies; domain supplies content only,SC-038,EXECUTABLE_BOUNDED
today,W01,SpatialInteraction,SpatialInteraction,NOT_APPLICABLE,Current surface objects/operations do not require spatial workspace; future addition needs contract delta,SC-031,EXECUTABLE_BOUNDED
today,W01,OperationalSurface,OperationalSurface,NOT_APPLICABLE,No live runtime owned by this surface,SC-036,EXECUTABLE_BOUNDED
today,W01,WindowMotion,WindowMotion,MANDATORY_INHERIT,Universal presentation/action/state boundary applies; domain supplies content only,SC-006,EXECUTABLE_BOUNDED
today,W01,SemanticCommandBus,SemanticCommandBus,MANDATORY_INHERIT,Universal presentation/action/state boundary applies; domain supplies content only,SC-016,EXECUTABLE_BOUNDED
today,W01,StatusFeedback,StatusFeedback,MANDATORY_INHERIT,Universal presentation/action/state boundary applies; domain supplies content only,SC-022,EXECUTABLE_BOUNDED
today,W01,AnalyticalCompare,AnalyticalCompare,OPTIONAL,Only if domain supplies typed compare/history projection,SC-032,OPEN_NOT_IMPLEMENTED
validation,W05,SC-001,GlobalShellCore,INHERIT_AND_BIND,Navigation owner shared; Shell composition explicitly reopened,BigBoss/O05/surfaces/validation.json + current Owner addendum,CONCEPT_CONTRACT_ONLY
validation,W05,SC-002,WorkspaceRegionCore,MANDATORY_INHERIT,Universal presentation/action/state boundary applies; domain supplies content only,BigBoss/O05/surfaces/validation.json + current Owner addendum,PARTIAL_EXECUTABLE_OWNER
validation,W05,SC-003,PaneResponsiveCore,MANDATORY_INHERIT,Universal presentation/action/state boundary applies; domain supplies content only,BigBoss/O05/surfaces/validation.json + current Owner addendum,PARTIAL_EXECUTABLE_OWNER
validation,W05,SC-004,ContextInspectorCore,MANDATORY_INHERIT,Universal presentation/action/state boundary applies; domain supplies content only,BigBoss/O05/surfaces/validation.json + current Owner addendum,PARTIAL_EXECUTABLE_OWNER
validation,W05,SC-005,BottomDeepWorkCore,MANDATORY_INHERIT,Universal presentation/action/state boundary applies; domain supplies content only,BigBoss/O05/surfaces/validation.json + current Owner addendum,PARTIAL_EXECUTABLE_OWNER
validation,W05,SC-006,PresentationStateCore,MANDATORY_INHERIT,Universal presentation/action/state boundary applies; domain supplies content only,BigBoss/O05/surfaces/validation.json + current Owner addendum,PARTIAL_EXECUTABLE_OWNER
validation,W05,SC-007,GlobalPreferenceCore,MANDATORY_INHERIT,Universal presentation/action/state boundary applies; domain supplies content only,BigBoss/O05/surfaces/validation.json + current Owner addendum,CONCEPT_CONTRACT_ONLY
validation,W05,SC-008,PreferenceScopeResolver,MANDATORY_INHERIT,Universal presentation/action/state boundary applies; domain supplies content only,BigBoss/O05/surfaces/validation.json + current Owner addendum,PARTIAL_EXECUTABLE_OWNER
validation,W05,SC-009,GlobalSettingsIA,MANDATORY_INHERIT,Universal presentation/action/state boundary applies; domain supplies content only,BigBoss/O05/surfaces/validation.json + current Owner addendum,PARTIAL_EXECUTABLE_OWNER
validation,W05,SC-010,PreferencePersistenceCore,MANDATORY_INHERIT,Universal presentation/action/state boundary applies; domain supplies content only,BigBoss/O05/surfaces/validation.json + current Owner addendum,CONCEPT_CONTRACT_ONLY
validation,W05,SC-011,PreferenceExportImportResetModel,MANDATORY_INHERIT,Universal presentation/action/state boundary applies; domain supplies content only,BigBoss/O05/surfaces/validation.json + current Owner addendum,CONCEPT_CONTRACT_ONLY
validation,W05,SC-012,LocaleLanguagePresentationCore,MANDATORY_INHERIT,Universal presentation/action/state boundary applies; domain supplies content only,BigBoss/O05/surfaces/validation.json + current Owner addendum,CONCEPT_CONTRACT_ONLY
validation,W05,SC-013,DirectionAlignmentResolutionCore,MANDATORY_INHERIT,Universal presentation/action/state boundary applies; domain supplies content only,BigBoss/O05/surfaces/validation.json + current Owner addendum,CONCEPT_CONTRACT_ONLY
validation,W05,SC-014,TypographyAndScriptProfileCore,MANDATORY_INHERIT,Universal presentation/action/state boundary applies; domain supplies content only,BigBoss/O05/surfaces/validation.json + current Owner addendum,CONCEPT_CONTRACT_ONLY
validation,W05,SC-015,TechnicalTokenBidiIsolationCore,MANDATORY_INHERIT,Universal presentation/action/state boundary applies; domain supplies content only,BigBoss/O05/surfaces/validation.json + current Owner addendum,CONCEPT_CONTRACT_ONLY
validation,W05,SC-016,SemanticCommandCore,MANDATORY_INHERIT,Universal presentation/action/state boundary applies; domain supplies content only,BigBoss/O05/surfaces/validation.json + current Owner addendum,PARTIAL_EXECUTABLE_OWNER
validation,W05,SC-017,ActionSurfaceCore,MANDATORY_INHERIT,Universal presentation/action/state boundary applies; domain supplies content only,BigBoss/O05/surfaces/validation.json + current Owner addendum,PARTIAL_EXECUTABLE_OWNER
validation,W05,SC-018,ActionAvailabilityCore,MANDATORY_INHERIT,Universal presentation/action/state boundary applies; domain supplies content only,BigBoss/O05/surfaces/validation.json + current Owner addendum,CONCEPT_CONTRACT_ONLY
validation,W05,SC-019,TransientFocusCore,MANDATORY_INHERIT,Universal presentation/action/state boundary applies; domain supplies content only,BigBoss/O05/surfaces/validation.json + current Owner addendum,PARTIAL_EXECUTABLE_OWNER
validation,W05,SC-020,InputKeymapCore,MANDATORY_INHERIT,Universal presentation/action/state boundary applies; domain supplies content only,BigBoss/O05/surfaces/validation.json + current Owner addendum,CONCEPT_CONTRACT_ONLY
validation,W05,SC-021,AccessibilityInteractionCore,MANDATORY_INHERIT,Universal presentation/action/state boundary applies; domain supplies content only,BigBoss/O05/surfaces/validation.json + current Owner addendum,CONCEPT_CONTRACT_ONLY
validation,W05,SC-022,StatusFeedbackCore,MANDATORY_INHERIT,Universal presentation/action/state boundary applies; domain supplies content only,BigBoss/O05/surfaces/validation.json + current Owner addendum,PARTIAL_EXECUTABLE_OWNER
validation,W05,SC-023,EpistemicStateCore,MANDATORY_INHERIT,Universal presentation/action/state boundary applies; domain supplies content only,BigBoss/O05/surfaces/validation.json + current Owner addendum,CONCEPT_CONTRACT_ONLY
validation,W05,SC-024,SearchFilterDiscoveryCore,OPTIONAL,Search/filter binds domain source; no fabricated data,BigBoss/O05/surfaces/validation.json + current Owner addendum,CONCEPT_CONTRACT_ONLY
validation,W05,SC-025,NavigationQuickAccessCore,MANDATORY_INHERIT,Universal presentation/action/state boundary applies; domain supplies content only,BigBoss/O05/surfaces/validation.json + current Owner addendum,CONCEPT_CONTRACT_ONLY
validation,W05,SC-026,ConfirmationSafetyCore,MANDATORY_INHERIT,Universal presentation/action/state boundary applies; domain supplies content only,BigBoss/O05/surfaces/validation.json + current Owner addendum,CONCEPT_CONTRACT_ONLY
validation,W05,SC-027,SelectionInteractionCore,OPTIONAL,For personal annotations or working text only; no new canonical domain mutation,BigBoss/O05/surfaces/validation.json + current Owner addendum,PARTIAL_EXECUTABLE_OWNER
validation,W05,SC-028,TransactionHistoryCore,OPTIONAL,For personal annotations or working text only; no new canonical domain mutation,BigBoss/O05/surfaces/validation.json + current Owner addendum,CONCEPT_CONTRACT_ONLY
validation,W05,SC-029,ClipboardTrustCore,OPTIONAL,For personal annotations or working text only; no new canonical domain mutation,BigBoss/O05/surfaces/validation.json + current Owner addendum,CONCEPT_CONTRACT_ONLY
validation,W05,SC-030,StructuredContentCore,OPTIONAL,For personal annotations or working text only; no new canonical domain mutation,BigBoss/O05/surfaces/validation.json + current Owner addendum,PARTIAL_EXECUTABLE_OWNER
validation,W05,SC-031,SpatialInteractionCore,NOT_APPLICABLE,Current surface objects/operations do not require spatial workspace; future addition needs contract delta,BigBoss/O05/surfaces/validation.json + current Owner addendum,PARTIAL_EXECUTABLE_OWNER
validation,W05,SC-032,AnalyticalWorkbenchCore,OPTIONAL,Only if domain supplies typed compare/history projection,BigBoss/O05/surfaces/validation.json + current Owner addendum,CONCEPT_CONTRACT_ONLY
validation,W05,SC-033,AuditProvenanceInteractionCore,INHERIT_AND_BIND,Provenance/evidence identity bound by domain,BigBoss/O05/surfaces/validation.json + current Owner addendum,CONCEPT_CONTRACT_ONLY
validation,W05,SC-034,CollectionTableMatrixCore,INHERIT_AND_BIND,Collection/object browse binds row identity and domain actions,BigBoss/O05/surfaces/validation.json + current Owner addendum,CONCEPT_CONTRACT_ONLY
validation,W05,SC-035,TimelineReplayCore,OPTIONAL,Domain history if justified; never simulated truth,BigBoss/O05/surfaces/validation.json + current Owner addendum,CONCEPT_CONTRACT_ONLY
validation,W05,SC-036,OperationalWorkbenchCore,NOT_APPLICABLE,No live runtime owned by this surface,BigBoss/O05/surfaces/validation.json + current Owner addendum,PARTIAL_EXECUTABLE_OWNER
validation,W05,SC-037,ReviewDecisionInteractionCore,OPTIONAL,Decision read projection only; no formal adjudication write,BigBoss/O05/surfaces/validation.json + current Owner addendum,CONCEPT_CONTRACT_ONLY
validation,W05,SC-038,NotesAnnotationCore,MANDATORY_INHERIT,Universal presentation/action/state boundary applies; domain supplies content only,BigBoss/O05/surfaces/validation.json + current Owner addendum,PARTIAL_EXECUTABLE_OWNER
validation,W05,SC-039,ProductionMappingBoundary,NOT_APPLICABLE,Production mapping is evidence only; no production target in bounded foundation,BigBoss/O05/surfaces/validation.json + current Owner addendum,CONCEPT_CONTRACT_ONLY
validation,W05,SC-040,PreferenceVsDomainConfigBoundary,MANDATORY_INHERIT,Universal presentation/action/state boundary applies; domain supplies content only,BigBoss/O05/surfaces/validation.json + current Owner addendum,CONCEPT_CONTRACT_ONLY
validation,W05,WorkspaceFrame,WorkspaceFrame,MANDATORY_INHERIT,Universal presentation/action/state boundary applies; domain supplies content only,SC-002,EXECUTABLE_BOUNDED
validation,W05,SidePaneShell,SidePaneShell,MANDATORY_INHERIT,Universal presentation/action/state boundary applies; domain supplies content only,SC-003,EXECUTABLE_BOUNDED
validation,W05,WorkspaceToolbar,WorkspaceToolbar,MANDATORY_INHERIT,Universal presentation/action/state boundary applies; domain supplies content only,SC-017,EXECUTABLE_BOUNDED
validation,W05,CommandPalette,CommandPalette,MANDATORY_INHERIT,Universal presentation/action/state boundary applies; domain supplies content only,SC-016,EXECUTABLE_BOUNDED
validation,W05,ContextActionMenu,ContextActionMenu,MANDATORY_INHERIT,Universal presentation/action/state boundary applies; domain supplies content only,SC-017,EXECUTABLE_BOUNDED
validation,W05,SelectionActionSurface,SelectionActionSurface,OPTIONAL,For personal annotations or working text only; no new canonical domain mutation,SC-027,EXECUTABLE_BOUNDED
validation,W05,InsertionPalette,InsertionPalette,OPTIONAL,For personal annotations or working text only; no new canonical domain mutation,SC-030,EXECUTABLE_BOUNDED
validation,W05,ContextInspector,ContextInspector,MANDATORY_INHERIT,Universal presentation/action/state boundary applies; domain supplies content only,SC-004,EXECUTABLE_BOUNDED
validation,W05,LensHost,LensHost,MANDATORY_INHERIT,Universal presentation/action/state boundary applies; domain supplies content only,SC-004,EXECUTABLE_BOUNDED
validation,W05,BottomShelf,BottomShelf,MANDATORY_INHERIT,Universal presentation/action/state boundary applies; domain supplies content only,SC-005,EXECUTABLE_BOUNDED
validation,W05,SettingsCenter,SettingsCenter,MANDATORY_INHERIT,Universal presentation/action/state boundary applies; domain supplies content only,SC-009,EXECUTABLE_BOUNDED
validation,W05,ScopedPreferencesOwner,ScopedPreferencesOwner,MANDATORY_INHERIT,Universal presentation/action/state boundary applies; domain supplies content only,SC-008,EXECUTABLE_BOUNDED
validation,W05,FocusAndDismissal,FocusAndDismissal,MANDATORY_INHERIT,Universal presentation/action/state boundary applies; domain supplies content only,SC-019,EXECUTABLE_BOUNDED
validation,W05,UnifiedEditor,UnifiedEditor,OPTIONAL,For personal annotations or working text only; no new canonical domain mutation,SC-030,EXECUTABLE_BOUNDED
validation,W05,StickyNotes,StickyNotes,MANDATORY_INHERIT,Universal presentation/action/state boundary applies; domain supplies content only,SC-038,EXECUTABLE_BOUNDED
validation,W05,SpatialInteraction,SpatialInteraction,NOT_APPLICABLE,Current surface objects/operations do not require spatial workspace; future addition needs contract delta,SC-031,EXECUTABLE_BOUNDED
validation,W05,OperationalSurface,OperationalSurface,NOT_APPLICABLE,No live runtime owned by this surface,SC-036,EXECUTABLE_BOUNDED
validation,W05,WindowMotion,WindowMotion,MANDATORY_INHERIT,Universal presentation/action/state boundary applies; domain supplies content only,SC-006,EXECUTABLE_BOUNDED
validation,W05,SemanticCommandBus,SemanticCommandBus,MANDATORY_INHERIT,Universal presentation/action/state boundary applies; domain supplies content only,SC-016,EXECUTABLE_BOUNDED
validation,W05,StatusFeedback,StatusFeedback,MANDATORY_INHERIT,Universal presentation/action/state boundary applies; domain supplies content only,SC-022,EXECUTABLE_BOUNDED
validation,W05,AnalyticalCompare,AnalyticalCompare,OPTIONAL,Only if domain supplies typed compare/history projection,SC-032,OPEN_NOT_IMPLEMENTED
visualize,W02,SC-001,GlobalShellCore,INHERIT_AND_BIND,Navigation owner shared; Shell composition explicitly reopened,BigBoss/O05/surfaces/visualize.json + current Owner addendum,CONCEPT_CONTRACT_ONLY
visualize,W02,SC-002,WorkspaceRegionCore,MANDATORY_INHERIT,Universal presentation/action/state boundary applies; domain supplies content only,BigBoss/O05/surfaces/visualize.json + current Owner addendum,PARTIAL_EXECUTABLE_OWNER
visualize,W02,SC-003,PaneResponsiveCore,MANDATORY_INHERIT,Universal presentation/action/state boundary applies; domain supplies content only,BigBoss/O05/surfaces/visualize.json + current Owner addendum,PARTIAL_EXECUTABLE_OWNER
visualize,W02,SC-004,ContextInspectorCore,MANDATORY_INHERIT,Universal presentation/action/state boundary applies; domain supplies content only,BigBoss/O05/surfaces/visualize.json + current Owner addendum,PARTIAL_EXECUTABLE_OWNER
visualize,W02,SC-005,BottomDeepWorkCore,MANDATORY_INHERIT,Universal presentation/action/state boundary applies; domain supplies content only,BigBoss/O05/surfaces/visualize.json + current Owner addendum,PARTIAL_EXECUTABLE_OWNER
visualize,W02,SC-006,PresentationStateCore,MANDATORY_INHERIT,Universal presentation/action/state boundary applies; domain supplies content only,BigBoss/O05/surfaces/visualize.json + current Owner addendum,PARTIAL_EXECUTABLE_OWNER
visualize,W02,SC-007,GlobalPreferenceCore,MANDATORY_INHERIT,Universal presentation/action/state boundary applies; domain supplies content only,BigBoss/O05/surfaces/visualize.json + current Owner addendum,CONCEPT_CONTRACT_ONLY
visualize,W02,SC-008,PreferenceScopeResolver,MANDATORY_INHERIT,Universal presentation/action/state boundary applies; domain supplies content only,BigBoss/O05/surfaces/visualize.json + current Owner addendum,PARTIAL_EXECUTABLE_OWNER
visualize,W02,SC-009,GlobalSettingsIA,MANDATORY_INHERIT,Universal presentation/action/state boundary applies; domain supplies content only,BigBoss/O05/surfaces/visualize.json + current Owner addendum,PARTIAL_EXECUTABLE_OWNER
visualize,W02,SC-010,PreferencePersistenceCore,MANDATORY_INHERIT,Universal presentation/action/state boundary applies; domain supplies content only,BigBoss/O05/surfaces/visualize.json + current Owner addendum,CONCEPT_CONTRACT_ONLY
visualize,W02,SC-011,PreferenceExportImportResetModel,MANDATORY_INHERIT,Universal presentation/action/state boundary applies; domain supplies content only,BigBoss/O05/surfaces/visualize.json + current Owner addendum,CONCEPT_CONTRACT_ONLY
visualize,W02,SC-012,LocaleLanguagePresentationCore,MANDATORY_INHERIT,Universal presentation/action/state boundary applies; domain supplies content only,BigBoss/O05/surfaces/visualize.json + current Owner addendum,CONCEPT_CONTRACT_ONLY
visualize,W02,SC-013,DirectionAlignmentResolutionCore,MANDATORY_INHERIT,Universal presentation/action/state boundary applies; domain supplies content only,BigBoss/O05/surfaces/visualize.json + current Owner addendum,CONCEPT_CONTRACT_ONLY
visualize,W02,SC-014,TypographyAndScriptProfileCore,MANDATORY_INHERIT,Universal presentation/action/state boundary applies; domain supplies content only,BigBoss/O05/surfaces/visualize.json + current Owner addendum,CONCEPT_CONTRACT_ONLY
visualize,W02,SC-015,TechnicalTokenBidiIsolationCore,MANDATORY_INHERIT,Universal presentation/action/state boundary applies; domain supplies content only,BigBoss/O05/surfaces/visualize.json + current Owner addendum,CONCEPT_CONTRACT_ONLY
visualize,W02,SC-016,SemanticCommandCore,MANDATORY_INHERIT,Universal presentation/action/state boundary applies; domain supplies content only,BigBoss/O05/surfaces/visualize.json + current Owner addendum,PARTIAL_EXECUTABLE_OWNER
visualize,W02,SC-017,ActionSurfaceCore,MANDATORY_INHERIT,Universal presentation/action/state boundary applies; domain supplies content only,BigBoss/O05/surfaces/visualize.json + current Owner addendum,PARTIAL_EXECUTABLE_OWNER
visualize,W02,SC-018,ActionAvailabilityCore,MANDATORY_INHERIT,Universal presentation/action/state boundary applies; domain supplies content only,BigBoss/O05/surfaces/visualize.json + current Owner addendum,CONCEPT_CONTRACT_ONLY
visualize,W02,SC-019,TransientFocusCore,MANDATORY_INHERIT,Universal presentation/action/state boundary applies; domain supplies content only,BigBoss/O05/surfaces/visualize.json + current Owner addendum,PARTIAL_EXECUTABLE_OWNER
visualize,W02,SC-020,InputKeymapCore,MANDATORY_INHERIT,Universal presentation/action/state boundary applies; domain supplies content only,BigBoss/O05/surfaces/visualize.json + current Owner addendum,CONCEPT_CONTRACT_ONLY
visualize,W02,SC-021,AccessibilityInteractionCore,MANDATORY_INHERIT,Universal presentation/action/state boundary applies; domain supplies content only,BigBoss/O05/surfaces/visualize.json + current Owner addendum,CONCEPT_CONTRACT_ONLY
visualize,W02,SC-022,StatusFeedbackCore,MANDATORY_INHERIT,Universal presentation/action/state boundary applies; domain supplies content only,BigBoss/O05/surfaces/visualize.json + current Owner addendum,PARTIAL_EXECUTABLE_OWNER
visualize,W02,SC-023,EpistemicStateCore,MANDATORY_INHERIT,Universal presentation/action/state boundary applies; domain supplies content only,BigBoss/O05/surfaces/visualize.json + current Owner addendum,CONCEPT_CONTRACT_ONLY
visualize,W02,SC-024,SearchFilterDiscoveryCore,OPTIONAL,Search/filter binds domain source; no fabricated data,BigBoss/O05/surfaces/visualize.json + current Owner addendum,CONCEPT_CONTRACT_ONLY
visualize,W02,SC-025,NavigationQuickAccessCore,MANDATORY_INHERIT,Universal presentation/action/state boundary applies; domain supplies content only,BigBoss/O05/surfaces/visualize.json + current Owner addendum,CONCEPT_CONTRACT_ONLY
visualize,W02,SC-026,ConfirmationSafetyCore,MANDATORY_INHERIT,Universal presentation/action/state boundary applies; domain supplies content only,BigBoss/O05/surfaces/visualize.json + current Owner addendum,CONCEPT_CONTRACT_ONLY
visualize,W02,SC-027,SelectionInteractionCore,OPTIONAL,For personal annotations or working text only; no new canonical domain mutation,BigBoss/O05/surfaces/visualize.json + current Owner addendum,PARTIAL_EXECUTABLE_OWNER
visualize,W02,SC-028,TransactionHistoryCore,OPTIONAL,For personal annotations or working text only; no new canonical domain mutation,BigBoss/O05/surfaces/visualize.json + current Owner addendum,CONCEPT_CONTRACT_ONLY
visualize,W02,SC-029,ClipboardTrustCore,OPTIONAL,For personal annotations or working text only; no new canonical domain mutation,BigBoss/O05/surfaces/visualize.json + current Owner addendum,CONCEPT_CONTRACT_ONLY
visualize,W02,SC-030,StructuredContentCore,OPTIONAL,For personal annotations or working text only; no new canonical domain mutation,BigBoss/O05/surfaces/visualize.json + current Owner addendum,PARTIAL_EXECUTABLE_OWNER
visualize,W02,SC-031,SpatialInteractionCore,INHERIT_AND_BIND,Explicit shared mechanic in admitted unsuperseded conceptual surface contract,BigBoss/O05/surfaces/visualize.json + current Owner addendum,PARTIAL_EXECUTABLE_OWNER
visualize,W02,SC-032,AnalyticalWorkbenchCore,OPTIONAL,Only if domain supplies typed compare/history projection,BigBoss/O05/surfaces/visualize.json + current Owner addendum,CONCEPT_CONTRACT_ONLY
visualize,W02,SC-033,AuditProvenanceInteractionCore,OPTIONAL,Command receipts only; canonical Audit adapter not implied,BigBoss/O05/surfaces/visualize.json + current Owner addendum,CONCEPT_CONTRACT_ONLY
visualize,W02,SC-034,CollectionTableMatrixCore,INHERIT_AND_BIND,Collection/object browse binds row identity and domain actions,BigBoss/O05/surfaces/visualize.json + current Owner addendum,CONCEPT_CONTRACT_ONLY
visualize,W02,SC-035,TimelineReplayCore,OPTIONAL,Domain history if justified; never simulated truth,BigBoss/O05/surfaces/visualize.json + current Owner addendum,CONCEPT_CONTRACT_ONLY
visualize,W02,SC-036,OperationalWorkbenchCore,NOT_APPLICABLE,No live runtime owned by this surface,BigBoss/O05/surfaces/visualize.json + current Owner addendum,PARTIAL_EXECUTABLE_OWNER
visualize,W02,SC-037,ReviewDecisionInteractionCore,OPTIONAL,Decision read projection only; no formal adjudication write,BigBoss/O05/surfaces/visualize.json + current Owner addendum,CONCEPT_CONTRACT_ONLY
visualize,W02,SC-038,NotesAnnotationCore,MANDATORY_INHERIT,Universal presentation/action/state boundary applies; domain supplies content only,BigBoss/O05/surfaces/visualize.json + current Owner addendum,PARTIAL_EXECUTABLE_OWNER
visualize,W02,SC-039,ProductionMappingBoundary,NOT_APPLICABLE,Production mapping is evidence only; no production target in bounded foundation,BigBoss/O05/surfaces/visualize.json + current Owner addendum,CONCEPT_CONTRACT_ONLY
visualize,W02,SC-040,PreferenceVsDomainConfigBoundary,MANDATORY_INHERIT,Universal presentation/action/state boundary applies; domain supplies content only,BigBoss/O05/surfaces/visualize.json + current Owner addendum,CONCEPT_CONTRACT_ONLY
visualize,W02,WorkspaceFrame,WorkspaceFrame,MANDATORY_INHERIT,Universal presentation/action/state boundary applies; domain supplies content only,SC-002,EXECUTABLE_BOUNDED
visualize,W02,SidePaneShell,SidePaneShell,MANDATORY_INHERIT,Universal presentation/action/state boundary applies; domain supplies content only,SC-003,EXECUTABLE_BOUNDED
visualize,W02,WorkspaceToolbar,WorkspaceToolbar,MANDATORY_INHERIT,Universal presentation/action/state boundary applies; domain supplies content only,SC-017,EXECUTABLE_BOUNDED
visualize,W02,CommandPalette,CommandPalette,MANDATORY_INHERIT,Universal presentation/action/state boundary applies; domain supplies content only,SC-016,EXECUTABLE_BOUNDED
visualize,W02,ContextActionMenu,ContextActionMenu,MANDATORY_INHERIT,Universal presentation/action/state boundary applies; domain supplies content only,SC-017,EXECUTABLE_BOUNDED
visualize,W02,SelectionActionSurface,SelectionActionSurface,OPTIONAL,For personal annotations or working text only; no new canonical domain mutation,SC-027,EXECUTABLE_BOUNDED
visualize,W02,InsertionPalette,InsertionPalette,OPTIONAL,For personal annotations or working text only; no new canonical domain mutation,SC-030,EXECUTABLE_BOUNDED
visualize,W02,ContextInspector,ContextInspector,MANDATORY_INHERIT,Universal presentation/action/state boundary applies; domain supplies content only,SC-004,EXECUTABLE_BOUNDED
visualize,W02,LensHost,LensHost,MANDATORY_INHERIT,Universal presentation/action/state boundary applies; domain supplies content only,SC-004,EXECUTABLE_BOUNDED
visualize,W02,BottomShelf,BottomShelf,MANDATORY_INHERIT,Universal presentation/action/state boundary applies; domain supplies content only,SC-005,EXECUTABLE_BOUNDED
visualize,W02,SettingsCenter,SettingsCenter,MANDATORY_INHERIT,Universal presentation/action/state boundary applies; domain supplies content only,SC-009,EXECUTABLE_BOUNDED
visualize,W02,ScopedPreferencesOwner,ScopedPreferencesOwner,MANDATORY_INHERIT,Universal presentation/action/state boundary applies; domain supplies content only,SC-008,EXECUTABLE_BOUNDED
visualize,W02,FocusAndDismissal,FocusAndDismissal,MANDATORY_INHERIT,Universal presentation/action/state boundary applies; domain supplies content only,SC-019,EXECUTABLE_BOUNDED
visualize,W02,UnifiedEditor,UnifiedEditor,OPTIONAL,For personal annotations or working text only; no new canonical domain mutation,SC-030,EXECUTABLE_BOUNDED
visualize,W02,StickyNotes,StickyNotes,MANDATORY_INHERIT,Universal presentation/action/state boundary applies; domain supplies content only,SC-038,EXECUTABLE_BOUNDED
visualize,W02,SpatialInteraction,SpatialInteraction,INHERIT_AND_BIND,Explicit shared mechanic in admitted unsuperseded conceptual surface contract,SC-031,EXECUTABLE_BOUNDED
visualize,W02,OperationalSurface,OperationalSurface,NOT_APPLICABLE,No live runtime owned by this surface,SC-036,EXECUTABLE_BOUNDED
visualize,W02,WindowMotion,WindowMotion,MANDATORY_INHERIT,Universal presentation/action/state boundary applies; domain supplies content only,SC-006,EXECUTABLE_BOUNDED
visualize,W02,SemanticCommandBus,SemanticCommandBus,MANDATORY_INHERIT,Universal presentation/action/state boundary applies; domain supplies content only,SC-016,EXECUTABLE_BOUNDED
visualize,W02,StatusFeedback,StatusFeedback,MANDATORY_INHERIT,Universal presentation/action/state boundary applies; domain supplies content only,SC-022,EXECUTABLE_BOUNDED
visualize,W02,AnalyticalCompare,AnalyticalCompare,OPTIONAL,Only if domain supplies typed compare/history projection,SC-032,OPEN_NOT_IMPLEMENTED
