atom_id,ontology_id,kind,owner,requirement,source_ref,disposition,physical_authority,implementation
ATOM-CAP-SHARED-001,CAP-SHARED-001,SHARED_MECHANISM,GlobalShellDomain,GlobalShellCore,SC-001,ADMITTED_CONCEPT_SUBJECT_TO_OWNER_SUPERSESSION,NONE,Explicit 23-profile and runtime binding; atom-level behavioral proof OPEN
ATOM-CAP-SHARED-002,CAP-SHARED-002,SHARED_MECHANISM,WorkspaceShellCore,WorkspaceRegionCore,SC-002,ADMITTED_CONCEPT_SUBJECT_TO_OWNER_SUPERSESSION,NONE,Explicit 23-profile and runtime binding; atom-level behavioral proof OPEN
ATOM-CAP-SHARED-003,CAP-SHARED-003,SHARED_MECHANISM,WorkspacePresentationCore,PaneResponsiveCore,SC-003,ADMITTED_CONCEPT_SUBJECT_TO_OWNER_SUPERSESSION,NONE,Explicit 23-profile and runtime binding; atom-level behavioral proof OPEN
ATOM-CAP-SHARED-004,CAP-SHARED-004,SHARED_MECHANISM,WorkspacePresentationCore,ContextInspectorCore,SC-004,ADMITTED_CONCEPT_SUBJECT_TO_OWNER_SUPERSESSION,NONE,Explicit 23-profile and runtime binding; atom-level behavioral proof OPEN
ATOM-CAP-SHARED-005,CAP-SHARED-005,SHARED_MECHANISM,WorkspacePresentationCore,BottomDeepWorkCore,SC-005,ADMITTED_CONCEPT_SUBJECT_TO_OWNER_SUPERSESSION,NONE,Explicit 23-profile and runtime binding; atom-level behavioral proof OPEN
ATOM-CAP-SHARED-006,CAP-SHARED-006,SHARED_MECHANISM,WorkspacePresentationCore,PresentationStateCore,SC-006,ADMITTED_CONCEPT_SUBJECT_TO_OWNER_SUPERSESSION,NONE,Explicit 23-profile and runtime binding; atom-level behavioral proof OPEN
ATOM-CAP-SHARED-007,CAP-SHARED-007,SHARED_MECHANISM,GlobalPreferenceDomain,GlobalPreferenceCore,SC-007,ADMITTED_CONCEPT_SUBJECT_TO_OWNER_SUPERSESSION,NONE,Explicit 23-profile and runtime binding; atom-level behavioral proof OPEN
ATOM-CAP-SHARED-008,CAP-SHARED-008,SHARED_MECHANISM,GlobalPreferenceDomain,PreferenceScopeResolver,SC-008,ADMITTED_CONCEPT_SUBJECT_TO_OWNER_SUPERSESSION,NONE,Explicit 23-profile and runtime binding; atom-level behavioral proof OPEN
ATOM-CAP-SHARED-009,CAP-SHARED-009,SHARED_MECHANISM,GlobalPreferenceDomain,GlobalSettingsIA,SC-009,ADMITTED_CONCEPT_SUBJECT_TO_OWNER_SUPERSESSION,NONE,Explicit 23-profile and runtime binding; atom-level behavioral proof OPEN
ATOM-CAP-SHARED-010,CAP-SHARED-010,SHARED_MECHANISM,GlobalPreferenceDomain,PreferencePersistenceCore,SC-010,ADMITTED_CONCEPT_SUBJECT_TO_OWNER_SUPERSESSION,NONE,Explicit 23-profile and runtime binding; atom-level behavioral proof OPEN
ATOM-CAP-SHARED-011,CAP-SHARED-011,SHARED_MECHANISM,GlobalPreferenceDomain,PreferenceExportImportResetModel,SC-011,ADMITTED_CONCEPT_SUBJECT_TO_OWNER_SUPERSESSION,NONE,Explicit 23-profile and runtime binding; atom-level behavioral proof OPEN
ATOM-CAP-SHARED-012,CAP-SHARED-012,SHARED_MECHANISM,GlobalPreferenceDomain,LocaleLanguagePresentationCore,SC-012,ADMITTED_CONCEPT_SUBJECT_TO_OWNER_SUPERSESSION,NONE,Explicit 23-profile and runtime binding; atom-level behavioral proof OPEN
ATOM-CAP-SHARED-013,CAP-SHARED-013,SHARED_MECHANISM,GlobalPreferenceDomain,DirectionAlignmentResolutionCore,SC-013,ADMITTED_CONCEPT_SUBJECT_TO_OWNER_SUPERSESSION,NONE,Explicit 23-profile and runtime binding; atom-level behavioral proof OPEN
ATOM-CAP-SHARED-014,CAP-SHARED-014,SHARED_MECHANISM,GlobalPreferenceDomain,TypographyAndScriptProfileCore,SC-014,ADMITTED_CONCEPT_SUBJECT_TO_OWNER_SUPERSESSION,NONE,Explicit 23-profile and runtime binding; atom-level behavioral proof OPEN
ATOM-CAP-SHARED-015,CAP-SHARED-015,SHARED_MECHANISM,AccessibilityPresentationCore,TechnicalTokenBidiIsolationCore,SC-015,ADMITTED_CONCEPT_SUBJECT_TO_OWNER_SUPERSESSION,NONE,Explicit 23-profile and runtime binding; atom-level behavioral proof OPEN
ATOM-CAP-SHARED-016,CAP-SHARED-016,SHARED_MECHANISM,InteractionCore,SemanticCommandCore,SC-016,ADMITTED_CONCEPT_SUBJECT_TO_OWNER_SUPERSESSION,NONE,Explicit 23-profile and runtime binding; atom-level behavioral proof OPEN
ATOM-CAP-SHARED-017,CAP-SHARED-017,SHARED_MECHANISM,InteractionCore,ActionSurfaceCore,SC-017,ADMITTED_CONCEPT_SUBJECT_TO_OWNER_SUPERSESSION,NONE,Explicit 23-profile and runtime binding; atom-level behavioral proof OPEN
ATOM-CAP-SHARED-018,CAP-SHARED-018,SHARED_MECHANISM,InteractionCore,ActionAvailabilityCore,SC-018,ADMITTED_CONCEPT_SUBJECT_TO_OWNER_SUPERSESSION,NONE,Explicit 23-profile and runtime binding; atom-level behavioral proof OPEN
ATOM-CAP-SHARED-019,CAP-SHARED-019,SHARED_MECHANISM,AccessibilityInteractionCore,TransientFocusCore,SC-019,ADMITTED_CONCEPT_SUBJECT_TO_OWNER_SUPERSESSION,NONE,Explicit 23-profile and runtime binding; atom-level behavioral proof OPEN
ATOM-CAP-SHARED-020,CAP-SHARED-020,SHARED_MECHANISM,InteractionCore,InputKeymapCore,SC-020,ADMITTED_CONCEPT_SUBJECT_TO_OWNER_SUPERSESSION,NONE,Explicit 23-profile and runtime binding; atom-level behavioral proof OPEN
ATOM-CAP-SHARED-021,CAP-SHARED-021,SHARED_MECHANISM,AccessibilityInteractionCore,AccessibilityInteractionCore,SC-021,ADMITTED_CONCEPT_SUBJECT_TO_OWNER_SUPERSESSION,NONE,Explicit 23-profile and runtime binding; atom-level behavioral proof OPEN
ATOM-CAP-SHARED-022,CAP-SHARED-022,SHARED_MECHANISM,InteractionCore,StatusFeedbackCore,SC-022,ADMITTED_CONCEPT_SUBJECT_TO_OWNER_SUPERSESSION,NONE,Explicit 23-profile and runtime binding; atom-level behavioral proof OPEN
ATOM-CAP-SHARED-023,CAP-SHARED-023,SHARED_MECHANISM,StateTruthCore,EpistemicStateCore,SC-023,ADMITTED_CONCEPT_SUBJECT_TO_OWNER_SUPERSESSION,NONE,Explicit 23-profile and runtime binding; atom-level behavioral proof OPEN
ATOM-CAP-SHARED-024,CAP-SHARED-024,SHARED_MECHANISM,InteractionCore,SearchFilterDiscoveryCore,SC-024,ADMITTED_CONCEPT_SUBJECT_TO_OWNER_SUPERSESSION,NONE,Explicit 23-profile and runtime binding; atom-level behavioral proof OPEN
ATOM-CAP-SHARED-025,CAP-SHARED-025,SHARED_MECHANISM,InteractionCore,NavigationQuickAccessCore,SC-025,ADMITTED_CONCEPT_SUBJECT_TO_OWNER_SUPERSESSION,NONE,Explicit 23-profile and runtime binding; atom-level behavioral proof OPEN
ATOM-CAP-SHARED-026,CAP-SHARED-026,SHARED_MECHANISM,SafetyInteractionCore,ConfirmationSafetyCore,SC-026,ADMITTED_CONCEPT_SUBJECT_TO_OWNER_SUPERSESSION,NONE,Explicit 23-profile and runtime binding; atom-level behavioral proof OPEN
ATOM-CAP-SHARED-027,CAP-SHARED-027,SHARED_MECHANISM,InteractionCore,SelectionInteractionCore,SC-027,ADMITTED_CONCEPT_SUBJECT_TO_OWNER_SUPERSESSION,NONE,Explicit 23-profile and runtime binding; atom-level behavioral proof OPEN
ATOM-CAP-SHARED-028,CAP-SHARED-028,SHARED_MECHANISM,EditingCore,TransactionHistoryCore,SC-028,ADMITTED_CONCEPT_SUBJECT_TO_OWNER_SUPERSESSION,NONE,Explicit 23-profile and runtime binding; atom-level behavioral proof OPEN
ATOM-CAP-SHARED-029,CAP-SHARED-029,SHARED_MECHANISM,EditingCore,ClipboardTrustCore,SC-029,ADMITTED_CONCEPT_SUBJECT_TO_OWNER_SUPERSESSION,NONE,Explicit 23-profile and runtime binding; atom-level behavioral proof OPEN
ATOM-CAP-SHARED-030,CAP-SHARED-030,SHARED_MECHANISM,StructuredContentCore,StructuredContentCore,SC-030,ADMITTED_CONCEPT_SUBJECT_TO_OWNER_SUPERSESSION,NONE,Explicit 23-profile and runtime binding; atom-level behavioral proof OPEN
ATOM-CAP-SHARED-031,CAP-SHARED-031,SHARED_MECHANISM,SpatialInteractionCore,SpatialInteractionCore,SC-031,ADMITTED_CONCEPT_SUBJECT_TO_OWNER_SUPERSESSION,NONE,Explicit 23-profile and runtime binding; atom-level behavioral proof OPEN
ATOM-CAP-SHARED-032,CAP-SHARED-032,SHARED_MECHANISM,AnalyticalWorkbenchCore,AnalyticalWorkbenchCore,SC-032,ADMITTED_CONCEPT_SUBJECT_TO_OWNER_SUPERSESSION,NONE,Explicit 23-profile and runtime binding; atom-level behavioral proof OPEN
ATOM-CAP-SHARED-033,CAP-SHARED-033,SHARED_MECHANISM,AnalyticalWorkbenchCore,AuditProvenanceInteractionCore,SC-033,ADMITTED_CONCEPT_SUBJECT_TO_OWNER_SUPERSESSION,NONE,Explicit 23-profile and runtime binding; atom-level behavioral proof OPEN
ATOM-CAP-SHARED-034,CAP-SHARED-034,SHARED_MECHANISM,AnalyticalWorkbenchCore,CollectionTableMatrixCore,SC-034,ADMITTED_CONCEPT_SUBJECT_TO_OWNER_SUPERSESSION,NONE,Explicit 23-profile and runtime binding; atom-level behavioral proof OPEN
ATOM-CAP-SHARED-035,CAP-SHARED-035,SHARED_MECHANISM,AnalyticalWorkbenchCore,TimelineReplayCore,SC-035,ADMITTED_CONCEPT_SUBJECT_TO_OWNER_SUPERSESSION,NONE,Explicit 23-profile and runtime binding; atom-level behavioral proof OPEN
ATOM-CAP-SHARED-036,CAP-SHARED-036,SHARED_MECHANISM,OperationalWorkbenchCore,OperationalWorkbenchCore,SC-036,ADMITTED_CONCEPT_SUBJECT_TO_OWNER_SUPERSESSION,NONE,Explicit 23-profile and runtime binding; atom-level behavioral proof OPEN
ATOM-CAP-SHARED-037,CAP-SHARED-037,SHARED_MECHANISM,W04ReviewInteractionCore,ReviewDecisionInteractionCore,SC-037,ADMITTED_CONCEPT_SUBJECT_TO_OWNER_SUPERSESSION,NONE,Explicit 23-profile and runtime binding; atom-level behavioral proof OPEN
ATOM-CAP-SHARED-038,CAP-SHARED-038,SHARED_MECHANISM,AnnotationCore,NotesAnnotationCore,SC-038,ADMITTED_CONCEPT_SUBJECT_TO_OWNER_SUPERSESSION,NONE,Explicit 23-profile and runtime binding; atom-level behavioral proof OPEN
ATOM-CAP-SHARED-039,CAP-SHARED-039,SHARED_MECHANISM,ProductionMappingCore,ProductionMappingBoundary,SC-039,ADMITTED_CONCEPT_SUBJECT_TO_OWNER_SUPERSESSION,NONE,Explicit 23-profile and runtime binding; atom-level behavioral proof OPEN
ATOM-CAP-SHARED-040,CAP-SHARED-040,SHARED_MECHANISM,GlobalPreferenceDomain,PreferenceVsDomainConfigBoundary,SC-040,ADMITTED_CONCEPT_SUBJECT_TO_OWNER_SUPERSESSION,NONE,Explicit 23-profile and runtime binding; atom-level behavioral proof OPEN
ATOM-CAP-W01-TOD-001,CAP-W01-TOD-001,DOMAIN_CAPABILITY_OR_CONTRACT,TodayOrchestration,Continue Session as the highest-value resume path.,01_W01/01_TODAY_DECISION_CAPSULE.md,ADMITTED_CONCEPT_SUBJECT_TO_OWNER_SUPERSESSION,NONE,Explicit 23-profile and runtime binding; atom-level behavioral proof OPEN
ATOM-CAP-W01-TOD-002,CAP-W01-TOD-002,DOMAIN_CAPABILITY_OR_CONTRACT,TodayOrchestration,Recommendation + explicit Why / unlock rationale.,01_W01/01_TODAY_DECISION_CAPSULE.md,ADMITTED_CONCEPT_SUBJECT_TO_OWNER_SUPERSESSION,NONE,Explicit 23-profile and runtime binding; atom-level behavioral proof OPEN
ATOM-CAP-W01-TOD-003,CAP-W01-TOD-003,DOMAIN_CAPABILITY_OR_CONTRACT,TodayOrchestration,Attention items and recent context without inventing domain ownership.,01_W01/01_TODAY_DECISION_CAPSULE.md,ADMITTED_CONCEPT_SUBJECT_TO_OWNER_SUPERSESSION,NONE,Explicit 23-profile and runtime binding; atom-level behavioral proof OPEN
ATOM-CAP-W01-TOD-004,CAP-W01-TOD-004,DOMAIN_CAPABILITY_OR_CONTRACT,TodayOrchestration,Progress projection wording that never becomes Mastery truth.,01_W01/01_TODAY_DECISION_CAPSULE.md,ADMITTED_CONCEPT_SUBJECT_TO_OWNER_SUPERSESSION,NONE,Explicit 23-profile and runtime binding; atom-level behavioral proof OPEN
ATOM-CAP-W01-TOD-005,CAP-W01-TOD-005,DOMAIN_CAPABILITY_OR_CONTRACT,TodayOrchestration,Old Command Palette route and generic pane preference persistence as `POSSIBLE_VALUE_LOSS` candidates rather than silently discarding them.,01_W01/01_TODAY_DECISION_CAPSULE.md,ADMITTED_CONCEPT_SUBJECT_TO_OWNER_SUPERSESSION,NONE,Explicit 23-profile and runtime binding; atom-level behavioral proof OPEN
ATOM-CAP-W01-TOD-006,CAP-W01-TOD-006,EVIDENCE_REQUIREMENT_NOT_BEHAVIOR,TodayOrchestration,Owner-confirmed visual direction and useful old raster/reference calibration only where it improves fidelity without becoming permanent debug chrome.,01_W01/01_TODAY_DECISION_CAPSULE.md,ADMITTED_CONCEPT_SUBJECT_TO_OWNER_SUPERSESSION,NONE,Explicit 23-profile and runtime binding; atom-level behavioral proof OPEN
ATOM-CAP-W01-TOD-007,CAP-W01-TOD-007,DOMAIN_CAPABILITY_OR_CONTRACT,TodayOrchestration,Provider/data availability semantics and source projection.,01_W01/01_TODAY_DECISION_CAPSULE.md,ADMITTED_CONCEPT_SUBJECT_TO_OWNER_SUPERSESSION,NONE,Explicit 23-profile and runtime binding; atom-level behavioral proof OPEN
ATOM-CAP-W01-TOD-008,CAP-W01-TOD-008,DOMAIN_CAPABILITY_OR_CONTRACT,TodayOrchestration,Continue-session / recommendation / attention / recent-context orchestration.,01_W01/01_TODAY_DECISION_CAPSULE.md,ADMITTED_CONCEPT_SUBJECT_TO_OWNER_SUPERSESSION,NONE,Explicit 23-profile and runtime binding; atom-level behavioral proof OPEN
ATOM-CAP-W01-TOD-009,CAP-W01-TOD-009,DOMAIN_CAPABILITY_OR_CONTRACT,TodayOrchestration,Progress as projection only; Mastery stays W04-owned.,01_W01/01_TODAY_DECISION_CAPSULE.md,ADMITTED_CONCEPT_SUBJECT_TO_OWNER_SUPERSESSION,NONE,Explicit 23-profile and runtime binding; atom-level behavioral proof OPEN
ATOM-CAP-W01-TOD-010,CAP-W01-TOD-010,DOMAIN_CAPABILITY_OR_CONTRACT,TodayOrchestration,Production Today must bind to real read models/providers and expose source/freshness/error truth.,01_W01/01_TODAY_DECISION_CAPSULE.md,ADMITTED_CONCEPT_SUBJECT_TO_OWNER_SUPERSESSION,NONE,Explicit 23-profile and runtime binding; atom-level behavioral proof OPEN
ATOM-CAP-W01-TOD-011,CAP-W01-TOD-011,DOMAIN_CAPABILITY_OR_CONTRACT,TodayOrchestration,Do not map deterministic Blueprint fixtures to production truth.,01_W01/01_TODAY_DECISION_CAPSULE.md,ADMITTED_CONCEPT_SUBJECT_TO_OWNER_SUPERSESSION,NONE,Explicit 23-profile and runtime binding; atom-level behavioral proof OPEN
ATOM-CAP-W01-TOD-012,CAP-W01-TOD-012,DOMAIN_CAPABILITY_OR_CONTRACT,TodayOrchestration,Keep canonical domain writes in their owning modules; Today issues semantic commands/navigation only.,01_W01/01_TODAY_DECISION_CAPSULE.md,ADMITTED_CONCEPT_SUBJECT_TO_OWNER_SUPERSESSION,NONE,Explicit 23-profile and runtime binding; atom-level behavioral proof OPEN
ATOM-CAP-W01-SHL-001,CAP-W01-SHL-001,DOMAIN_CAPABILITY_OR_CONTRACT,GlobalShellDomain,"Exactly five global destinations: Today, Knowledge & Learning, Simulation & Enterprise, Progress & Evidence, System & Operations.",01_W01/02_SHARED_GLOBAL_SHELL_DECISION_CAPSULE.md,ADMITTED_CONCEPT_SUBJECT_TO_OWNER_SUPERSESSION,NONE,Explicit 23-profile and runtime binding; atom-level behavioral proof OPEN
ATOM-CAP-W01-SHL-002,CAP-W01-SHL-002,DOMAIN_CAPABILITY_OR_CONTRACT,GlobalShellDomain,TOP/LEFT/CENTER/RIGHT/BOTTOM workspace grammar.,01_W01/02_SHARED_GLOBAL_SHELL_DECISION_CAPSULE.md,ADMITTED_CONCEPT_SUBJECT_TO_OWNER_SUPERSESSION,NONE,Explicit 23-profile and runtime binding; atom-level behavioral proof OPEN
ATOM-CAP-W01-SHL-003,CAP-W01-SHL-003,DOMAIN_CAPABILITY_OR_CONTRACT,GlobalShellDomain,Context preservation across global/back transitions: active object/section/scroll/selection/task context where safe.,01_W01/02_SHARED_GLOBAL_SHELL_DECISION_CAPSULE.md,ADMITTED_CONCEPT_SUBJECT_TO_OWNER_SUPERSESSION,NONE,Explicit 23-profile and runtime binding; atom-level behavioral proof OPEN
ATOM-CAP-W01-SHL-004,CAP-W01-SHL-004,DOMAIN_CAPABILITY_OR_CONTRACT,GlobalShellDomain,Destination-safe pane persistence and recovery intent.,01_W01/02_SHARED_GLOBAL_SHELL_DECISION_CAPSULE.md,ADMITTED_CONCEPT_SUBJECT_TO_OWNER_SUPERSESSION,NONE,Explicit 23-profile and runtime binding; atom-level behavioral proof OPEN
ATOM-CAP-W01-SHL-005,CAP-W01-SHL-005,DOMAIN_CAPABILITY_OR_CONTRACT,GlobalShellDomain,Neutral fixtures for shell Blueprint; no domain invention.,01_W01/02_SHARED_GLOBAL_SHELL_DECISION_CAPSULE.md,ADMITTED_CONCEPT_SUBJECT_TO_OWNER_SUPERSESSION,NONE,Explicit 23-profile and runtime binding; atom-level behavioral proof OPEN
ATOM-CAP-W01-SHL-006,CAP-W01-SHL-006,DOMAIN_CAPABILITY_OR_CONTRACT,GlobalShellDomain,Global route/navigation identity.,01_W01/02_SHARED_GLOBAL_SHELL_DECISION_CAPSULE.md,ADMITTED_CONCEPT_SUBJECT_TO_OWNER_SUPERSESSION,NONE,Explicit 23-profile and runtime binding; atom-level behavioral proof OPEN
ATOM-CAP-W01-SHL-007,CAP-W01-SHL-007,DOMAIN_CAPABILITY_OR_CONTRACT,GlobalShellDomain,Cross-destination context handoff metadata.,01_W01/02_SHARED_GLOBAL_SHELL_DECISION_CAPSULE.md,ADMITTED_CONCEPT_SUBJECT_TO_OWNER_SUPERSESSION,NONE,Explicit 23-profile and runtime binding; atom-level behavioral proof OPEN
ATOM-CAP-W01-SHL-008,CAP-W01-SHL-008,DOMAIN_CAPABILITY_OR_CONTRACT,GlobalShellDomain,Shell presentation/layout only; no domain-body truth.,01_W01/02_SHARED_GLOBAL_SHELL_DECISION_CAPSULE.md,ADMITTED_CONCEPT_SUBJECT_TO_OWNER_SUPERSESSION,NONE,Explicit 23-profile and runtime binding; atom-level behavioral proof OPEN
ATOM-CAP-W01-SHL-009,CAP-W01-SHL-009,DOMAIN_CAPABILITY_OR_CONTRACT,GlobalShellDomain,"Production extraction belongs in shared components/services, but current shared-path mutation remains authority gated.",01_W01/02_SHARED_GLOBAL_SHELL_DECISION_CAPSULE.md,ADMITTED_CONCEPT_SUBJECT_TO_OWNER_SUPERSESSION,NONE,Explicit 23-profile and runtime binding; atom-level behavioral proof OPEN
ATOM-CAP-W01-SHL-010,CAP-W01-SHL-010,DOMAIN_CAPABILITY_OR_CONTRACT,GlobalShellDomain,"Route state, preference state and domain state must be separate.",01_W01/02_SHARED_GLOBAL_SHELL_DECISION_CAPSULE.md,ADMITTED_CONCEPT_SUBJECT_TO_OWNER_SUPERSESSION,NONE,Explicit 23-profile and runtime binding; atom-level behavioral proof OPEN
ATOM-CAP-W01-SHL-011,CAP-W01-SHL-011,DOMAIN_CAPABILITY_OR_CONTRACT,GlobalShellDomain,Global shell must not duplicate frontend domain stores.,01_W01/02_SHARED_GLOBAL_SHELL_DECISION_CAPSULE.md,ADMITTED_CONCEPT_SUBJECT_TO_OWNER_SUPERSESSION,NONE,Explicit 23-profile and runtime binding; atom-level behavioral proof OPEN
ATOM-CAP-W02-LIB-001,CAP-W02-LIB-001,EVIDENCE_REQUIREMENT_NOT_BEHAVIOR,LibraryDomain,279 Owner-request lineage rows and 80 governed requirement rows with orphan=0.,02_W02/01_LIBRARY_DECISION_CAPSULE.md,ADMITTED_CONCEPT_SUBJECT_TO_OWNER_SUPERSESSION,NONE,Explicit 23-profile and runtime binding; atom-level behavioral proof OPEN
ATOM-CAP-W02-LIB-002,CAP-W02-LIB-002,EVIDENCE_REQUIREMENT_NOT_BEHAVIOR,LibraryDomain,33 value-recovery rows; 39 production-mapping entries; 25 historical receipts.,02_W02/01_LIBRARY_DECISION_CAPSULE.md,ADMITTED_CONCEPT_SUBJECT_TO_OWNER_SUPERSESSION,NONE,Explicit 23-profile and runtime binding; atom-level behavioral proof OPEN
ATOM-CAP-W02-LIB-003,CAP-W02-LIB-003,DOMAIN_CAPABILITY_OR_CONTRACT,LibraryDomain,UnifiedEditorCore as one semantic editor owner.,02_W02/01_LIBRARY_DECISION_CAPSULE.md,ADMITTED_CONCEPT_SUBJECT_TO_OWNER_SUPERSESSION,NONE,Explicit 23-profile and runtime binding; atom-level behavioral proof OPEN
ATOM-CAP-W02-LIB-004,CAP-W02-LIB-004,DOMAIN_CAPABILITY_OR_CONTRACT,LibraryDomain,"ContextInspector/ContextLensHost, BottomShelf deep workspace, StickyNoteHost over one note/editor core.",02_W02/01_LIBRARY_DECISION_CAPSULE.md,ADMITTED_CONCEPT_SUBJECT_TO_OWNER_SUPERSESSION,NONE,Explicit 23-profile and runtime binding; atom-level behavioral proof OPEN
ATOM-CAP-W02-LIB-005,CAP-W02-LIB-005,DOMAIN_CAPABILITY_OR_CONTRACT,LibraryDomain,"Gap insertion, insertion palette, block/selection context actions, history/recovery and clipboard trust boundaries.",02_W02/01_LIBRARY_DECISION_CAPSULE.md,ADMITTED_CONCEPT_SUBJECT_TO_OWNER_SUPERSESSION,NONE,Explicit 23-profile and runtime binding; atom-level behavioral proof OPEN
ATOM-CAP-W02-LIB-006,CAP-W02-LIB-006,DOMAIN_CAPABILITY_OR_CONTRACT,LibraryDomain,"Preferred/effective responsive state, focus mode, pane control and mature Settings/PreferenceStore patterns.",02_W02/01_LIBRARY_DECISION_CAPSULE.md,ADMITTED_CONCEPT_SUBJECT_TO_OWNER_SUPERSESSION,NONE,Explicit 23-profile and runtime binding; atom-level behavioral proof OPEN
ATOM-CAP-W02-LIB-007,CAP-W02-LIB-007,DOMAIN_CAPABILITY_OR_CONTRACT,LibraryDomain,Knowledge Unit/content/document semantics.,02_W02/01_LIBRARY_DECISION_CAPSULE.md,ADMITTED_CONCEPT_SUBJECT_TO_OWNER_SUPERSESSION,NONE,Explicit 23-profile and runtime binding; atom-level behavioral proof OPEN
ATOM-CAP-W02-LIB-008,CAP-W02-LIB-008,DOMAIN_CAPABILITY_OR_CONTRACT,LibraryDomain,Canonical knowledge mutation and editor working model.,02_W02/01_LIBRARY_DECISION_CAPSULE.md,ADMITTED_CONCEPT_SUBJECT_TO_OWNER_SUPERSESSION,NONE,Explicit 23-profile and runtime binding; atom-level behavioral proof OPEN
ATOM-CAP-W02-LIB-009,CAP-W02-LIB-009,DOMAIN_CAPABILITY_OR_CONTRACT,LibraryDomain,Library structure/navigation semantics and document-specific block behavior.,02_W02/01_LIBRARY_DECISION_CAPSULE.md,ADMITTED_CONCEPT_SUBJECT_TO_OWNER_SUPERSESSION,NONE,Explicit 23-profile and runtime binding; atom-level behavioral proof OPEN
ATOM-CAP-W02-LIB-010,CAP-W02-LIB-010,EVIDENCE_REQUIREMENT_NOT_BEHAVIOR,LibraryDomain,Use the 39 mapping entries as concrete production-binding evidence.,02_W02/01_LIBRARY_DECISION_CAPSULE.md,ADMITTED_CONCEPT_SUBJECT_TO_OWNER_SUPERSESSION,NONE,Explicit 23-profile and runtime binding; atom-level behavioral proof OPEN
ATOM-CAP-W02-LIB-011,CAP-W02-LIB-011,DOMAIN_CAPABILITY_OR_CONTRACT,LibraryDomain,Consumers should map to shared production owners rather than reimplement local copies.,02_W02/01_LIBRARY_DECISION_CAPSULE.md,ADMITTED_CONCEPT_SUBJECT_TO_OWNER_SUPERSESSION,NONE,Explicit 23-profile and runtime binding; atom-level behavioral proof OPEN
ATOM-CAP-W02-LIB-012,CAP-W02-LIB-012,DOMAIN_CAPABILITY_OR_CONTRACT,LibraryDomain,Canonical content and user presentation preferences stay separate.,02_W02/01_LIBRARY_DECISION_CAPSULE.md,ADMITTED_CONCEPT_SUBJECT_TO_OWNER_SUPERSESSION,NONE,Explicit 23-profile and runtime binding; atom-level behavioral proof OPEN
ATOM-CAP-W02-LRN-001,CAP-W02-LRN-001,DOMAIN_CAPABILITY_OR_CONTRACT,LearnDomain,Journey/orientation/progression context.,02_W02/02_LEARN_DECISION_CAPSULE.md,ADMITTED_CONCEPT_SUBJECT_TO_OWNER_SUPERSESSION,NONE,Explicit 23-profile and runtime binding; atom-level behavioral proof OPEN
ATOM-CAP-W02-LRN-002,CAP-W02-LRN-002,DOMAIN_CAPABILITY_OR_CONTRACT,LearnDomain,"Practice, Assessment and Lab truth with Progress != Mastery.",02_W02/02_LEARN_DECISION_CAPSULE.md,ADMITTED_CONCEPT_SUBJECT_TO_OWNER_SUPERSESSION,NONE,Explicit 23-profile and runtime binding; atom-level behavioral proof OPEN
ATOM-CAP-W02-LRN-003,CAP-W02-LRN-003,DOMAIN_CAPABILITY_OR_CONTRACT,LearnDomain,"Quick Jump, panes, Notes, Focus Mode, command discovery and rich workspace behavior where valid.",02_W02/02_LEARN_DECISION_CAPSULE.md,ADMITTED_CONCEPT_SUBJECT_TO_OWNER_SUPERSESSION,NONE,Explicit 23-profile and runtime binding; atom-level behavioral proof OPEN
ATOM-CAP-W02-LRN-004,CAP-W02-LRN-004,EVIDENCE_REQUIREMENT_NOT_BEHAVIOR,LearnDomain,Independent v1.3 findings as high-value regression evidence.,02_W02/02_LEARN_DECISION_CAPSULE.md,ADMITTED_CONCEPT_SUBJECT_TO_OWNER_SUPERSESSION,NONE,Explicit 23-profile and runtime binding; atom-level behavioral proof OPEN
ATOM-CAP-W02-LRN-005,CAP-W02-LRN-005,DOMAIN_CAPABILITY_OR_CONTRACT,LearnDomain,v1.4's expanded semantic commands and 42 ActionSurface models.,02_W02/02_LEARN_DECISION_CAPSULE.md,ADMITTED_CONCEPT_SUBJECT_TO_OWNER_SUPERSESSION,NONE,Explicit 23-profile and runtime binding; atom-level behavioral proof OPEN
ATOM-CAP-W02-LRN-006,CAP-W02-LRN-006,DOMAIN_CAPABILITY_OR_CONTRACT,LearnDomain,Strong visual hierarchy and CENTER dominance.,02_W02/02_LEARN_DECISION_CAPSULE.md,ADMITTED_CONCEPT_SUBJECT_TO_OWNER_SUPERSESSION,NONE,Explicit 23-profile and runtime binding; atom-level behavioral proof OPEN
ATOM-CAP-W02-LRN-007,CAP-W02-LRN-007,DOMAIN_CAPABILITY_OR_CONTRACT,LearnDomain,Learning journey and recommendation/progress presentation.,02_W02/02_LEARN_DECISION_CAPSULE.md,ADMITTED_CONCEPT_SUBJECT_TO_OWNER_SUPERSESSION,NONE,Explicit 23-profile and runtime binding; atom-level behavioral proof OPEN
ATOM-CAP-W02-LRN-008,CAP-W02-LRN-008,DOMAIN_CAPABILITY_OR_CONTRACT,LearnDomain,Practice workflows and local deterministic activity state.,02_W02/02_LEARN_DECISION_CAPSULE.md,ADMITTED_CONCEPT_SUBJECT_TO_OWNER_SUPERSESSION,NONE,Explicit 23-profile and runtime binding; atom-level behavioral proof OPEN
ATOM-CAP-W02-LRN-009,CAP-W02-LRN-009,DOMAIN_CAPABILITY_OR_CONTRACT,LearnDomain,Assessment activity semantics without equating result to Mastery.,02_W02/02_LEARN_DECISION_CAPSULE.md,ADMITTED_CONCEPT_SUBJECT_TO_OWNER_SUPERSESSION,NONE,Explicit 23-profile and runtime binding; atom-level behavioral proof OPEN
ATOM-CAP-W02-LRN-010,CAP-W02-LRN-010,DOMAIN_CAPABILITY_OR_CONTRACT,LearnDomain,Lab learning workflow; W03 simulation execution remains a different domain.,02_W02/02_LEARN_DECISION_CAPSULE.md,ADMITTED_CONCEPT_SUBJECT_TO_OWNER_SUPERSESSION,NONE,Explicit 23-profile and runtime binding; atom-level behavioral proof OPEN
ATOM-CAP-W02-LRN-011,CAP-W02-LRN-011,DOMAIN_CAPABILITY_OR_CONTRACT,LearnDomain,Learn adapters should bind shared workspace/editor owners plus Learn read/write domain contracts.,02_W02/02_LEARN_DECISION_CAPSULE.md,ADMITTED_CONCEPT_SUBJECT_TO_OWNER_SUPERSESSION,NONE,Explicit 23-profile and runtime binding; atom-level behavioral proof OPEN
ATOM-CAP-W02-LRN-012,CAP-W02-LRN-012,DOMAIN_CAPABILITY_OR_CONTRACT,LearnDomain,No Mastery persistence in Learn.,02_W02/02_LEARN_DECISION_CAPSULE.md,ADMITTED_CONCEPT_SUBJECT_TO_OWNER_SUPERSESSION,NONE,Explicit 23-profile and runtime binding; atom-level behavioral proof OPEN
ATOM-CAP-W02-LRN-013,CAP-W02-LRN-013,DOMAIN_CAPABILITY_OR_CONTRACT,LearnDomain,"Any durable learning progress source must map to its canonical backend, not Blueprint local state.",02_W02/02_LEARN_DECISION_CAPSULE.md,ADMITTED_CONCEPT_SUBJECT_TO_OWNER_SUPERSESSION,NONE,Explicit 23-profile and runtime binding; atom-level behavioral proof OPEN
ATOM-CAP-W02-VIS-001,CAP-W02-VIS-001,EVIDENCE_REQUIREMENT_NOT_BEHAVIOR,VisualizeDomain,Old→v1.0→v1.1→v1.3→v1.4→v1.4.1→v2.0 value chain.,02_W02/03_VISUALIZE_DECISION_CAPSULE.md,ADMITTED_CONCEPT_SUBJECT_TO_OWNER_SUPERSESSION,NONE,Explicit 23-profile and runtime binding; atom-level behavioral proof OPEN
ATOM-CAP-W02-VIS-002,CAP-W02-VIS-002,DOMAIN_CAPABILITY_OR_CONTRACT,VisualizeDomain,Four-view editability via Tree / Path / Graph / Canvas where semantics permit.,02_W02/03_VISUALIZE_DECISION_CAPSULE.md,ADMITTED_CONCEPT_SUBJECT_TO_OWNER_SUPERSESSION,NONE,Explicit 23-profile and runtime binding; atom-level behavioral proof OPEN
ATOM-CAP-W02-VIS-003,CAP-W02-VIS-003,DOMAIN_CAPABILITY_OR_CONTRACT,VisualizeDomain,"Selection, multi-selection, marquee, align/distribute/layout, relation editing, zoom/fit/minimap/grid/snap.",02_W02/03_VISUALIZE_DECISION_CAPSULE.md,ADMITTED_CONCEPT_SUBJECT_TO_OWNER_SUPERSESSION,NONE,Explicit 23-profile and runtime binding; atom-level behavioral proof OPEN
ATOM-CAP-W02-VIS-004,CAP-W02-VIS-004,DOMAIN_CAPABILITY_OR_CONTRACT,VisualizeDomain,Accessible Spatial Navigator over the same semantic objects.,02_W02/03_VISUALIZE_DECISION_CAPSULE.md,ADMITTED_CONCEPT_SUBJECT_TO_OWNER_SUPERSESSION,NONE,Explicit 23-profile and runtime binding; atom-level behavioral proof OPEN
ATOM-CAP-W02-VIS-005,CAP-W02-VIS-005,DOMAIN_CAPABILITY_OR_CONTRACT,VisualizeDomain,Canonical vs representation split; Canvas representation identity distinct from canonical object identity.,02_W02/03_VISUALIZE_DECISION_CAPSULE.md,ADMITTED_CONCEPT_SUBJECT_TO_OWNER_SUPERSESSION,NONE,Explicit 23-profile and runtime binding; atom-level behavioral proof OPEN
ATOM-CAP-W02-VIS-006,CAP-W02-VIS-006,DOMAIN_CAPABILITY_OR_CONTRACT,VisualizeDomain,"Quick Jump / Return to Origin, workspace views, pane controller, Notes one-core/three-presentations proof.",02_W02/03_VISUALIZE_DECISION_CAPSULE.md,ADMITTED_CONCEPT_SUBJECT_TO_OWNER_SUPERSESSION,NONE,Explicit 23-profile and runtime binding; atom-level behavioral proof OPEN
ATOM-CAP-W02-VIS-007,CAP-W02-VIS-007,DOMAIN_CAPABILITY_OR_CONTRACT,VisualizeDomain,Centralized settings/transients and stronger action surfaces in v2.0.,02_W02/03_VISUALIZE_DECISION_CAPSULE.md,ADMITTED_CONCEPT_SUBJECT_TO_OWNER_SUPERSESSION,NONE,Explicit 23-profile and runtime binding; atom-level behavioral proof OPEN
ATOM-CAP-W02-VIS-008,CAP-W02-VIS-008,DOMAIN_CAPABILITY_OR_CONTRACT,VisualizeDomain,W02 knowledge visualization semantics.,02_W02/03_VISUALIZE_DECISION_CAPSULE.md,ADMITTED_CONCEPT_SUBJECT_TO_OWNER_SUPERSESSION,NONE,Explicit 23-profile and runtime binding; atom-level behavioral proof OPEN
ATOM-CAP-W02-VIS-009,CAP-W02-VIS-009,DOMAIN_CAPABILITY_OR_CONTRACT,VisualizeDomain,View-specific Tree/Path/Graph/Canvas adapters.,02_W02/03_VISUALIZE_DECISION_CAPSULE.md,ADMITTED_CONCEPT_SUBJECT_TO_OWNER_SUPERSESSION,NONE,Explicit 23-profile and runtime binding; atom-level behavioral proof OPEN
ATOM-CAP-W02-VIS-010,CAP-W02-VIS-010,DOMAIN_CAPABILITY_OR_CONTRACT,VisualizeDomain,Canonical W02 relation/object meaning.,02_W02/03_VISUALIZE_DECISION_CAPSULE.md,ADMITTED_CONCEPT_SUBJECT_TO_OWNER_SUPERSESSION,NONE,Explicit 23-profile and runtime binding; atom-level behavioral proof OPEN
ATOM-CAP-W02-VIS-011,CAP-W02-VIS-011,DOMAIN_CAPABILITY_OR_CONTRACT,VisualizeDomain,Candidate production architecture should expose a reusable SpatialInteractionCore plus domain adapters.,02_W02/03_VISUALIZE_DECISION_CAPSULE.md,ADMITTED_CONCEPT_SUBJECT_TO_OWNER_SUPERSESSION,NONE,Explicit 23-profile and runtime binding; atom-level behavioral proof OPEN
ATOM-CAP-W02-VIS-012,CAP-W02-VIS-012,DOMAIN_CAPABILITY_OR_CONTRACT,VisualizeDomain,RepresentationId and canonicalObjectId separation must be preserved where representation instances exist.,02_W02/03_VISUALIZE_DECISION_CAPSULE.md,ADMITTED_CONCEPT_SUBJECT_TO_OWNER_SUPERSESSION,NONE,Explicit 23-profile and runtime binding; atom-level behavioral proof OPEN
ATOM-CAP-W02-VIS-013,CAP-W02-VIS-013,DOMAIN_CAPABILITY_OR_CONTRACT,VisualizeDomain,"Canonical mutation must route through domain semantic commands, never raw edge/node drawing.",02_W02/03_VISUALIZE_DECISION_CAPSULE.md,ADMITTED_CONCEPT_SUBJECT_TO_OWNER_SUPERSESSION,NONE,Explicit 23-profile and runtime binding; atom-level behavioral proof OPEN
ATOM-CAP-W02-RQ-001,CAP-W02-RQ-001,EVIDENCE_REQUIREMENT_NOT_BEHAVIOR,ResearchQualityDomain,979 source-derived capability rows and 431 donor traceability rows.,02_W02/04_RESEARCH_QUALITY_DECISION_CAPSULE.md,ADMITTED_CONCEPT_SUBJECT_TO_OWNER_SUPERSESSION,NONE,Explicit 23-profile and runtime binding; atom-level behavioral proof OPEN
ATOM-CAP-W02-RQ-002,CAP-W02-RQ-002,DOMAIN_CAPABILITY_OR_CONTRACT,ResearchQualityDomain,Compare / Claims / Provenance / Revision / History / Conflicts modes.,02_W02/04_RESEARCH_QUALITY_DECISION_CAPSULE.md,ADMITTED_CONCEPT_SUBJECT_TO_OWNER_SUPERSESSION,NONE,Explicit 23-profile and runtime binding; atom-level behavioral proof OPEN
ATOM-CAP-W02-RQ-003,CAP-W02-RQ-003,DOMAIN_CAPABILITY_OR_CONTRACT,ResearchQualityDomain,"Claim × Source relations, scope inclusion/exclusion, anchors/locators and source authority.",02_W02/04_RESEARCH_QUALITY_DECISION_CAPSULE.md,ADMITTED_CONCEPT_SUBJECT_TO_OWNER_SUPERSESSION,NONE,Explicit 23-profile and runtime binding; atom-level behavioral proof OPEN
ATOM-CAP-W02-RQ-004,CAP-W02-RQ-004,DOMAIN_CAPABILITY_OR_CONTRACT,ResearchQualityDomain,"Conflict classification/explanation, revision structured diff, relation delta and provenance chain.",02_W02/04_RESEARCH_QUALITY_DECISION_CAPSULE.md,ADMITTED_CONCEPT_SUBJECT_TO_OWNER_SUPERSESSION,NONE,Explicit 23-profile and runtime binding; atom-level behavioral proof OPEN
ATOM-CAP-W02-RQ-005,CAP-W02-RQ-005,DOMAIN_CAPABILITY_OR_CONTRACT,ResearchQualityDomain,"Review queues for missing provenance/coverage gaps/revisions as analytical working state, not W04 formal review truth.",02_W02/04_RESEARCH_QUALITY_DECISION_CAPSULE.md,ADMITTED_CONCEPT_SUBJECT_TO_OWNER_SUPERSESSION,NONE,Explicit 23-profile and runtime binding; atom-level behavioral proof OPEN
ATOM-CAP-W02-RQ-006,CAP-W02-RQ-006,DOMAIN_CAPABILITY_OR_CONTRACT,ResearchQualityDomain,Dense RIGHT contextual lenses and BOTTOM raw/deep diagnostic workspaces.,02_W02/04_RESEARCH_QUALITY_DECISION_CAPSULE.md,ADMITTED_CONCEPT_SUBJECT_TO_OWNER_SUPERSESSION,NONE,Explicit 23-profile and runtime binding; atom-level behavioral proof OPEN
ATOM-CAP-W02-RQ-007,CAP-W02-RQ-007,DOMAIN_CAPABILITY_OR_CONTRACT,ResearchQualityDomain,Knowledge-quality analysis and claim/source reconciliation.,02_W02/04_RESEARCH_QUALITY_DECISION_CAPSULE.md,ADMITTED_CONCEPT_SUBJECT_TO_OWNER_SUPERSESSION,NONE,Explicit 23-profile and runtime binding; atom-level behavioral proof OPEN
ATOM-CAP-W02-RQ-008,CAP-W02-RQ-008,DOMAIN_CAPABILITY_OR_CONTRACT,ResearchQualityDomain,R&Q working review queue semantics.,02_W02/04_RESEARCH_QUALITY_DECISION_CAPSULE.md,ADMITTED_CONCEPT_SUBJECT_TO_OWNER_SUPERSESSION,NONE,Explicit 23-profile and runtime binding; atom-level behavioral proof OPEN
ATOM-CAP-W02-RQ-009,CAP-W02-RQ-009,DOMAIN_CAPABILITY_OR_CONTRACT,ResearchQualityDomain,Source/claim relation inspection.,02_W02/04_RESEARCH_QUALITY_DECISION_CAPSULE.md,ADMITTED_CONCEPT_SUBJECT_TO_OWNER_SUPERSESSION,NONE,Explicit 23-profile and runtime binding; atom-level behavioral proof OPEN
ATOM-CAP-W02-RQ-010,CAP-W02-RQ-010,DOMAIN_CAPABILITY_OR_CONTRACT,ResearchQualityDomain,"R&Q reconciliation state, separate from W04 formal Evidence/Review.",02_W02/04_RESEARCH_QUALITY_DECISION_CAPSULE.md,ADMITTED_CONCEPT_SUBJECT_TO_OWNER_SUPERSESSION,NONE,Explicit 23-profile and runtime binding; atom-level behavioral proof OPEN
ATOM-CAP-W02-RQ-011,CAP-W02-RQ-011,DOMAIN_CAPABILITY_OR_CONTRACT,ResearchQualityDomain,R&Q production mapping must preserve distinct state owners for analytical working state vs canonical source/claim data.,02_W02/04_RESEARCH_QUALITY_DECISION_CAPSULE.md,ADMITTED_CONCEPT_SUBJECT_TO_OWNER_SUPERSESSION,NONE,Explicit 23-profile and runtime binding; atom-level behavioral proof OPEN
ATOM-CAP-W02-RQ-012,CAP-W02-RQ-012,DOMAIN_CAPABILITY_OR_CONTRACT,ResearchQualityDomain,Comparison pair/revision identities must be exact.,02_W02/04_RESEARCH_QUALITY_DECISION_CAPSULE.md,ADMITTED_CONCEPT_SUBJECT_TO_OWNER_SUPERSESSION,NONE,Explicit 23-profile and runtime binding; atom-level behavioral proof OPEN
ATOM-CAP-W02-RQ-013,CAP-W02-RQ-013,DOMAIN_CAPABILITY_OR_CONTRACT,ResearchQualityDomain,Do not route R&Q analytical annotations into W04 formal decisions without explicit handoff/admission.,02_W02/04_RESEARCH_QUALITY_DECISION_CAPSULE.md,ADMITTED_CONCEPT_SUBJECT_TO_OWNER_SUPERSESSION,NONE,Explicit 23-profile and runtime binding; atom-level behavioral proof OPEN
ATOM-CAP-W03-ENT-001,CAP-W03-ENT-001,DOMAIN_CAPABILITY_OR_CONTRACT,W03EnterpriseDomain,Enterprise identity/catalog/tree navigation.,03_W03/01_ENTERPRISE_DECISION_CAPSULE.md,ADMITTED_CONCEPT_SUBJECT_TO_OWNER_SUPERSESSION,NONE,Explicit 23-profile and runtime binding; atom-level behavioral proof OPEN
ATOM-CAP-W03-ENT-002,CAP-W03-ENT-002,DOMAIN_CAPABILITY_OR_CONTRACT,W03EnterpriseDomain,Twin/Baseline/revision selection and history/value recovery.,03_W03/01_ENTERPRISE_DECISION_CAPSULE.md,ADMITTED_CONCEPT_SUBJECT_TO_OWNER_SUPERSESSION,NONE,Explicit 23-profile and runtime binding; atom-level behavioral proof OPEN
ATOM-CAP-W03-ENT-003,CAP-W03-ENT-003,DOMAIN_CAPABILITY_OR_CONTRACT,W03EnterpriseDomain,Selected/no-selection/context inspector behavior.,03_W03/01_ENTERPRISE_DECISION_CAPSULE.md,ADMITTED_CONCEPT_SUBJECT_TO_OWNER_SUPERSESSION,NONE,Explicit 23-profile and runtime binding; atom-level behavioral proof OPEN
ATOM-CAP-W03-ENT-004,CAP-W03-ENT-004,DOMAIN_CAPABILITY_OR_CONTRACT,W03EnterpriseDomain,Typed relationship labels/details/validation.,03_W03/01_ENTERPRISE_DECISION_CAPSULE.md,ADMITTED_CONCEPT_SUBJECT_TO_OWNER_SUPERSESSION,NONE,Explicit 23-profile and runtime binding; atom-level behavioral proof OPEN
ATOM-CAP-W03-ENT-005,CAP-W03-ENT-005,DOMAIN_CAPABILITY_OR_CONTRACT,W03EnterpriseDomain,Scenario relationship and isolated Run handoff.,03_W03/01_ENTERPRISE_DECISION_CAPSULE.md,ADMITTED_CONCEPT_SUBJECT_TO_OWNER_SUPERSESSION,NONE,Explicit 23-profile and runtime binding; atom-level behavioral proof OPEN
ATOM-CAP-W03-ENT-006,CAP-W03-ENT-006,DOMAIN_CAPABILITY_OR_CONTRACT,W03EnterpriseDomain,"Latest v2 non-spatial workspace improvements, while keeping generic topology dependency explicit.",03_W03/01_ENTERPRISE_DECISION_CAPSULE.md,ADMITTED_CONCEPT_SUBJECT_TO_OWNER_SUPERSESSION,NONE,Explicit 23-profile and runtime binding; atom-level behavioral proof OPEN
ATOM-CAP-W03-ENT-007,CAP-W03-ENT-007,DOMAIN_CAPABILITY_OR_CONTRACT,W03EnterpriseDomain,Enterprise canonical identity and typed relationships.,03_W03/01_ENTERPRISE_DECISION_CAPSULE.md,ADMITTED_CONCEPT_SUBJECT_TO_OWNER_SUPERSESSION,NONE,Explicit 23-profile and runtime binding; atom-level behavioral proof OPEN
ATOM-CAP-W03-ENT-008,CAP-W03-ENT-008,DOMAIN_CAPABILITY_OR_CONTRACT,W03EnterpriseDomain,Digital Twin / Baseline / revision semantics.,03_W03/01_ENTERPRISE_DECISION_CAPSULE.md,ADMITTED_CONCEPT_SUBJECT_TO_OWNER_SUPERSESSION,NONE,Explicit 23-profile and runtime binding; atom-level behavioral proof OPEN
ATOM-CAP-W03-ENT-009,CAP-W03-ENT-009,DOMAIN_CAPABILITY_OR_CONTRACT,W03EnterpriseDomain,Simulation-local object classification.,03_W03/01_ENTERPRISE_DECISION_CAPSULE.md,ADMITTED_CONCEPT_SUBJECT_TO_OWNER_SUPERSESSION,NONE,Explicit 23-profile and runtime binding; atom-level behavioral proof OPEN
ATOM-CAP-W03-ENT-010,CAP-W03-ENT-010,DOMAIN_CAPABILITY_OR_CONTRACT,W03EnterpriseDomain,Run handoff boundary.,03_W03/01_ENTERPRISE_DECISION_CAPSULE.md,ADMITTED_CONCEPT_SUBJECT_TO_OWNER_SUPERSESSION,NONE,Explicit 23-profile and runtime binding; atom-level behavioral proof OPEN
ATOM-CAP-W03-ENT-011,CAP-W03-ENT-011,DOMAIN_CAPABILITY_OR_CONTRACT,W03EnterpriseDomain,"Production needs `W03EnterpriseDomain` + `SpatialEngineAdapter`, not a monolithic copied Visualize implementation.",03_W03/01_ENTERPRISE_DECISION_CAPSULE.md,ADMITTED_CONCEPT_SUBJECT_TO_OWNER_SUPERSESSION,NONE,Explicit 23-profile and runtime binding; atom-level behavioral proof OPEN
ATOM-CAP-W03-ENT-012,CAP-W03-ENT-012,DOMAIN_CAPABILITY_OR_CONTRACT,W03EnterpriseDomain,Canonical relation commands validate W03 semantics before write.,03_W03/01_ENTERPRISE_DECISION_CAPSULE.md,ADMITTED_CONCEPT_SUBJECT_TO_OWNER_SUPERSESSION,NONE,Explicit 23-profile and runtime binding; atom-level behavioral proof OPEN
ATOM-CAP-W03-ENT-013,CAP-W03-ENT-013,DOMAIN_CAPABILITY_OR_CONTRACT,W03EnterpriseDomain,Published revision immutability and run snapshot identity must be explicit.,03_W03/01_ENTERPRISE_DECISION_CAPSULE.md,ADMITTED_CONCEPT_SUBJECT_TO_OWNER_SUPERSESSION,NONE,Explicit 23-profile and runtime binding; atom-level behavioral proof OPEN
ATOM-CAP-W03-SCN-001,CAP-W03-SCN-001,DOMAIN_CAPABILITY_OR_CONTRACT,W03ScenarioDomain,Scenario catalog/definition identity.,03_W03/02_SCENARIOS_DECISION_CAPSULE.md,ADMITTED_CONCEPT_SUBJECT_TO_OWNER_SUPERSESSION,NONE,Explicit 23-profile and runtime binding; atom-level behavioral proof OPEN
ATOM-CAP-W03-SCN-002,CAP-W03-SCN-002,DOMAIN_CAPABILITY_OR_CONTRACT,W03ScenarioDomain,Draft/revision/publish/unsaved semantics where supported.,03_W03/02_SCENARIOS_DECISION_CAPSULE.md,ADMITTED_CONCEPT_SUBJECT_TO_OWNER_SUPERSESSION,NONE,Explicit 23-profile and runtime binding; atom-level behavioral proof OPEN
ATOM-CAP-W03-SCN-003,CAP-W03-SCN-003,DOMAIN_CAPABILITY_OR_CONTRACT,W03ScenarioDomain,Environment Contract.,03_W03/02_SCENARIOS_DECISION_CAPSULE.md,ADMITTED_CONCEPT_SUBJECT_TO_OWNER_SUPERSESSION,NONE,Explicit 23-profile and runtime binding; atom-level behavioral proof OPEN
ATOM-CAP-W03-SCN-004,CAP-W03-SCN-004,DOMAIN_CAPABILITY_OR_CONTRACT,W03ScenarioDomain,Phase/module/task structure and validation.,03_W03/02_SCENARIOS_DECISION_CAPSULE.md,ADMITTED_CONCEPT_SUBJECT_TO_OWNER_SUPERSESSION,NONE,Explicit 23-profile and runtime binding; atom-level behavioral proof OPEN
ATOM-CAP-W03-SCN-005,CAP-W03-SCN-005,DOMAIN_CAPABILITY_OR_CONTRACT,W03ScenarioDomain,Enterprise and Lab references.,03_W03/02_SCENARIOS_DECISION_CAPSULE.md,ADMITTED_CONCEPT_SUBJECT_TO_OWNER_SUPERSESSION,NONE,Explicit 23-profile and runtime binding; atom-level behavioral proof OPEN
ATOM-CAP-W03-SCN-006,CAP-W03-SCN-006,DOMAIN_CAPABILITY_OR_CONTRACT,W03ScenarioDomain,Safe transition to Scenario Run.,03_W03/02_SCENARIOS_DECISION_CAPSULE.md,ADMITTED_CONCEPT_SUBJECT_TO_OWNER_SUPERSESSION,NONE,Explicit 23-profile and runtime binding; atom-level behavioral proof OPEN
ATOM-CAP-W03-SCN-007,CAP-W03-SCN-007,DOMAIN_CAPABILITY_OR_CONTRACT,W03ScenarioDomain,Scenario definition and Environment Contract.,03_W03/02_SCENARIOS_DECISION_CAPSULE.md,ADMITTED_CONCEPT_SUBJECT_TO_OWNER_SUPERSESSION,NONE,Explicit 23-profile and runtime binding; atom-level behavioral proof OPEN
ATOM-CAP-W03-SCN-008,CAP-W03-SCN-008,DOMAIN_CAPABILITY_OR_CONTRACT,W03ScenarioDomain,Phase/module semantics.,03_W03/02_SCENARIOS_DECISION_CAPSULE.md,ADMITTED_CONCEPT_SUBJECT_TO_OWNER_SUPERSESSION,NONE,Explicit 23-profile and runtime binding; atom-level behavioral proof OPEN
ATOM-CAP-W03-SCN-009,CAP-W03-SCN-009,DOMAIN_CAPABILITY_OR_CONTRACT,W03ScenarioDomain,References to Lab definitions and Enterprise/Twin inputs.,03_W03/02_SCENARIOS_DECISION_CAPSULE.md,ADMITTED_CONCEPT_SUBJECT_TO_OWNER_SUPERSESSION,NONE,Explicit 23-profile and runtime binding; atom-level behavioral proof OPEN
ATOM-CAP-W03-SCN-010,CAP-W03-SCN-010,DOMAIN_CAPABILITY_OR_CONTRACT,W03ScenarioDomain,Scenario Run instantiation boundary.,03_W03/02_SCENARIOS_DECISION_CAPSULE.md,ADMITTED_CONCEPT_SUBJECT_TO_OWNER_SUPERSESSION,NONE,Explicit 23-profile and runtime binding; atom-level behavioral proof OPEN
ATOM-CAP-W03-SCN-011,CAP-W03-SCN-011,DOMAIN_CAPABILITY_OR_CONTRACT,W03ScenarioDomain,Scenario definition persistence is W03-owned; spatial layout is an adapter/presentation layer.,03_W03/02_SCENARIOS_DECISION_CAPSULE.md,ADMITTED_CONCEPT_SUBJECT_TO_OWNER_SUPERSESSION,NONE,Explicit 23-profile and runtime binding; atom-level behavioral proof OPEN
ATOM-CAP-W03-SCN-012,CAP-W03-SCN-012,DOMAIN_CAPABILITY_OR_CONTRACT,W03ScenarioDomain,Run startup freezes exact Scenario revision + Environment Contract + Lab references.,03_W03/02_SCENARIOS_DECISION_CAPSULE.md,ADMITTED_CONCEPT_SUBJECT_TO_OWNER_SUPERSESSION,NONE,Explicit 23-profile and runtime binding; atom-level behavioral proof OPEN
ATOM-CAP-W03-SCN-013,CAP-W03-SCN-013,DOMAIN_CAPABILITY_OR_CONTRACT,W03ScenarioDomain,Production mapping must distinguish draft/published source from Run snapshot.,03_W03/02_SCENARIOS_DECISION_CAPSULE.md,ADMITTED_CONCEPT_SUBJECT_TO_OWNER_SUPERSESSION,NONE,Explicit 23-profile and runtime binding; atom-level behavioral proof OPEN
ATOM-CAP-W03-LAB-001,CAP-W03-LAB-001,DOMAIN_CAPABILITY_OR_CONTRACT,W03LabDomain,"Lab catalog, definition, environment/exercise/task structure.",03_W03/03_LABS_DECISION_CAPSULE.md,ADMITTED_CONCEPT_SUBJECT_TO_OWNER_SUPERSESSION,NONE,Explicit 23-profile and runtime binding; atom-level behavioral proof OPEN
ATOM-CAP-W03-LAB-002,CAP-W03-LAB-002,DOMAIN_CAPABILITY_OR_CONTRACT,W03LabDomain,Deterministic inputs and simulated execution/result presentation.,03_W03/03_LABS_DECISION_CAPSULE.md,ADMITTED_CONCEPT_SUBJECT_TO_OWNER_SUPERSESSION,NONE,Explicit 23-profile and runtime binding; atom-level behavioral proof OPEN
ATOM-CAP-W03-LAB-003,CAP-W03-LAB-003,DOMAIN_CAPABILITY_OR_CONTRACT,W03LabDomain,"Telemetry/trace, validation, reset/replay where semantically valid.",03_W03/03_LABS_DECISION_CAPSULE.md,ADMITTED_CONCEPT_SUBJECT_TO_OWNER_SUPERSESSION,NONE,Explicit 23-profile and runtime binding; atom-level behavioral proof OPEN
ATOM-CAP-W03-LAB-004,CAP-W03-LAB-004,DOMAIN_CAPABILITY_OR_CONTRACT,W03LabDomain,"Selected/no-selection, blocked/empty/loading/error states.",03_W03/03_LABS_DECISION_CAPSULE.md,ADMITTED_CONCEPT_SUBJECT_TO_OWNER_SUPERSESSION,NONE,Explicit 23-profile and runtime binding; atom-level behavioral proof OPEN
ATOM-CAP-W03-LAB-005,CAP-W03-LAB-005,DOMAIN_CAPABILITY_OR_CONTRACT,W03LabDomain,Standalone Lab Run and reusable Scenario module behavior.,03_W03/03_LABS_DECISION_CAPSULE.md,ADMITTED_CONCEPT_SUBJECT_TO_OWNER_SUPERSESSION,NONE,Explicit 23-profile and runtime binding; atom-level behavioral proof OPEN
ATOM-CAP-W03-LAB-006,CAP-W03-LAB-006,DOMAIN_CAPABILITY_OR_CONTRACT,W03LabDomain,Lab definition/task/exercise semantics.,03_W03/03_LABS_DECISION_CAPSULE.md,ADMITTED_CONCEPT_SUBJECT_TO_OWNER_SUPERSESSION,NONE,Explicit 23-profile and runtime binding; atom-level behavioral proof OPEN
ATOM-CAP-W03-LAB-007,CAP-W03-LAB-007,DOMAIN_CAPABILITY_OR_CONTRACT,W03LabDomain,Lab-local simulated environment identity.,03_W03/03_LABS_DECISION_CAPSULE.md,ADMITTED_CONCEPT_SUBJECT_TO_OWNER_SUPERSESSION,NONE,Explicit 23-profile and runtime binding; atom-level behavioral proof OPEN
ATOM-CAP-W03-LAB-008,CAP-W03-LAB-008,DOMAIN_CAPABILITY_OR_CONTRACT,W03LabDomain,Lab-to-Scenario module reference.,03_W03/03_LABS_DECISION_CAPSULE.md,ADMITTED_CONCEPT_SUBJECT_TO_OWNER_SUPERSESSION,NONE,Explicit 23-profile and runtime binding; atom-level behavioral proof OPEN
ATOM-CAP-W03-LAB-009,CAP-W03-LAB-009,DOMAIN_CAPABILITY_OR_CONTRACT,W03LabDomain,Standalone Lab Run handoff.,03_W03/03_LABS_DECISION_CAPSULE.md,ADMITTED_CONCEPT_SUBJECT_TO_OWNER_SUPERSESSION,NONE,Explicit 23-profile and runtime binding; atom-level behavioral proof OPEN
ATOM-CAP-W03-LAB-010,CAP-W03-LAB-010,DOMAIN_CAPABILITY_OR_CONTRACT,W03LabDomain,Lab definitions persist separately from Run instances.,03_W03/03_LABS_DECISION_CAPSULE.md,ADMITTED_CONCEPT_SUBJECT_TO_OWNER_SUPERSESSION,NONE,Explicit 23-profile and runtime binding; atom-level behavioral proof OPEN
ATOM-CAP-W03-LAB-011,CAP-W03-LAB-011,DOMAIN_CAPABILITY_OR_CONTRACT,W03LabDomain,Runtime results and telemetry must bind exact Lab revision/environment input.,03_W03/03_LABS_DECISION_CAPSULE.md,ADMITTED_CONCEPT_SUBJECT_TO_OWNER_SUPERSESSION,NONE,Explicit 23-profile and runtime binding; atom-level behavioral proof OPEN
ATOM-CAP-W03-LAB-012,CAP-W03-LAB-012,DOMAIN_CAPABILITY_OR_CONTRACT,W03LabDomain,Generic graph state must not become Lab semantic truth without domain command validation.,03_W03/03_LABS_DECISION_CAPSULE.md,ADMITTED_CONCEPT_SUBJECT_TO_OWNER_SUPERSESSION,NONE,Explicit 23-profile and runtime binding; atom-level behavioral proof OPEN
ATOM-CAP-W03-RUN-001,CAP-W03-RUN-001,DOMAIN_CAPABILITY_OR_CONTRACT,W03RunDomain,Preflight identity/dependency/check presentation and BLOCKED vs READY truth.,03_W03/04_RUNS_DECISION_CAPSULE.md,ADMITTED_CONCEPT_SUBJECT_TO_OWNER_SUPERSESSION,NONE,Explicit 23-profile and runtime binding; atom-level behavioral proof OPEN
ATOM-CAP-W03-RUN-002,CAP-W03-RUN-002,DOMAIN_CAPABILITY_OR_CONTRACT,W03RunDomain,Run lifecycle states and explicit pause/resume/stop/fail/complete.,03_W03/04_RUNS_DECISION_CAPSULE.md,ADMITTED_CONCEPT_SUBJECT_TO_OWNER_SUPERSESSION,NONE,Explicit 23-profile and runtime binding; atom-level behavioral proof OPEN
ATOM-CAP-W03-RUN-003,CAP-W03-RUN-003,DOMAIN_CAPABILITY_OR_CONTRACT,W03RunDomain,Operations workbench: alerts/events/logs/event detail/provenance/isolation.,03_W03/04_RUNS_DECISION_CAPSULE.md,ADMITTED_CONCEPT_SUBJECT_TO_OWNER_SUPERSESSION,NONE,Explicit 23-profile and runtime binding; atom-level behavioral proof OPEN
ATOM-CAP-W03-RUN-004,CAP-W03-RUN-004,DOMAIN_CAPABILITY_OR_CONTRACT,W03RunDomain,Deep BOTTOM trace/log/diagnostics.,03_W03/04_RUNS_DECISION_CAPSULE.md,ADMITTED_CONCEPT_SUBJECT_TO_OWNER_SUPERSESSION,NONE,Explicit 23-profile and runtime binding; atom-level behavioral proof OPEN
ATOM-CAP-W03-RUN-005,CAP-W03-RUN-005,DOMAIN_CAPABILITY_OR_CONTRACT,W03RunDomain,Run snapshot identity and authored-vs-runtime boundary.,03_W03/04_RUNS_DECISION_CAPSULE.md,ADMITTED_CONCEPT_SUBJECT_TO_OWNER_SUPERSESSION,NONE,Explicit 23-profile and runtime binding; atom-level behavioral proof OPEN
ATOM-CAP-W03-RUN-006,CAP-W03-RUN-006,DOMAIN_CAPABILITY_OR_CONTRACT,W03RunDomain,Topology context continuity into active run.,03_W03/04_RUNS_DECISION_CAPSULE.md,ADMITTED_CONCEPT_SUBJECT_TO_OWNER_SUPERSESSION,NONE,Explicit 23-profile and runtime binding; atom-level behavioral proof OPEN
ATOM-CAP-W03-RUN-007,CAP-W03-RUN-007,DOMAIN_CAPABILITY_OR_CONTRACT,W03RunDomain,Run identity/lifecycle.,03_W03/04_RUNS_DECISION_CAPSULE.md,ADMITTED_CONCEPT_SUBJECT_TO_OWNER_SUPERSESSION,NONE,Explicit 23-profile and runtime binding; atom-level behavioral proof OPEN
ATOM-CAP-W03-RUN-008,CAP-W03-RUN-008,DOMAIN_CAPABILITY_OR_CONTRACT,W03RunDomain,Preflight semantics.,03_W03/04_RUNS_DECISION_CAPSULE.md,ADMITTED_CONCEPT_SUBJECT_TO_OWNER_SUPERSESSION,NONE,Explicit 23-profile and runtime binding; atom-level behavioral proof OPEN
ATOM-CAP-W03-RUN-009,CAP-W03-RUN-009,DOMAIN_CAPABILITY_OR_CONTRACT,W03RunDomain,Runtime device/tool/command semantics and causal effects.,03_W03/04_RUNS_DECISION_CAPSULE.md,ADMITTED_CONCEPT_SUBJECT_TO_OWNER_SUPERSESSION,NONE,Explicit 23-profile and runtime binding; atom-level behavioral proof OPEN
ATOM-CAP-W03-RUN-010,CAP-W03-RUN-010,DOMAIN_CAPABILITY_OR_CONTRACT,W03RunDomain,"Operations mode, events, telemetry and session binding.",03_W03/04_RUNS_DECISION_CAPSULE.md,ADMITTED_CONCEPT_SUBJECT_TO_OWNER_SUPERSESSION,NONE,Explicit 23-profile and runtime binding; atom-level behavioral proof OPEN
ATOM-CAP-W03-RUN-011,CAP-W03-RUN-011,DOMAIN_CAPABILITY_OR_CONTRACT,W03RunDomain,Run snapshot/frozen input.,03_W03/04_RUNS_DECISION_CAPSULE.md,ADMITTED_CONCEPT_SUBJECT_TO_OWNER_SUPERSESSION,NONE,Explicit 23-profile and runtime binding; atom-level behavioral proof OPEN
ATOM-CAP-W03-RUN-012,CAP-W03-RUN-012,DOMAIN_CAPABILITY_OR_CONTRACT,W03RunDomain,"Need explicit `RunModeController`, `TerminalSessionManager`, `OperationalSurfaceManager`, `W03SpatialAdapter` mappings.",03_W03/04_RUNS_DECISION_CAPSULE.md,ADMITTED_CONCEPT_SUBJECT_TO_OWNER_SUPERSESSION,NONE,Explicit 23-profile and runtime binding; atom-level behavioral proof OPEN
ATOM-CAP-W03-RUN-013,CAP-W03-RUN-013,DOMAIN_CAPABILITY_OR_CONTRACT,W03RunDomain,"Run commands act on runtime state, not source definitions.",03_W03/04_RUNS_DECISION_CAPSULE.md,ADMITTED_CONCEPT_SUBJECT_TO_OWNER_SUPERSESSION,NONE,Explicit 23-profile and runtime binding; atom-level behavioral proof OPEN
ATOM-CAP-W03-RUN-014,CAP-W03-RUN-014,DOMAIN_CAPABILITY_OR_CONTRACT,W03RunDomain,Run completion creates immutable historical result inputs for Results.,03_W03/04_RUNS_DECISION_CAPSULE.md,ADMITTED_CONCEPT_SUBJECT_TO_OWNER_SUPERSESSION,NONE,Explicit 23-profile and runtime binding; atom-level behavioral proof OPEN
ATOM-CAP-W03-RES-001,CAP-W03-RES-001,DOMAIN_CAPABILITY_OR_CONTRACT,W03ResultsDomain,Result/revision/sealed/provenance identity.,03_W03/05_RESULTS_DECISION_CAPSULE.md,ADMITTED_CONCEPT_SUBJECT_TO_OWNER_SUPERSESSION,NONE,Explicit 23-profile and runtime binding; atom-level behavioral proof OPEN
ATOM-CAP-W03-RES-002,CAP-W03-RES-002,DOMAIN_CAPABILITY_OR_CONTRACT,W03ResultsDomain,"Replay ordered timeline, scrub/step/event inspection.",03_W03/05_RESULTS_DECISION_CAPSULE.md,ADMITTED_CONCEPT_SUBJECT_TO_OWNER_SUPERSESSION,NONE,Explicit 23-profile and runtime binding; atom-level behavioral proof OPEN
ATOM-CAP-W03-RES-003,CAP-W03-RES-003,DOMAIN_CAPABILITY_OR_CONTRACT,W03ResultsDomain,AAR fact-vs-analysis separation and exact source linkage.,03_W03/05_RESULTS_DECISION_CAPSULE.md,ADMITTED_CONCEPT_SUBJECT_TO_OWNER_SUPERSESSION,NONE,Explicit 23-profile and runtime binding; atom-level behavioral proof OPEN
ATOM-CAP-W03-RES-004,CAP-W03-RES-004,DOMAIN_CAPABILITY_OR_CONTRACT,W03ResultsDomain,Compare exact pair selection plus mismatch/missing-data states.,03_W03/05_RESULTS_DECISION_CAPSULE.md,ADMITTED_CONCEPT_SUBJECT_TO_OWNER_SUPERSESSION,NONE,Explicit 23-profile and runtime binding; atom-level behavioral proof OPEN
ATOM-CAP-W03-RES-005,CAP-W03-RES-005,DOMAIN_CAPABILITY_OR_CONTRACT,W03ResultsDomain,Historical terminal/tool output where preserved.,03_W03/05_RESULTS_DECISION_CAPSULE.md,ADMITTED_CONCEPT_SUBJECT_TO_OWNER_SUPERSESSION,NONE,Explicit 23-profile and runtime binding; atom-level behavioral proof OPEN
ATOM-CAP-W03-RES-006,CAP-W03-RES-006,DOMAIN_CAPABILITY_OR_CONTRACT,W03ResultsDomain,Event→device/link/service context highlighting while keeping history immutable.,03_W03/05_RESULTS_DECISION_CAPSULE.md,ADMITTED_CONCEPT_SUBJECT_TO_OWNER_SUPERSESSION,NONE,Explicit 23-profile and runtime binding; atom-level behavioral proof OPEN
ATOM-CAP-W03-RES-007,CAP-W03-RES-007,DOMAIN_CAPABILITY_OR_CONTRACT,W03ResultsDomain,Result historical truth and revision identity.,03_W03/05_RESULTS_DECISION_CAPSULE.md,ADMITTED_CONCEPT_SUBJECT_TO_OWNER_SUPERSESSION,NONE,Explicit 23-profile and runtime binding; atom-level behavioral proof OPEN
ATOM-CAP-W03-RES-008,CAP-W03-RES-008,DOMAIN_CAPABILITY_OR_CONTRACT,W03ResultsDomain,Replay timeline/event identity.,03_W03/05_RESULTS_DECISION_CAPSULE.md,ADMITTED_CONCEPT_SUBJECT_TO_OWNER_SUPERSESSION,NONE,Explicit 23-profile and runtime binding; atom-level behavioral proof OPEN
ATOM-CAP-W03-RES-009,CAP-W03-RES-009,DOMAIN_CAPABILITY_OR_CONTRACT,W03ResultsDomain,AAR analytical annotation.,03_W03/05_RESULTS_DECISION_CAPSULE.md,ADMITTED_CONCEPT_SUBJECT_TO_OWNER_SUPERSESSION,NONE,Explicit 23-profile and runtime binding; atom-level behavioral proof OPEN
ATOM-CAP-W03-RES-010,CAP-W03-RES-010,DOMAIN_CAPABILITY_OR_CONTRACT,W03ResultsDomain,Run-to-Result provenance.,03_W03/05_RESULTS_DECISION_CAPSULE.md,ADMITTED_CONCEPT_SUBJECT_TO_OWNER_SUPERSESSION,NONE,Explicit 23-profile and runtime binding; atom-level behavioral proof OPEN
ATOM-CAP-W03-RES-011,CAP-W03-RES-011,DOMAIN_CAPABILITY_OR_CONTRACT,W03ResultsDomain,Candidate Evidence handoff generation.,03_W03/05_RESULTS_DECISION_CAPSULE.md,ADMITTED_CONCEPT_SUBJECT_TO_OWNER_SUPERSESSION,NONE,Explicit 23-profile and runtime binding; atom-level behavioral proof OPEN
ATOM-CAP-W03-RES-012,CAP-W03-RES-012,DOMAIN_CAPABILITY_OR_CONTRACT,W03ResultsDomain,"Need `ReplayContextManager`, exact Result/Revision IDs, immutable event store/read model, AAR annotation store and Compare pair model.",03_W03/05_RESULTS_DECISION_CAPSULE.md,ADMITTED_CONCEPT_SUBJECT_TO_OWNER_SUPERSESSION,NONE,Explicit 23-profile and runtime binding; atom-level behavioral proof OPEN
ATOM-CAP-W03-RES-013,CAP-W03-RES-013,DOMAIN_CAPABILITY_OR_CONTRACT,W03ResultsDomain,Candidate Evidence handoff must carry exact source identity/provenance to W04 admission boundary.,03_W03/05_RESULTS_DECISION_CAPSULE.md,ADMITTED_CONCEPT_SUBJECT_TO_OWNER_SUPERSESSION,NONE,Explicit 23-profile and runtime binding; atom-level behavioral proof OPEN
ATOM-CAP-W03-RES-014,CAP-W03-RES-014,DOMAIN_CAPABILITY_OR_CONTRACT,W03ResultsDomain,Production must separate fact store from analytical annotations.,03_W03/05_RESULTS_DECISION_CAPSULE.md,ADMITTED_CONCEPT_SUBJECT_TO_OWNER_SUPERSESSION,NONE,Explicit 23-profile and runtime binding; atom-level behavioral proof OPEN
ATOM-CAP-W04-EVD-001,CAP-W04-EVD-001,EVIDENCE_REQUIREMENT_NOT_BEHAVIOR,W04EvidenceDomain,A03 semantic boundaries and current visual reference.,04_W04/01_EVIDENCE_DECISION_CAPSULE.md,ADMITTED_CONCEPT_SUBJECT_TO_OWNER_SUPERSESSION,NONE,Explicit 23-profile and runtime binding; atom-level behavioral proof OPEN
ATOM-CAP-W04-EVD-002,CAP-W04-EVD-002,EVIDENCE_REQUIREMENT_NOT_BEHAVIOR,W04EvidenceDomain,Old standalone blueprint value and historical reviewer findings.,04_W04/01_EVIDENCE_DECISION_CAPSULE.md,ADMITTED_CONCEPT_SUBJECT_TO_OWNER_SUPERSESSION,NONE,Explicit 23-profile and runtime binding; atom-level behavioral proof OPEN
ATOM-CAP-W04-EVD-003,CAP-W04-EVD-003,DOMAIN_CAPABILITY_OR_CONTRACT,W04EvidenceDomain,SOURCE_SUPERSEDED explicit choices: update source / retain historical with justification / withdraw.,04_W04/01_EVIDENCE_DECISION_CAPSULE.md,ADMITTED_CONCEPT_SUBJECT_TO_OWNER_SUPERSESSION,NONE,Explicit 23-profile and runtime binding; atom-level behavioral proof OPEN
ATOM-CAP-W04-EVD-004,CAP-W04-EVD-004,DOMAIN_CAPABILITY_OR_CONTRACT,W04EvidenceDomain,Revision N → Candidate/Amendment prep → Admission → Revision N+1 lineage.,04_W04/01_EVIDENCE_DECISION_CAPSULE.md,ADMITTED_CONCEPT_SUBJECT_TO_OWNER_SUPERSESSION,NONE,Explicit 23-profile and runtime binding; atom-level behavioral proof OPEN
ATOM-CAP-W04-EVD-005,CAP-W04-EVD-005,DOMAIN_CAPABILITY_OR_CONTRACT,W04EvidenceDomain,Exact provenance/source-fact preservation.,04_W04/01_EVIDENCE_DECISION_CAPSULE.md,ADMITTED_CONCEPT_SUBJECT_TO_OWNER_SUPERSESSION,NONE,Explicit 23-profile and runtime binding; atom-level behavioral proof OPEN
ATOM-CAP-W04-EVD-006,CAP-W04-EVD-006,DOMAIN_CAPABILITY_OR_CONTRACT,W04EvidenceDomain,Evidence admission/revision lifecycle.,04_W04/01_EVIDENCE_DECISION_CAPSULE.md,ADMITTED_CONCEPT_SUBJECT_TO_OWNER_SUPERSESSION,NONE,Explicit 23-profile and runtime binding; atom-level behavioral proof OPEN
ATOM-CAP-W04-EVD-007,CAP-W04-EVD-007,DOMAIN_CAPABILITY_OR_CONTRACT,W04EvidenceDomain,Evidence source/provenance and source-supersession semantics.,04_W04/01_EVIDENCE_DECISION_CAPSULE.md,ADMITTED_CONCEPT_SUBJECT_TO_OWNER_SUPERSESSION,NONE,Explicit 23-profile and runtime binding; atom-level behavioral proof OPEN
ATOM-CAP-W04-EVD-008,CAP-W04-EVD-008,DOMAIN_CAPABILITY_OR_CONTRACT,W04EvidenceDomain,Evidence lifecycle vs review-status vs effective-decision dimensions.,04_W04/01_EVIDENCE_DECISION_CAPSULE.md,ADMITTED_CONCEPT_SUBJECT_TO_OWNER_SUPERSESSION,NONE,Explicit 23-profile and runtime binding; atom-level behavioral proof OPEN
ATOM-CAP-W04-EVD-009,CAP-W04-EVD-009,DOMAIN_CAPABILITY_OR_CONTRACT,W04EvidenceDomain,Need exact Candidate→Admission→Evidence production state machine.,04_W04/01_EVIDENCE_DECISION_CAPSULE.md,ADMITTED_CONCEPT_SUBJECT_TO_OWNER_SUPERSESSION,NONE,Explicit 23-profile and runtime binding; atom-level behavioral proof OPEN
ATOM-CAP-W04-EVD-010,CAP-W04-EVD-010,DOMAIN_CAPABILITY_OR_CONTRACT,W04EvidenceDomain,Need source-supersession service and immutable source-fact preservation.,04_W04/01_EVIDENCE_DECISION_CAPSULE.md,ADMITTED_CONCEPT_SUBJECT_TO_OWNER_SUPERSESSION,NONE,Explicit 23-profile and runtime binding; atom-level behavioral proof OPEN
ATOM-CAP-W04-EVD-011,CAP-W04-EVD-011,DOMAIN_CAPABILITY_OR_CONTRACT,W04EvidenceDomain,R&Q donor components may provide inspection UI but formal Evidence state remains W04-owned.,04_W04/01_EVIDENCE_DECISION_CAPSULE.md,ADMITTED_CONCEPT_SUBJECT_TO_OWNER_SUPERSESSION,NONE,Explicit 23-profile and runtime binding; atom-level behavioral proof OPEN
ATOM-CAP-W04-REV-001,CAP-W04-REV-001,DOMAIN_CAPABILITY_OR_CONTRACT,W04ReviewDomain,Formal pinned criterion scope.,04_W04/02_REVIEWS_DECISION_CAPSULE.md,ADMITTED_CONCEPT_SUBJECT_TO_OWNER_SUPERSESSION,NONE,Explicit 23-profile and runtime binding; atom-level behavioral proof OPEN
ATOM-CAP-W04-REV-002,CAP-W04-REV-002,DOMAIN_CAPABILITY_OR_CONTRACT,W04ReviewDomain,Explicit reviewer assignment/identity without fabricating institutional authority.,04_W04/02_REVIEWS_DECISION_CAPSULE.md,ADMITTED_CONCEPT_SUBJECT_TO_OWNER_SUPERSESSION,NONE,Explicit 23-profile and runtime binding; atom-level behavioral proof OPEN
ATOM-CAP-W04-REV-003,CAP-W04-REV-003,DOMAIN_CAPABILITY_OR_CONTRACT,W04ReviewDomain,Findings separated from decision.,04_W04/02_REVIEWS_DECISION_CAPSULE.md,ADMITTED_CONCEPT_SUBJECT_TO_OWNER_SUPERSESSION,NONE,Explicit 23-profile and runtime binding; atom-level behavioral proof OPEN
ATOM-CAP-W04-REV-004,CAP-W04-REV-004,DOMAIN_CAPABILITY_OR_CONTRACT,W04ReviewDomain,Re-review/supersession lineage.,04_W04/02_REVIEWS_DECISION_CAPSULE.md,ADMITTED_CONCEPT_SUBJECT_TO_OWNER_SUPERSESSION,NONE,Explicit 23-profile and runtime binding; atom-level behavioral proof OPEN
ATOM-CAP-W04-REV-005,CAP-W04-REV-005,DOMAIN_CAPABILITY_OR_CONTRACT,W04ReviewDomain,"Old command palette, Alt queue shortcuts and direct prior-Evidence compare route as value-loss candidates.",04_W04/02_REVIEWS_DECISION_CAPSULE.md,ADMITTED_CONCEPT_SUBJECT_TO_OWNER_SUPERSESSION,NONE,Explicit 23-profile and runtime binding; atom-level behavioral proof OPEN
ATOM-CAP-W04-REV-006,CAP-W04-REV-006,DOMAIN_CAPABILITY_OR_CONTRACT,W04ReviewDomain,Formal Review request/assignment/findings/decision/closure.,04_W04/02_REVIEWS_DECISION_CAPSULE.md,ADMITTED_CONCEPT_SUBJECT_TO_OWNER_SUPERSESSION,NONE,Explicit 23-profile and runtime binding; atom-level behavioral proof OPEN
ATOM-CAP-W04-REV-007,CAP-W04-REV-007,DOMAIN_CAPABILITY_OR_CONTRACT,W04ReviewDomain,Pinned criteria and in-scope/out-of-scope finding semantics.,04_W04/02_REVIEWS_DECISION_CAPSULE.md,ADMITTED_CONCEPT_SUBJECT_TO_OWNER_SUPERSESSION,NONE,Explicit 23-profile and runtime binding; atom-level behavioral proof OPEN
ATOM-CAP-W04-REV-008,CAP-W04-REV-008,DOMAIN_CAPABILITY_OR_CONTRACT,W04ReviewDomain,Effective-decision supersession.,04_W04/02_REVIEWS_DECISION_CAPSULE.md,ADMITTED_CONCEPT_SUBJECT_TO_OWNER_SUPERSESSION,NONE,Explicit 23-profile and runtime binding; atom-level behavioral proof OPEN
ATOM-CAP-W04-REV-009,CAP-W04-REV-009,DOMAIN_CAPABILITY_OR_CONTRACT,W04ReviewDomain,Need formal Review state machine and exact Decision lineage.,04_W04/02_REVIEWS_DECISION_CAPSULE.md,ADMITTED_CONCEPT_SUBJECT_TO_OWNER_SUPERSESSION,NONE,Explicit 23-profile and runtime binding; atom-level behavioral proof OPEN
ATOM-CAP-W04-REV-010,CAP-W04-REV-010,DOMAIN_CAPABILITY_OR_CONTRACT,W04ReviewDomain,"Reviewer authority model must bind real identity/permissions, not visual labels.",04_W04/02_REVIEWS_DECISION_CAPSULE.md,ADMITTED_CONCEPT_SUBJECT_TO_OWNER_SUPERSESSION,NONE,Explicit 23-profile and runtime binding; atom-level behavioral proof OPEN
ATOM-CAP-W04-REV-011,CAP-W04-REV-011,DOMAIN_CAPABILITY_OR_CONTRACT,W04ReviewDomain,"R&Q analytical comparison may be reused, but W04 owns formal decision persistence.",04_W04/02_REVIEWS_DECISION_CAPSULE.md,ADMITTED_CONCEPT_SUBJECT_TO_OWNER_SUPERSESSION,NONE,Explicit 23-profile and runtime binding; atom-level behavioral proof OPEN
ATOM-CAP-W04-MAS-001,CAP-W04-MAS-001,DOMAIN_CAPABILITY_OR_CONTRACT,W04MasteryDomain,Explainability chain Policy → criteria/findings → effective Decisions → Evidence → evaluation basis.,04_W04/03_MASTERY_DECISION_CAPSULE.md,ADMITTED_CONCEPT_SUBJECT_TO_OWNER_SUPERSESSION,NONE,Explicit 23-profile and runtime binding; atom-level behavioral proof OPEN
ATOM-CAP-W04-MAS-002,CAP-W04-MAS-002,DOMAIN_CAPABILITY_OR_CONTRACT,W04MasteryDomain,Append-only history/provenance and explicit conflicts/revalidation.,04_W04/03_MASTERY_DECISION_CAPSULE.md,ADMITTED_CONCEPT_SUBJECT_TO_OWNER_SUPERSESSION,NONE,Explicit 23-profile and runtime binding; atom-level behavioral proof OPEN
ATOM-CAP-W04-MAS-003,CAP-W04-MAS-003,DOMAIN_CAPABILITY_OR_CONTRACT,W04MasteryDomain,Freshness independent from Mastery judgment.,04_W04/03_MASTERY_DECISION_CAPSULE.md,ADMITTED_CONCEPT_SUBJECT_TO_OWNER_SUPERSESSION,NONE,Explicit 23-profile and runtime binding; atom-level behavioral proof OPEN
ATOM-CAP-W04-MAS-004,CAP-W04-MAS-004,DOMAIN_CAPABILITY_OR_CONTRACT,W04MasteryDomain,Old resizable BottomShelf and direct copy helper as value-loss candidates.,04_W04/03_MASTERY_DECISION_CAPSULE.md,ADMITTED_CONCEPT_SUBJECT_TO_OWNER_SUPERSESSION,NONE,Explicit 23-profile and runtime binding; atom-level behavioral proof OPEN
ATOM-CAP-W04-MAS-005,CAP-W04-MAS-005,DOMAIN_CAPABILITY_OR_CONTRACT,W04MasteryDomain,Canonical Mastery judgment projection.,04_W04/03_MASTERY_DECISION_CAPSULE.md,ADMITTED_CONCEPT_SUBJECT_TO_OWNER_SUPERSESSION,NONE,Explicit 23-profile and runtime binding; atom-level behavioral proof OPEN
ATOM-CAP-W04-MAS-006,CAP-W04-MAS-006,DOMAIN_CAPABILITY_OR_CONTRACT,W04MasteryDomain,Freshness/revalidation semantics.,04_W04/03_MASTERY_DECISION_CAPSULE.md,ADMITTED_CONCEPT_SUBJECT_TO_OWNER_SUPERSESSION,NONE,Explicit 23-profile and runtime binding; atom-level behavioral proof OPEN
ATOM-CAP-W04-MAS-007,CAP-W04-MAS-007,DOMAIN_CAPABILITY_OR_CONTRACT,W04MasteryDomain,Explainability trace and policy/evidence linkage.,04_W04/03_MASTERY_DECISION_CAPSULE.md,ADMITTED_CONCEPT_SUBJECT_TO_OWNER_SUPERSESSION,NONE,Explicit 23-profile and runtime binding; atom-level behavioral proof OPEN
ATOM-CAP-W04-MAS-008,CAP-W04-MAS-008,DOMAIN_CAPABILITY_OR_CONTRACT,W04MasteryDomain,Single production Mastery owner required.,04_W04/03_MASTERY_DECISION_CAPSULE.md,ADMITTED_CONCEPT_SUBJECT_TO_OWNER_SUPERSESSION,NONE,Explicit 23-profile and runtime binding; atom-level behavioral proof OPEN
ATOM-CAP-W04-MAS-009,CAP-W04-MAS-009,DOMAIN_CAPABILITY_OR_CONTRACT,W04MasteryDomain,Mastery reads effective decisions/evidence/policy; no local recomputation from completion percentages.,04_W04/03_MASTERY_DECISION_CAPSULE.md,ADMITTED_CONCEPT_SUBJECT_TO_OWNER_SUPERSESSION,NONE,Explicit 23-profile and runtime binding; atom-level behavioral proof OPEN
ATOM-CAP-W04-MAS-010,CAP-W04-MAS-010,DOMAIN_CAPABILITY_OR_CONTRACT,W04MasteryDomain,Freshness and judgment stored/projected as distinct dimensions.,04_W04/03_MASTERY_DECISION_CAPSULE.md,ADMITTED_CONCEPT_SUBJECT_TO_OWNER_SUPERSESSION,NONE,Explicit 23-profile and runtime binding; atom-level behavioral proof OPEN
ATOM-CAP-W04-POR-001,CAP-W04-POR-001,DOMAIN_CAPABILITY_OR_CONTRACT,W04PortfolioDomain,Curated evidence/milestone/project presentation without domain duplication.,04_W04/04_PORTFOLIO_DECISION_CAPSULE.md,ADMITTED_CONCEPT_SUBJECT_TO_OWNER_SUPERSESSION,NONE,Explicit 23-profile and runtime binding; atom-level behavioral proof OPEN
ATOM-CAP-W04-POR-002,CAP-W04-POR-002,DOMAIN_CAPABILITY_OR_CONTRACT,W04PortfolioDomain,Membership separate from canonical source object.,04_W04/04_PORTFOLIO_DECISION_CAPSULE.md,ADMITTED_CONCEPT_SUBJECT_TO_OWNER_SUPERSESSION,NONE,Explicit 23-profile and runtime binding; atom-level behavioral proof OPEN
ATOM-CAP-W04-POR-003,CAP-W04-POR-003,DOMAIN_CAPABILITY_OR_CONTRACT,W04PortfolioDomain,Truthful grouping/filter interaction.,04_W04/04_PORTFOLIO_DECISION_CAPSULE.md,ADMITTED_CONCEPT_SUBJECT_TO_OWNER_SUPERSESSION,NONE,Explicit 23-profile and runtime binding; atom-level behavioral proof OPEN
ATOM-CAP-W04-POR-004,CAP-W04-POR-004,EVIDENCE_REQUIREMENT_NOT_BEHAVIOR,W04PortfolioDomain,Historical reviewer findings and old standalone Blueprint value.,04_W04/04_PORTFOLIO_DECISION_CAPSULE.md,ADMITTED_CONCEPT_SUBJECT_TO_OWNER_SUPERSESSION,NONE,Explicit 23-profile and runtime binding; atom-level behavioral proof OPEN
ATOM-CAP-W04-POR-005,CAP-W04-POR-005,DOMAIN_CAPABILITY_OR_CONTRACT,W04PortfolioDomain,Portfolio membership/curation.,04_W04/04_PORTFOLIO_DECISION_CAPSULE.md,ADMITTED_CONCEPT_SUBJECT_TO_OWNER_SUPERSESSION,NONE,Explicit 23-profile and runtime binding; atom-level behavioral proof OPEN
ATOM-CAP-W04-POR-006,CAP-W04-POR-006,DOMAIN_CAPABILITY_OR_CONTRACT,W04PortfolioDomain,Presentation of referenced Evidence/Mastery.,04_W04/04_PORTFOLIO_DECISION_CAPSULE.md,ADMITTED_CONCEPT_SUBJECT_TO_OWNER_SUPERSESSION,NONE,Explicit 23-profile and runtime binding; atom-level behavioral proof OPEN
ATOM-CAP-W04-POR-007,CAP-W04-POR-007,DOMAIN_CAPABILITY_OR_CONTRACT,W04PortfolioDomain,Grouping/filter references once authority is defined.,04_W04/04_PORTFOLIO_DECISION_CAPSULE.md,ADMITTED_CONCEPT_SUBJECT_TO_OWNER_SUPERSESSION,NONE,Explicit 23-profile and runtime binding; atom-level behavioral proof OPEN
ATOM-CAP-W04-POR-008,CAP-W04-POR-008,DOMAIN_CAPABILITY_OR_CONTRACT,W04PortfolioDomain,Portfolio stores membership/curation references only.,04_W04/04_PORTFOLIO_DECISION_CAPSULE.md,ADMITTED_CONCEPT_SUBJECT_TO_OWNER_SUPERSESSION,NONE,Explicit 23-profile and runtime binding; atom-level behavioral proof OPEN
ATOM-CAP-W04-POR-009,CAP-W04-POR-009,DOMAIN_CAPABILITY_OR_CONTRACT,W04PortfolioDomain,Canonical Evidence/Mastery remain in owners.,04_W04/04_PORTFOLIO_DECISION_CAPSULE.md,ADMITTED_CONCEPT_SUBJECT_TO_OWNER_SUPERSESSION,NONE,Explicit 23-profile and runtime binding; atom-level behavioral proof OPEN
ATOM-CAP-W04-POR-010,CAP-W04-POR-010,DOMAIN_CAPABILITY_OR_CONTRACT,W04PortfolioDomain,Production requires approved grouping/filter registry and exact projection bindings.,04_W04/04_PORTFOLIO_DECISION_CAPSULE.md,ADMITTED_CONCEPT_SUBJECT_TO_OWNER_SUPERSESSION,NONE,Explicit 23-profile and runtime binding; atom-level behavioral proof OPEN
ATOM-CAP-W05-HLT-001,CAP-W05-HLT-001,DOMAIN_CAPABILITY_OR_CONTRACT,W05HealthDomain,Typed states `AVAILABLE_DATA / AVAILABLE_EMPTY / UNAVAILABLE / ERROR / STALE`.,05_W05/01_HEALTH_DECISION_CAPSULE.md,ADMITTED_CONCEPT_SUBJECT_TO_OWNER_SUPERSESSION,NONE,Explicit 23-profile and runtime binding; atom-level behavioral proof OPEN
ATOM-CAP-W05-HLT-002,CAP-W05-HLT-002,DOMAIN_CAPABILITY_OR_CONTRACT,W05HealthDomain,"Source, observed_at, freshness and recovery visibility.",05_W05/01_HEALTH_DECISION_CAPSULE.md,ADMITTED_CONCEPT_SUBJECT_TO_OWNER_SUPERSESSION,NONE,Explicit 23-profile and runtime binding; atom-level behavioral proof OPEN
ATOM-CAP-W05-HLT-003,CAP-W05-HLT-003,DOMAIN_CAPABILITY_OR_CONTRACT,W05HealthDomain,Worker liveness separate from queue counts/table existence.,05_W05/01_HEALTH_DECISION_CAPSULE.md,ADMITTED_CONCEPT_SUBJECT_TO_OWNER_SUPERSESSION,NONE,Explicit 23-profile and runtime binding; atom-level behavioral proof OPEN
ATOM-CAP-W05-HLT-004,CAP-W05-HLT-004,DOMAIN_CAPABILITY_OR_CONTRACT,W05HealthDomain,Refresh distinguished from a durable check/run.,05_W05/01_HEALTH_DECISION_CAPSULE.md,ADMITTED_CONCEPT_SUBJECT_TO_OWNER_SUPERSESSION,NONE,Explicit 23-profile and runtime binding; atom-level behavioral proof OPEN
ATOM-CAP-W05-HLT-005,CAP-W05-HLT-005,DOMAIN_CAPABILITY_OR_CONTRACT,W05HealthDomain,Health observations and source/freshness semantics.,05_W05/01_HEALTH_DECISION_CAPSULE.md,ADMITTED_CONCEPT_SUBJECT_TO_OWNER_SUPERSESSION,NONE,Explicit 23-profile and runtime binding; atom-level behavioral proof OPEN
ATOM-CAP-W05-HLT-006,CAP-W05-HLT-006,DOMAIN_CAPABILITY_OR_CONTRACT,W05HealthDomain,Operational recovery/diagnostic status.,05_W05/01_HEALTH_DECISION_CAPSULE.md,ADMITTED_CONCEPT_SUBJECT_TO_OWNER_SUPERSESSION,NONE,Explicit 23-profile and runtime binding; atom-level behavioral proof OPEN
ATOM-CAP-W05-HLT-007,CAP-W05-HLT-007,DOMAIN_CAPABILITY_OR_CONTRACT,W05HealthDomain,Bind to real observation sources with observed_at/freshness.,05_W05/01_HEALTH_DECISION_CAPSULE.md,ADMITTED_CONCEPT_SUBJECT_TO_OWNER_SUPERSESSION,NONE,Explicit 23-profile and runtime binding; atom-level behavioral proof OPEN
ATOM-CAP-W05-HLT-008,CAP-W05-HLT-008,DOMAIN_CAPABILITY_OR_CONTRACT,W05HealthDomain,Worker liveness and queue metrics must remain distinct read models.,05_W05/01_HEALTH_DECISION_CAPSULE.md,ADMITTED_CONCEPT_SUBJECT_TO_OWNER_SUPERSESSION,NONE,Explicit 23-profile and runtime binding; atom-level behavioral proof OPEN
ATOM-CAP-W05-HLT-009,CAP-W05-HLT-009,DOMAIN_CAPABILITY_OR_CONTRACT,W05HealthDomain,Refresh action must not fabricate durable run history.,05_W05/01_HEALTH_DECISION_CAPSULE.md,ADMITTED_CONCEPT_SUBJECT_TO_OWNER_SUPERSESSION,NONE,Explicit 23-profile and runtime binding; atom-level behavioral proof OPEN
ATOM-CAP-W05-PRC-001,CAP-W05-PRC-001,DOMAIN_CAPABILITY_OR_CONTRACT,W05ProcessingDomain,request/job/attempt identity.,05_W05/02_PROCESSING_DECISION_CAPSULE.md,ADMITTED_CONCEPT_SUBJECT_TO_OWNER_SUPERSESSION,NONE,Explicit 23-profile and runtime binding; atom-level behavioral proof OPEN
ATOM-CAP-W05-PRC-002,CAP-W05-PRC-002,DOMAIN_CAPABILITY_OR_CONTRACT,W05ProcessingDomain,"`retry_wait`, `timed_out`, `cancel_requested`, `cancelled` as distinct states.",05_W05/02_PROCESSING_DECISION_CAPSULE.md,ADMITTED_CONCEPT_SUBJECT_TO_OWNER_SUPERSESSION,NONE,Explicit 23-profile and runtime binding; atom-level behavioral proof OPEN
ATOM-CAP-W05-PRC-003,CAP-W05-PRC-003,DOMAIN_CAPABILITY_OR_CONTRACT,W05ProcessingDomain,Retry attempts/backoff/ceiling/reason/correlation/idempotency.,05_W05/02_PROCESSING_DECISION_CAPSULE.md,ADMITTED_CONCEPT_SUBJECT_TO_OWNER_SUPERSESSION,NONE,Explicit 23-profile and runtime binding; atom-level behavioral proof OPEN
ATOM-CAP-W05-PRC-004,CAP-W05-PRC-004,DOMAIN_CAPABILITY_OR_CONTRACT,W05ProcessingDomain,Processing→Validation orchestration as target pending technical truth.,05_W05/02_PROCESSING_DECISION_CAPSULE.md,ADMITTED_CONCEPT_SUBJECT_TO_OWNER_SUPERSESSION,NONE,Explicit 23-profile and runtime binding; atom-level behavioral proof OPEN
ATOM-CAP-W05-PRC-005,CAP-W05-PRC-005,DOMAIN_CAPABILITY_OR_CONTRACT,W05ProcessingDomain,Processing lifecycle/state machine.,05_W05/02_PROCESSING_DECISION_CAPSULE.md,ADMITTED_CONCEPT_SUBJECT_TO_OWNER_SUPERSESSION,NONE,Explicit 23-profile and runtime binding; atom-level behavioral proof OPEN
ATOM-CAP-W05-PRC-006,CAP-W05-PRC-006,DOMAIN_CAPABILITY_OR_CONTRACT,W05ProcessingDomain,Job attempt/retry/cancel semantics.,05_W05/02_PROCESSING_DECISION_CAPSULE.md,ADMITTED_CONCEPT_SUBJECT_TO_OWNER_SUPERSESSION,NONE,Explicit 23-profile and runtime binding; atom-level behavioral proof OPEN
ATOM-CAP-W05-PRC-007,CAP-W05-PRC-007,DOMAIN_CAPABILITY_OR_CONTRACT,W05ProcessingDomain,Orchestration handoff to Validation.,05_W05/02_PROCESSING_DECISION_CAPSULE.md,ADMITTED_CONCEPT_SUBJECT_TO_OWNER_SUPERSESSION,NONE,Explicit 23-profile and runtime binding; atom-level behavioral proof OPEN
ATOM-CAP-W05-PRC-008,CAP-W05-PRC-008,DOMAIN_CAPABILITY_OR_CONTRACT,W05ProcessingDomain,Map request/job/attempt IDs separately.,05_W05/02_PROCESSING_DECISION_CAPSULE.md,ADMITTED_CONCEPT_SUBJECT_TO_OWNER_SUPERSESSION,NONE,Explicit 23-profile and runtime binding; atom-level behavioral proof OPEN
ATOM-CAP-W05-PRC-009,CAP-W05-PRC-009,DOMAIN_CAPABILITY_OR_CONTRACT,W05ProcessingDomain,Cancellation requires truthful external-worker acknowledgement semantics.,05_W05/02_PROCESSING_DECISION_CAPSULE.md,ADMITTED_CONCEPT_SUBJECT_TO_OWNER_SUPERSESSION,NONE,Explicit 23-profile and runtime binding; atom-level behavioral proof OPEN
ATOM-CAP-W05-PRC-010,CAP-W05-PRC-010,DOMAIN_CAPABILITY_OR_CONTRACT,W05ProcessingDomain,"Validation transition must bind actual orchestration, not mock UI state.",05_W05/02_PROCESSING_DECISION_CAPSULE.md,ADMITTED_CONCEPT_SUBJECT_TO_OWNER_SUPERSESSION,NONE,Explicit 23-profile and runtime binding; atom-level behavioral proof OPEN
ATOM-CAP-W05-VAL-001,CAP-W05-VAL-001,DOMAIN_CAPABILITY_OR_CONTRACT,W05ValidationDomain,Technical validation status and exact errors.,05_W05/03_VALIDATION_DECISION_CAPSULE.md,ADMITTED_CONCEPT_SUBJECT_TO_OWNER_SUPERSESSION,NONE,Explicit 23-profile and runtime binding; atom-level behavioral proof OPEN
ATOM-CAP-W05-VAL-002,CAP-W05-VAL-002,DOMAIN_CAPABILITY_OR_CONTRACT,W05ValidationDomain,Safe error path/schema/digest/recovery.,05_W05/03_VALIDATION_DECISION_CAPSULE.md,ADMITTED_CONCEPT_SUBJECT_TO_OWNER_SUPERSESSION,NONE,Explicit 23-profile and runtime binding; atom-level behavioral proof OPEN
ATOM-CAP-W05-VAL-003,CAP-W05-VAL-003,DOMAIN_CAPABILITY_OR_CONTRACT,W05ValidationDomain,Clear distinction between technical validity and knowledge/scientific/pedagogical acceptance.,05_W05/03_VALIDATION_DECISION_CAPSULE.md,ADMITTED_CONCEPT_SUBJECT_TO_OWNER_SUPERSESSION,NONE,Explicit 23-profile and runtime binding; atom-level behavioral proof OPEN
ATOM-CAP-W05-VAL-004,CAP-W05-VAL-004,DOMAIN_CAPABILITY_OR_CONTRACT,W05ValidationDomain,Schema/type/signature/conformance checks.,05_W05/03_VALIDATION_DECISION_CAPSULE.md,ADMITTED_CONCEPT_SUBJECT_TO_OWNER_SUPERSESSION,NONE,Explicit 23-profile and runtime binding; atom-level behavioral proof OPEN
ATOM-CAP-W05-VAL-005,CAP-W05-VAL-005,DOMAIN_CAPABILITY_OR_CONTRACT,W05ValidationDomain,Technical validation results.,05_W05/03_VALIDATION_DECISION_CAPSULE.md,ADMITTED_CONCEPT_SUBJECT_TO_OWNER_SUPERSESSION,NONE,Explicit 23-profile and runtime binding; atom-level behavioral proof OPEN
ATOM-CAP-W05-VAL-006,CAP-W05-VAL-006,DOMAIN_CAPABILITY_OR_CONTRACT,W05ValidationDomain,Validation service outputs must bind exact artifact/revision/digest.,05_W05/03_VALIDATION_DECISION_CAPSULE.md,ADMITTED_CONCEPT_SUBJECT_TO_OWNER_SUPERSESSION,NONE,Explicit 23-profile and runtime binding; atom-level behavioral proof OPEN
ATOM-CAP-W05-VAL-007,CAP-W05-VAL-007,DOMAIN_CAPABILITY_OR_CONTRACT,W05ValidationDomain,Keep validation result separate from admission/review/Mastery truth.,05_W05/03_VALIDATION_DECISION_CAPSULE.md,ADMITTED_CONCEPT_SUBJECT_TO_OWNER_SUPERSESSION,NONE,Explicit 23-profile and runtime binding; atom-level behavioral proof OPEN
ATOM-CAP-W05-AUD-001,CAP-W05-AUD-001,DOMAIN_CAPABILITY_OR_CONTRACT,W05AuditDomain,Application-level append-only + SHA-256 hash-chain claim unless stronger DB enforcement is proven.,05_W05/04_AUDIT_DECISION_CAPSULE.md,ADMITTED_CONCEPT_SUBJECT_TO_OWNER_SUPERSESSION,NONE,Explicit 23-profile and runtime binding; atom-level behavioral proof OPEN
ATOM-CAP-W05-AUD-002,CAP-W05-AUD-002,DOMAIN_CAPABILITY_OR_CONTRACT,W05AuditDomain,Hashing explicitly not encryption.,05_W05/04_AUDIT_DECISION_CAPSULE.md,ADMITTED_CONCEPT_SUBJECT_TO_OWNER_SUPERSESSION,NONE,Explicit 23-profile and runtime binding; atom-level behavioral proof OPEN
ATOM-CAP-W05-AUD-003,CAP-W05-AUD-003,DOMAIN_CAPABILITY_OR_CONTRACT,W05AuditDomain,"`first_invalid_sequence`, correlation, filters, history, error-vs-empty semantics.",05_W05/04_AUDIT_DECISION_CAPSULE.md,ADMITTED_CONCEPT_SUBJECT_TO_OWNER_SUPERSESSION,NONE,Explicit 23-profile and runtime binding; atom-level behavioral proof OPEN
ATOM-CAP-W05-AUD-004,CAP-W05-AUD-004,DOMAIN_CAPABILITY_OR_CONTRACT,W05AuditDomain,Audit event/history/correlation/filter semantics.,05_W05/04_AUDIT_DECISION_CAPSULE.md,ADMITTED_CONCEPT_SUBJECT_TO_OWNER_SUPERSESSION,NONE,Explicit 23-profile and runtime binding; atom-level behavioral proof OPEN
ATOM-CAP-W05-AUD-005,CAP-W05-AUD-005,DOMAIN_CAPABILITY_OR_CONTRACT,W05AuditDomain,Hash-chain integrity verification.,05_W05/04_AUDIT_DECISION_CAPSULE.md,ADMITTED_CONCEPT_SUBJECT_TO_OWNER_SUPERSESSION,NONE,Explicit 23-profile and runtime binding; atom-level behavioral proof OPEN
ATOM-CAP-W05-AUD-006,CAP-W05-AUD-006,DOMAIN_CAPABILITY_OR_CONTRACT,W05AuditDomain,Map actual append-only enforcement and hash-chain verification location.,05_W05/04_AUDIT_DECISION_CAPSULE.md,ADMITTED_CONCEPT_SUBJECT_TO_OWNER_SUPERSESSION,NONE,Explicit 23-profile and runtime binding; atom-level behavioral proof OPEN
ATOM-CAP-W05-AUD-007,CAP-W05-AUD-007,DOMAIN_CAPABILITY_OR_CONTRACT,W05AuditDomain,Expose integrity failure sequence and correlation IDs.,05_W05/04_AUDIT_DECISION_CAPSULE.md,ADMITTED_CONCEPT_SUBJECT_TO_OWNER_SUPERSESSION,NONE,Explicit 23-profile and runtime binding; atom-level behavioral proof OPEN
ATOM-CAP-W05-AIB-001,CAP-W05-AIB-001,DOMAIN_CAPABILITY_OR_CONTRACT,W05AIBDomain,`MANUAL_ONLY / PROVIDER_NEUTRAL`.,05_W05/05_MANUAL_AI_BRIDGE_DECISION_CAPSULE.md,ADMITTED_CONCEPT_SUBJECT_TO_OWNER_SUPERSESSION,NONE,Explicit 23-profile and runtime binding; atom-level behavioral proof OPEN
ATOM-CAP-W05-AIB-002,CAP-W05-AIB-002,DOMAIN_CAPABILITY_OR_CONTRACT,W05AIBDomain,No provider API/credentials/polling/embeddings/automatic acceptance.,05_W05/05_MANUAL_AI_BRIDGE_DECISION_CAPSULE.md,ADMITTED_CONCEPT_SUBJECT_TO_OWNER_SUPERSESSION,NONE,Explicit 23-profile and runtime binding; atom-level behavioral proof OPEN
ATOM-CAP-W05-AIB-003,CAP-W05-AIB-003,DOMAIN_CAPABILITY_OR_CONTRACT,W05AIBDomain,Human `ACCEPT / EDIT / REJECT / DEFER / REQUEST_EVIDENCE`; ACCEPT creates draft only.,05_W05/05_MANUAL_AI_BRIDGE_DECISION_CAPSULE.md,ADMITTED_CONCEPT_SUBJECT_TO_OWNER_SUPERSESSION,NONE,Explicit 23-profile and runtime binding; atom-level behavioral proof OPEN
ATOM-CAP-W05-AIB-004,CAP-W05-AIB-004,DOMAIN_CAPABILITY_OR_CONTRACT,W05AIBDomain,Proposal/source/revision/digest/provenance identity; invalid provenance fails closed.,05_W05/05_MANUAL_AI_BRIDGE_DECISION_CAPSULE.md,ADMITTED_CONCEPT_SUBJECT_TO_OWNER_SUPERSESSION,NONE,Explicit 23-profile and runtime binding; atom-level behavioral proof OPEN
ATOM-CAP-W05-AIB-005,CAP-W05-AIB-005,DOMAIN_CAPABILITY_OR_CONTRACT,W05AIBDomain,Manual proposal intake/adjudication working state.,05_W05/05_MANUAL_AI_BRIDGE_DECISION_CAPSULE.md,ADMITTED_CONCEPT_SUBJECT_TO_OWNER_SUPERSESSION,NONE,Explicit 23-profile and runtime binding; atom-level behavioral proof OPEN
ATOM-CAP-W05-AIB-006,CAP-W05-AIB-006,DOMAIN_CAPABILITY_OR_CONTRACT,W05AIBDomain,Draft-generation boundary.,05_W05/05_MANUAL_AI_BRIDGE_DECISION_CAPSULE.md,ADMITTED_CONCEPT_SUBJECT_TO_OWNER_SUPERSESSION,NONE,Explicit 23-profile and runtime binding; atom-level behavioral proof OPEN
ATOM-CAP-W05-AIB-007,CAP-W05-AIB-007,DOMAIN_CAPABILITY_OR_CONTRACT,W05AIBDomain,Provenance validation.,05_W05/05_MANUAL_AI_BRIDGE_DECISION_CAPSULE.md,ADMITTED_CONCEPT_SUBJECT_TO_OWNER_SUPERSESSION,NONE,Explicit 23-profile and runtime binding; atom-level behavioral proof OPEN
ATOM-CAP-W05-AIB-008,CAP-W05-AIB-008,DOMAIN_CAPABILITY_OR_CONTRACT,W05AIBDomain,No provider credential/service integration from this Surface.,05_W05/05_MANUAL_AI_BRIDGE_DECISION_CAPSULE.md,ADMITTED_CONCEPT_SUBJECT_TO_OWNER_SUPERSESSION,NONE,Explicit 23-profile and runtime binding; atom-level behavioral proof OPEN
ATOM-CAP-W05-AIB-009,CAP-W05-AIB-009,DOMAIN_CAPABILITY_OR_CONTRACT,W05AIBDomain,Human decision audit/provenance and draft creation must map explicitly.,05_W05/05_MANUAL_AI_BRIDGE_DECISION_CAPSULE.md,ADMITTED_CONCEPT_SUBJECT_TO_OWNER_SUPERSESSION,NONE,Explicit 23-profile and runtime binding; atom-level behavioral proof OPEN
ATOM-CAP-W05-AIB-010,CAP-W05-AIB-010,DOMAIN_CAPABILITY_OR_CONTRACT,W05AIBDomain,Canonical publication remains outside this Surface.,05_W05/05_MANUAL_AI_BRIDGE_DECISION_CAPSULE.md,ADMITTED_CONCEPT_SUBJECT_TO_OWNER_SUPERSESSION,NONE,Explicit 23-profile and runtime binding; atom-level behavioral proof OPEN
ATOM-CAP-W05-BKP-001,CAP-W05-BKP-001,DOMAIN_CAPABILITY_OR_CONTRACT,W05BackupDomain,Distinguish create / verify / stage / isolated drill / compare / activation pending-or-abandoned.,05_W05/06_BACKUP_RESTORE_DECISION_CAPSULE.md,ADMITTED_CONCEPT_SUBJECT_TO_OWNER_SUPERSESSION,NONE,Explicit 23-profile and runtime binding; atom-level behavioral proof OPEN
ATOM-CAP-W05-BKP-002,CAP-W05-BKP-002,DOMAIN_CAPABILITY_OR_CONTRACT,W05BackupDomain,No ordinary web-child authority for production restore activation.,05_W05/06_BACKUP_RESTORE_DECISION_CAPSULE.md,ADMITTED_CONCEPT_SUBJECT_TO_OWNER_SUPERSESSION,NONE,Explicit 23-profile and runtime binding; atom-level behavioral proof OPEN
ATOM-CAP-W05-BKP-003,CAP-W05-BKP-003,DOMAIN_CAPABILITY_OR_CONTRACT,W05BackupDomain,Do not call signed/verified/integrity-protected packages encrypted unless encryption is proven.,05_W05/06_BACKUP_RESTORE_DECISION_CAPSULE.md,ADMITTED_CONCEPT_SUBJECT_TO_OWNER_SUPERSESSION,NONE,Explicit 23-profile and runtime binding; atom-level behavioral proof OPEN
ATOM-CAP-W05-BKP-004,CAP-W05-BKP-004,DOMAIN_CAPABILITY_OR_CONTRACT,W05BackupDomain,Issue #5315 package-time schema architecture remains gated.,05_W05/06_BACKUP_RESTORE_DECISION_CAPSULE.md,ADMITTED_CONCEPT_SUBJECT_TO_OWNER_SUPERSESSION,NONE,Explicit 23-profile and runtime binding; atom-level behavioral proof OPEN
ATOM-CAP-W05-BKP-005,CAP-W05-BKP-005,DOMAIN_CAPABILITY_OR_CONTRACT,W05BackupDomain,Backup package lifecycle.,05_W05/06_BACKUP_RESTORE_DECISION_CAPSULE.md,ADMITTED_CONCEPT_SUBJECT_TO_OWNER_SUPERSESSION,NONE,Explicit 23-profile and runtime binding; atom-level behavioral proof OPEN
ATOM-CAP-W05-BKP-006,CAP-W05-BKP-006,DOMAIN_CAPABILITY_OR_CONTRACT,W05BackupDomain,Restore drill/stage/compare semantics.,05_W05/06_BACKUP_RESTORE_DECISION_CAPSULE.md,ADMITTED_CONCEPT_SUBJECT_TO_OWNER_SUPERSESSION,NONE,Explicit 23-profile and runtime binding; atom-level behavioral proof OPEN
ATOM-CAP-W05-BKP-007,CAP-W05-BKP-007,DOMAIN_CAPABILITY_OR_CONTRACT,W05BackupDomain,Activation boundary.,05_W05/06_BACKUP_RESTORE_DECISION_CAPSULE.md,ADMITTED_CONCEPT_SUBJECT_TO_OWNER_SUPERSESSION,NONE,Explicit 23-profile and runtime binding; atom-level behavioral proof OPEN
ATOM-CAP-W05-BKP-008,CAP-W05-BKP-008,DOMAIN_CAPABILITY_OR_CONTRACT,W05BackupDomain,Separate drill environment from activation.,05_W05/06_BACKUP_RESTORE_DECISION_CAPSULE.md,ADMITTED_CONCEPT_SUBJECT_TO_OWNER_SUPERSESSION,NONE,Explicit 23-profile and runtime binding; atom-level behavioral proof OPEN
ATOM-CAP-W05-BKP-009,CAP-W05-BKP-009,DOMAIN_CAPABILITY_OR_CONTRACT,W05BackupDomain,Activation requires explicit Parent/Owner authority path.,05_W05/06_BACKUP_RESTORE_DECISION_CAPSULE.md,ADMITTED_CONCEPT_SUBJECT_TO_OWNER_SUPERSESSION,NONE,Explicit 23-profile and runtime binding; atom-level behavioral proof OPEN
ATOM-CAP-W05-BKP-010,CAP-W05-BKP-010,DOMAIN_CAPABILITY_OR_CONTRACT,W05BackupDomain,Package schema binding deferred until #5315 resolution.,05_W05/06_BACKUP_RESTORE_DECISION_CAPSULE.md,ADMITTED_CONCEPT_SUBJECT_TO_OWNER_SUPERSESSION,NONE,Explicit 23-profile and runtime binding; atom-level behavioral proof OPEN
ATOM-CAP-W05-REL-001,CAP-W05-REL-001,DOMAIN_CAPABILITY_OR_CONTRACT,W05ReleaseDomain,PUSH != ACCEPTANCE.,05_W05/07_RELEASES_DECISION_CAPSULE.md,ADMITTED_CONCEPT_SUBJECT_TO_OWNER_SUPERSESSION,NONE,Explicit 23-profile and runtime binding; atom-level behavioral proof OPEN
ATOM-CAP-W05-REL-002,CAP-W05-REL-002,DOMAIN_CAPABILITY_OR_CONTRACT,W05ReleaseDomain,Technical PASS != authorization.,05_W05/07_RELEASES_DECISION_CAPSULE.md,ADMITTED_CONCEPT_SUBJECT_TO_OWNER_SUPERSESSION,NONE,Explicit 23-profile and runtime binding; atom-level behavioral proof OPEN
ATOM-CAP-W05-REL-003,CAP-W05-REL-003,DOMAIN_CAPABILITY_OR_CONTRACT,W05ReleaseDomain,Authorization != deployment.,05_W05/07_RELEASES_DECISION_CAPSULE.md,ADMITTED_CONCEPT_SUBJECT_TO_OWNER_SUPERSESSION,NONE,Explicit 23-profile and runtime binding; atom-level behavioral proof OPEN
ATOM-CAP-W05-REL-004,CAP-W05-REL-004,DOMAIN_CAPABILITY_OR_CONTRACT,W05ReleaseDomain,Evidence binds exact candidate SHA/tree; evidence for A cannot satisfy B.,05_W05/07_RELEASES_DECISION_CAPSULE.md,ADMITTED_CONCEPT_SUBJECT_TO_OWNER_SUPERSESSION,NONE,Explicit 23-profile and runtime binding; atom-level behavioral proof OPEN
ATOM-CAP-W05-REL-005,CAP-W05-REL-005,DOMAIN_CAPABILITY_OR_CONTRACT,W05ReleaseDomain,Release candidate/readiness/authorization/deployment state model.,05_W05/07_RELEASES_DECISION_CAPSULE.md,ADMITTED_CONCEPT_SUBJECT_TO_OWNER_SUPERSESSION,NONE,Explicit 23-profile and runtime binding; atom-level behavioral proof OPEN
ATOM-CAP-W05-REL-006,CAP-W05-REL-006,DOMAIN_CAPABILITY_OR_CONTRACT,W05ReleaseDomain,Exact candidate evidence binding.,05_W05/07_RELEASES_DECISION_CAPSULE.md,ADMITTED_CONCEPT_SUBJECT_TO_OWNER_SUPERSESSION,NONE,Explicit 23-profile and runtime binding; atom-level behavioral proof OPEN
ATOM-CAP-W05-REL-007,CAP-W05-REL-007,DOMAIN_CAPABILITY_OR_CONTRACT,W05ReleaseDomain,Release state machine must bind exact commit/tree/artifact evidence.,05_W05/07_RELEASES_DECISION_CAPSULE.md,ADMITTED_CONCEPT_SUBJECT_TO_OWNER_SUPERSESSION,NONE,Explicit 23-profile and runtime binding; atom-level behavioral proof OPEN
ATOM-CAP-W05-REL-008,CAP-W05-REL-008,DOMAIN_CAPABILITY_OR_CONTRACT,W05ReleaseDomain,Authorization and deployment actions require real authority checks.,05_W05/07_RELEASES_DECISION_CAPSULE.md,ADMITTED_CONCEPT_SUBJECT_TO_OWNER_SUPERSESSION,NONE,Explicit 23-profile and runtime binding; atom-level behavioral proof OPEN
ATOM-CAP-W05-REL-009,CAP-W05-REL-009,DOMAIN_CAPABILITY_OR_CONTRACT,W05ReleaseDomain,Do not collapse CI PASS into release approval.,05_W05/07_RELEASES_DECISION_CAPSULE.md,ADMITTED_CONCEPT_SUBJECT_TO_OWNER_SUPERSESSION,NONE,Explicit 23-profile and runtime binding; atom-level behavioral proof OPEN
ATOM-CAP-W05-CFG-001,CAP-W05-CFG-001,DOMAIN_CAPABILITY_OR_CONTRACT,W05ConfigurationDomain,Secret-safe whitelist-based operational config.,05_W05/08_CONFIGURATION_DECISION_CAPSULE.md,ADMITTED_CONCEPT_SUBJECT_TO_OWNER_SUPERSESSION,NONE,Explicit 23-profile and runtime binding; atom-level behavioral proof OPEN
ATOM-CAP-W05-CFG-002,CAP-W05-CFG-002,DOMAIN_CAPABILITY_OR_CONTRACT,W05ConfigurationDomain,Read-only operational config by default unless newer direct authority opens mutation.,05_W05/08_CONFIGURATION_DECISION_CAPSULE.md,ADMITTED_CONCEPT_SUBJECT_TO_OWNER_SUPERSESSION,NONE,Explicit 23-profile and runtime binding; atom-level behavioral proof OPEN
ATOM-CAP-W05-CFG-003,CAP-W05-CFG-003,DOMAIN_CAPABILITY_OR_CONTRACT,W05ConfigurationDomain,Presentation preferences != operational configuration mutation.,05_W05/08_CONFIGURATION_DECISION_CAPSULE.md,ADMITTED_CONCEPT_SUBJECT_TO_OWNER_SUPERSESSION,NONE,Explicit 23-profile and runtime binding; atom-level behavioral proof OPEN
ATOM-CAP-W05-CFG-004,CAP-W05-CFG-004,DOMAIN_CAPABILITY_OR_CONTRACT,W05ConfigurationDomain,Present value != approved value; source/freshness/restart requirement explicit.,05_W05/08_CONFIGURATION_DECISION_CAPSULE.md,ADMITTED_CONCEPT_SUBJECT_TO_OWNER_SUPERSESSION,NONE,Explicit 23-profile and runtime binding; atom-level behavioral proof OPEN
ATOM-CAP-W05-CFG-005,CAP-W05-CFG-005,DOMAIN_CAPABILITY_OR_CONTRACT,W05ConfigurationDomain,Operational configuration values/source/freshness/restart requirements.,05_W05/08_CONFIGURATION_DECISION_CAPSULE.md,ADMITTED_CONCEPT_SUBJECT_TO_OWNER_SUPERSESSION,NONE,Explicit 23-profile and runtime binding; atom-level behavioral proof OPEN
ATOM-CAP-W05-CFG-006,CAP-W05-CFG-006,DOMAIN_CAPABILITY_OR_CONTRACT,W05ConfigurationDomain,Governed operational config change boundary.,05_W05/08_CONFIGURATION_DECISION_CAPSULE.md,ADMITTED_CONCEPT_SUBJECT_TO_OWNER_SUPERSESSION,NONE,Explicit 23-profile and runtime binding; atom-level behavioral proof OPEN
ATOM-CAP-W05-CFG-007,CAP-W05-CFG-007,DOMAIN_CAPABILITY_OR_CONTRACT,W05ConfigurationDomain,Strong separation: `GlobalPreferenceCore` vs operational Configuration backend.,05_W05/08_CONFIGURATION_DECISION_CAPSULE.md,ADMITTED_CONCEPT_SUBJECT_TO_OWNER_SUPERSESSION,NONE,Explicit 23-profile and runtime binding; atom-level behavioral proof OPEN
ATOM-CAP-W05-CFG-008,CAP-W05-CFG-008,DOMAIN_CAPABILITY_OR_CONTRACT,W05ConfigurationDomain,Whitelist/redaction and source provenance required.,05_W05/08_CONFIGURATION_DECISION_CAPSULE.md,ADMITTED_CONCEPT_SUBJECT_TO_OWNER_SUPERSESSION,NONE,Explicit 23-profile and runtime binding; atom-level behavioral proof OPEN
ATOM-CAP-W05-CFG-009,CAP-W05-CFG-009,DOMAIN_CAPABILITY_OR_CONTRACT,W05ConfigurationDomain,Any mutation needs explicit newer authority and validation.,05_W05/08_CONFIGURATION_DECISION_CAPSULE.md,ADMITTED_CONCEPT_SUBJECT_TO_OWNER_SUPERSESSION,NONE,Explicit 23-profile and runtime binding; atom-level behavioral proof OPEN
ATOM-CAP-INVARIANT-001,CAP-INVARIANT-001,CONSTRAINT_NOT_ACTION,CrossDomainBoundary,Today projection != Canonical domain store — Today reads/projects; it does not become a second store.,NC-001,ADMITTED_CONCEPT_SUBJECT_TO_OWNER_SUPERSESSION,NONE,Explicit 23-profile and runtime binding; atom-level behavioral proof OPEN
ATOM-CAP-INVARIANT-002,CAP-INVARIANT-002,CONSTRAINT_NOT_ACTION,CrossDomainBoundary,Progress/completion != Mastery — W04 owns Mastery; Today/Learn progress is projection/activity context.,NC-002,ADMITTED_CONCEPT_SUBJECT_TO_OWNER_SUPERSESSION,NONE,Explicit 23-profile and runtime binding; atom-level behavioral proof OPEN
ATOM-CAP-INVARIANT-003,CAP-INVARIANT-003,CONSTRAINT_NOT_ACTION,CrossDomainBoundary,Presentation preference != Canonical content metadata — Rendering choice never silently rewrites document/block/note language/direction metadata.,NC-003,ADMITTED_CONCEPT_SUBJECT_TO_OWNER_SUPERSESSION,NONE,Explicit 23-profile and runtime binding; atom-level behavioral proof OPEN
ATOM-CAP-INVARIANT-004,CAP-INVARIANT-004,CONSTRAINT_NOT_ACTION,CrossDomainBoundary,Global UI preference != W05 operational Configuration — Theme/locale/keymap/etc. are not system config mutation.,NC-004,ADMITTED_CONCEPT_SUBJECT_TO_OWNER_SUPERSESSION,NONE,Explicit 23-profile and runtime binding; atom-level behavioral proof OPEN
ATOM-CAP-INVARIANT-005,CAP-INVARIANT-005,CONSTRAINT_NOT_ACTION,CrossDomainBoundary,R&Q working review != W04 formal Review — R&Q analysis can inform; W04 owns request/assignment/findings/decision/closure.,NC-005,ADMITTED_CONCEPT_SUBJECT_TO_OWNER_SUPERSESSION,NONE,Explicit 23-profile and runtime binding; atom-level behavioral proof OPEN
ATOM-CAP-INVARIANT-006,CAP-INVARIANT-006,CONSTRAINT_NOT_ACTION,CrossDomainBoundary,Visual representation != Canonical object — representationId != canonicalObjectId where representation instances exist.,NC-006,ADMITTED_CONCEPT_SUBJECT_TO_OWNER_SUPERSESSION,NONE,Explicit 23-profile and runtime binding; atom-level behavioral proof OPEN
ATOM-CAP-INVARIANT-007,CAP-INVARIANT-007,CONSTRAINT_NOT_ACTION,CrossDomainBoundary,Spatial geometry != Domain relationship meaning — Node/edge placement cannot auto-author domain relation semantics.,NC-007,ADMITTED_CONCEPT_SUBJECT_TO_OWNER_SUPERSESSION,NONE,Explicit 23-profile and runtime binding; atom-level behavioral proof OPEN
ATOM-CAP-INVARIANT-008,CAP-INVARIANT-008,CONSTRAINT_NOT_ACTION,CrossDomainBoundary,Enterprise canonical aggregate != Digital Twin — Twin points to/extends Enterprise identity with explicit simulation-local objects.,NC-008,ADMITTED_CONCEPT_SUBJECT_TO_OWNER_SUPERSESSION,NONE,Explicit 23-profile and runtime binding; atom-level behavioral proof OPEN
ATOM-CAP-INVARIANT-009,CAP-INVARIANT-009,CONSTRAINT_NOT_ACTION,CrossDomainBoundary,"Scenario != Enterprise — Scenario is portable definition/Environment Contract, not Enterprise aggregate.",NC-009,ADMITTED_CONCEPT_SUBJECT_TO_OWNER_SUPERSESSION,NONE,Explicit 23-profile and runtime binding; atom-level behavioral proof OPEN
ATOM-CAP-INVARIANT-010,CAP-INVARIANT-010,CONSTRAINT_NOT_ACTION,CrossDomainBoundary,"Lab != Scenario — Lab is reusable standalone/module definition, not Scenario.",NC-010,ADMITTED_CONCEPT_SUBJECT_TO_OWNER_SUPERSESSION,NONE,Explicit 23-profile and runtime binding; atom-level behavioral proof OPEN
ATOM-CAP-INVARIANT-011,CAP-INVARIANT-011,CONSTRAINT_NOT_ACTION,CrossDomainBoundary,Run != Source definition — Run uses frozen inputs and never silently rewrites Enterprise/Scenario/Lab.,NC-011,ADMITTED_CONCEPT_SUBJECT_TO_OWNER_SUPERSESSION,NONE,Explicit 23-profile and runtime binding; atom-level behavioral proof OPEN
ATOM-CAP-INVARIANT-012,CAP-INVARIANT-012,CONSTRAINT_NOT_ACTION,CrossDomainBoundary,"Result != Run — Result is recorded historical output, not active runtime.",NC-012,ADMITTED_CONCEPT_SUBJECT_TO_OWNER_SUPERSESSION,NONE,Explicit 23-profile and runtime binding; atom-level behavioral proof OPEN
ATOM-CAP-INVARIANT-013,CAP-INVARIANT-013,CONSTRAINT_NOT_ACTION,CrossDomainBoundary,Replay != Recomputation — Replay presents recorded history and does not regenerate facts.,NC-013,ADMITTED_CONCEPT_SUBJECT_TO_OWNER_SUPERSESSION,NONE,Explicit 23-profile and runtime binding; atom-level behavioral proof OPEN
ATOM-CAP-INVARIANT-014,CAP-INVARIANT-014,CONSTRAINT_NOT_ACTION,CrossDomainBoundary,AAR annotation != Historical fact — Analysis/annotation cannot mutate original result event truth.,NC-014,ADMITTED_CONCEPT_SUBJECT_TO_OWNER_SUPERSESSION,NONE,Explicit 23-profile and runtime binding; atom-level behavioral proof OPEN
ATOM-CAP-INVARIANT-015,CAP-INVARIANT-015,CONSTRAINT_NOT_ACTION,CrossDomainBoundary,Candidate Evidence != Evidence — Handoff/candidate requires admission before Evidence identity.,NC-015,ADMITTED_CONCEPT_SUBJECT_TO_OWNER_SUPERSESSION,NONE,Explicit 23-profile and runtime binding; atom-level behavioral proof OPEN
ATOM-CAP-INVARIANT-016,CAP-INVARIANT-016,CONSTRAINT_NOT_ACTION,CrossDomainBoundary,Admission != Review/Acceptance/Mastery — Admission only creates governed Evidence state.,NC-016,ADMITTED_CONCEPT_SUBJECT_TO_OWNER_SUPERSESSION,NONE,Explicit 23-profile and runtime binding; atom-level behavioral proof OPEN
ATOM-CAP-INVARIANT-017,CAP-INVARIANT-017,CONSTRAINT_NOT_ACTION,CrossDomainBoundary,Evidence lifecycle != Review Status — Independent dimensions.,NC-017,ADMITTED_CONCEPT_SUBJECT_TO_OWNER_SUPERSESSION,NONE,Explicit 23-profile and runtime binding; atom-level behavioral proof OPEN
ATOM-CAP-INVARIANT-018,CAP-INVARIANT-018,CONSTRAINT_NOT_ACTION,CrossDomainBoundary,Review Status != Effective Review Decision — Independent dimensions.,NC-018,ADMITTED_CONCEPT_SUBJECT_TO_OWNER_SUPERSESSION,NONE,Explicit 23-profile and runtime binding; atom-level behavioral proof OPEN
ATOM-CAP-INVARIANT-019,CAP-INVARIANT-019,CONSTRAINT_NOT_ACTION,CrossDomainBoundary,"Finding != Decision — Finding is input to decision, not the decision.",NC-019,ADMITTED_CONCEPT_SUBJECT_TO_OWNER_SUPERSESSION,NONE,Explicit 23-profile and runtime binding; atom-level behavioral proof OPEN
ATOM-CAP-INVARIANT-020,CAP-INVARIANT-020,CONSTRAINT_NOT_ACTION,CrossDomainBoundary,Current re-review != Prior effective Decision — Prior decision remains explicit until superseded.,NC-020,ADMITTED_CONCEPT_SUBJECT_TO_OWNER_SUPERSESSION,NONE,Explicit 23-profile and runtime binding; atom-level behavioral proof OPEN
ATOM-CAP-INVARIANT-021,CAP-INVARIANT-021,CONSTRAINT_NOT_ACTION,CrossDomainBoundary,Mastery Judgment != Freshness Status — MASTERED + REVALIDATION_REQUIRED is valid.,NC-021,ADMITTED_CONCEPT_SUBJECT_TO_OWNER_SUPERSESSION,NONE,Explicit 23-profile and runtime binding; atom-level behavioral proof OPEN
ATOM-CAP-INVARIANT-022,CAP-INVARIANT-022,CONSTRAINT_NOT_ACTION,CrossDomainBoundary,Portfolio membership != Canonical Evidence/Mastery — Removing membership does not delete/mutate source objects.,NC-022,ADMITTED_CONCEPT_SUBJECT_TO_OWNER_SUPERSESSION,NONE,Explicit 23-profile and runtime binding; atom-level behavioral proof OPEN
ATOM-CAP-INVARIANT-023,CAP-INVARIANT-023,CONSTRAINT_NOT_ACTION,CrossDomainBoundary,AVAILABLE_EMPTY != UNAVAILABLE/ERROR/STALE — Operational observation states remain distinct.,NC-023,ADMITTED_CONCEPT_SUBJECT_TO_OWNER_SUPERSESSION,NONE,Explicit 23-profile and runtime binding; atom-level behavioral proof OPEN
ATOM-CAP-INVARIANT-024,CAP-INVARIANT-024,CONSTRAINT_NOT_ACTION,CrossDomainBoundary,Worker liveness != Queue/table existence — Health semantics require separate observation.,NC-024,ADMITTED_CONCEPT_SUBJECT_TO_OWNER_SUPERSESSION,NONE,Explicit 23-profile and runtime binding; atom-level behavioral proof OPEN
ATOM-CAP-INVARIANT-025,CAP-INVARIANT-025,CONSTRAINT_NOT_ACTION,CrossDomainBoundary,cancel_requested != cancelled — Requested cancellation does not prove external worker stopped.,NC-025,ADMITTED_CONCEPT_SUBJECT_TO_OWNER_SUPERSESSION,NONE,Explicit 23-profile and runtime binding; atom-level behavioral proof OPEN
ATOM-CAP-INVARIANT-026,CAP-INVARIANT-026,CONSTRAINT_NOT_ACTION,CrossDomainBoundary,TECHNICALLY_VALID != Canonical acceptance — Validation proves technical conformance only.,NC-026,ADMITTED_CONCEPT_SUBJECT_TO_OWNER_SUPERSESSION,NONE,Explicit 23-profile and runtime binding; atom-level behavioral proof OPEN
ATOM-CAP-INVARIANT-027,CAP-INVARIANT-027,CONSTRAINT_NOT_ACTION,CrossDomainBoundary,Hashing/signature/integrity != Encryption — Never claim encryption without actual encryption.,NC-027,ADMITTED_CONCEPT_SUBJECT_TO_OWNER_SUPERSESSION,NONE,Explicit 23-profile and runtime binding; atom-level behavioral proof OPEN
ATOM-CAP-INVARIANT-028,CAP-INVARIANT-028,CONSTRAINT_NOT_ACTION,CrossDomainBoundary,Manual AI ACCEPT != Canonical publication — Accept creates draft only.,NC-028,ADMITTED_CONCEPT_SUBJECT_TO_OWNER_SUPERSESSION,NONE,Explicit 23-profile and runtime binding; atom-level behavioral proof OPEN
ATOM-CAP-INVARIANT-029,CAP-INVARIANT-029,CONSTRAINT_NOT_ACTION,CrossDomainBoundary,Restore drill/stage != Production restore activation — Activation is separate high-authority action.,NC-029,ADMITTED_CONCEPT_SUBJECT_TO_OWNER_SUPERSESSION,NONE,Explicit 23-profile and runtime binding; atom-level behavioral proof OPEN
ATOM-CAP-INVARIANT-030,CAP-INVARIANT-030,CONSTRAINT_NOT_ACTION,CrossDomainBoundary,Release technical readiness != Owner authorization — Separate.,NC-030,ADMITTED_CONCEPT_SUBJECT_TO_OWNER_SUPERSESSION,NONE,Explicit 23-profile and runtime binding; atom-level behavioral proof OPEN
ATOM-CAP-INVARIANT-031,CAP-INVARIANT-031,CONSTRAINT_NOT_ACTION,CrossDomainBoundary,Release authorization != Deployment — Separate.,NC-031,ADMITTED_CONCEPT_SUBJECT_TO_OWNER_SUPERSESSION,NONE,Explicit 23-profile and runtime binding; atom-level behavioral proof OPEN
ATOM-CAP-INVARIANT-032,CAP-INVARIANT-032,CONSTRAINT_NOT_ACTION,CrossDomainBoundary,CI/PUSH/PASS != Acceptance — Technical event does not imply governance disposition.,NC-032,ADMITTED_CONCEPT_SUBJECT_TO_OWNER_SUPERSESSION,NONE,Explicit 23-profile and runtime binding; atom-level behavioral proof OPEN
ATOM-CAP-INVARIANT-033,CAP-INVARIANT-033,CONSTRAINT_NOT_ACTION,CrossDomainBoundary,SOURCE_SUPERSEDED != Delete history — Supersession retains explicit historical lineage/options.,NC-033,ADMITTED_CONCEPT_SUBJECT_TO_OWNER_SUPERSESSION,NONE,Explicit 23-profile and runtime binding; atom-level behavioral proof OPEN
ATOM-CAP-INVARIANT-034,CAP-INVARIANT-034,CONSTRAINT_NOT_ACTION,CrossDomainBoundary,Semantic command plumbing != Typed command payload — Shared registry does not make payload schema generic.,NC-034,ADMITTED_CONCEPT_SUBJECT_TO_OWNER_SUPERSESSION,NONE,Explicit 23-profile and runtime binding; atom-level behavioral proof OPEN
ATOM-CAP-INVARIANT-035,CAP-INVARIANT-035,CONSTRAINT_NOT_ACTION,CrossDomainBoundary,Freeform note/annotation != Formal Finding/Decision/Audit event — Different authority/object owners.,NC-035,ADMITTED_CONCEPT_SUBJECT_TO_OWNER_SUPERSESSION,NONE,Explicit 23-profile and runtime binding; atom-level behavioral proof OPEN
ATOM-CAP-INVARIANT-036,CAP-INVARIANT-036,CONSTRAINT_NOT_ACTION,CrossDomainBoundary,Global preference owner != Globally forced value — Narrower overrides remain legal where applicability allows.,NC-036,ADMITTED_CONCEPT_SUBJECT_TO_OWNER_SUPERSESSION,NONE,Explicit 23-profile and runtime binding; atom-level behavioral proof OPEN
ATOM-CAP-INVARIANT-037,CAP-INVARIANT-037,CONSTRAINT_NOT_ACTION,CrossDomainBoundary,Spatial zoom != UI scale — Independent preference/state axes.,NC-037,ADMITTED_CONCEPT_SUBJECT_TO_OWNER_SUPERSESSION,NONE,Explicit 23-profile and runtime binding; atom-level behavioral proof OPEN
ATOM-OP-today.resume,,EXECUTION_ATOM,TodayOrchestration,Opening incomplete future activity preserves progress and return bookmark,"{""kind"": ""SUCCESSOR_DERIVATION_FROM_ADJUDICATED_CONTRACT"", ""source"": ""O05/surfaces/today.json""}",ADMITTED_CONCEPT_SUBJECT_TO_OWNER_SUPERSESSION,NONE,Explicit 23-profile and runtime binding; atom-level behavioral proof OPEN
ATOM-OP-today.refresh,,EXECUTION_ATOM,TodayOrchestration,"Failed queue provider and successful recent provider produce PARTIAL, not EMPTY","{""kind"": ""SUCCESSOR_DERIVATION_FROM_ADJUDICATED_CONTRACT"", ""source"": ""O05/surfaces/today.json""}",ADMITTED_CONCEPT_SUBJECT_TO_OWNER_SUPERSESSION,NONE,Explicit 23-profile and runtime binding; atom-level behavioral proof OPEN
ATOM-OP-today.filter,,EXECUTION_ATOM,TodayOrchestration,Filter hiding all cards reports filtered-empty; source totals unchanged,"{""kind"": ""SUCCESSOR_DERIVATION_FROM_ADJUDICATED_CONTRACT"", ""source"": ""O05/surfaces/today.json""}",ADMITTED_CONCEPT_SUBJECT_TO_OWNER_SUPERSESSION,NONE,Explicit 23-profile and runtime binding; atom-level behavioral proof OPEN
ATOM-OP-today.why,,EXECUTION_ATOM,TodayOrchestration,Missing rationale renders unavailable and never fabricates unlock logic,"{""kind"": ""SUCCESSOR_DERIVATION_FROM_ADJUDICATED_CONTRACT"", ""source"": ""O05/surfaces/today.json""}",ADMITTED_CONCEPT_SUBJECT_TO_OWNER_SUPERSESSION,NONE,Explicit 23-profile and runtime binding; atom-level behavioral proof OPEN
ATOM-OP-shell.navigate,,EXECUTION_ATOM,GlobalShellDomain,Back restores exact origin and scroll without duplicating domain stores,"{""kind"": ""SUCCESSOR_DERIVATION_FROM_ADJUDICATED_CONTRACT"", ""source"": ""O05/surfaces/shell.json""}",ADMITTED_CONCEPT_SUBJECT_TO_OWNER_SUPERSESSION,NONE,Explicit 23-profile and runtime binding; atom-level behavioral proof OPEN
ATOM-OP-shell.recover,,EXECUTION_ATOM,GlobalShellDomain,"Missing bookmark falls back to destination heading, not fabricated object","{""kind"": ""SUCCESSOR_DERIVATION_FROM_ADJUDICATED_CONTRACT"", ""source"": ""O05/surfaces/shell.json""}",ADMITTED_CONCEPT_SUBJECT_TO_OWNER_SUPERSESSION,NONE,Explicit 23-profile and runtime binding; atom-level behavioral proof OPEN
ATOM-OP-shell.search,,EXECUTION_ATOM,GlobalShellDomain,Visible trigger and keyboard route open same command registry once,"{""kind"": ""SUCCESSOR_DERIVATION_FROM_ADJUDICATED_CONTRACT"", ""source"": ""O05/surfaces/shell.json""}",ADMITTED_CONCEPT_SUBJECT_TO_OWNER_SUPERSESSION,NONE,Explicit 23-profile and runtime binding; atom-level behavioral proof OPEN
ATOM-OP-shell.leaveDirty,,EXECUTION_ATOM,GlobalShellDomain,Failed save keeps text and old route; preserve is explicit,"{""kind"": ""SUCCESSOR_DERIVATION_FROM_ADJUDICATED_CONTRACT"", ""source"": ""O05/surfaces/shell.json""}",ADMITTED_CONCEPT_SUBJECT_TO_OWNER_SUPERSESSION,NONE,Explicit 23-profile and runtime binding; atom-level behavioral proof OPEN
ATOM-OP-library.create,,EXECUTION_ATOM,LibraryDomain,New document round trip retains block IDs and empty insertion point,"{""kind"": ""SUCCESSOR_DERIVATION_FROM_ADJUDICATED_CONTRACT"", ""source"": ""O05/surfaces/library.json""}",ADMITTED_CONCEPT_SUBJECT_TO_OWNER_SUPERSESSION,NONE,Explicit 23-profile and runtime binding; atom-level behavioral proof OPEN
ATOM-OP-library.insert,,EXECUTION_ATOM,LibraryDomain,Insert between list items preserves neighbours and selection; undo reverses only insertion,"{""kind"": ""SUCCESSOR_DERIVATION_FROM_ADJUDICATED_CONTRACT"", ""source"": ""O05/surfaces/library.json""}",ADMITTED_CONCEPT_SUBJECT_TO_OWNER_SUPERSESSION,NONE,Explicit 23-profile and runtime binding; atom-level behavioral proof OPEN
ATOM-OP-library.save,,EXECUTION_ATOM,LibraryDomain,Concurrent save gets 409 and retains both local draft and server ref,"{""kind"": ""SUCCESSOR_DERIVATION_FROM_ADJUDICATED_CONTRACT"", ""source"": ""O05/surfaces/library.json""}",ADMITTED_CONCEPT_SUBJECT_TO_OWNER_SUPERSESSION,NONE,Explicit 23-profile and runtime binding; atom-level behavioral proof OPEN
ATOM-OP-library.revise,,EXECUTION_ATOM,LibraryDomain,Published digest unchanged after edit of successor,"{""kind"": ""SUCCESSOR_DERIVATION_FROM_ADJUDICATED_CONTRACT"", ""source"": ""O05/surfaces/library.json""}",ADMITTED_CONCEPT_SUBJECT_TO_OWNER_SUPERSESSION,NONE,Explicit 23-profile and runtime binding; atom-level behavioral proof OPEN
ATOM-OP-library.history,,EXECUTION_ATOM,LibraryDomain,Missing revision is unavailable; never compare latest aliases,"{""kind"": ""SUCCESSOR_DERIVATION_FROM_ADJUDICATED_CONTRACT"", ""source"": ""O05/surfaces/library.json""}",ADMITTED_CONCEPT_SUBJECT_TO_OWNER_SUPERSESSION,NONE,Explicit 23-profile and runtime binding; atom-level behavioral proof OPEN
ATOM-OP-learn.open,,EXECUTION_ATOM,LearnDomain,Future assessment opens while prerequisite incomplete,"{""kind"": ""SUCCESSOR_DERIVATION_FROM_ADJUDICATED_CONTRACT"", ""source"": ""O05/surfaces/learn.json""}",ADMITTED_CONCEPT_SUBJECT_TO_OWNER_SUPERSESSION,NONE,Explicit 23-profile and runtime binding; atom-level behavioral proof OPEN
ATOM-OP-learn.edit,,EXECUTION_ATOM,LearnDomain,Changing learning content never edits completed attempt source,"{""kind"": ""SUCCESSOR_DERIVATION_FROM_ADJUDICATED_CONTRACT"", ""source"": ""O05/surfaces/learn.json""}",ADMITTED_CONCEPT_SUBJECT_TO_OWNER_SUPERSESSION,NONE,Explicit 23-profile and runtime binding; atom-level behavioral proof OPEN
ATOM-OP-learn.practice,,EXECUTION_ATOM,LearnDomain,Duplicate submit returns same attempt receipt and no duplicate score,"{""kind"": ""SUCCESSOR_DERIVATION_FROM_ADJUDICATED_CONTRACT"", ""source"": ""O05/surfaces/learn.json""}",ADMITTED_CONCEPT_SUBJECT_TO_OWNER_SUPERSESSION,NONE,Explicit 23-profile and runtime binding; atom-level behavioral proof OPEN
ATOM-OP-learn.review,,EXECUTION_ATOM,LearnDomain,Feedback visibility cannot create formal Review or Mastery,"{""kind"": ""SUCCESSOR_DERIVATION_FROM_ADJUDICATED_CONTRACT"", ""source"": ""O05/surfaces/learn.json""}",ADMITTED_CONCEPT_SUBJECT_TO_OWNER_SUPERSESSION,NONE,Explicit 23-profile and runtime binding; atom-level behavioral proof OPEN
ATOM-OP-visualize.select,,EXECUTION_ATOM,VisualizeDomain,Keyboard navigator and pointer selection yield identical IDs,"{""kind"": ""SUCCESSOR_DERIVATION_FROM_ADJUDICATED_CONTRACT"", ""source"": ""O05/surfaces/visualize.json""}",ADMITTED_CONCEPT_SUBJECT_TO_OWNER_SUPERSESSION,NONE,Explicit 23-profile and runtime binding; atom-level behavioral proof OPEN
ATOM-OP-visualize.link,,EXECUTION_ATOM,VisualizeDomain,Drawing edge without validated relation command causes zero canonical writes,"{""kind"": ""SUCCESSOR_DERIVATION_FROM_ADJUDICATED_CONTRACT"", ""source"": ""O05/surfaces/visualize.json""}",ADMITTED_CONCEPT_SUBJECT_TO_OWNER_SUPERSESSION,NONE,Explicit 23-profile and runtime binding; atom-level behavioral proof OPEN
ATOM-OP-visualize.move,,EXECUTION_ATOM,VisualizeDomain,Layout leaves canonical relationship digest identical,"{""kind"": ""SUCCESSOR_DERIVATION_FROM_ADJUDICATED_CONTRACT"", ""source"": ""O05/surfaces/visualize.json""}",ADMITTED_CONCEPT_SUBJECT_TO_OWNER_SUPERSESSION,NONE,Explicit 23-profile and runtime binding; atom-level behavioral proof OPEN
ATOM-OP-visualize.edit,,EXECUTION_ATOM,VisualizeDomain,Edit one canonical object updates all representations without cloned content,"{""kind"": ""SUCCESSOR_DERIVATION_FROM_ADJUDICATED_CONTRACT"", ""source"": ""O05/surfaces/visualize.json""}",ADMITTED_CONCEPT_SUBJECT_TO_OWNER_SUPERSESSION,NONE,Explicit 23-profile and runtime binding; atom-level behavioral proof OPEN
ATOM-OP-visualize.viewport,,EXECUTION_ATOM,VisualizeDomain,Fit and minimap navigation are also keyboard reachable,"{""kind"": ""SUCCESSOR_DERIVATION_FROM_ADJUDICATED_CONTRACT"", ""source"": ""O05/surfaces/visualize.json""}",ADMITTED_CONCEPT_SUBJECT_TO_OWNER_SUPERSESSION,NONE,Explicit 23-profile and runtime binding; atom-level behavioral proof OPEN
ATOM-OP-rq.search,,EXECUTION_ATOM,ResearchQualityDomain,Excluded source remains traceable and can be included explicitly,"{""kind"": ""SUCCESSOR_DERIVATION_FROM_ADJUDICATED_CONTRACT"", ""source"": ""O05/surfaces/rq.json""}",ADMITTED_CONCEPT_SUBJECT_TO_OWNER_SUPERSESSION,NONE,Explicit 23-profile and runtime binding; atom-level behavioral proof OPEN
ATOM-OP-rq.compare,,EXECUTION_ATOM,ResearchQualityDomain,Swapping pair reverses direction labels without rewriting either source,"{""kind"": ""SUCCESSOR_DERIVATION_FROM_ADJUDICATED_CONTRACT"", ""source"": ""O05/surfaces/rq.json""}",ADMITTED_CONCEPT_SUBJECT_TO_OWNER_SUPERSESSION,NONE,Explicit 23-profile and runtime binding; atom-level behavioral proof OPEN
ATOM-OP-rq.review,,EXECUTION_ATOM,ResearchQualityDomain,Save conflict creates zero EvidenceDecision rows,"{""kind"": ""SUCCESSOR_DERIVATION_FROM_ADJUDICATED_CONTRACT"", ""source"": ""O05/surfaces/rq.json""}",ADMITTED_CONCEPT_SUBJECT_TO_OWNER_SUPERSESSION,NONE,Explicit 23-profile and runtime binding; atom-level behavioral proof OPEN
ATOM-OP-rq.provenance,,EXECUTION_ATOM,ResearchQualityDomain,"Missing original bytes yields DERIVED_ONLY, never original-hash assertion","{""kind"": ""SUCCESSOR_DERIVATION_FROM_ADJUDICATED_CONTRACT"", ""source"": ""O05/surfaces/rq.json""}",ADMITTED_CONCEPT_SUBJECT_TO_OWNER_SUPERSESSION,NONE,Explicit 23-profile and runtime binding; atom-level behavioral proof OPEN
ATOM-OP-enterprise.inspect,,EXECUTION_ATOM,W03EnterpriseDomain,No selection never displays previous device as active,"{""kind"": ""SUCCESSOR_DERIVATION_FROM_ADJUDICATED_CONTRACT"", ""source"": ""O05/surfaces/enterprise.json""}",ADMITTED_CONCEPT_SUBJECT_TO_OWNER_SUPERSESSION,NONE,Explicit 23-profile and runtime binding; atom-level behavioral proof OPEN
ATOM-OP-enterprise.edit,,EXECUTION_ATOM,W03EnterpriseDomain,IP/link relation validation occurs before write; geometry alone leaves relationships intact,"{""kind"": ""SUCCESSOR_DERIVATION_FROM_ADJUDICATED_CONTRACT"", ""source"": ""O05/surfaces/enterprise.json""}",ADMITTED_CONCEPT_SUBJECT_TO_OWNER_SUPERSESSION,NONE,Explicit 23-profile and runtime binding; atom-level behavioral proof OPEN
ATOM-OP-enterprise.revise,,EXECUTION_ATOM,W03EnterpriseDomain,Original baseline digest remains identical,"{""kind"": ""SUCCESSOR_DERIVATION_FROM_ADJUDICATED_CONTRACT"", ""source"": ""O05/surfaces/enterprise.json""}",ADMITTED_CONCEPT_SUBJECT_TO_OWNER_SUPERSESSION,NONE,Explicit 23-profile and runtime binding; atom-level behavioral proof OPEN
ATOM-OP-enterprise.twin,,EXECUTION_ATOM,W03EnterpriseDomain,Rebase cannot silently convert simulation-local objects into enterprise inventory,"{""kind"": ""SUCCESSOR_DERIVATION_FROM_ADJUDICATED_CONTRACT"", ""source"": ""O05/surfaces/enterprise.json""}",ADMITTED_CONCEPT_SUBJECT_TO_OWNER_SUPERSESSION,NONE,Explicit 23-profile and runtime binding; atom-level behavioral proof OPEN
ATOM-OP-enterprise.handoff,,EXECUTION_ATOM,W03EnterpriseDomain,Handoff performs zero live device changes and does not itself start run,"{""kind"": ""SUCCESSOR_DERIVATION_FROM_ADJUDICATED_CONTRACT"", ""source"": ""O05/surfaces/enterprise.json""}",ADMITTED_CONCEPT_SUBJECT_TO_OWNER_SUPERSESSION,NONE,Explicit 23-profile and runtime binding; atom-level behavioral proof OPEN
ATOM-OP-scenarios.author,,EXECUTION_ATOM,W03ScenarioDomain,Reorder preserves stable phase/module IDs and portable Lab refs,"{""kind"": ""SUCCESSOR_DERIVATION_FROM_ADJUDICATED_CONTRACT"", ""source"": ""O05/surfaces/scenarios.json""}",ADMITTED_CONCEPT_SUBJECT_TO_OWNER_SUPERSESSION,NONE,Explicit 23-profile and runtime binding; atom-level behavioral proof OPEN
ATOM-OP-scenarios.validate,,EXECUTION_ATOM,W03ScenarioDomain,"Missing required network capability yields explicit blocker, not generic failed status","{""kind"": ""SUCCESSOR_DERIVATION_FROM_ADJUDICATED_CONTRACT"", ""source"": ""O05/surfaces/scenarios.json""}",ADMITTED_CONCEPT_SUBJECT_TO_OWNER_SUPERSESSION,NONE,Explicit 23-profile and runtime binding; atom-level behavioral proof OPEN
ATOM-OP-scenarios.revise,,EXECUTION_ATOM,W03ScenarioDomain,Published Scenario digest unchanged,"{""kind"": ""SUCCESSOR_DERIVATION_FROM_ADJUDICATED_CONTRACT"", ""source"": ""O05/surfaces/scenarios.json""}",ADMITTED_CONCEPT_SUBJECT_TO_OWNER_SUPERSESSION,NONE,Explicit 23-profile and runtime binding; atom-level behavioral proof OPEN
ATOM-OP-scenarios.prepare,,EXECUTION_ATOM,W03ScenarioDomain,Changing Lab latest after prepare does not change prepared input,"{""kind"": ""SUCCESSOR_DERIVATION_FROM_ADJUDICATED_CONTRACT"", ""source"": ""O05/surfaces/scenarios.json""}",ADMITTED_CONCEPT_SUBJECT_TO_OWNER_SUPERSESSION,NONE,Explicit 23-profile and runtime binding; atom-level behavioral proof OPEN
ATOM-OP-labs.author,,EXECUTION_ATOM,W03LabDomain,Same Lab revision reusable in two scenarios without duplicated definition,"{""kind"": ""SUCCESSOR_DERIVATION_FROM_ADJUDICATED_CONTRACT"", ""source"": ""O05/surfaces/labs.json""}",ADMITTED_CONCEPT_SUBJECT_TO_OWNER_SUPERSESSION,NONE,Explicit 23-profile and runtime binding; atom-level behavioral proof OPEN
ATOM-OP-labs.preflight,,EXECUTION_ATOM,W03LabDomain,Absent terminal adapter blocks only terminal requirement and run start,"{""kind"": ""SUCCESSOR_DERIVATION_FROM_ADJUDICATED_CONTRACT"", ""source"": ""O05/surfaces/labs.json""}",ADMITTED_CONCEPT_SUBJECT_TO_OWNER_SUPERSESSION,NONE,Explicit 23-profile and runtime binding; atom-level behavioral proof OPEN
ATOM-OP-labs.handoff,,EXECUTION_ATOM,W03LabDomain,Module and standalone executions share definition identity but distinct run IDs,"{""kind"": ""SUCCESSOR_DERIVATION_FROM_ADJUDICATED_CONTRACT"", ""source"": ""O05/surfaces/labs.json""}",ADMITTED_CONCEPT_SUBJECT_TO_OWNER_SUPERSESSION,NONE,Explicit 23-profile and runtime binding; atom-level behavioral proof OPEN
ATOM-OP-labs.revise,,EXECUTION_ATOM,W03LabDomain,Old result still resolves original Lab revision,"{""kind"": ""SUCCESSOR_DERIVATION_FROM_ADJUDICATED_CONTRACT"", ""source"": ""O05/surfaces/labs.json""}",ADMITTED_CONCEPT_SUBJECT_TO_OWNER_SUPERSESSION,NONE,Explicit 23-profile and runtime binding; atom-level behavioral proof OPEN
ATOM-OP-runs.prepare,,EXECUTION_ATOM,W03RunDomain,Changing source latest cannot alter frozen manifest; mismatch blocks start,"{""kind"": ""SUCCESSOR_DERIVATION_FROM_ADJUDICATED_CONTRACT"", ""source"": ""O05/surfaces/runs.json""}",ADMITTED_CONCEPT_SUBJECT_TO_OWNER_SUPERSESSION,NONE,Explicit 23-profile and runtime binding; atom-level behavioral proof OPEN
ATOM-OP-runs.start,,EXECUTION_ATOM,W03RunDomain,Duplicate start returns same run; changed payload same key yields 409,"{""kind"": ""SUCCESSOR_DERIVATION_FROM_ADJUDICATED_CONTRACT"", ""source"": ""O05/surfaces/runs.json""}",ADMITTED_CONCEPT_SUBJECT_TO_OWNER_SUPERSESSION,NONE,Explicit 23-profile and runtime binding; atom-level behavioral proof OPEN
ATOM-OP-runs.operate,,EXECUTION_ATOM,W03RunDomain,Stop request without provider ACK never reports STOPPED,"{""kind"": ""SUCCESSOR_DERIVATION_FROM_ADJUDICATED_CONTRACT"", ""source"": ""O05/surfaces/runs.json""}",ADMITTED_CONCEPT_SUBJECT_TO_OWNER_SUPERSESSION,NONE,Explicit 23-profile and runtime binding; atom-level behavioral proof OPEN
ATOM-OP-runs.terminal,,EXECUTION_ATOM,W03RunDomain,Expired lease rejects input; detach does not terminate whole run,"{""kind"": ""SUCCESSOR_DERIVATION_FROM_ADJUDICATED_CONTRACT"", ""source"": ""O05/surfaces/runs.json""}",ADMITTED_CONCEPT_SUBJECT_TO_OWNER_SUPERSESSION,NONE,Explicit 23-profile and runtime binding; atom-level behavioral proof OPEN
ATOM-OP-runs.inspect,,EXECUTION_ATOM,W03RunDomain,Out-of-order/gapped stream visible; no invented causal sequence,"{""kind"": ""SUCCESSOR_DERIVATION_FROM_ADJUDICATED_CONTRACT"", ""source"": ""O05/surfaces/runs.json""}",ADMITTED_CONCEPT_SUBJECT_TO_OWNER_SUPERSESSION,NONE,Explicit 23-profile and runtime binding; atom-level behavioral proof OPEN
ATOM-OP-runs.seal,,EXECUTION_ATOM,W03RunDomain,"Repeated seal returns same Result; late data uses declared supplement revision, never rewrite","{""kind"": ""SUCCESSOR_DERIVATION_FROM_ADJUDICATED_CONTRACT"", ""source"": ""O05/surfaces/runs.json""}",ADMITTED_CONCEPT_SUBJECT_TO_OWNER_SUPERSESSION,NONE,Explicit 23-profile and runtime binding; atom-level behavioral proof OPEN
ATOM-OP-results.replay,,EXECUTION_ATOM,W03ResultsDomain,Simulator execute invocation count remains zero during replay,"{""kind"": ""SUCCESSOR_DERIVATION_FROM_ADJUDICATED_CONTRACT"", ""source"": ""O05/surfaces/results.json""}",ADMITTED_CONCEPT_SUBJECT_TO_OWNER_SUPERSESSION,NONE,Explicit 23-profile and runtime binding; atom-level behavioral proof OPEN
ATOM-OP-results.step,,EXECUTION_ATOM,W03ResultsDomain,Gap cannot be silently bridged with reconstructed event,"{""kind"": ""SUCCESSOR_DERIVATION_FROM_ADJUDICATED_CONTRACT"", ""source"": ""O05/surfaces/results.json""}",ADMITTED_CONCEPT_SUBJECT_TO_OWNER_SUPERSESSION,NONE,Explicit 23-profile and runtime binding; atom-level behavioral proof OPEN
ATOM-OP-results.compare,,EXECUTION_ATOM,W03ResultsDomain,Changing latest result alias leaves selected pair unchanged,"{""kind"": ""SUCCESSOR_DERIVATION_FROM_ADJUDICATED_CONTRACT"", ""source"": ""O05/surfaces/results.json""}",ADMITTED_CONCEPT_SUBJECT_TO_OWNER_SUPERSESSION,NONE,Explicit 23-profile and runtime binding; atom-level behavioral proof OPEN
ATOM-OP-results.annotate,,EXECUTION_ATOM,W03ResultsDomain,AAR edit changes analysis digest only; result/event digest identical,"{""kind"": ""SUCCESSOR_DERIVATION_FROM_ADJUDICATED_CONTRACT"", ""source"": ""O05/surfaces/results.json""}",ADMITTED_CONCEPT_SUBJECT_TO_OWNER_SUPERSESSION,NONE,Explicit 23-profile and runtime binding; atom-level behavioral proof OPEN
ATOM-OP-results.handoff,,EXECUTION_ATOM,W03ResultsDomain,W04 Evidence row count unchanged until explicit intake/admission,"{""kind"": ""SUCCESSOR_DERIVATION_FROM_ADJUDICATED_CONTRACT"", ""source"": ""O05/surfaces/results.json""}",ADMITTED_CONCEPT_SUBJECT_TO_OWNER_SUPERSESSION,NONE,Explicit 23-profile and runtime binding; atom-level behavioral proof OPEN
ATOM-OP-results.verifyDeterminism,,EXECUTION_ATOM,W03ResultsDomain,Original historical replay remains read-only; new run ID distinct,"{""kind"": ""SUCCESSOR_DERIVATION_FROM_ADJUDICATED_CONTRACT"", ""source"": ""O05/surfaces/results.json""}",ADMITTED_CONCEPT_SUBJECT_TO_OWNER_SUPERSESSION,NONE,Explicit 23-profile and runtime binding; atom-level behavioral proof OPEN
ATOM-OP-evidence.inspect,,EXECUTION_ATOM,W04EvidenceDomain,Source-superseded Evidence retains prior effective Decision visibly,"{""kind"": ""SUCCESSOR_DERIVATION_FROM_ADJUDICATED_CONTRACT"", ""source"": ""O05/surfaces/evidence.json""}",ADMITTED_CONCEPT_SUBJECT_TO_OWNER_SUPERSESSION,NONE,Explicit 23-profile and runtime binding; atom-level behavioral proof OPEN
ATOM-OP-evidence.import,,EXECUTION_ATOM,W04EvidenceDomain,"Import creates candidate, never auto-accepted Evidence","{""kind"": ""SUCCESSOR_DERIVATION_FROM_ADJUDICATED_CONTRACT"", ""source"": ""O05/surfaces/evidence.json""}",ADMITTED_CONCEPT_SUBJECT_TO_OWNER_SUPERSESSION,NONE,Explicit 23-profile and runtime binding; atom-level behavioral proof OPEN
ATOM-OP-evidence.amend,,EXECUTION_ATOM,W04EvidenceDomain,Evidence N unchanged until admission creates N+1,"{""kind"": ""SUCCESSOR_DERIVATION_FROM_ADJUDICATED_CONTRACT"", ""source"": ""O05/surfaces/evidence.json""}",ADMITTED_CONCEPT_SUBJECT_TO_OWNER_SUPERSESSION,NONE,Explicit 23-profile and runtime binding; atom-level behavioral proof OPEN
ATOM-OP-evidence.admit,,EXECUTION_ATOM,W04EvidenceDomain,Two concurrent admissions cannot create duplicate Evidence revision; no Review Decision created,"{""kind"": ""SUCCESSOR_DERIVATION_FROM_ADJUDICATED_CONTRACT"", ""source"": ""O05/surfaces/evidence.json""}",ADMITTED_CONCEPT_SUBJECT_TO_OWNER_SUPERSESSION,NONE,Explicit 23-profile and runtime binding; atom-level behavioral proof OPEN
ATOM-OP-evidence.sourceChoice,,EXECUTION_ATOM,W04EvidenceDomain,Withdraw does not delete history or mutate prior Decision,"{""kind"": ""SUCCESSOR_DERIVATION_FROM_ADJUDICATED_CONTRACT"", ""source"": ""O05/surfaces/evidence.json""}",ADMITTED_CONCEPT_SUBJECT_TO_OWNER_SUPERSESSION,NONE,Explicit 23-profile and runtime binding; atom-level behavioral proof OPEN
ATOM-OP-reviews.review,,EXECUTION_ATOM,W04ReviewDomain,Personal owner identity never implies invented institutional authority,"{""kind"": ""SUCCESSOR_DERIVATION_FROM_ADJUDICATED_CONTRACT"", ""source"": ""O05/surfaces/reviews.json""}",ADMITTED_CONCEPT_SUBJECT_TO_OWNER_SUPERSESSION,NONE,Explicit 23-profile and runtime binding; atom-level behavioral proof OPEN
ATOM-OP-reviews.finding,,EXECUTION_ATOM,W04ReviewDomain,Adding Finding creates no effective Decision,"{""kind"": ""SUCCESSOR_DERIVATION_FROM_ADJUDICATED_CONTRACT"", ""source"": ""O05/surfaces/reviews.json""}",ADMITTED_CONCEPT_SUBJECT_TO_OWNER_SUPERSESSION,NONE,Explicit 23-profile and runtime binding; atom-level behavioral proof OPEN
ATOM-OP-reviews.compare,,EXECUTION_ATOM,W04ReviewDomain,Compare route does not silently replace review EvidenceRef,"{""kind"": ""SUCCESSOR_DERIVATION_FROM_ADJUDICATED_CONTRACT"", ""source"": ""O05/surfaces/reviews.json""}",ADMITTED_CONCEPT_SUBJECT_TO_OWNER_SUPERSESSION,NONE,Explicit 23-profile and runtime binding; atom-level behavioral proof OPEN
ATOM-OP-reviews.supersede,,EXECUTION_ATOM,W04ReviewDomain,Concurrent Decisions cause one conflict; open re-review never clears effective pointer,"{""kind"": ""SUCCESSOR_DERIVATION_FROM_ADJUDICATED_CONTRACT"", ""source"": ""O05/surfaces/reviews.json""}",ADMITTED_CONCEPT_SUBJECT_TO_OWNER_SUPERSESSION,NONE,Explicit 23-profile and runtime binding; atom-level behavioral proof OPEN
ATOM-OP-mastery.inspect,,EXECUTION_ATOM,W04MasteryDomain,MASTERED + REVALIDATION_REQUIRED renders without coercion,"{""kind"": ""SUCCESSOR_DERIVATION_FROM_ADJUDICATED_CONTRACT"", ""source"": ""O05/surfaces/mastery.json""}",ADMITTED_CONCEPT_SUBJECT_TO_OWNER_SUPERSESSION,NONE,Explicit 23-profile and runtime binding; atom-level behavioral proof OPEN
ATOM-OP-mastery.explain,,EXECUTION_ATOM,W04MasteryDomain,"Missing one Evidence shows exact missing ref, not recomputed score","{""kind"": ""SUCCESSOR_DERIVATION_FROM_ADJUDICATED_CONTRACT"", ""source"": ""O05/surfaces/mastery.json""}",ADMITTED_CONCEPT_SUBJECT_TO_OWNER_SUPERSESSION,NONE,Explicit 23-profile and runtime binding; atom-level behavioral proof OPEN
ATOM-OP-mastery.reevaluate,,EXECUTION_ATOM,W04MasteryDomain,Predecessor reevaluate affordance becomes inspect/request route; zero local Mastery writes,"{""kind"": ""SUCCESSOR_DERIVATION_FROM_ADJUDICATED_CONTRACT"", ""source"": ""O05/surfaces/mastery.json""}",ADMITTED_CONCEPT_SUBJECT_TO_OWNER_SUPERSESSION,NONE,Explicit 23-profile and runtime binding; atom-level behavioral proof OPEN
ATOM-OP-portfolio.curate,,EXECUTION_ATOM,W04PortfolioDomain,Removing membership preserves canonical source digest and row count,"{""kind"": ""SUCCESSOR_DERIVATION_FROM_ADJUDICATED_CONTRACT"", ""source"": ""O05/surfaces/portfolio.json""}",ADMITTED_CONCEPT_SUBJECT_TO_OWNER_SUPERSESSION,NONE,Explicit 23-profile and runtime binding; atom-level behavioral proof OPEN
ATOM-OP-portfolio.filter,,EXECUTION_ATOM,W04PortfolioDomain,No filter creates taxonomy or modifies member source,"{""kind"": ""SUCCESSOR_DERIVATION_FROM_ADJUDICATED_CONTRACT"", ""source"": ""O05/surfaces/portfolio.json""}",ADMITTED_CONCEPT_SUBJECT_TO_OWNER_SUPERSESSION,NONE,Explicit 23-profile and runtime binding; atom-level behavioral proof OPEN
ATOM-OP-portfolio.export,,EXECUTION_ATOM,W04PortfolioDomain,Exported stale/unavailable members retain status and provenance,"{""kind"": ""SUCCESSOR_DERIVATION_FROM_ADJUDICATED_CONTRACT"", ""source"": ""O05/surfaces/portfolio.json""}",ADMITTED_CONCEPT_SUBJECT_TO_OWNER_SUPERSESSION,NONE,Explicit 23-profile and runtime binding; atom-level behavioral proof OPEN
ATOM-OP-portfolio.group,,EXECUTION_ATOM,W04PortfolioDomain,Unknown example label never becomes canonical group ID,"{""kind"": ""SUCCESSOR_DERIVATION_FROM_ADJUDICATED_CONTRACT"", ""source"": ""O05/surfaces/portfolio.json""}",ADMITTED_CONCEPT_SUBJECT_TO_OWNER_SUPERSESSION,NONE,Explicit 23-profile and runtime binding; atom-level behavioral proof OPEN
ATOM-OP-health.refresh,,EXECUTION_ATOM,W05HealthDomain,Zero queue + expired heartbeat yields EMPTY queue and EXPIRED worker,"{""kind"": ""SUCCESSOR_DERIVATION_FROM_ADJUDICATED_CONTRACT"", ""source"": ""O05/surfaces/health.json""}",ADMITTED_CONCEPT_SUBJECT_TO_OWNER_SUPERSESSION,NONE,Explicit 23-profile and runtime binding; atom-level behavioral proof OPEN
ATOM-OP-health.inspect,,EXECUTION_ATOM,W05HealthDomain,Unavailable source includes observedAt only if actually observed,"{""kind"": ""SUCCESSOR_DERIVATION_FROM_ADJUDICATED_CONTRACT"", ""source"": ""O05/surfaces/health.json""}",ADMITTED_CONCEPT_SUBJECT_TO_OWNER_SUPERSESSION,NONE,Explicit 23-profile and runtime binding; atom-level behavioral proof OPEN
ATOM-OP-health.diagnose,,EXECUTION_ATOM,W05HealthDomain,Refresh never increments diagnostic history; diagnose does,"{""kind"": ""SUCCESSOR_DERIVATION_FROM_ADJUDICATED_CONTRACT"", ""source"": ""O05/surfaces/health.json""}",ADMITTED_CONCEPT_SUBJECT_TO_OWNER_SUPERSESSION,NONE,Explicit 23-profile and runtime binding; atom-level behavioral proof OPEN
ATOM-OP-processing.inspect,,EXECUTION_ATOM,W05ProcessingDomain,Two retries display three distinct attempts,"{""kind"": ""SUCCESSOR_DERIVATION_FROM_ADJUDICATED_CONTRACT"", ""source"": ""O05/surfaces/processing.json""}",ADMITTED_CONCEPT_SUBJECT_TO_OWNER_SUPERSESSION,NONE,Explicit 23-profile and runtime binding; atom-level behavioral proof OPEN
ATOM-OP-processing.retry,,EXECUTION_ATOM,W05ProcessingDomain,Repeated retry key yields one attempt; failed attempt immutable,"{""kind"": ""SUCCESSOR_DERIVATION_FROM_ADJUDICATED_CONTRACT"", ""source"": ""O05/surfaces/processing.json""}",ADMITTED_CONCEPT_SUBJECT_TO_OWNER_SUPERSESSION,NONE,Explicit 23-profile and runtime binding; atom-level behavioral proof OPEN
ATOM-OP-processing.requestCancel,,EXECUTION_ATOM,W05ProcessingDomain,No ACK means no cancelled_at claim,"{""kind"": ""SUCCESSOR_DERIVATION_FROM_ADJUDICATED_CONTRACT"", ""source"": ""O05/surfaces/processing.json""}",ADMITTED_CONCEPT_SUBJECT_TO_OWNER_SUPERSESSION,NONE,Explicit 23-profile and runtime binding; atom-level behavioral proof OPEN
ATOM-OP-processing.validationHandoff,,EXECUTION_ATOM,W05ProcessingDomain,Consumer outage retains pending outbox and never says technically valid,"{""kind"": ""SUCCESSOR_DERIVATION_FROM_ADJUDICATED_CONTRACT"", ""source"": ""O05/surfaces/processing.json""}",ADMITTED_CONCEPT_SUBJECT_TO_OWNER_SUPERSESSION,NONE,Explicit 23-profile and runtime binding; atom-level behavioral proof OPEN
ATOM-OP-validation.validate,,EXECUTION_ATOM,W05ValidationDomain,Result for artifact A cannot satisfy changed artifact B,"{""kind"": ""SUCCESSOR_DERIVATION_FROM_ADJUDICATED_CONTRACT"", ""source"": ""O05/surfaces/validation.json""}",ADMITTED_CONCEPT_SUBJECT_TO_OWNER_SUPERSESSION,NONE,Explicit 23-profile and runtime binding; atom-level behavioral proof OPEN
ATOM-OP-validation.inspect,,EXECUTION_ATOM,W05ValidationDomain,TECHNICALLY_VALID leaves acceptance field absent,"{""kind"": ""SUCCESSOR_DERIVATION_FROM_ADJUDICATED_CONTRACT"", ""source"": ""O05/surfaces/validation.json""}",ADMITTED_CONCEPT_SUBJECT_TO_OWNER_SUPERSESSION,NONE,Explicit 23-profile and runtime binding; atom-level behavioral proof OPEN
ATOM-OP-validation.findings,,EXECUTION_ATOM,W05ValidationDomain,Inspect technical finding creates no W04 Finding,"{""kind"": ""SUCCESSOR_DERIVATION_FROM_ADJUDICATED_CONTRACT"", ""source"": ""O05/surfaces/validation.json""}",ADMITTED_CONCEPT_SUBJECT_TO_OWNER_SUPERSESSION,NONE,Explicit 23-profile and runtime binding; atom-level behavioral proof OPEN
ATOM-OP-audit.search,,EXECUTION_ATOM,W05AuditDomain,Search does not mutate audit event count/hash,"{""kind"": ""SUCCESSOR_DERIVATION_FROM_ADJUDICATED_CONTRACT"", ""source"": ""O05/surfaces/audit.json""}",ADMITTED_CONCEPT_SUBJECT_TO_OWNER_SUPERSESSION,NONE,Explicit 23-profile and runtime binding; atom-level behavioral proof OPEN
ATOM-OP-audit.verify,,EXECUTION_ATOM,W05AuditDomain,Tampered observed event returns first_invalid_sequence; verified bytes scope explicit,"{""kind"": ""SUCCESSOR_DERIVATION_FROM_ADJUDICATED_CONTRACT"", ""source"": ""O05/surfaces/audit.json""}",ADMITTED_CONCEPT_SUBJECT_TO_OWNER_SUPERSESSION,NONE,Explicit 23-profile and runtime binding; atom-level behavioral proof OPEN
ATOM-OP-audit.annotate,,EXECUTION_ATOM,W05AuditDomain,Original record_hash unchanged after note edit,"{""kind"": ""SUCCESSOR_DERIVATION_FROM_ADJUDICATED_CONTRACT"", ""source"": ""O05/surfaces/audit.json""}",ADMITTED_CONCEPT_SUBJECT_TO_OWNER_SUPERSESSION,NONE,Explicit 23-profile and runtime binding; atom-level behavioral proof OPEN
ATOM-OP-manual_ai.draft,,EXECUTION_ATOM,W05AIBDomain,Editing request emits zero external provider network requests,"{""kind"": ""SUCCESSOR_DERIVATION_FROM_ADJUDICATED_CONTRACT"", ""source"": ""O05/surfaces/manual_ai.json""}",ADMITTED_CONCEPT_SUBJECT_TO_OWNER_SUPERSESSION,NONE,Explicit 23-profile and runtime binding; atom-level behavioral proof OPEN
ATOM-OP-manual_ai.export,,EXECUTION_ATOM,W05AIBDomain,Export contains provenance/digest and no secret fields,"{""kind"": ""SUCCESSOR_DERIVATION_FROM_ADJUDICATED_CONTRACT"", ""source"": ""O05/surfaces/manual_ai.json""}",ADMITTED_CONCEPT_SUBJECT_TO_OWNER_SUPERSESSION,NONE,Explicit 23-profile and runtime binding; atom-level behavioral proof OPEN
ATOM-OP-manual_ai.import,,EXECUTION_ATOM,W05AIBDomain,Mismatched source blocks draft creation without deleting proposal,"{""kind"": ""SUCCESSOR_DERIVATION_FROM_ADJUDICATED_CONTRACT"", ""source"": ""O05/surfaces/manual_ai.json""}",ADMITTED_CONCEPT_SUBJECT_TO_OWNER_SUPERSESSION,NONE,Explicit 23-profile and runtime binding; atom-level behavioral proof OPEN
ATOM-OP-manual_ai.review,,EXECUTION_ATOM,W05AIBDomain,"ACCEPT returns draft ID, leaves published revision unchanged","{""kind"": ""SUCCESSOR_DERIVATION_FROM_ADJUDICATED_CONTRACT"", ""source"": ""O05/surfaces/manual_ai.json""}",ADMITTED_CONCEPT_SUBJECT_TO_OWNER_SUPERSESSION,NONE,Explicit 23-profile and runtime binding; atom-level behavioral proof OPEN
ATOM-OP-backup.plan,,EXECUTION_ATOM,W05BackupDomain,Plan performs zero database restore writes,"{""kind"": ""SUCCESSOR_DERIVATION_FROM_ADJUDICATED_CONTRACT"", ""source"": ""O05/surfaces/backup.json""}",ADMITTED_CONCEPT_SUBJECT_TO_OWNER_SUPERSESSION,NONE,Explicit 23-profile and runtime binding; atom-level behavioral proof OPEN
ATOM-OP-backup.preview,,EXECUTION_ATOM,W05BackupDomain,Schema A package versus schema B checkout remains explicit conflict,"{""kind"": ""SUCCESSOR_DERIVATION_FROM_ADJUDICATED_CONTRACT"", ""source"": ""O05/surfaces/backup.json""}",ADMITTED_CONCEPT_SUBJECT_TO_OWNER_SUPERSESSION,NONE,Explicit 23-profile and runtime binding; atom-level behavioral proof OPEN
ATOM-OP-backup.stage,,EXECUTION_ATOM,W05BackupDomain,Missing schema artifact never triggers TRUNCATE/INSERT,"{""kind"": ""SUCCESSOR_DERIVATION_FROM_ADJUDICATED_CONTRACT"", ""source"": ""O05/surfaces/backup.json""}",ADMITTED_CONCEPT_SUBJECT_TO_OWNER_SUPERSESSION,NONE,Explicit 23-profile and runtime binding; atom-level behavioral proof OPEN
ATOM-OP-backup.drill,,EXECUTION_ATOM,W05BackupDomain,Missing/extra schema input stops before application table writes,"{""kind"": ""SUCCESSOR_DERIVATION_FROM_ADJUDICATED_CONTRACT"", ""source"": ""O05/surfaces/backup.json""}",ADMITTED_CONCEPT_SUBJECT_TO_OWNER_SUPERSESSION,NONE,Explicit 23-profile and runtime binding; atom-level behavioral proof OPEN
ATOM-OP-backup.activationRequest,,EXECUTION_ATOM,W05BackupDomain,Verified drill cannot create production restore side effect,"{""kind"": ""SUCCESSOR_DERIVATION_FROM_ADJUDICATED_CONTRACT"", ""source"": ""O05/surfaces/backup.json""}",ADMITTED_CONCEPT_SUBJECT_TO_OWNER_SUPERSESSION,NONE,Explicit 23-profile and runtime binding; atom-level behavioral proof OPEN
ATOM-OP-releases.inspect,,EXECUTION_ATOM,W05ReleaseDomain,CI pass does not change authorization or deployment,"{""kind"": ""SUCCESSOR_DERIVATION_FROM_ADJUDICATED_CONTRACT"", ""source"": ""O05/surfaces/releases.json""}",ADMITTED_CONCEPT_SUBJECT_TO_OWNER_SUPERSESSION,NONE,Explicit 23-profile and runtime binding; atom-level behavioral proof OPEN
ATOM-OP-releases.compare,,EXECUTION_ATOM,W05ReleaseDomain,Latest alias mutation cannot change comparison pair,"{""kind"": ""SUCCESSOR_DERIVATION_FROM_ADJUDICATED_CONTRACT"", ""source"": ""O05/surfaces/releases.json""}",ADMITTED_CONCEPT_SUBJECT_TO_OWNER_SUPERSESSION,NONE,Explicit 23-profile and runtime binding; atom-level behavioral proof OPEN
ATOM-OP-releases.plan,,EXECUTION_ATOM,W05ReleaseDomain,Technical plan creates no authorization/deployment,"{""kind"": ""SUCCESSOR_DERIVATION_FROM_ADJUDICATED_CONTRACT"", ""source"": ""O05/surfaces/releases.json""}",ADMITTED_CONCEPT_SUBJECT_TO_OWNER_SUPERSESSION,NONE,Explicit 23-profile and runtime binding; atom-level behavioral proof OPEN
ATOM-OP-releases.requestAuthorization,,EXECUTION_ATOM,W05ReleaseDomain,Request receipt leaves deployment=NOT_DEPLOYED,"{""kind"": ""SUCCESSOR_DERIVATION_FROM_ADJUDICATED_CONTRACT"", ""source"": ""O05/surfaces/releases.json""}",ADMITTED_CONCEPT_SUBJECT_TO_OWNER_SUPERSESSION,NONE,Explicit 23-profile and runtime binding; atom-level behavioral proof OPEN
ATOM-OP-configuration.edit,,EXECUTION_ATOM,W05ConfigurationDomain,Edit proposal causes zero operational config writes,"{""kind"": ""SUCCESSOR_DERIVATION_FROM_ADJUDICATED_CONTRACT"", ""source"": ""O05/surfaces/configuration.json""}",ADMITTED_CONCEPT_SUBJECT_TO_OWNER_SUPERSESSION,NONE,Explicit 23-profile and runtime binding; atom-level behavioral proof OPEN
ATOM-OP-configuration.diff,,EXECUTION_ATOM,W05ConfigurationDomain,Secret marker never replaced by plaintext in diff,"{""kind"": ""SUCCESSOR_DERIVATION_FROM_ADJUDICATED_CONTRACT"", ""source"": ""O05/surfaces/configuration.json""}",ADMITTED_CONCEPT_SUBJECT_TO_OWNER_SUPERSESSION,NONE,Explicit 23-profile and runtime binding; atom-level behavioral proof OPEN
ATOM-OP-configuration.validate,,EXECUTION_ATOM,W05ConfigurationDomain,Validation success does not apply config or authorize restart,"{""kind"": ""SUCCESSOR_DERIVATION_FROM_ADJUDICATED_CONTRACT"", ""source"": ""O05/surfaces/configuration.json""}",ADMITTED_CONCEPT_SUBJECT_TO_OWNER_SUPERSESSION,NONE,Explicit 23-profile and runtime binding; atom-level behavioral proof OPEN
ATOM-OP-configuration.reset,,EXECUTION_ATOM,W05ConfigurationDomain,Reset preserves live config digest,"{""kind"": ""SUCCESSOR_DERIVATION_FROM_ADJUDICATED_CONTRACT"", ""source"": ""O05/surfaces/configuration.json""}",ADMITTED_CONCEPT_SUBJECT_TO_OWNER_SUPERSESSION,NONE,Explicit 23-profile and runtime binding; atom-level behavioral proof OPEN
ATOM-OP-configuration.requestApply,,EXECUTION_ATOM,W05ConfigurationDomain,UI Settings cannot dispatch this family or manufacture authority,"{""kind"": ""SUCCESSOR_DERIVATION_FROM_ADJUDICATED_CONTRACT"", ""source"": ""O05/surfaces/configuration.json""}",ADMITTED_CONCEPT_SUBJECT_TO_OWNER_SUPERSESSION,NONE,Explicit 23-profile and runtime binding; atom-level behavioral proof OPEN
ATOM-OP-shared.GlobalShellCore.navigate,,EXECUTION_ATOM,GlobalShellDomain,No domain store or sixth primary destination.,"{""kind"": ""SUCCESSOR_DERIVATION_FROM_ADJUDICATED_CONTRACT"", ""source"": ""O04/shared_mechanical_protocols.json""}",ADMITTED_CONCEPT_SUBJECT_TO_OWNER_SUPERSESSION,NONE,Explicit 23-profile and runtime binding; atom-level behavioral proof OPEN
ATOM-OP-shared.WorkspaceRegionCore.activateRegion,,EXECUTION_ATOM,WorkspaceShellCore,Region contents remain Surface-owned.,"{""kind"": ""SUCCESSOR_DERIVATION_FROM_ADJUDICATED_CONTRACT"", ""source"": ""O04/shared_mechanical_protocols.json""}",ADMITTED_CONCEPT_SUBJECT_TO_OWNER_SUPERSESSION,NONE,Explicit 23-profile and runtime binding; atom-level behavioral proof OPEN
ATOM-OP-shared.PaneResponsiveCore.resizePane,,EXECUTION_ATOM,WorkspacePresentationCore,"Pane state is presentation, not domain state.","{""kind"": ""SUCCESSOR_DERIVATION_FROM_ADJUDICATED_CONTRACT"", ""source"": ""O04/shared_mechanical_protocols.json""}",ADMITTED_CONCEPT_SUBJECT_TO_OWNER_SUPERSESSION,NONE,Explicit 23-profile and runtime binding; atom-level behavioral proof OPEN
ATOM-OP-shared.ContextInspectorCore.inspect,,EXECUTION_ATOM,WorkspacePresentationCore,Context payload remains domain-adapted.,"{""kind"": ""SUCCESSOR_DERIVATION_FROM_ADJUDICATED_CONTRACT"", ""source"": ""O04/shared_mechanical_protocols.json""}",ADMITTED_CONCEPT_SUBJECT_TO_OWNER_SUPERSESSION,NONE,Explicit 23-profile and runtime binding; atom-level behavioral proof OPEN
ATOM-OP-shared.BottomDeepWorkCore.toggle,,EXECUTION_ATOM,WorkspacePresentationCore,BOTTOM content/semantics remain Surface-owned.,"{""kind"": ""SUCCESSOR_DERIVATION_FROM_ADJUDICATED_CONTRACT"", ""source"": ""O04/shared_mechanical_protocols.json""}",ADMITTED_CONCEPT_SUBJECT_TO_OWNER_SUPERSESSION,NONE,Explicit 23-profile and runtime binding; atom-level behavioral proof OPEN
ATOM-OP-shared.PresentationStateCore.restoreLayout,,EXECUTION_ATOM,WorkspacePresentationCore,Must not become canonical domain persistence.,"{""kind"": ""SUCCESSOR_DERIVATION_FROM_ADJUDICATED_CONTRACT"", ""source"": ""O04/shared_mechanical_protocols.json""}",ADMITTED_CONCEPT_SUBJECT_TO_OWNER_SUPERSESSION,NONE,Explicit 23-profile and runtime binding; atom-level behavioral proof OPEN
ATOM-OP-shared.GlobalPreferenceCore.set,,EXECUTION_ATOM,GlobalPreferenceDomain,Global owner does not mean globally forced value.,"{""kind"": ""SUCCESSOR_DERIVATION_FROM_ADJUDICATED_CONTRACT"", ""source"": ""O04/shared_mechanical_protocols.json""}",ADMITTED_CONCEPT_SUBJECT_TO_OWNER_SUPERSESSION,NONE,Explicit 23-profile and runtime binding; atom-level behavioral proof OPEN
ATOM-OP-shared.PreferenceScopeResolver.resolve,,EXECUTION_ATOM,GlobalPreferenceDomain,Applicability must be explicit per setting.,"{""kind"": ""SUCCESSOR_DERIVATION_FROM_ADJUDICATED_CONTRACT"", ""source"": ""O04/shared_mechanical_protocols.json""}",ADMITTED_CONCEPT_SUBJECT_TO_OWNER_SUPERSESSION,NONE,Explicit 23-profile and runtime binding; atom-level behavioral proof OPEN
ATOM-OP-shared.GlobalSettingsIA.discover,,EXECUTION_ATOM,GlobalPreferenceDomain,"Surface settings are filtered entry routes, not new stores.","{""kind"": ""SUCCESSOR_DERIVATION_FROM_ADJUDICATED_CONTRACT"", ""source"": ""O04/shared_mechanical_protocols.json""}",ADMITTED_CONCEPT_SUBJECT_TO_OWNER_SUPERSESSION,NONE,Explicit 23-profile and runtime binding; atom-level behavioral proof OPEN
ATOM-OP-shared.PreferencePersistenceCore.persist,,EXECUTION_ATOM,GlobalPreferenceDomain,Domain config remains outside preference state.,"{""kind"": ""SUCCESSOR_DERIVATION_FROM_ADJUDICATED_CONTRACT"", ""source"": ""O04/shared_mechanical_protocols.json""}",ADMITTED_CONCEPT_SUBJECT_TO_OWNER_SUPERSESSION,NONE,Explicit 23-profile and runtime binding; atom-level behavioral proof OPEN
ATOM-OP-shared.PreferenceExportImportResetModel.importReset,,EXECUTION_ATOM,GlobalPreferenceDomain,Secrets/domain configuration excluded unless separately governed.,"{""kind"": ""SUCCESSOR_DERIVATION_FROM_ADJUDICATED_CONTRACT"", ""source"": ""O04/shared_mechanical_protocols.json""}",ADMITTED_CONCEPT_SUBJECT_TO_OWNER_SUPERSESSION,NONE,Explicit 23-profile and runtime binding; atom-level behavioral proof OPEN
ATOM-OP-shared.LocaleLanguagePresentationCore.setLocale,,EXECUTION_ATOM,GlobalPreferenceDomain,Does not rewrite canonical content language metadata.,"{""kind"": ""SUCCESSOR_DERIVATION_FROM_ADJUDICATED_CONTRACT"", ""source"": ""O04/shared_mechanical_protocols.json""}",ADMITTED_CONCEPT_SUBJECT_TO_OWNER_SUPERSESSION,NONE,Explicit 23-profile and runtime binding; atom-level behavioral proof OPEN
ATOM-OP-shared.DirectionAlignmentResolutionCore.setDirection,,EXECUTION_ATOM,GlobalPreferenceDomain,No single RTL/LTR mega-flag.,"{""kind"": ""SUCCESSOR_DERIVATION_FROM_ADJUDICATED_CONTRACT"", ""source"": ""O04/shared_mechanical_protocols.json""}",ADMITTED_CONCEPT_SUBJECT_TO_OWNER_SUPERSESSION,NONE,Explicit 23-profile and runtime binding; atom-level behavioral proof OPEN
ATOM-OP-shared.TypographyAndScriptProfileCore.setProfile,,EXECUTION_ATOM,GlobalPreferenceDomain,Must not hard-code Arabic-only typography.,"{""kind"": ""SUCCESSOR_DERIVATION_FROM_ADJUDICATED_CONTRACT"", ""source"": ""O04/shared_mechanical_protocols.json""}",ADMITTED_CONCEPT_SUBJECT_TO_OWNER_SUPERSESSION,NONE,Explicit 23-profile and runtime binding; atom-level behavioral proof OPEN
ATOM-OP-shared.TechnicalTokenBidiIsolationCore.renderToken,,EXECUTION_ATOM,AccessibilityPresentationCore,Token isolation policy can vary by tool/content.,"{""kind"": ""SUCCESSOR_DERIVATION_FROM_ADJUDICATED_CONTRACT"", ""source"": ""O04/shared_mechanical_protocols.json""}",ADMITTED_CONCEPT_SUBJECT_TO_OWNER_SUPERSESSION,NONE,Explicit 23-profile and runtime binding; atom-level behavioral proof OPEN
ATOM-OP-shared.SemanticCommandCore.discover,,EXECUTION_ATOM,InteractionCore,Payloads MUST be typed per command family.,"{""kind"": ""SUCCESSOR_DERIVATION_FROM_ADJUDICATED_CONTRACT"", ""source"": ""O04/shared_mechanical_protocols.json""}",ADMITTED_CONCEPT_SUBJECT_TO_OWNER_SUPERSESSION,NONE,Explicit 23-profile and runtime binding; atom-level behavioral proof OPEN
ATOM-OP-shared.ActionSurfaceCore.compose,,EXECUTION_ATOM,InteractionCore,Presentation route != semantic owner.,"{""kind"": ""SUCCESSOR_DERIVATION_FROM_ADJUDICATED_CONTRACT"", ""source"": ""O04/shared_mechanical_protocols.json""}",ADMITTED_CONCEPT_SUBJECT_TO_OWNER_SUPERSESSION,NONE,Explicit 23-profile and runtime binding; atom-level behavioral proof OPEN
ATOM-OP-shared.ActionAvailabilityCore.explain,,EXECUTION_ATOM,InteractionCore,"Disabled reason must be truthful, not cosmetic.","{""kind"": ""SUCCESSOR_DERIVATION_FROM_ADJUDICATED_CONTRACT"", ""source"": ""O04/shared_mechanical_protocols.json""}",ADMITTED_CONCEPT_SUBJECT_TO_OWNER_SUPERSESSION,NONE,Explicit 23-profile and runtime binding; atom-level behavioral proof OPEN
ATOM-OP-shared.TransientFocusCore.closeTop,,EXECUTION_ATOM,AccessibilityInteractionCore,Persistent panes are not transients.,"{""kind"": ""SUCCESSOR_DERIVATION_FROM_ADJUDICATED_CONTRACT"", ""source"": ""O04/shared_mechanical_protocols.json""}",ADMITTED_CONCEPT_SUBJECT_TO_OWNER_SUPERSESSION,NONE,Explicit 23-profile and runtime binding; atom-level behavioral proof OPEN
ATOM-OP-shared.InputKeymapCore.remap,,EXECUTION_ATOM,InteractionCore,Single-character shortcuts need guards.,"{""kind"": ""SUCCESSOR_DERIVATION_FROM_ADJUDICATED_CONTRACT"", ""source"": ""O04/shared_mechanical_protocols.json""}",ADMITTED_CONCEPT_SUBJECT_TO_OWNER_SUPERSESSION,NONE,Explicit 23-profile and runtime binding; atom-level behavioral proof OPEN
ATOM-OP-shared.AccessibilityInteractionCore.focusRegion,,EXECUTION_ATOM,AccessibilityInteractionCore,"Equivalent agency, not decorative accessibility.","{""kind"": ""SUCCESSOR_DERIVATION_FROM_ADJUDICATED_CONTRACT"", ""source"": ""O04/shared_mechanical_protocols.json""}",ADMITTED_CONCEPT_SUBJECT_TO_OWNER_SUPERSESSION,NONE,Explicit 23-profile and runtime binding; atom-level behavioral proof OPEN
ATOM-OP-shared.StatusFeedbackCore.announce,,EXECUTION_ATOM,InteractionCore,Domain lifecycle tokens remain local.,"{""kind"": ""SUCCESSOR_DERIVATION_FROM_ADJUDICATED_CONTRACT"", ""source"": ""O04/shared_mechanical_protocols.json""}",ADMITTED_CONCEPT_SUBJECT_TO_OWNER_SUPERSESSION,NONE,Explicit 23-profile and runtime binding; atom-level behavioral proof OPEN
ATOM-OP-shared.EpistemicStateCore.observe,,EXECUTION_ATOM,StateTruthCore,Do NOT replace domain-specific lifecycle/status enums.,"{""kind"": ""SUCCESSOR_DERIVATION_FROM_ADJUDICATED_CONTRACT"", ""source"": ""O04/shared_mechanical_protocols.json""}",ADMITTED_CONCEPT_SUBJECT_TO_OWNER_SUPERSESSION,NONE,Explicit 23-profile and runtime binding; atom-level behavioral proof OPEN
ATOM-OP-shared.SearchFilterDiscoveryCore.query,,EXECUTION_ATOM,InteractionCore,Search semantics/index owner remains domain-specific.,"{""kind"": ""SUCCESSOR_DERIVATION_FROM_ADJUDICATED_CONTRACT"", ""source"": ""O04/shared_mechanical_protocols.json""}",ADMITTED_CONCEPT_SUBJECT_TO_OWNER_SUPERSESSION,NONE,Explicit 23-profile and runtime binding; atom-level behavioral proof OPEN
ATOM-OP-shared.NavigationQuickAccessCore.return,,EXECUTION_ATOM,InteractionCore,Applicability depends on Surface complexity.,"{""kind"": ""SUCCESSOR_DERIVATION_FROM_ADJUDICATED_CONTRACT"", ""source"": ""O04/shared_mechanical_protocols.json""}",ADMITTED_CONCEPT_SUBJECT_TO_OWNER_SUPERSESSION,NONE,Explicit 23-profile and runtime binding; atom-level behavioral proof OPEN
ATOM-OP-shared.ConfirmationSafetyCore.confirm,,EXECUTION_ATOM,SafetyInteractionCore,Not applicable to every read-only observation action.,"{""kind"": ""SUCCESSOR_DERIVATION_FROM_ADJUDICATED_CONTRACT"", ""source"": ""O04/shared_mechanical_protocols.json""}",ADMITTED_CONCEPT_SUBJECT_TO_OWNER_SUPERSESSION,NONE,Explicit 23-profile and runtime binding; atom-level behavioral proof OPEN
ATOM-OP-shared.SelectionInteractionCore.select,,EXECUTION_ATOM,InteractionCore,Selection meaning/payload is domain-adapted.,"{""kind"": ""SUCCESSOR_DERIVATION_FROM_ADJUDICATED_CONTRACT"", ""source"": ""O04/shared_mechanical_protocols.json""}",ADMITTED_CONCEPT_SUBJECT_TO_OWNER_SUPERSESSION,NONE,Explicit 23-profile and runtime binding; atom-level behavioral proof OPEN
ATOM-OP-shared.TransactionHistoryCore.undo,,EXECUTION_ATOM,EditingCore,Never rewrite immutable historical/audit facts.,"{""kind"": ""SUCCESSOR_DERIVATION_FROM_ADJUDICATED_CONTRACT"", ""source"": ""O04/shared_mechanical_protocols.json""}",ADMITTED_CONCEPT_SUBJECT_TO_OWNER_SUPERSESSION,NONE,Explicit 23-profile and runtime binding; atom-level behavioral proof OPEN
ATOM-OP-shared.ClipboardTrustCore.paste,,EXECUTION_ATOM,EditingCore,Copy convenience != canonical mutation.,"{""kind"": ""SUCCESSOR_DERIVATION_FROM_ADJUDICATED_CONTRACT"", ""source"": ""O04/shared_mechanical_protocols.json""}",ADMITTED_CONCEPT_SUBJECT_TO_OWNER_SUPERSESSION,NONE,Explicit 23-profile and runtime binding; atom-level behavioral proof OPEN
ATOM-OP-shared.StructuredContentCore.insert,,EXECUTION_ATOM,StructuredContentCore,Knowledge/learning/scenario/lab semantics remain adapters.,"{""kind"": ""SUCCESSOR_DERIVATION_FROM_ADJUDICATED_CONTRACT"", ""source"": ""O04/shared_mechanical_protocols.json""}",ADMITTED_CONCEPT_SUBJECT_TO_OWNER_SUPERSESSION,NONE,Explicit 23-profile and runtime binding; atom-level behavioral proof OPEN
ATOM-OP-shared.SpatialInteractionCore.transform,,EXECUTION_ATOM,SpatialInteractionCore,Node/edge geometry never owns domain relationship meaning.,"{""kind"": ""SUCCESSOR_DERIVATION_FROM_ADJUDICATED_CONTRACT"", ""source"": ""O04/shared_mechanical_protocols.json""}",ADMITTED_CONCEPT_SUBJECT_TO_OWNER_SUPERSESSION,NONE,Explicit 23-profile and runtime binding; atom-level behavioral proof OPEN
ATOM-OP-shared.AnalyticalWorkbenchCore.compare,,EXECUTION_ATOM,AnalyticalWorkbenchCore,Formal W04 review semantics remain separate.,"{""kind"": ""SUCCESSOR_DERIVATION_FROM_ADJUDICATED_CONTRACT"", ""source"": ""O04/shared_mechanical_protocols.json""}",ADMITTED_CONCEPT_SUBJECT_TO_OWNER_SUPERSESSION,NONE,Explicit 23-profile and runtime binding; atom-level behavioral proof OPEN
ATOM-OP-shared.AuditProvenanceInteractionCore.trace,,EXECUTION_ATOM,AnalyticalWorkbenchCore,Audit immutability/Review authority remain domain-owned.,"{""kind"": ""SUCCESSOR_DERIVATION_FROM_ADJUDICATED_CONTRACT"", ""source"": ""O04/shared_mechanical_protocols.json""}",ADMITTED_CONCEPT_SUBJECT_TO_OWNER_SUPERSESSION,NONE,Explicit 23-profile and runtime binding; atom-level behavioral proof OPEN
ATOM-OP-shared.CollectionTableMatrixCore.selectRows,,EXECUTION_ATOM,AnalyticalWorkbenchCore,No universal domain row schema.,"{""kind"": ""SUCCESSOR_DERIVATION_FROM_ADJUDICATED_CONTRACT"", ""source"": ""O04/shared_mechanical_protocols.json""}",ADMITTED_CONCEPT_SUBJECT_TO_OWNER_SUPERSESSION,NONE,Explicit 23-profile and runtime binding; atom-level behavioral proof OPEN
ATOM-OP-shared.TimelineReplayCore.seek,,EXECUTION_ATOM,AnalyticalWorkbenchCore,Historical replay semantics remain W03 Results-owned.,"{""kind"": ""SUCCESSOR_DERIVATION_FROM_ADJUDICATED_CONTRACT"", ""source"": ""O04/shared_mechanical_protocols.json""}",ADMITTED_CONCEPT_SUBJECT_TO_OWNER_SUPERSESSION,NONE,Explicit 23-profile and runtime binding; atom-level behavioral proof OPEN
ATOM-OP-shared.OperationalWorkbenchCore.inspectStream,,EXECUTION_ATOM,OperationalWorkbenchCore,Runtime state owner remains target domain.,"{""kind"": ""SUCCESSOR_DERIVATION_FROM_ADJUDICATED_CONTRACT"", ""source"": ""O04/shared_mechanical_protocols.json""}",ADMITTED_CONCEPT_SUBJECT_TO_OWNER_SUPERSESSION,NONE,Explicit 23-profile and runtime binding; atom-level behavioral proof OPEN
ATOM-OP-shared.ReviewDecisionInteractionCore.inspectDecision,,EXECUTION_ATOM,W04ReviewInteractionCore,Must not absorb R&Q working review semantics.,"{""kind"": ""SUCCESSOR_DERIVATION_FROM_ADJUDICATED_CONTRACT"", ""source"": ""O04/shared_mechanical_protocols.json""}",ADMITTED_CONCEPT_SUBJECT_TO_OWNER_SUPERSESSION,NONE,Explicit 23-profile and runtime binding; atom-level behavioral proof OPEN
ATOM-OP-shared.NotesAnnotationCore.reviseNote,,EXECUTION_ATOM,AnnotationCore,Formal Finding/Decision/Audit event are NOT generic notes.,"{""kind"": ""SUCCESSOR_DERIVATION_FROM_ADJUDICATED_CONTRACT"", ""source"": ""O04/shared_mechanical_protocols.json""}",ADMITTED_CONCEPT_SUBJECT_TO_OWNER_SUPERSESSION,NONE,Explicit 23-profile and runtime binding; atom-level behavioral proof OPEN
ATOM-OP-shared.ProductionMappingBoundary.inspectBinding,,EXECUTION_ATOM,ProductionMappingCore,No exact production binding may be implied by blueprint HTML alone.,"{""kind"": ""SUCCESSOR_DERIVATION_FROM_ADJUDICATED_CONTRACT"", ""source"": ""O04/shared_mechanical_protocols.json""}",ADMITTED_CONCEPT_SUBJECT_TO_OWNER_SUPERSESSION,NONE,Explicit 23-profile and runtime binding; atom-level behavioral proof OPEN
ATOM-OP-shared.PreferenceVsDomainConfigBoundary.openSettings,,EXECUTION_ATOM,GlobalPreferenceDomain,Settings UI does not authorize domain config mutation.,"{""kind"": ""SUCCESSOR_DERIVATION_FROM_ADJUDICATED_CONTRACT"", ""source"": ""O04/shared_mechanical_protocols.json""}",ADMITTED_CONCEPT_SUBJECT_TO_OWNER_SUPERSESSION,NONE,Explicit 23-profile and runtime binding; atom-level behavioral proof OPEN
