source_name,sha256,bytes,catalog_classification,canonical_authority_class,normative_use,descriptive_use,currentness,acceptance_status,direct_read_requirement,value_preservation_or_reuse,supersession_status,hard_prohibition,content_structure,mission_rule,current_owner_accepted_target,review_scope,foundation_intake_status,foundation_implementation_authority,foundation_intake_note
CELL_02_5_SUCCESSOR_DRIVE_CUSTODY_FRESH_BOOTSTRAP.py,798b7668686c2947104bead10bde30d8cab19834f91842fee3128ac2a0eceb79,16658,RUNTIME_COLAB_METHOD_OR_EVIDENCE,RUNTIME_METHOD_OR_EVIDENCE,NO_PRODUCT_DESIGN,YES_WHERE_EXACT_IDENTITY_OR_OBSERVATION,CURRENT_OR_RETAINED,EVIDENCE_CLASS_ONLY,YES_FOR_RUNTIME_CUSTODY_OR_TEST,REUSE_RUNTIME_METHOD,NONE_KNOWN,RUNTIME_PASS_NE_OWNER_DESIGN_ACCEPTANCE,,Current direct Owner supersedes conflicting clauses; acceptance does not transfer from title/version,False,Source normative/descriptive separation preserved from bundled content registry,METHOD_ONLY,false,No retained source auto-promotes old Production/GitHub/stack implementation into current Foundation authority.
CEP_BIG_BOSS_EXECUTION_SYSTEM_v1.2_OWNER_HARDENED_SUCCESSOR_CANDIDATE.zip,cc852b6d6b3dd6404ea81a9129a00611558d7dc540a82a248b0f4844d6e8eb33,1441523,SUPPORTING_CONTROL_OR_EVIDENCE,ADMITTED_BIG_BOSS_DECISION_COMPILER,YES_WHERE_ADMITTED_AND_NOT_SUPERSEDED,YES_WHERE_EXACT_IDENTITY_OR_OBSERVATION,CURRENT_OR_RETAINED,NOT_PRODUCT_PROOF_OR_FREEZE,YES_FOR_DECISIONS,REUSE_CONCEPTUAL_DECISIONS_NOT_STACK_PATHS,NONE_KNOWN,DO_NOT_PROMOTE_EVIDENCE_TO_OWNER_ACCEPTANCE,"ZIP members=483; types={'.csv': 28, '.md': 20, '.json': 396, '.html': 1, '.txt': 14, '.py': 22, '.sha256': 1, '.ts': 1}",Current direct Owner supersedes conflicting clauses; acceptance does not transfer from title/version,False,Source normative/descriptive separation preserved from bundled content registry,SUPPORTING_EVIDENCE_NOT_IMPLEMENTATION_AUTHORITY,false,No retained source auto-promotes old Production/GitHub/stack implementation into current Foundation authority.
CEP_COLAB_DRIVE_CUSTODY_AND_EXECUTION_STANDARD_v1.0.md,d46a70c09ba6aba5f10fc5b758b33483fd4de3b03362c2ff70aed415163f8fa4,6278,CONTROLLER_OS_METHOD,CURRENT_CONTROLLER_METHOD,PROCESS_ONLY,YES_WHERE_EXACT_IDENTITY_OR_OBSERVATION,CURRENT_OR_RETAINED,NOT_PRODUCT_DESIGN_AUTHORITY,YES_WHEN_EXECUTION_OR_ASSURANCE,REUSE_GOVERNANCE_METHOD,NONE_KNOWN,DO_NOT_PROMOTE_EVIDENCE_TO_OWNER_ACCEPTANCE,CEP COLAB + GOOGLE DRIVE EXECUTION/CUSTODY STANDARD v1.0 | 1. Purpose | 2. Authority model | 3. Exact-input law for existing Drive artifacts | 4. New-artifact Drive custody law | Critical distinction | 5. Drive error classification | Harmless warning | Material failure | 6. Existing-notebook law | 7. Cell execution law | 8. Toolchain law,Current direct Owner supersedes conflicting clauses; acceptance does not transfer from title/version,False,Source normative/descriptive separation preserved from bundled content registry,METHOD_ONLY,false,No retained source auto-promotes old Production/GitHub/stack implementation into current Foundation authority.
CEP_CONTROLLER_ADJUDICATION_W01_W02_C004_AND_LINKED_STICKY_NOTES_v1.0.md,30f0987997c360dd0c94ce1359185236c6392932a0c45c6680d3d75add5a5af6,2592,SUPPORTING_CONTROL_OR_EVIDENCE,CURRENT_CONTROLLER_ADJUDICATION,SCOPED_WHERE_DECISION_IS_CURRENT,YES_WHERE_EXACT_IDENTITY_OR_OBSERVATION,CURRENT_OR_RETAINED,DECISION_RESOLVED_NOT_PRODUCT_ACCEPTANCE,YES,ENFORCE_SCOPED_DECISION_AND_EXACT_CONTRACT,NONE_KNOWN,DO_NOT_PROMOTE_DECISION_RESOLUTION_TO_IMPLEMENTATION_OR_OWNER_ACCEPTANCE,CEP CONTROLLER ADJUDICATION — W01/W02 C004 + LINKED STICKY NOTES DESTINATION OWNERS — v1.0 | A. C004 R&Q Claim Identity | B. Linked Sticky Notes,Current direct Owner supersedes conflicting clauses; acceptance does not transfer from title/version,False,Source normative/descriptive separation preserved from bundled content registry,CURRENT_GOVERNANCE_ONLY_NO_IMPLEMENTATION_PROMOTION,false,No retained source auto-promotes old Production/GitHub/stack implementation into current Foundation authority.
CEP_CONTROLLER_ADJUDICATION_W01_W02_PRE_COLAB_SOURCE_COMPLETION_v1.0.md,ab8c78bcdd78b2f9a22b0929a5289eb0694929b056c1912417368888bdd2b649,10856,RUNTIME_COLAB_METHOD_OR_EVIDENCE,CURRENT_CONTROLLER_ADJUDICATION,SCOPED_WHERE_DECISION_IS_CURRENT,YES_WHERE_EXACT_IDENTITY_OR_OBSERVATION,CURRENT_OR_RETAINED,DECISION_RESOLVED_NOT_PRODUCT_ACCEPTANCE,YES,ENFORCE_SCOPED_DECISION_AND_EXACT_CONTRACT,NONE_KNOWN,DO_NOT_PROMOTE_DECISION_RESOLUTION_TO_IMPLEMENTATION_OR_OWNER_ACCEPTANCE,CEP CONTROLLER ADJUDICATION — W01/W02 PRE-COLAB SOURCE COMPLETION v1.0 | 1. Purpose | 2. Decision A — canonical persistent inline range marks | 2.1 One canonical owner | 2.2 Contract version | 2.3 Block field | 2.4 Bounded validation | 2.5 Text mutation semantics | 2.6 UI/render/clipboard | 2.7 Legacy VS001/VS002 anti-loss boundary | 2.8 Digest/history/save | 3. Decision B — C024 bounded server-side scale contract,Current direct Owner supersedes conflicting clauses; acceptance does not transfer from title/version,False,Source normative/descriptive separation preserved from bundled content registry,CURRENT_GOVERNANCE_ONLY_NO_IMPLEMENTATION_PROMOTION,false,No retained source auto-promotes old Production/GitHub/stack implementation into current Foundation authority.
CEP_CONTROLLER_ASSURANCE_AND_EVIDENCE_PROTOCOL_v1.0.md,45a4ca798ed562ee7b93c62518ec3506dfdb32f1ef148da39a200d309ad0f4b0,1752,CONTROLLER_OS_METHOD,CURRENT_CONTROLLER_METHOD,PROCESS_ONLY,YES_WHERE_EXACT_IDENTITY_OR_OBSERVATION,CURRENT_OR_RETAINED,NOT_PRODUCT_DESIGN_AUTHORITY,YES_WHEN_EXECUTION_OR_ASSURANCE,REUSE_GOVERNANCE_METHOD,NONE_KNOWN,DO_NOT_PROMOTE_EVIDENCE_TO_OWNER_ACCEPTANCE,CEP CONTROLLER ASSURANCE + EVIDENCE PROTOCOL v1.0 | 1. Evidence classes | 2. Independent review minimum | 3. Interaction oracle | 4. Browser fallback | 5. User hands-on review | 6. Completion wording,Current direct Owner supersedes conflicting clauses; acceptance does not transfer from title/version,False,Source normative/descriptive separation preserved from bundled content registry,METHOD_ONLY,false,No retained source auto-promotes old Production/GitHub/stack implementation into current Foundation authority.
CEP_CONTROLLER_COLAB_RUNTIME_TEST_LESSONS_SUPPLEMENT_v1.0.json,828c5974a0818b523c5ca34910c05358ce29362e05e58f27c8f9e5529a799c28,10006,CONTROLLER_REGISTER_OR_LESSON,CURRENT_CONTROLLER_REGISTER_OR_LESSON,PROCESS_OR_SCOPED_DECISION,YES_WHERE_EXACT_IDENTITY_OR_OBSERVATION,CURRENT_OR_RETAINED,NOT_PRODUCT_ACCEPTANCE,YES,REUSE_AFTER_CONFLICT_RESOLUTION,NONE_KNOWN,DO_NOT_PROMOTE_EVIDENCE_TO_OWNER_ACCEPTANCE,"JSON keys: version, status, source_event, lessons",Current direct Owner supersedes conflicting clauses; acceptance does not transfer from title/version,False,Source normative/descriptive separation preserved from bundled content registry,EXACT_LOOKUP_ONLY,false,No retained source auto-promotes old Production/GitHub/stack implementation into current Foundation authority.
CEP_CONTROLLER_COLAB_RUNTIME_TEST_LESSONS_SUPPLEMENT_v1.1.json,783414f427413359812ffbfb2264cfdc0f68f5f8e515655c8e22b0d7326b38d2,1503,CONTROLLER_REGISTER_OR_LESSON,CURRENT_CONTROLLER_REGISTER_OR_LESSON,PROCESS_OR_SCOPED_DECISION,YES_WHERE_EXACT_IDENTITY_OR_OBSERVATION,CURRENT_OR_RETAINED,NOT_PRODUCT_ACCEPTANCE,YES,REUSE_AFTER_CONFLICT_RESOLUTION,NONE_KNOWN,DO_NOT_PROMOTE_EVIDENCE_TO_OWNER_ACCEPTANCE,"JSON keys: version, status, supersedes, source_event, new_lessons",Current direct Owner supersedes conflicting clauses; acceptance does not transfer from title/version,False,Source normative/descriptive separation preserved from bundled content registry,EXACT_LOOKUP_ONLY,false,No retained source auto-promotes old Production/GitHub/stack implementation into current Foundation authority.
CEP_CONTROLLER_CONTROL_CHANGELOG_v1.0.md,611ff2d6b276a24e2552bba8f905a79adc5a92a18bcc4a4141eb755905d49149,858,CONTROLLER_REGISTER_OR_LESSON,CURRENT_CONTROLLER_REGISTER_OR_LESSON,PROCESS_OR_SCOPED_DECISION,YES_WHERE_EXACT_IDENTITY_OR_OBSERVATION,CURRENT_OR_RETAINED,NOT_PRODUCT_ACCEPTANCE,YES,REUSE_AFTER_CONFLICT_RESOLUTION,NONE_KNOWN,DO_NOT_PROMOTE_EVIDENCE_TO_OWNER_ACCEPTANCE,CEP CONTROLLER CONTROL CHANGELOG v1.0 | 2026-09-09 — Controller OS v1.0,Current direct Owner supersedes conflicting clauses; acceptance does not transfer from title/version,False,Source normative/descriptive separation preserved from bundled content registry,EXACT_LOOKUP_ONLY,false,No retained source auto-promotes old Production/GitHub/stack implementation into current Foundation authority.
CEP_CONTROLLER_CURRENT_RECOVERY_HANDOFF_v2.0.md,b5d333a559b3b5ee0f75f4efae788728545e3c019fec40cf6ed9d72e23da25b3,2184,SUPPORTING_CONTROL_OR_EVIDENCE,SUPPORTING_CONTROL_OR_EVIDENCE,NO,YES_WHERE_EXACT_IDENTITY_OR_OBSERVATION,CURRENT_OR_RETAINED,NOT_PRODUCT_ACCEPTANCE,WHEN_MATERIAL_DETAIL_IS_USED,MINE_VALUE_WITH_DISPOSITION,NONE_KNOWN,DO_NOT_PROMOTE_EVIDENCE_TO_OWNER_ACCEPTANCE,CEP CONTROLLER CURRENT RECOVERY HANDOFF v2.0 — 2026-09-09 | 1. Current control root | 2. W03 | 3. W01/W02 | 4. High-value lessons carried forward | 5. Do not claim,Current direct Owner supersedes conflicting clauses; acceptance does not transfer from title/version,False,Source normative/descriptive separation preserved from bundled content registry,SUPPORTING_EVIDENCE_NOT_IMPLEMENTATION_AUTHORITY,false,No retained source auto-promotes old Production/GitHub/stack implementation into current Foundation authority.
CEP_CONTROLLER_CURRENT_RECOVERY_HANDOFF_v2.1.md,e6c6912591ee2889f6381713fd244e4dd8db1cfacd77c5bee5a158633a9c1984,1533,SUPPORTING_CONTROL_OR_EVIDENCE,SUPPORTING_CONTROL_OR_EVIDENCE,NO,YES_WHERE_EXACT_IDENTITY_OR_OBSERVATION,CURRENT_OR_RETAINED,NOT_PRODUCT_ACCEPTANCE,WHEN_MATERIAL_DETAIL_IS_USED,MINE_VALUE_WITH_DISPOSITION,NONE_KNOWN,DO_NOT_PROMOTE_EVIDENCE_TO_OWNER_ACCEPTANCE,CEP CONTROLLER CURRENT RECOVERY HANDOFF v2.1 | Mandatory startup | W03 | W01/W02,Current direct Owner supersedes conflicting clauses; acceptance does not transfer from title/version,False,Source normative/descriptive separation preserved from bundled content registry,SUPPORTING_EVIDENCE_NOT_IMPLEMENTATION_AUTHORITY,false,No retained source auto-promotes old Production/GitHub/stack implementation into current Foundation authority.
CEP_CONTROLLER_CURRENT_RECOVERY_HANDOFF_v2.2.md,df090190e515d6c61a4018c66ec303d4a269fd747a1609cc91c2307ab01e534e,1064,SUPPORTING_CONTROL_OR_EVIDENCE,SUPPORTING_CONTROL_OR_EVIDENCE,NO,YES_WHERE_EXACT_IDENTITY_OR_OBSERVATION,CURRENT_OR_RETAINED,NOT_PRODUCT_ACCEPTANCE,WHEN_MATERIAL_DETAIL_IS_USED,MINE_VALUE_WITH_DISPOSITION,NONE_KNOWN,DO_NOT_PROMOTE_EVIDENCE_TO_OWNER_ACCEPTANCE,CEP CONTROLLER CURRENT RECOVERY HANDOFF v2.2 | Current W01/W02 exact state | Source assurance already complete | Remaining evidence only | W03 | Prohibitions,Current direct Owner supersedes conflicting clauses; acceptance does not transfer from title/version,False,Source normative/descriptive separation preserved from bundled content registry,SUPPORTING_EVIDENCE_NOT_IMPLEMENTATION_AUTHORITY,false,No retained source auto-promotes old Production/GitHub/stack implementation into current Foundation authority.
CEP_CONTROLLER_DECISION_AND_ADJUDICATION_PROTOCOL_v1.0.md,dfe9a2fd4a8b17bc74854746b2050a97f2b4a58406ad8131575524e3f884acc5,1373,CONTROLLER_OS_METHOD,CURRENT_CONTROLLER_METHOD,PROCESS_ONLY,YES_WHERE_EXACT_IDENTITY_OR_OBSERVATION,CURRENT_OR_RETAINED,NOT_PRODUCT_DESIGN_AUTHORITY,YES_WHEN_EXECUTION_OR_ASSURANCE,REUSE_GOVERNANCE_METHOD,NONE_KNOWN,DO_NOT_PROMOTE_EVIDENCE_TO_OWNER_ACCEPTANCE,CEP CONTROLLER DECISION + ADJUDICATION PROTOCOL v1.0 | 1. Trigger | 2. Required decision record | 3. Decision classes | 4. Fail-closed rule | 5. No false closure,Current direct Owner supersedes conflicting clauses; acceptance does not transfer from title/version,False,Source normative/descriptive separation preserved from bundled content registry,METHOD_ONLY,false,No retained source auto-promotes old Production/GitHub/stack implementation into current Foundation authority.
CEP_CONTROLLER_DECISION_REGISTER_v1.0.json,046af5e10eba24e06610ff63dd6ae51744c797bf1b959455128627cc9ee45c16,3117,CONTROLLER_REGISTER_OR_LESSON,CURRENT_CONTROLLER_REGISTER_OR_LESSON,PROCESS_OR_SCOPED_DECISION,YES_WHERE_EXACT_IDENTITY_OR_OBSERVATION,CURRENT_OR_RETAINED,NOT_PRODUCT_ACCEPTANCE,YES,REUSE_AFTER_CONFLICT_RESOLUTION,NONE_KNOWN,DO_NOT_PROMOTE_EVIDENCE_TO_OWNER_ACCEPTANCE,"JSON keys: version, decisions",Current direct Owner supersedes conflicting clauses; acceptance does not transfer from title/version,False,Source normative/descriptive separation preserved from bundled content registry,EXACT_LOOKUP_ONLY,false,No retained source auto-promotes old Production/GitHub/stack implementation into current Foundation authority.
CEP_CONTROLLER_GOVERNANCE_AND_EXECUTION_METHOD_v1.0.md,48aeabfe336cbc450f313fd987baa4eda8621f7815547d5007e14c5c8441b5ff,3779,CONTROLLER_OS_METHOD,CURRENT_CONTROLLER_METHOD,PROCESS_ONLY,YES_WHERE_EXACT_IDENTITY_OR_OBSERVATION,CURRENT_OR_RETAINED,NOT_PRODUCT_DESIGN_AUTHORITY,YES_WHEN_EXECUTION_OR_ASSURANCE,REUSE_GOVERNANCE_METHOD,NONE_KNOWN,DO_NOT_PROMOTE_EVIDENCE_TO_OWNER_ACCEPTANCE,CEP CONTROLLER GOVERNANCE + EXECUTION METHOD v1.0 | 1. Role definition | 2. Eleven-stage control cycle | C1 — Current-state reconstruction | C2 — Source authority graph | C3 — Requirement admission | C4 — Conflict/non-collapse analysis | C5 — Controller adjudication | C6 — Packet compilation | C7 — Execution isolation | C8 — Independent review | C9 — Owner/design adjudication,Current direct Owner supersedes conflicting clauses; acceptance does not transfer from title/version,False,Source normative/descriptive separation preserved from bundled content registry,METHOD_ONLY,false,No retained source auto-promotes old Production/GitHub/stack implementation into current Foundation authority.
CEP_CONTROLLER_HANDOFF_AND_RECOVERY_STANDARD_v2.0.md,c52d4d5723e3873336cfbb4b0b14d62e7dfed23075de65f0836e8197745b2e5a,1989,CONTROLLER_OS_METHOD,CURRENT_CONTROLLER_METHOD,PROCESS_ONLY,YES_WHERE_EXACT_IDENTITY_OR_OBSERVATION,CURRENT_OR_RETAINED,NOT_PRODUCT_DESIGN_AUTHORITY,YES_WHEN_EXECUTION_OR_ASSURANCE,REUSE_GOVERNANCE_METHOD,NONE_KNOWN,DO_NOT_PROMOTE_EVIDENCE_TO_OWNER_ACCEPTANCE,CEP CONTROLLER HANDOFF + RECOVERY STANDARD v2.0 | Why v2 | Mandatory handoff sections | Mandatory recovery behavior | Supersession model | Read-budget rule,Current direct Owner supersedes conflicting clauses; acceptance does not transfer from title/version,False,Source normative/descriptive separation preserved from bundled content registry,METHOD_ONLY,false,No retained source auto-promotes old Production/GitHub/stack implementation into current Foundation authority.
CEP_CONTROLLER_HANDOFF_TEMPLATE_v2.0.md,a8487f1ea437f24bb29e12614d165b60085f0f4bd5f65a3e3a733d7fad34c6b2,543,SUPPORTING_CONTROL_OR_EVIDENCE,SUPPORTING_CONTROL_OR_EVIDENCE,NO,YES_WHERE_EXACT_IDENTITY_OR_OBSERVATION,CURRENT_OR_RETAINED,NOT_PRODUCT_ACCEPTANCE,WHEN_MATERIAL_DETAIL_IS_USED,MINE_VALUE_WITH_DISPOSITION,NONE_KNOWN,DO_NOT_PROMOTE_EVIDENCE_TO_OWNER_ACCEPTANCE,CEP CONTROLLER HANDOFF TEMPLATE v2.0 | Classification | Current control pointer | Exact baselines / hashes / branches | Authority graph | Active lanes and write/effect domains | Admitted requirement universes / denominators | Current decisions | Current findings | Open gates + closure oracles | Evidence matrix | Do-not-claim / negative requirements,Current direct Owner supersedes conflicting clauses; acceptance does not transfer from title/version,False,Source normative/descriptive separation preserved from bundled content registry,SUPPORTING_EVIDENCE_NOT_IMPLEMENTATION_AUTHORITY,false,No retained source auto-promotes old Production/GitHub/stack implementation into current Foundation authority.
CEP_CONTROLLER_INDEPENDENT_REVIEW_W01_W02_v1.1.1_v1.0.md,5f4a9ea2cda1f5f20f5199d4e16805dc4c6847d35cd4f89bfe96180e12165699,5014,SUPPORTING_CONTROL_OR_EVIDENCE,INDEPENDENT_CONTROLLER_REVIEW_EVIDENCE,NO_EXCEPT_EXPLICIT_CONTROLLER_FINDING,YES_WHERE_EXACT_IDENTITY_OR_OBSERVATION,CURRENT_OR_RETAINED,REVIEW_VERDICT_ONLY,YES,MINE_FINDINGS_AND_EVIDENCE_LIMITS,NONE_KNOWN,REVIEW_PASS_NE_OWNER_ACCEPTANCE_UNLESS_EXPLICITLY_ADJUDICATED,CEP CONTROLLER — INDEPENDENT REVIEW W01/W02 Writer-B v1.1.1 — v1.0 | 1. Reviewed identity | 2. Independent checks reproduced | 3. C004 Controller semantic adjudication | 4. Linked Sticky Notes destination-owner adjudication | 5. Zero-Orphan gate re-evaluation | 6. Next disposition,Current direct Owner supersedes conflicting clauses; acceptance does not transfer from title/version,False,Source normative/descriptive separation preserved from bundled content registry,SUPPORTING_EVIDENCE_NOT_IMPLEMENTATION_AUTHORITY,false,No retained source auto-promotes old Production/GitHub/stack implementation into current Foundation authority.
CEP_CONTROLLER_INDEPENDENT_REVIEW_W01_W02_v1.1.5_PRE_COLAB_v1.0.md,32069d8fdf0379afef20fd99b1016149e986a0572609196bb351560583ab3899,5199,RUNTIME_COLAB_METHOD_OR_EVIDENCE,INDEPENDENT_CONTROLLER_REVIEW_EVIDENCE,NO_EXCEPT_EXPLICIT_CONTROLLER_FINDING,YES_WHERE_EXACT_IDENTITY_OR_OBSERVATION,CURRENT_OR_RETAINED,REVIEW_VERDICT_ONLY,YES,MINE_FINDINGS_AND_EVIDENCE_LIMITS,NONE_KNOWN,REVIEW_PASS_NE_OWNER_ACCEPTANCE_UNLESS_EXPLICITLY_ADJUDICATED,CEP CONTROLLER INDEPENDENT REVIEW — W01/W02 Writer-B v1.1.5 PRE-COLAB — v1.0 | 1. Candidate identity independently verified | 2. Independent source/assurance checks | 3. Material Controller finding | `W12-CTRL-001 — P1 — STALE RANGE-STYLE DENIAL IN CURRENT BLOCK CONTEXT MENU` | Required correction | 4. Historical-note reconciliation | 5. Controller verdict,Current direct Owner supersedes conflicting clauses; acceptance does not transfer from title/version,False,Source normative/descriptive separation preserved from bundled content registry,METHOD_ONLY,false,No retained source auto-promotes old Production/GitHub/stack implementation into current Foundation authority.
CEP_CONTROLLER_INDEPENDENT_REVIEW_W03_v3.3_v1.0.md,0b4aa97c6e7cb8a859fece91bd4661d2363c10e89baf7abf2b1fc94be3d6b28d,6689,W03_CONTROLLER_REVIEW_OR_CONTROL,INDEPENDENT_CONTROLLER_REVIEW_EVIDENCE,NO_EXCEPT_EXPLICIT_CONTROLLER_FINDING,YES_WHERE_EXACT_IDENTITY_OR_OBSERVATION,CURRENT_OR_RETAINED,REVIEW_VERDICT_ONLY,YES,MINE_FINDINGS_AND_EVIDENCE_LIMITS,NONE_KNOWN,REVIEW_PASS_NE_OWNER_ACCEPTANCE_UNLESS_EXPLICITLY_ADJUDICATED,CEP CONTROLLER — INDEPENDENT REVIEW OF W03 v3.3 — v1.0 | 1. Reviewed identity | 2. Independent preservation/identity checks | 3. Positive Controller observations | 4. Controller findings | W03-CTRL-001 — P1 — GLOBAL GUIDANCE DEFAULT / SUPPORT-UI LAW VIOLATION | W03-CTRL-002 — P1 — INTERNAL/DONOR SPATIAL BADGES EXPOSED AS PERMANENT PRODUCT CHROME | W03-CTRL-003 — P1 — REACHABLE STALE SCENARIOS VALIDATION SEMANTICS | W03-CTRL-004 — P2 — STALE DOCUMENT TITLE / LINEAGE LABEL | W03-CTRL-005 — P2 — SHARED TRANSIENT LOCALIZATION RESIDUES | 5. Disposition | 6. Required next gate,Current direct Owner supersedes conflicting clauses; acceptance does not transfer from title/version,False,Source normative/descriptive separation preserved from bundled content registry,SUPPORTING_EVIDENCE_NOT_IMPLEMENTATION_AUTHORITY,false,No retained source auto-promotes old Production/GitHub/stack implementation into current Foundation authority.
CEP_CONTROLLER_KNOWLEDGE_PROMOTION_AND_ZERO_LOSS_PROTOCOL_v1.0.md,ee4ba85e4b910c3eeb0854bed24c900b1251c181d3d0e2f9c2c1b0837f6d2bd3,1461,CONTROLLER_OS_METHOD,CURRENT_CONTROLLER_METHOD,PROCESS_ONLY,YES_WHERE_EXACT_IDENTITY_OR_OBSERVATION,CURRENT_OR_RETAINED,NOT_PRODUCT_DESIGN_AUTHORITY,YES_WHEN_EXECUTION_OR_ASSURANCE,REUSE_GOVERNANCE_METHOD,NONE_KNOWN,DO_NOT_PROMOTE_EVIDENCE_TO_OWNER_ACCEPTANCE,CEP CONTROLLER KNOWLEDGE PROMOTION + ZERO-LOSS PROTOCOL v1.0 | 1. Purpose | 2. Capture triggers | 3. Promotion ladder | 4. Generalization test | 5. Zero-loss reconciliation | 6. Control debt,Current direct Owner supersedes conflicting clauses; acceptance does not transfer from title/version,False,Source normative/descriptive separation preserved from bundled content registry,METHOD_ONLY,false,No retained source auto-promotes old Production/GitHub/stack implementation into current Foundation authority.
CEP_CONTROLLER_LESSONS_AND_FAILURE_PATTERNS_v1.0.json,a3d2c675ae61f0f184657cbf7ea7d66661b84ca29922670454871f0cf80e7ef9,7439,CONTROLLER_REGISTER_OR_LESSON,CURRENT_CONTROLLER_REGISTER_OR_LESSON,PROCESS_OR_SCOPED_DECISION,YES_WHERE_EXACT_IDENTITY_OR_OBSERVATION,CURRENT_OR_RETAINED,NOT_PRODUCT_ACCEPTANCE,YES,REUSE_AFTER_CONFLICT_RESOLUTION,NONE_KNOWN,DO_NOT_PROMOTE_EVIDENCE_TO_OWNER_ACCEPTANCE,"JSON keys: version, status, lessons",Current direct Owner supersedes conflicting clauses; acceptance does not transfer from title/version,False,Source normative/descriptive separation preserved from bundled content registry,EXACT_LOOKUP_ONLY,false,No retained source auto-promotes old Production/GitHub/stack implementation into current Foundation authority.
CEP_CONTROLLER_OPEN_GATES_REGISTER_v1.0.json,478f3f9ea851b9a27333f86dcc0a14f591429ea8a8d8e49c5f9f4c7ba0f31bf3,1787,CONTROLLER_REGISTER_OR_LESSON,CURRENT_CONTROLLER_REGISTER_OR_LESSON,PROCESS_OR_SCOPED_DECISION,YES_WHERE_EXACT_IDENTITY_OR_OBSERVATION,CURRENT_OR_RETAINED,NOT_PRODUCT_ACCEPTANCE,YES,REUSE_AFTER_CONFLICT_RESOLUTION,NONE_KNOWN,DO_NOT_PROMOTE_EVIDENCE_TO_OWNER_ACCEPTANCE,"JSON keys: version, gates",Current direct Owner supersedes conflicting clauses; acceptance does not transfer from title/version,False,Source normative/descriptive separation preserved from bundled content registry,EXACT_LOOKUP_ONLY,false,No retained source auto-promotes old Production/GitHub/stack implementation into current Foundation authority.
CEP_CONTROLLER_OPERATING_SYSTEM_MANIFEST_v1.0.md,92b092107de0416fee125ce43d4f8253bc8174aea2fbb0f0cddfe1f33e510fe3,1618,CONTROLLER_OS_METHOD,CURRENT_CONTROLLER_OS,EXECUTION_GOVERNANCE_ONLY,YES_WHERE_EXACT_IDENTITY_OR_OBSERVATION,CURRENT_OR_RETAINED,NOT_PRODUCT_TRUTH,YES,FOLLOW_FOR_CURRENT_EXECUTION_STATE,NONE_KNOWN,DO_NOT_PROMOTE_EVIDENCE_TO_OWNER_ACCEPTANCE,CEP CONTROLLER OPERATING SYSTEM MANIFEST v1.0 | Mandatory files | Read first | Methods | Registers | Recovery | Lessons | Templates | Workspace-specific controls | Inheritance,Current direct Owner supersedes conflicting clauses; acceptance does not transfer from title/version,False,Source normative/descriptive separation preserved from bundled content registry,METHOD_ONLY,false,No retained source auto-promotes old Production/GitHub/stack implementation into current Foundation authority.
CEP_CONTROLLER_OPERATING_SYSTEM_READ_FIRST_v1.0.md,db0f554aebc48f21d5971d3860f327269807ff2e47663e9a3d89df4aaa4da4d1,3875,CONTROLLER_OS_METHOD,CURRENT_CONTROLLER_OS,EXECUTION_GOVERNANCE_ONLY,YES_WHERE_EXACT_IDENTITY_OR_OBSERVATION,CURRENT_OR_RETAINED,NOT_PRODUCT_TRUTH,YES,FOLLOW_FOR_CURRENT_EXECUTION_STATE,NONE_KNOWN,DO_NOT_PROMOTE_EVIDENCE_TO_OWNER_ACCEPTANCE,CEP CONTROLLER OPERATING SYSTEM — READ FIRST v1.0 | 0. Prime directive | 1. Mandatory startup sequence for EVERY Controller / successor Controller | 2. Controller truth domains — NEVER collapse them | 3. Mandatory Controller loop | 4. Zero-loss law | 5. Controller impact law | 6. Core learned protections now mandatory | 7. End-of-wave duty,Current direct Owner supersedes conflicting clauses; acceptance does not transfer from title/version,False,Source normative/descriptive separation preserved from bundled content registry,METHOD_ONLY,false,No retained source auto-promotes old Production/GitHub/stack implementation into current Foundation authority.
CEP_CONTROLLER_OS_v1.0_BUNDLE.zip,14e32728ab62b713031e98a1accf9128a4308bda4499223add5431d8e18e6c72,35748,SUPPORTING_CONTROL_OR_EVIDENCE,PACKAGING_DUPLICATE_OF_CONTROLLER_OS,NO_INDEPENDENT_AUTHORITY,YES_WHERE_EXACT_IDENTITY_OR_OBSERVATION,DUPLICATE_CONTAINER,NOT_PRODUCT_ACCEPTANCE,WHEN_MATERIAL_DETAIL_IS_USED,CONTENTS_ONLY,NONE_KNOWN,DO_NOT_PROMOTE_EVIDENCE_TO_OWNER_ACCEPTANCE,"ZIP members=24; types={'.json': 6, '.md': 17, '.txt': 1}",Current direct Owner supersedes conflicting clauses; acceptance does not transfer from title/version,False,Source normative/descriptive separation preserved from bundled content registry,SUPPORTING_EVIDENCE_NOT_IMPLEMENTATION_AUTHORITY,false,No retained source auto-promotes old Production/GitHub/stack implementation into current Foundation authority.
CEP_CONTROLLER_SOURCE_AUTHORITY_AND_REQUIREMENT_ADMISSION_PROTOCOL_v1.0.md,10514c7057721ccc0dd3623d90f739ec69b3aa158257aeff6ddb6940749e4ac4,2452,CONTROLLER_OS_METHOD,CURRENT_CONTROLLER_METHOD,PROCESS_ONLY,YES_WHERE_EXACT_IDENTITY_OR_OBSERVATION,CURRENT_OR_RETAINED,NOT_PRODUCT_DESIGN_AUTHORITY,YES_WHEN_EXECUTION_OR_ASSURANCE,REUSE_GOVERNANCE_METHOD,NONE_KNOWN,DO_NOT_PROMOTE_EVIDENCE_TO_OWNER_ACCEPTANCE,CEP CONTROLLER SOURCE AUTHORITY + REQUIREMENT ADMISSION PROTOCOL v1.0 | 1. Authority order | 2. Source identity record | 3. Direct-source rule | 4. High-value proposal rule | 5. Requirement admission gate | 6. Supersession discipline | 7. Fresh-branch rule,Current direct Owner supersedes conflicting clauses; acceptance does not transfer from title/version,False,Source normative/descriptive separation preserved from bundled content registry,METHOD_ONLY,false,No retained source auto-promotes old Production/GitHub/stack implementation into current Foundation authority.
CEP_CONTROLLER_SUCCESSOR_W03_RECOVERY_HANDOFF_v1.1.zip,3ab7a86d03205ef0556d36bf98e63a2fcae2e5d8523d5b147aace13563f16a99,8292613,SUPPORTING_CONTROL_OR_EVIDENCE,CURRENT_CONTROLLER_RECOVERY_INPUT,W03_ONLY_WHERE_NOT_SUPERSEDED,YES_WHERE_EXACT_IDENTITY_OR_OBSERVATION,CURRENT_OR_RETAINED,NOT_FINAL_W03_DESIGN_ACCEPTANCE,YES_FOR_W03_GAPS,MINE_CURRENT_W03_REQUIREMENTS_AND_GAPS,NONE_KNOWN,DO_NOT_PROMOTE_EVIDENCE_TO_OWNER_ACCEPTANCE,"ZIP members=40; types={'.md': 15, '.csv': 7, '.json': 7, '.txt': 2, '.zip': 3, '.py': 1, '.jpg': 4, '.diff': 1}",Current direct Owner supersedes conflicting clauses; acceptance does not transfer from title/version,False,Source normative/descriptive separation preserved from bundled content registry,SUPPORTING_EVIDENCE_NOT_IMPLEMENTATION_AUTHORITY,false,No retained source auto-promotes old Production/GitHub/stack implementation into current Foundation authority.
CEP_CONTROLLER_W01_W02_v1.1.5.1_PRE_COLAB_FINAL_DELIVERY_RECEIPT.json,bb25e22b441cf40ebb01319ce019ec003152e7da463097a8c053231c7613775f,1630,W01_W02_TRACEABILITY_OR_ASSURANCE,TRACEABILITY_OR_ASSURANCE_EVIDENCE,NO_EXCEPT_EMBEDDED_EXPLICIT_ADJUDICATION,YES_WHERE_EXACT_IDENTITY_OR_OBSERVATION,CURRENT_OR_RETAINED,MAPPING_OR_TEST_STATUS_ONLY,YES_FOR_MAPPING_OR_FINDINGS,REUSE_TRACEABILITY_METHOD_AND_EXACT_FINDINGS,NONE_KNOWN,MAPPING_PASS_NE_IMPLEMENTATION_OR_VISUAL_ACCEPTANCE,"JSON keys: artifact, classification, candidate, evidence, finding, source_scope, assurance, remaining_evidence_gates, remaining_external_gates, next_action, self_acceptance",Current direct Owner supersedes conflicting clauses; acceptance does not transfer from title/version,False,Source normative/descriptive separation preserved from bundled content registry,SUPPORTING_EVIDENCE_NOT_IMPLEMENTATION_AUTHORITY,false,No retained source auto-promotes old Production/GitHub/stack implementation into current Foundation authority.
CEP_CONTROLLER_W01_W02_v1.1.5_PRE_COLAB_MICRO_CORRECTION_REGISTER_v1.0.csv,d0582f126bc97a200f79f4aac4bfc8e235b218a910e7e2f5835dc95fe812c5a6,1338,RUNTIME_COLAB_METHOD_OR_EVIDENCE,RUNTIME_METHOD_OR_EVIDENCE,NO_PRODUCT_DESIGN,YES_WHERE_EXACT_IDENTITY_OR_OBSERVATION,CURRENT_OR_RETAINED,EVIDENCE_CLASS_ONLY,YES_FOR_RUNTIME_CUSTODY_OR_TEST,REUSE_RUNTIME_METHOD,NONE_KNOWN,RUNTIME_PASS_NE_OWNER_DESIGN_ACCEPTANCE,"CSV: finding_id, severity, scope, family, requirement_class, current_failure, controlling_basis, required_correction, write_scope, acceptance_gate, status, baseline, baseline_sha256",Current direct Owner supersedes conflicting clauses; acceptance does not transfer from title/version,False,Source normative/descriptive separation preserved from bundled content registry,METHOD_ONLY,false,No retained source auto-promotes old Production/GitHub/stack implementation into current Foundation authority.
CEP_CONTROLLER_W03_v3.3_VISUAL_REVIEW_EVIDENCE_v1.0.zip,83d7cd224831db07f14bc287aee98323631902ecdbb2f40a756c3818f89291ea,1675341,W03_CONTROLLER_REVIEW_OR_CONTROL,CURRENT_W03_CONTROLLER_FINDING_OR_ADJUDICATION,W03_SCOPED,YES_WHERE_EXACT_IDENTITY_OR_OBSERVATION,CURRENT_OR_RETAINED,NOT_FINAL_W03_DESIGN_ACCEPTANCE,YES,ENFORCE_FINDINGS_BUT_DO_NOT_CALL_BLUEPRINT_ACCEPTED,NONE_KNOWN,DO_NOT_PROMOTE_EVIDENCE_TO_OWNER_ACCEPTANCE,"ZIP members=8; types={'.json': 1, '.png': 7}",Current direct Owner supersedes conflicting clauses; acceptance does not transfer from title/version,False,Source normative/descriptive separation preserved from bundled content registry,EXACT_LOOKUP_ONLY,false,No retained source auto-promotes old Production/GitHub/stack implementation into current Foundation authority.
CEP_CONTROLLER_W03_v3.3_VISUAL_REVIEW_RECEIPT_v1.0.json,25fe09cfe8bf007ca56412a7223a36b2c58d6c7a6384d1c3040648c785f506fc,718,W03_CONTROLLER_REVIEW_OR_CONTROL,CURRENT_W03_CONTROLLER_FINDING_OR_ADJUDICATION,W03_SCOPED,YES_WHERE_EXACT_IDENTITY_OR_OBSERVATION,CURRENT_OR_RETAINED,NOT_FINAL_W03_DESIGN_ACCEPTANCE,YES,ENFORCE_FINDINGS_BUT_DO_NOT_CALL_BLUEPRINT_ACCEPTED,NONE_KNOWN,DO_NOT_PROMOTE_EVIDENCE_TO_OWNER_ACCEPTANCE,"JSON keys: candidate_sha256, classification, exact_route_state, exact_route_error, findings, screenshots",Current direct Owner supersedes conflicting clauses; acceptance does not transfer from title/version,False,Source normative/descriptive separation preserved from bundled content registry,EXACT_LOOKUP_ONLY,false,No retained source auto-promotes old Production/GitHub/stack implementation into current Foundation authority.
CEP_CONTROLLER_WAVE_CLOSEOUT_CHECKLIST_v1.0.md,2b35eaeab355929a993694088ea3209eb21d2d63ecd4b85e7c47af1f32f6f000,1205,SUPPORTING_CONTROL_OR_EVIDENCE,SUPPORTING_CONTROL_OR_EVIDENCE,NO,YES_WHERE_EXACT_IDENTITY_OR_OBSERVATION,CURRENT_OR_RETAINED,NOT_PRODUCT_ACCEPTANCE,WHEN_MATERIAL_DETAIL_IS_USED,MINE_VALUE_WITH_DISPOSITION,NONE_KNOWN,DO_NOT_PROMOTE_EVIDENCE_TO_OWNER_ACCEPTANCE,CEP CONTROLLER WAVE CLOSEOUT CHECKLIST v1.0 | State | Zero loss | Decisions | Assurance | Handoff,Current direct Owner supersedes conflicting clauses; acceptance does not transfer from title/version,False,Source normative/descriptive separation preserved from bundled content registry,SUPPORTING_EVIDENCE_NOT_IMPLEMENTATION_AUTHORITY,false,No retained source auto-promotes old Production/GitHub/stack implementation into current Foundation authority.
CEP_CONTROLLER_ZERO_LOSS_COLAB_RUNTIME_SUPPLEMENT_v1.0.json,e789c2b3d79657477b5b546a5b2f6604fa1888ee2de0cff6cbc77481baae687c,14344,RUNTIME_COLAB_METHOD_OR_EVIDENCE,RUNTIME_METHOD_OR_EVIDENCE,NO_PRODUCT_DESIGN,YES_WHERE_EXACT_IDENTITY_OR_OBSERVATION,CURRENT_OR_RETAINED,EVIDENCE_CLASS_ONLY,YES_FOR_RUNTIME_CUSTODY_OR_TEST,REUSE_RUNTIME_METHOD,NONE_KNOWN,RUNTIME_PASS_NE_OWNER_DESIGN_ACCEPTANCE,"JSON keys: version, status, rule, entries",Current direct Owner supersedes conflicting clauses; acceptance does not transfer from title/version,False,Source normative/descriptive separation preserved from bundled content registry,METHOD_ONLY,false,No retained source auto-promotes old Production/GitHub/stack implementation into current Foundation authority.
CEP_CONTROLLER_ZERO_LOSS_KNOWLEDGE_REGISTER_v1.0.json,3931f91430c5b997ca0cae5dfc036a3267f028f7076043a2c2b794ed25eeb76a,12427,CONTROLLER_REGISTER_OR_LESSON,CURRENT_CONTROLLER_REGISTER_OR_LESSON,PROCESS_OR_SCOPED_DECISION,YES_WHERE_EXACT_IDENTITY_OR_OBSERVATION,CURRENT_OR_RETAINED,NOT_PRODUCT_ACCEPTANCE,YES,REUSE_AFTER_CONFLICT_RESOLUTION,NONE_KNOWN,DO_NOT_PROMOTE_EVIDENCE_TO_OWNER_ACCEPTANCE; CK-024_ID_COLLISION_REQUIRES_CANONICAL_FIX,"JSON keys: version, rule, entries",Current direct Owner supersedes conflicting clauses; acceptance does not transfer from title/version,False,Source normative/descriptive separation preserved from bundled content registry,EXACT_LOOKUP_ONLY,false,No retained source auto-promotes old Production/GitHub/stack implementation into current Foundation authority.
CEP_CURRENT_CONTROLLER_STATE_v1.0.md,b1420e4e99cdf7d3a8adcbbf775386c117de1d70e7a766027c4c276d4400bb98,2007,SUPERSEDED_CONTROL_LINEAGE,HISTORICAL_SUPERSEDED_CONTROL,NO,YES_WHERE_EXACT_IDENTITY_OR_OBSERVATION,SUPERSEDED,HISTORICAL_ONLY,ONLY_FOR_LINEAGE_OR_VALUE_RECOVERY,PRESERVE_PROVENANCE_NOT_AUTHORITY,USE_CURRENT_POINTER_OR_NEWER_EXPLICIT_SUCCESSOR,NEVER_ALLOW_TO_COMPETE_WITH_CURRENT_RULE,CEP CURRENT CONTROLLER STATE — 2026-09-09 — v1.0 | W03 | W01/W02,Current direct Owner supersedes conflicting clauses; acceptance does not transfer from title/version,False,Source normative/descriptive separation preserved from bundled content registry,HISTORICAL_ONLY,false,No retained source auto-promotes old Production/GitHub/stack implementation into current Foundation authority.
CEP_CURRENT_CONTROLLER_STATE_v1.1.md,1c403ace96eaa4cb296f20b038fdc107186c95fe0cd119956ec357702ca8ebf8,1847,SUPERSEDED_CONTROL_LINEAGE,HISTORICAL_SUPERSEDED_CONTROL,NO,YES_WHERE_EXACT_IDENTITY_OR_OBSERVATION,SUPERSEDED,HISTORICAL_ONLY,ONLY_FOR_LINEAGE_OR_VALUE_RECOVERY,PRESERVE_PROVENANCE_NOT_AUTHORITY,USE_CURRENT_POINTER_OR_NEWER_EXPLICIT_SUCCESSOR,NEVER_ALLOW_TO_COMPETE_WITH_CURRENT_RULE,CEP CURRENT CONTROLLER STATE — 2026-09-09 — v1.1 | W03 | W01/W02 | Global new Owner rule,Current direct Owner supersedes conflicting clauses; acceptance does not transfer from title/version,False,Source normative/descriptive separation preserved from bundled content registry,HISTORICAL_ONLY,false,No retained source auto-promotes old Production/GitHub/stack implementation into current Foundation authority.
CEP_CURRENT_CONTROLLER_STATE_v1.2.md,1ee13a0bf636fa30255bb69cc9e98b99c9b8ed95dcb49c1126f2a135b948cc57,2608,SUPERSEDED_CONTROL_LINEAGE,HISTORICAL_SUPERSEDED_CONTROL,NO,YES_WHERE_EXACT_IDENTITY_OR_OBSERVATION,SUPERSEDED,HISTORICAL_ONLY,ONLY_FOR_LINEAGE_OR_VALUE_RECOVERY,PRESERVE_PROVENANCE_NOT_AUTHORITY,USE_CURRENT_POINTER_OR_NEWER_EXPLICIT_SUCCESSOR,NEVER_ALLOW_TO_COMPETE_WITH_CURRENT_RULE,CEP CURRENT CONTROLLER STATE — 2026-09-09 — v1.2 | W03 | W01/W02 | Colab policy | Global prohibitions,Current direct Owner supersedes conflicting clauses; acceptance does not transfer from title/version,False,Source normative/descriptive separation preserved from bundled content registry,HISTORICAL_ONLY,false,No retained source auto-promotes old Production/GitHub/stack implementation into current Foundation authority.
CEP_CURRENT_CONTROLLER_STATE_v1.3.md,07893c104b7b4193f85eb9e5c3224bae0b921670d0a733db5502ce18f28507af,1983,SUPERSEDED_CONTROL_LINEAGE,HISTORICAL_SUPERSEDED_CONTROL,NO,YES_WHERE_EXACT_IDENTITY_OR_OBSERVATION,SUPERSEDED,HISTORICAL_ONLY,ONLY_FOR_LINEAGE_OR_VALUE_RECOVERY,PRESERVE_PROVENANCE_NOT_AUTHORITY,USE_CURRENT_POINTER_OR_NEWER_EXPLICIT_SUCCESSOR,NEVER_ALLOW_TO_COMPETE_WITH_CURRENT_RULE,CEP CURRENT CONTROLLER STATE — 2026-09-09 — v1.3 | Controller governance | W03 | W01/W02 | Current Controller lessons now operationalized,Current direct Owner supersedes conflicting clauses; acceptance does not transfer from title/version,False,Source normative/descriptive separation preserved from bundled content registry,HISTORICAL_ONLY,false,No retained source auto-promotes old Production/GitHub/stack implementation into current Foundation authority.
CEP_CURRENT_CONTROLLER_STATE_v1.4.md,f5d6034fbdfd2faa108b85dec4612ba1f2375b8f431468ec0a55af44a46cd784,1893,SUPERSEDED_CONTROL_LINEAGE,HISTORICAL_SUPERSEDED_CONTROL,NO,YES_WHERE_EXACT_IDENTITY_OR_OBSERVATION,SUPERSEDED,HISTORICAL_ONLY,ONLY_FOR_LINEAGE_OR_VALUE_RECOVERY,PRESERVE_PROVENANCE_NOT_AUTHORITY,USE_CURRENT_POINTER_OR_NEWER_EXPLICIT_SUCCESSOR,NEVER_ALLOW_TO_COMPETE_WITH_CURRENT_RULE,CEP CURRENT CONTROLLER STATE — 2026-09-09 — v1.4 | Controller governance | W03 | W01/W02 — latest observed Writer return | Remaining gates after the micro-fix if it passes,Current direct Owner supersedes conflicting clauses; acceptance does not transfer from title/version,False,Source normative/descriptive separation preserved from bundled content registry,HISTORICAL_ONLY,false,No retained source auto-promotes old Production/GitHub/stack implementation into current Foundation authority.
CEP_CURRENT_CONTROLLER_STATE_v1.5.md,0baf461217b0753777dba9bf7281e057bbdb6509bada896042d84c55f163dced,1695,SUPERSEDED_CONTROL_LINEAGE,HISTORICAL_SUPERSEDED_CONTROL,NO,YES_WHERE_EXACT_IDENTITY_OR_OBSERVATION,SUPERSEDED,HISTORICAL_ONLY,ONLY_FOR_LINEAGE_OR_VALUE_RECOVERY,PRESERVE_PROVENANCE_NOT_AUTHORITY,USE_CURRENT_POINTER_OR_NEWER_EXPLICIT_SUCCESSOR,NEVER_ALLOW_TO_COMPETE_WITH_CURRENT_RULE,CEP CURRENT CONTROLLER STATE — 2026-09-09 — v1.5 | W03 | W01/W02 — current exact pre-Colab candidate | W12-CTRL-001 | Remaining W01/W02 gates,Current direct Owner supersedes conflicting clauses; acceptance does not transfer from title/version,False,Source normative/descriptive separation preserved from bundled content registry,HISTORICAL_ONLY,false,No retained source auto-promotes old Production/GitHub/stack implementation into current Foundation authority.
CEP_CURRENT_CONTROLLER_STATE_v1.6.md,bd134235a790acd3c8650e3976d4450be3ffa679f2d8ee03db005338744fae99,3987,SUPERSEDED_CONTROL_LINEAGE,HISTORICAL_SUPERSEDED_CONTROL,NO,YES_WHERE_EXACT_IDENTITY_OR_OBSERVATION,SUPERSEDED,HISTORICAL_ONLY,ONLY_FOR_LINEAGE_OR_VALUE_RECOVERY,PRESERVE_PROVENANCE_NOT_AUTHORITY,USE_CURRENT_POINTER_OR_NEWER_EXPLICIT_SUCCESSOR,NEVER_ALLOW_TO_COMPETE_WITH_CURRENT_RULE,CEP CURRENT CONTROLLER STATE — 2026-09-09 — v1.6 | W03 | W01/W02 exact candidate | Active Colab evidence task | Cell package | Input staging | Colab execution law | Current gate,Current direct Owner supersedes conflicting clauses; acceptance does not transfer from title/version,False,Source normative/descriptive separation preserved from bundled content registry,HISTORICAL_ONLY,false,No retained source auto-promotes old Production/GitHub/stack implementation into current Foundation authority.
CEP_CURRENT_CONTROLLER_STATE_v1.7.md,1566f02c228164cc1de462deac79a9e5eaa5876eacbda5a3ecbfe5695a0f40df,3463,CURRENT_CONTROL,CURRENT_CONTROLLER_STATE,EXECUTION_GOVERNANCE_ONLY,YES_WHERE_EXACT_IDENTITY_OR_OBSERVATION,CURRENT_OR_RETAINED,NOT_PRODUCT_TRUTH,YES,FOLLOW_FOR_CURRENT_EXECUTION_STATE,NONE_KNOWN,DO_NOT_PROMOTE_EVIDENCE_TO_OWNER_ACCEPTANCE,CEP CURRENT CONTROLLER STATE — 2026-09-09 — v1.7 | W03 | W01/W02 predecessor | C025 execution status | Runtime-discovered bounded successor | Drive custody current gate | Mandatory reusable methods promoted from C025 | Exact next action,Current direct Owner supersedes conflicting clauses; acceptance does not transfer from title/version,False,Source normative/descriptive separation preserved from bundled content registry,EXACT_LOOKUP_ONLY,false,No retained source auto-promotes old Production/GitHub/stack implementation into current Foundation authority.
CEP_CURRENT_WRITER_RETURN_LEDGER_v1.0.md,7d9a55b801f9b76ca797ecbf39c981bc103e3b793822436e1a2b0eb27eb12247,2262,SUPPORTING_CONTROL_OR_EVIDENCE,SUPPORTING_CONTROL_OR_EVIDENCE,NO,YES_WHERE_EXACT_IDENTITY_OR_OBSERVATION,CURRENT_OR_RETAINED,NOT_PRODUCT_ACCEPTANCE,WHEN_MATERIAL_DETAIL_IS_USED,MINE_VALUE_WITH_DISPOSITION,NONE_KNOWN,DO_NOT_PROMOTE_EVIDENCE_TO_OWNER_ACCEPTANCE,CEP CURRENT WRITER RETURN LEDGER v1.0 | Writer A — W03 | Writer B — W01/W02,Current direct Owner supersedes conflicting clauses; acceptance does not transfer from title/version,False,Source normative/descriptive separation preserved from bundled content registry,SUPPORTING_EVIDENCE_NOT_IMPLEMENTATION_AUTHORITY,false,No retained source auto-promotes old Production/GitHub/stack implementation into current Foundation authority.
CEP_EXECUTION_CONTROL_CENTER_CURRENT_MANIFEST_v1.10.md,ed5ec0ae9d9485573f6e849463331ed781ca9e04dcd1d8e53517816833541cc5,2115,CURRENT_CONTROL,CURRENT_EXECUTION_MANIFEST,EXECUTION_GOVERNANCE_ONLY,YES_WHERE_EXACT_IDENTITY_OR_OBSERVATION,CURRENT_OR_RETAINED,NOT_PRODUCT_TRUTH,YES,FOLLOW_FOR_CURRENT_EXECUTION_STATE,NONE_KNOWN,DO_NOT_PROMOTE_EVIDENCE_TO_OWNER_ACCEPTANCE,CEP EXECUTION CONTROL CENTER — CURRENT MANIFEST v1.10 | Mandatory Controller intake | W03 | W01/W02 C025 current source lineage | C025 | Current Drive/custody gate | Next action,Current direct Owner supersedes conflicting clauses; acceptance does not transfer from title/version,False,Source normative/descriptive separation preserved from bundled content registry,EXACT_LOOKUP_ONLY,false,No retained source auto-promotes old Production/GitHub/stack implementation into current Foundation authority.
CEP_EXECUTION_CONTROL_CENTER_CURRENT_MANIFEST_v1.3.md,018545a1d38e3c2b5f405e4d817aeaab1ca2cbc96fbd92a73de55d2337d6853a,2544,SUPERSEDED_CONTROL_LINEAGE,HISTORICAL_SUPERSEDED_CONTROL,NO,YES_WHERE_EXACT_IDENTITY_OR_OBSERVATION,SUPERSEDED,HISTORICAL_ONLY,ONLY_FOR_LINEAGE_OR_VALUE_RECOVERY,PRESERVE_PROVENANCE_NOT_AUTHORITY,USE_CURRENT_POINTER_OR_NEWER_EXPLICIT_SUCCESSOR,NEVER_ALLOW_TO_COMPETE_WITH_CURRENT_RULE,CEP EXECUTION CONTROL CENTER — CURRENT MANIFEST v1.3 | READ FIRST | CURRENT W03 LANE | CURRENT W01/W02 LANE | GLOBAL RULES,Current direct Owner supersedes conflicting clauses; acceptance does not transfer from title/version,False,Source normative/descriptive separation preserved from bundled content registry,HISTORICAL_ONLY,false,No retained source auto-promotes old Production/GitHub/stack implementation into current Foundation authority.
CEP_EXECUTION_CONTROL_CENTER_CURRENT_MANIFEST_v1.4.md,696257b5ab34d37f7421c81cb7b1b65a40b9d728f8b6a3d1d3af04a9919fd1ae,2339,SUPERSEDED_CONTROL_LINEAGE,HISTORICAL_SUPERSEDED_CONTROL,NO,YES_WHERE_EXACT_IDENTITY_OR_OBSERVATION,SUPERSEDED,HISTORICAL_ONLY,ONLY_FOR_LINEAGE_OR_VALUE_RECOVERY,PRESERVE_PROVENANCE_NOT_AUTHORITY,USE_CURRENT_POINTER_OR_NEWER_EXPLICIT_SUCCESSOR,NEVER_ALLOW_TO_COMPETE_WITH_CURRENT_RULE,CEP EXECUTION CONTROL CENTER — CURRENT MANIFEST v1.4 | READ FIRST | CURRENT W03 LANE | CURRENT W01/W02 LANE | GLOBAL RULES,Current direct Owner supersedes conflicting clauses; acceptance does not transfer from title/version,False,Source normative/descriptive separation preserved from bundled content registry,HISTORICAL_ONLY,false,No retained source auto-promotes old Production/GitHub/stack implementation into current Foundation authority.
CEP_EXECUTION_CONTROL_CENTER_CURRENT_MANIFEST_v1.5.md,c875a022702e74cc994a97c217737c07f369e7a193e74e3257492b9a011f3a47,2831,SUPERSEDED_CONTROL_LINEAGE,HISTORICAL_SUPERSEDED_CONTROL,NO,YES_WHERE_EXACT_IDENTITY_OR_OBSERVATION,SUPERSEDED,HISTORICAL_ONLY,ONLY_FOR_LINEAGE_OR_VALUE_RECOVERY,PRESERVE_PROVENANCE_NOT_AUTHORITY,USE_CURRENT_POINTER_OR_NEWER_EXPLICIT_SUCCESSOR,NEVER_ALLOW_TO_COMPETE_WITH_CURRENT_RULE,CEP EXECUTION CONTROL CENTER — CURRENT MANIFEST v1.5 | READ FIRST | CURRENT W03 LANE | CURRENT W01/W02 LANE | COLAB GATE | GLOBAL RULES,Current direct Owner supersedes conflicting clauses; acceptance does not transfer from title/version,False,Source normative/descriptive separation preserved from bundled content registry,HISTORICAL_ONLY,false,No retained source auto-promotes old Production/GitHub/stack implementation into current Foundation authority.
CEP_EXECUTION_CONTROL_CENTER_CURRENT_MANIFEST_v1.6.md,2bc15a21f6162ed991117269685506fd97fb244fd0c34e17c235402aa20c12b7,1598,SUPERSEDED_CONTROL_LINEAGE,HISTORICAL_SUPERSEDED_CONTROL,NO,YES_WHERE_EXACT_IDENTITY_OR_OBSERVATION,SUPERSEDED,HISTORICAL_ONLY,ONLY_FOR_LINEAGE_OR_VALUE_RECOVERY,PRESERVE_PROVENANCE_NOT_AUTHORITY,USE_CURRENT_POINTER_OR_NEWER_EXPLICIT_SUCCESSOR,NEVER_ALLOW_TO_COMPETE_WITH_CURRENT_RULE,CEP EXECUTION CONTROL CENTER — CURRENT MANIFEST v1.6 | READ FIRST — mandatory order | W03 | W01/W02 | Global governance upgrade,Current direct Owner supersedes conflicting clauses; acceptance does not transfer from title/version,False,Source normative/descriptive separation preserved from bundled content registry,HISTORICAL_ONLY,false,No retained source auto-promotes old Production/GitHub/stack implementation into current Foundation authority.
CEP_EXECUTION_CONTROL_CENTER_CURRENT_MANIFEST_v1.7.md,857ad598271db581980019e8eb1dff449969fa2944e3feb381a49d70b553c0e9,1299,SUPERSEDED_CONTROL_LINEAGE,HISTORICAL_SUPERSEDED_CONTROL,NO,YES_WHERE_EXACT_IDENTITY_OR_OBSERVATION,SUPERSEDED,HISTORICAL_ONLY,ONLY_FOR_LINEAGE_OR_VALUE_RECOVERY,PRESERVE_PROVENANCE_NOT_AUTHORITY,USE_CURRENT_POINTER_OR_NEWER_EXPLICIT_SUCCESSOR,NEVER_ALLOW_TO_COMPETE_WITH_CURRENT_RULE,CEP EXECUTION CONTROL CENTER — CURRENT MANIFEST v1.7 | READ FIRST — mandatory order | W03 | W01/W02 | Governance update,Current direct Owner supersedes conflicting clauses; acceptance does not transfer from title/version,False,Source normative/descriptive separation preserved from bundled content registry,HISTORICAL_ONLY,false,No retained source auto-promotes old Production/GitHub/stack implementation into current Foundation authority.
CEP_EXECUTION_CONTROL_CENTER_CURRENT_MANIFEST_v1.8.md,e07f65b42e2271eb32703531ed0f1bd66431d3774063bcfd6c4bad200606413a,1208,SUPERSEDED_CONTROL_LINEAGE,HISTORICAL_SUPERSEDED_CONTROL,NO,YES_WHERE_EXACT_IDENTITY_OR_OBSERVATION,SUPERSEDED,HISTORICAL_ONLY,ONLY_FOR_LINEAGE_OR_VALUE_RECOVERY,PRESERVE_PROVENANCE_NOT_AUTHORITY,USE_CURRENT_POINTER_OR_NEWER_EXPLICIT_SUCCESSOR,NEVER_ALLOW_TO_COMPETE_WITH_CURRENT_RULE,CEP EXECUTION CONTROL CENTER — CURRENT MANIFEST v1.8 | Mandatory Controller intake | W03 | W01/W02,Current direct Owner supersedes conflicting clauses; acceptance does not transfer from title/version,False,Source normative/descriptive separation preserved from bundled content registry,HISTORICAL_ONLY,false,No retained source auto-promotes old Production/GitHub/stack implementation into current Foundation authority.
CEP_EXECUTION_CONTROL_CENTER_CURRENT_MANIFEST_v1.9.md,0e18fcba8b5c83f7c36eeed60ebd5f674ea36616f95170cb923af21fe2d73484,1747,SUPERSEDED_CONTROL_LINEAGE,HISTORICAL_SUPERSEDED_CONTROL,NO,YES_WHERE_EXACT_IDENTITY_OR_OBSERVATION,SUPERSEDED,HISTORICAL_ONLY,ONLY_FOR_LINEAGE_OR_VALUE_RECOVERY,PRESERVE_PROVENANCE_NOT_AUTHORITY,USE_CURRENT_POINTER_OR_NEWER_EXPLICIT_SUCCESSOR,NEVER_ALLOW_TO_COMPETE_WITH_CURRENT_RULE,CEP EXECUTION CONTROL CENTER — CURRENT MANIFEST v1.9 | Mandatory Controller intake | W03 | W01/W02 source | W01/W02 active Colab task | Next action,Current direct Owner supersedes conflicting clauses; acceptance does not transfer from title/version,False,Source normative/descriptive separation preserved from bundled content registry,HISTORICAL_ONLY,false,No retained source auto-promotes old Production/GitHub/stack implementation into current Foundation authority.
CEP_EXECUTION_CONTROL_CENTER_README_v1.0.md,e4df665354637f6edfd7667073e1f5e41d3d7aa635a7b51e74af754b7bc6a9dc,2743,SUPPORTING_CONTROL_OR_EVIDENCE,SUPPORTING_CONTROL_OR_EVIDENCE,NO,YES_WHERE_EXACT_IDENTITY_OR_OBSERVATION,CURRENT_OR_RETAINED,NOT_PRODUCT_ACCEPTANCE,WHEN_MATERIAL_DETAIL_IS_USED,MINE_VALUE_WITH_DISPOSITION,NONE_KNOWN,DO_NOT_PROMOTE_EVIDENCE_TO_OWNER_ACCEPTANCE,CEP EXECUTION CONTROL CENTER — README v1.0 | Purpose | Folder structure | Search-first rule | Retention / cleanup rule | Current control principle,Current direct Owner supersedes conflicting clauses; acceptance does not transfer from title/version,False,Source normative/descriptive separation preserved from bundled content registry,SUPPORTING_EVIDENCE_NOT_IMPLEMENTATION_AUTHORITY,false,No retained source auto-promotes old Production/GitHub/stack implementation into current Foundation authority.
CEP_EXECUTION_CONTROL_CENTER_README_v2.0.md,df78b1b0d3ebe88aea3526bfb5fb5a6dcfe7b4a0b1122c6857f3c2393e9d2e16,2279,SUPPORTING_CONTROL_OR_EVIDENCE,CURRENT_CONTROL_PLANE_README,EXECUTION_GOVERNANCE_ONLY,YES_WHERE_EXACT_IDENTITY_OR_OBSERVATION,CURRENT_OR_RETAINED,NOT_PRODUCT_TRUTH,YES,FOLLOW_FOR_CURRENT_EXECUTION_STATE,NONE_KNOWN,DO_NOT_PROMOTE_EVIDENCE_TO_OWNER_ACCEPTANCE,CEP EXECUTION CONTROL CENTER — README v2.0 | Purpose | Mandatory Controller OS | Folder structure | Search-first | Control knowledge rule | Retention | Acceptance,Current direct Owner supersedes conflicting clauses; acceptance does not transfer from title/version,False,Source normative/descriptive separation preserved from bundled content registry,SUPPORTING_EVIDENCE_NOT_IMPLEMENTATION_AUTHORITY,false,No retained source auto-promotes old Production/GitHub/stack implementation into current Foundation authority.
CEP_FINAL_RUNTIME_TEST_COLAB_REUSABLE_CHECKLIST_v1.0.md,5c276dc7ebf689f5de279850f975d757b55a4d51ccca2b9335416aa446420252,4189,RUNTIME_COLAB_METHOD_OR_EVIDENCE,RUNTIME_METHOD_OR_EVIDENCE,NO_PRODUCT_DESIGN,YES_WHERE_EXACT_IDENTITY_OR_OBSERVATION,CURRENT_OR_RETAINED,EVIDENCE_CLASS_ONLY,YES_FOR_RUNTIME_CUSTODY_OR_TEST,REUSE_RUNTIME_METHOD,NONE_KNOWN,RUNTIME_PASS_NE_OWNER_DESIGN_ACCEPTANCE,CEP FINAL RUNTIME/TEST/COLAB REUSABLE CHECKLIST v1.0 | A. Admission | B. Drive input | C. Toolchain | D. DB | E. Build/test order | F. Failure triage | G. Test-quality anti-regression | H. Runtime-discovered successor | I. New Drive artifact custody | J. Browser/visual | K. Governance closeout,Current direct Owner supersedes conflicting clauses; acceptance does not transfer from title/version,False,Source normative/descriptive separation preserved from bundled content registry,METHOD_ONLY,false,No retained source auto-promotes old Production/GitHub/stack implementation into current Foundation authority.
CEP_GLOBAL_OWNER_WRITER_RULES_v1.0.md,6f4333cc7a0a510b7f126a357b617266d2c00802ec024b62b232cba4299cdd3d,4544,OWNER_GLOBAL_RULE_OR_PROTOCOL,CURRENT_GOVERNED_OWNER_RULE,YES,YES_WHERE_EXACT_IDENTITY_OR_OBSERVATION,CURRENT_OR_RETAINED,NOT_PRODUCT_ACCEPTANCE,YES,ENFORCE_CURRENT_RULE,NONE_KNOWN,DO_NOT_PROMOTE_EVIDENCE_TO_OWNER_ACCEPTANCE,CEP GLOBAL OWNER / WRITER RULES v1.0 | 1. GLOBAL GUIDANCE / SUPPORT-UI LAW | 2. SHARED-MECHANIC OWNER LAW | 3. BROWSER / VISUAL EVIDENCE CLASSIFICATION LAW | A. EXACT_ROUTE_BROWSER_PROOF | B. CANDIDATE_BOUND_VISUAL_PROOF | 4. EXACT-ROUTE FAILURE FALLBACK — DO NOT ABANDON SCREENSHOTS | 5. POST-CHANGE VISUAL EVIDENCE LAW | 6. EVIDENCE NON-COLLAPSE | 7. NO SELF-ACCEPTANCE,Current direct Owner supersedes conflicting clauses; acceptance does not transfer from title/version,False,Source normative/descriptive separation preserved from bundled content registry,CURRENT_GOVERNANCE_ONLY_NO_IMPLEMENTATION_PROMOTION,false,No retained source auto-promotes old Production/GitHub/stack implementation into current Foundation authority.
CEP_LIBRARY_BLUEPRINT_TO_PRODUCTION_ASSURANCE_FACTORY_v1.0.json,3bde39a49bb36c6d29f9e0cecc32203adbe159bb5c944eddbaf0b1bfc60dd89e,1106,SUPPORTING_CONTROL_OR_EVIDENCE,LIBRARY_TRACEABILITY_EVIDENCE,NO,YES_WHERE_EXACT_IDENTITY_OR_OBSERVATION,CURRENT_OR_RETAINED,NOT_ACCEPTED_DONOR_ITSELF,WHEN_MATERIAL_DETAIL_IS_USED,REUSE_REQUIREMENT_EXTRACTION_AND_MAPPING_METHOD,NONE_KNOWN,DO_NOT_PROMOTE_EVIDENCE_TO_OWNER_ACCEPTANCE,"JSON keys: classification, blueprint, candidate, github, matrix_rows, verdict_counts, severity_counts, decision, first_bounded_lane, source_mutation_performed, w03_blocked",Current direct Owner supersedes conflicting clauses; acceptance does not transfer from title/version,False,Source normative/descriptive separation preserved from bundled content registry,SUPPORTING_EVIDENCE_NOT_IMPLEMENTATION_AUTHORITY,false,No retained source auto-promotes old Production/GitHub/stack implementation into current Foundation authority.
CEP_LIBRARY_BLUEPRINT_TO_PRODUCTION_ASSURANCE_FACTORY_v1.0.xlsx,d793db670e0dcd9a654f658222509e10f8f42423a3f726aaa6249a578382ec78,21477,SUPPORTING_CONTROL_OR_EVIDENCE,LIBRARY_TRACEABILITY_EVIDENCE,NO,YES_WHERE_EXACT_IDENTITY_OR_OBSERVATION,CURRENT_OR_RETAINED,NOT_ACCEPTED_DONOR_ITSELF,WHEN_MATERIAL_DETAIL_IS_USED,REUSE_REQUIREMENT_EXTRACTION_AND_MAPPING_METHOD,NONE_KNOWN,DO_NOT_PROMOTE_EVIDENCE_TO_OWNER_ACCEPTANCE,"Sheets: Traceability Matrix, Assurance Summary, Evidence Plan, Lane A C001-C003",Current direct Owner supersedes conflicting clauses; acceptance does not transfer from title/version,False,Source normative/descriptive separation preserved from bundled content registry,SUPPORTING_EVIDENCE_NOT_IMPLEMENTATION_AUTHORITY,false,No retained source auto-promotes old Production/GitHub/stack implementation into current Foundation authority.
CEP_LIBRARY_BLUEPRINT_TO_PRODUCTION_TRACEABILITY_MATRIX_v1.0.csv,a6023607f62a8e79d15245554fc27511bc2a1ef2001844257a44b3ca67c50a0e,23689,SUPPORTING_CONTROL_OR_EVIDENCE,LIBRARY_TRACEABILITY_EVIDENCE,NO,YES_WHERE_EXACT_IDENTITY_OR_OBSERVATION,CURRENT_OR_RETAINED,NOT_ACCEPTED_DONOR_ITSELF,WHEN_MATERIAL_DETAIL_IS_USED,REUSE_REQUIREMENT_EXTRACTION_AND_MAPPING_METHOD,NONE_KNOWN,DO_NOT_PROMOTE_EVIDENCE_TO_OWNER_ACCEPTANCE,"CSV: BLUEPRINT_REQ_ID, BLUEPRINT_LOCATION, BLUEPRINT_SELECTOR_OR_FUNCTION, BLUEPRINT_INTENT, CATEGORY, PRODUCTION_FILE, PRODUCTION_SYMBOL, PRODUCTION_STATE_OWNER, PRODUCTION_COMMAND_OWNER, PRODUCTION_STYLE_OWNER, PRODUCTION_API_OR_PERSISTENCE_OWNER, STATIC_PROOF, SEMANTIC_PROOF, TEST_PROOF, RUNTIME_PROOF",Current direct Owner supersedes conflicting clauses; acceptance does not transfer from title/version,False,Source normative/descriptive separation preserved from bundled content registry,SUPPORTING_EVIDENCE_NOT_IMPLEMENTATION_AUTHORITY,false,No retained source auto-promotes old Production/GitHub/stack implementation into current Foundation authority.
CEP_NEXT_PARALLEL_WAVE_CURRENT_CONTROL.txt,d7b757883d965af12465d0081a123d94851121505e540b2e75474227305e0d89,2621,CURRENT_CONTROL,CURRENT_EXECUTION_POINTER,EXECUTION_GOVERNANCE_ONLY,YES_WHERE_EXACT_IDENTITY_OR_OBSERVATION,CURRENT_OR_RETAINED,NOT_PRODUCT_TRUTH,YES,FOLLOW_FOR_CURRENT_EXECUTION_STATE,NONE_KNOWN,DO_NOT_PROMOTE_EVIDENCE_TO_OWNER_ACCEPTANCE,,Current direct Owner supersedes conflicting clauses; acceptance does not transfer from title/version,False,Source normative/descriptive separation preserved from bundled content registry,EXACT_LOOKUP_ONLY,false,No retained source auto-promotes old Production/GitHub/stack implementation into current Foundation authority.
CEP_NEXT_PARALLEL_WAVE_LIBRARY_LAUNCH_MANIFEST_v1.0.md,36f9070e1b54ada52d43333fbb8d1f693dc639fa3444cdf5ac78c509691abc40,4711,SUPERSEDED_CONTROL_LINEAGE,HISTORICAL_SUPERSEDED_CONTROL,NO,YES_WHERE_EXACT_IDENTITY_OR_OBSERVATION,SUPERSEDED,HISTORICAL_ONLY,ONLY_FOR_LINEAGE_OR_VALUE_RECOVERY,PRESERVE_PROVENANCE_NOT_AUTHORITY,USE_CURRENT_POINTER_OR_NEWER_EXPLICIT_SUCCESSOR,NEVER_ALLOW_TO_COMPETE_WITH_CURRENT_RULE,CEP NEXT PARALLEL WAVE — LIBRARY LAUNCH MANIFEST v1.0 | Execution topology | Exact current baseline files staged in File Library launch folder | Required pre-existing File Library sources — search exact title | Non-negotiable methodology | Collision law,Current direct Owner supersedes conflicting clauses; acceptance does not transfer from title/version,False,Source normative/descriptive separation preserved from bundled content registry,HISTORICAL_ONLY,false,No retained source auto-promotes old Production/GitHub/stack implementation into current Foundation authority.
CEP_NEXT_PARALLEL_WAVE_LIBRARY_LAUNCH_MANIFEST_v1.1.md,55a9acc2e3e615d788f3818b07e6ff2a63c5c8e98262416b4c065071614914c7,4101,SUPERSEDED_CONTROL_LINEAGE,HISTORICAL_SUPERSEDED_CONTROL,NO,YES_WHERE_EXACT_IDENTITY_OR_OBSERVATION,SUPERSEDED,HISTORICAL_ONLY,ONLY_FOR_LINEAGE_OR_VALUE_RECOVERY,PRESERVE_PROVENANCE_NOT_AUTHORITY,USE_CURRENT_POINTER_OR_NEWER_EXPLICIT_SUCCESSOR,NEVER_ALLOW_TO_COMPETE_WITH_CURRENT_RULE,CEP NEXT PARALLEL WAVE — CURRENT LIBRARY LAUNCH MANIFEST v1.1 | 0. READ FIRST — OWNER HARD GATE | 1. Parallel topology | Writer A — W03 Blueprint Cumulative Completion | Writer B — W01/W02 Production Correction / Recovery | 2. Common controlling sources | 3. Anti-collision law | 4. Controller review | 5. Current control token,Current direct Owner supersedes conflicting clauses; acceptance does not transfer from title/version,False,Source normative/descriptive separation preserved from bundled content registry,HISTORICAL_ONLY,false,No retained source auto-promotes old Production/GitHub/stack implementation into current Foundation authority.
CEP_NEXT_PARALLEL_WAVE_LIBRARY_LAUNCH_MANIFEST_v1.2.md,12f8793c7a46028c6c98295d548eea36c1b858af80779988cb4e7939a6719f93,3360,SUPERSEDED_CONTROL_LINEAGE,HISTORICAL_SUPERSEDED_CONTROL,NO,YES_WHERE_EXACT_IDENTITY_OR_OBSERVATION,SUPERSEDED,HISTORICAL_ONLY,ONLY_FOR_LINEAGE_OR_VALUE_RECOVERY,PRESERVE_PROVENANCE_NOT_AUTHORITY,USE_CURRENT_POINTER_OR_NEWER_EXPLICIT_SUCCESSOR,NEVER_ALLOW_TO_COMPETE_WITH_CURRENT_RULE,CEP NEXT PARALLEL WAVE — CURRENT LIBRARY LAUNCH MANIFEST v1.2 | 0. Control center | 1. Read first | 2. Current lifecycle state | W03 | W01/W02 | 3. Global guidance law | 4. Browser/visual evidence law | 5. Blueprint→Production hard gate | 6. Historical packets,Current direct Owner supersedes conflicting clauses; acceptance does not transfer from title/version,False,Source normative/descriptive separation preserved from bundled content registry,HISTORICAL_ONLY,false,No retained source auto-promotes old Production/GitHub/stack implementation into current Foundation authority.
CEP_OWNER_BLUEPRINT_TO_PRODUCTION_TRACEABILITY_FACTORY_CONFIRMATION_v1.0.md,64df155d3a4be2edf5a2563a947bd497e2f7d9b6c1b609672fb36aa731d4fc92,6599,OWNER_GLOBAL_RULE_OR_PROTOCOL,CURRENT_DIRECT_OWNER_RULE,YES,YES_WHERE_EXACT_IDENTITY_OR_OBSERVATION,CURRENT_OR_RETAINED,NOT_PRODUCT_ACCEPTANCE,YES,ENFORCE_CURRENT_RULE,NONE_KNOWN,DO_NOT_PROMOTE_EVIDENCE_TO_OWNER_ACCEPTANCE,CEP OWNER CONTROLLING CONFIRMATION — BLUEPRINT → PRODUCTION TRACEABILITY FACTORY | 1. Controlling rule | 2. Mandatory execution order | 3. Row universe | 4. Minimum row schema | 5. Allowed dispositions | 6. ZERO_ORPHAN_PRODUCTION_TRACEABILITY_GATE | 7. Production packet rule | 8. Proof rules | 9. W03 consequence | 10. W01/W02 recovery consequence | 11. Final control token,Current direct Owner supersedes conflicting clauses; acceptance does not transfer from title/version,False,Source normative/descriptive separation preserved from bundled content registry,CURRENT_GOVERNANCE_ONLY_NO_IMPLEMENTATION_PROMOTION,false,No retained source auto-promotes old Production/GitHub/stack implementation into current Foundation authority.
CEP_OWNER_DIRECT_REVIEW_W03_v3.3.1_CORRECTION_REGISTER_v1.0.csv,5d70981c74e56ddf21dcfd22ae5d5171c980583f9d17994c134ce3f134f466f9,18419,W03_CONTROLLER_REVIEW_OR_CONTROL,CURRENT_W03_CONTROLLER_FINDING_OR_ADJUDICATION,W03_SCOPED,YES_WHERE_EXACT_IDENTITY_OR_OBSERVATION,CURRENT_OR_RETAINED,NOT_FINAL_W03_DESIGN_ACCEPTANCE,YES,ENFORCE_FINDINGS_BUT_DO_NOT_CALL_BLUEPRINT_ACCEPTED,NONE_KNOWN,DO_NOT_PROMOTE_EVIDENCE_TO_OWNER_ACCEPTANCE,"CSV: finding_id, severity, surface_scope, family, requirement_class, current_failure, controlling_basis, required_correction, acceptance_gate, status, baseline, baseline_sha256",Current direct Owner supersedes conflicting clauses; acceptance does not transfer from title/version,False,Source normative/descriptive separation preserved from bundled content registry,EXACT_LOOKUP_ONLY,false,No retained source auto-promotes old Production/GitHub/stack implementation into current Foundation authority.
CEP_OWNER_DIRECT_REVIEW_W03_v3.3.1_FINDINGS_AND_DECISIONS_v1.0.md,c84c014c6d7f996be3ae7e7f681e2e2f35e72b503af3cf88351e16ce0544053a,8559,W03_CONTROLLER_REVIEW_OR_CONTROL,CURRENT_W03_CONTROLLER_FINDING_OR_ADJUDICATION,W03_SCOPED,YES_WHERE_EXACT_IDENTITY_OR_OBSERVATION,CURRENT_OR_RETAINED,NOT_FINAL_W03_DESIGN_ACCEPTANCE,YES,ENFORCE_FINDINGS_BUT_DO_NOT_CALL_BLUEPRINT_ACCEPTED,NONE_KNOWN,DO_NOT_PROMOTE_EVIDENCE_TO_OWNER_ACCEPTANCE,CEP OWNER DIRECT REVIEW — W03 v3.3.1 — FINDINGS & CONTROLLER DECISIONS v1.0 | 1. Controller correction of prior status | 2. Governing source hierarchy consumed | 3. Root-cause conclusion | 4. Theme adjudication | 5. View-vs-Context adjudication | 6. Relation authoring adjudication | 7. Operational Surface adjudication | 8. Findings | 9. Stop gate,Current direct Owner supersedes conflicting clauses; acceptance does not transfer from title/version,False,Source normative/descriptive separation preserved from bundled content registry,EXACT_LOOKUP_ONLY,false,No retained source auto-promotes old Production/GitHub/stack implementation into current Foundation authority.
CEP_OWNER_DIRECT_REVIEW_W03_v3.3.1_INTERACTION_ACCEPTANCE_MATRIX_v1.0.csv,fcfe2b5a020422d9970d68dc0569faeee985aaf90e0d3303f41dcb1db1fefaf1,10746,W03_CONTROLLER_REVIEW_OR_CONTROL,CURRENT_W03_CONTROLLER_FINDING_OR_ADJUDICATION,W03_SCOPED,YES_WHERE_EXACT_IDENTITY_OR_OBSERVATION,CURRENT_OR_RETAINED,NOT_FINAL_W03_DESIGN_ACCEPTANCE,YES,ENFORCE_FINDINGS_BUT_DO_NOT_CALL_BLUEPRINT_ACCEPTED,NONE_KNOWN,DO_NOT_PROMOTE_EVIDENCE_TO_OWNER_ACCEPTANCE,"CSV: test_id, surface, mechanic, precondition, action, expected_transition, negative_assertion, required_evidence, status",Current direct Owner supersedes conflicting clauses; acceptance does not transfer from title/version,False,Source normative/descriptive separation preserved from bundled content registry,EXACT_LOOKUP_ONLY,false,No retained source auto-promotes old Production/GitHub/stack implementation into current Foundation authority.
CEP_OWNER_GLOBAL_SPATIAL_AND_VIEW_INTERACTION_ADDENDUM_v1.0.md,003552c3f962dc07966ee47fd8657e49da47e1976b997deb30b0f16e6de372aa,3974,OWNER_GLOBAL_RULE_OR_PROTOCOL,CURRENT_DIRECT_OWNER_RULE,YES,YES_WHERE_EXACT_IDENTITY_OR_OBSERVATION,CURRENT_OR_RETAINED,NOT_PRODUCT_ACCEPTANCE,YES,ENFORCE_CURRENT_RULE,NONE_KNOWN,DO_NOT_PROMOTE_EVIDENCE_TO_OWNER_ACCEPTANCE,CEP OWNER GLOBAL SPATIAL + VIEW INTERACTION ADDENDUM v1.0 | 1. GLOBAL SURFACE COMPLETENESS LAW | 2. WORKSPACE/VIEW MODE vs CONTEXT/LENS LAW | Workspace / View mode | Context / Inspector lens | 3. GLOBAL SPATIAL PAN PROFILE — OWNER ADDITION | 4. CAPABILITY-DRIVEN DOUBLE CLICK | 5. INTERACTION COMPLETENESS PROOF,Current direct Owner supersedes conflicting clauses; acceptance does not transfer from title/version,False,Source normative/descriptive separation preserved from bundled content registry,CURRENT_GOVERNANCE_ONLY_NO_IMPLEMENTATION_PROMOTION,false,No retained source auto-promotes old Production/GitHub/stack implementation into current Foundation authority.
CEP_PRODUCTION_DESTINATION_OWNER_RESOLUTION_PROTOCOL_v1.0.md,c9a1c39317757c876eb0186d5543d4a0fb75edb3272972574bb27069b63eb75f,3139,OWNER_GLOBAL_RULE_OR_PROTOCOL,CURRENT_GOVERNED_OWNER_RULE,YES,YES_WHERE_EXACT_IDENTITY_OR_OBSERVATION,CURRENT_OR_RETAINED,NOT_PRODUCT_ACCEPTANCE,YES,ENFORCE_CURRENT_RULE,NONE_KNOWN,DO_NOT_PROMOTE_EVIDENCE_TO_OWNER_ACCEPTANCE,CEP PRODUCTION DESTINATION OWNER RESOLUTION PROTOCOL v1.0 | 1. Why this protocol exists | 2. Trigger | 3. Required Controller adjudication choices | 4. Required adjudication record | 5. Gate consequence | 6. Sticky Notes current example | 7. Cross-portfolio rule,Current direct Owner supersedes conflicting clauses; acceptance does not transfer from title/version,False,Source normative/descriptive separation preserved from bundled content registry,CURRENT_GOVERNANCE_ONLY_NO_IMPLEMENTATION_PROMOTION,false,No retained source auto-promotes old Production/GitHub/stack implementation into current Foundation authority.
CEP_REPRODUCIBLE_PACKAGE_CONTAINER_IDENTITY_ADDENDUM_v1.0.md,8cbb0882ebc77a4bcf8c2a4ddc487ae97f79cd2a56501e4a5217481fb4b27e84,2426,CONTROLLER_OS_METHOD,CURRENT_CONTROLLER_METHOD,PROCESS_ONLY,YES_WHERE_EXACT_IDENTITY_OR_OBSERVATION,CURRENT_OR_RETAINED,NOT_PRODUCT_DESIGN_AUTHORITY,YES_WHEN_EXECUTION_OR_ASSURANCE,REUSE_GOVERNANCE_METHOD,NONE_KNOWN,DO_NOT_PROMOTE_EVIDENCE_TO_OWNER_ACCEPTANCE,CEP REPRODUCIBLE PACKAGE / CONTAINER IDENTITY ADDENDUM v1.0 | Purpose | Identity layers | Canonical reproduction law | W01/W02 incident | Reusable stop condition,Current direct Owner supersedes conflicting clauses; acceptance does not transfer from title/version,False,Source normative/descriptive separation preserved from bundled content registry,METHOD_ONLY,false,No retained source auto-promotes old Production/GitHub/stack implementation into current Foundation authority.
CEP_RUNTIME_DISCOVERED_DEFECT_TRIAGE_AND_TEST_ALIGNMENT_PLAYBOOK_v1.0.md,641ab6dc31bf6a989e8017174174a855b6b283d5e21389f1fe9e69390022c2c9,8473,CONTROLLER_OS_METHOD,CURRENT_CONTROLLER_METHOD,PROCESS_ONLY,YES_WHERE_EXACT_IDENTITY_OR_OBSERVATION,CURRENT_OR_RETAINED,NOT_PRODUCT_DESIGN_AUTHORITY,YES_WHEN_EXECUTION_OR_ASSURANCE,REUSE_GOVERNANCE_METHOD,NONE_KNOWN,DO_NOT_PROMOTE_EVIDENCE_TO_OWNER_ACCEPTANCE,CEP RUNTIME-DISCOVERED DEFECT TRIAGE + TEST ALIGNMENT PLAYBOOK v1.0 | 1. Core rule | 2. W01/W02 reusable triage sequence | 3. Specific failures and resolutions learned | A. CELL02 database orchestration failure | B. Hotfix expected-hash failure | C. Laravel Unit/Feature/Integration Vite-manifest failures | D. TypeScript errors | E. StructuredDocument child-depth test | F. Slash-menu integration test | G. VS001 textarea limit | H. RQ comparison test — source summary contract,Current direct Owner supersedes conflicting clauses; acceptance does not transfer from title/version,False,Source normative/descriptive separation preserved from bundled content registry,METHOD_ONLY,false,No retained source auto-promotes old Production/GitHub/stack implementation into current Foundation authority.
CEP_W01_W02_BLUEPRINT_TO_PRODUCTION_ASSURANCE_FACTORY_v1.1.1.xlsx,2e86d8d1de29aff519caad0af7640a7108b52fee7bdc329899a08589428615f1,51542,W01_W02_TRACEABILITY_OR_ASSURANCE,TRACEABILITY_OR_ASSURANCE_EVIDENCE,NO_EXCEPT_EMBEDDED_EXPLICIT_ADJUDICATION,YES_WHERE_EXACT_IDENTITY_OR_OBSERVATION,CURRENT_OR_RETAINED,MAPPING_OR_TEST_STATUS_ONLY,YES_FOR_MAPPING_OR_FINDINGS,REUSE_TRACEABILITY_METHOD_AND_EXACT_FINDINGS,NONE_KNOWN,MAPPING_PASS_NE_IMPLEMENTATION_OR_VISUAL_ACCEPTANCE,"Sheets: Summary, Traceability, C001-C032 Ledger, Unresolved & Gated, Gate, Test Receipt",Current direct Owner supersedes conflicting clauses; acceptance does not transfer from title/version,False,Source normative/descriptive separation preserved from bundled content registry,SUPPORTING_EVIDENCE_NOT_IMPLEMENTATION_AUTHORITY,false,No retained source auto-promotes old Production/GitHub/stack implementation into current Foundation authority.
CEP_W01_W02_BLUEPRINT_TO_PRODUCTION_ASSURANCE_FACTORY_v1.1.2_CONTROLLER_ADJUDICATED.xlsx,e1b34284109f2cb68f4ba5790f691ec3e238652a1e3749c316a421870057e5f6,55736,W01_W02_TRACEABILITY_OR_ASSURANCE,TRACEABILITY_OR_ASSURANCE_EVIDENCE,NO_EXCEPT_EMBEDDED_EXPLICIT_ADJUDICATION,YES_WHERE_EXACT_IDENTITY_OR_OBSERVATION,CURRENT_OR_RETAINED,MAPPING_OR_TEST_STATUS_ONLY,YES_FOR_MAPPING_OR_FINDINGS,REUSE_TRACEABILITY_METHOD_AND_EXACT_FINDINGS,NONE_KNOWN,MAPPING_PASS_NE_IMPLEMENTATION_OR_VISUAL_ACCEPTANCE,"Sheets: Summary, Traceability, C001-C032 Ledger, Unresolved & Gated, Gate, Test Receipt, Controller Adjudication",Current direct Owner supersedes conflicting clauses; acceptance does not transfer from title/version,False,Source normative/descriptive separation preserved from bundled content registry,SUPPORTING_EVIDENCE_NOT_IMPLEMENTATION_AUTHORITY,false,No retained source auto-promotes old Production/GitHub/stack implementation into current Foundation authority.
CEP_W01_W02_BLUEPRINT_TO_PRODUCTION_ASSURANCE_FACTORY_v1.1.4_FINAL_CLOSURE_HARDENED.xlsx,55219d0e1f3abe055e85ef8f7c780f478ac35c852c2f55751b0f9f0c121b9558,71699,W01_W02_TRACEABILITY_OR_ASSURANCE,TRACEABILITY_OR_ASSURANCE_EVIDENCE,NO_EXCEPT_EMBEDDED_EXPLICIT_ADJUDICATION,YES_WHERE_EXACT_IDENTITY_OR_OBSERVATION,CURRENT_OR_RETAINED,MAPPING_OR_TEST_STATUS_ONLY,YES_FOR_MAPPING_OR_FINDINGS,REUSE_TRACEABILITY_METHOD_AND_EXACT_FINDINGS,NONE_KNOWN,MAPPING_PASS_NE_IMPLEMENTATION_OR_VISUAL_ACCEPTANCE,"Sheets: Traceability, Summary, C001-C032, Explicit_Gates, Changed_File_Scope, Test_Receipt",Current direct Owner supersedes conflicting clauses; acceptance does not transfer from title/version,False,Source normative/descriptive separation preserved from bundled content registry,SUPPORTING_EVIDENCE_NOT_IMPLEMENTATION_AUTHORITY,false,No retained source auto-promotes old Production/GitHub/stack implementation into current Foundation authority.
CEP_W01_W02_BLUEPRINT_TO_PRODUCTION_ASSURANCE_FACTORY_v1.1.5_PRE_COLAB_SOURCE_COMPLETE.xlsx,3169e6d996ed6f89eec4de08fea06eeb8f951d82032e102cd3de1a3a95ba082b,76439,W01_W02_TRACEABILITY_OR_ASSURANCE,TRACEABILITY_OR_ASSURANCE_EVIDENCE,NO_EXCEPT_EMBEDDED_EXPLICIT_ADJUDICATION,YES_WHERE_EXACT_IDENTITY_OR_OBSERVATION,CURRENT_OR_RETAINED,MAPPING_OR_TEST_STATUS_ONLY,YES_FOR_MAPPING_OR_FINDINGS,REUSE_TRACEABILITY_METHOD_AND_EXACT_FINDINGS,NONE_KNOWN,MAPPING_PASS_NE_IMPLEMENTATION_OR_VISUAL_ACCEPTANCE,"Sheets: Traceability, Summary, C001-C032, Explicit_Gates, Changed_File_Scope, Test_Receipt",Current direct Owner supersedes conflicting clauses; acceptance does not transfer from title/version,False,Source normative/descriptive separation preserved from bundled content registry,SUPPORTING_EVIDENCE_NOT_IMPLEMENTATION_AUTHORITY,false,No retained source auto-promotes old Production/GitHub/stack implementation into current Foundation authority.
CEP_W01_W02_BLUEPRINT_TO_PRODUCTION_TRACEABILITY_MATRIX_v1.1.2_CONTROLLER_ADJUDICATED.csv,6e18805b8109b30073ff7dca17e7b54f67e103786ef1e61abc65751714aab3ef,183826,W01_W02_TRACEABILITY_OR_ASSURANCE,TRACEABILITY_OR_ASSURANCE_EVIDENCE,NO_EXCEPT_EMBEDDED_EXPLICIT_ADJUDICATION,YES_WHERE_EXACT_IDENTITY_OR_OBSERVATION,CURRENT_OR_RETAINED,MAPPING_OR_TEST_STATUS_ONLY,YES_FOR_MAPPING_OR_FINDINGS,REUSE_TRACEABILITY_METHOD_AND_EXACT_FINDINGS,NONE_KNOWN,MAPPING_PASS_NE_IMPLEMENTATION_OR_VISUAL_ACCEPTANCE,"CSV: OWNER_REQUIREMENT_ID, SOURCE_DONOR, BLUEPRINT_REQUIREMENT_ID, BLUEPRINT_SELECTOR_FUNCTION_INTERACTION_ID, OWNER_REQUIREMENT_TEXT, SEMANTIC_OWNER, STATE_OWNER, COMMAND_OWNER, PRESENTATION_STYLE_OWNER, SHARED_CORE_OR_DOMAIN_ADAPTER, CURRENT_PRODUCTION_BRANCH, CURRENT_PRODUCTION_SHA, PRODUCTION_FILE, PRODUCTION_COMPONENT_SYMBOL, API_SERVICE_PERSISTENCE_OWNER",Current direct Owner supersedes conflicting clauses; acceptance does not transfer from title/version,False,Source normative/descriptive separation preserved from bundled content registry,SUPPORTING_EVIDENCE_NOT_IMPLEMENTATION_AUTHORITY,false,No retained source auto-promotes old Production/GitHub/stack implementation into current Foundation authority.
CEP_W01_W02_BLUEPRINT_TO_PRODUCTION_TRACEABILITY_MATRIX_v1.1.2_CONTROLLER_ADJUDICATED.json,89587f75ff6931f0f676749c18a38ac88e3f14092fae54fccc40dfaf16945eb1,255232,W01_W02_TRACEABILITY_OR_ASSURANCE,TRACEABILITY_OR_ASSURANCE_EVIDENCE,NO_EXCEPT_EMBEDDED_EXPLICIT_ADJUDICATION,YES_WHERE_EXACT_IDENTITY_OR_OBSERVATION,CURRENT_OR_RETAINED,MAPPING_OR_TEST_STATUS_ONLY,YES_FOR_MAPPING_OR_FINDINGS,REUSE_TRACEABILITY_METHOD_AND_EXACT_FINDINGS,NONE_KNOWN,MAPPING_PASS_NE_IMPLEMENTATION_OR_VISUAL_ACCEPTANCE,,Current direct Owner supersedes conflicting clauses; acceptance does not transfer from title/version,False,Source normative/descriptive separation preserved from bundled content registry,SUPPORTING_EVIDENCE_NOT_IMPLEMENTATION_AUTHORITY,false,No retained source auto-promotes old Production/GitHub/stack implementation into current Foundation authority.
CEP_W01_W02_BLUEPRINT_TO_PRODUCTION_TRACEABILITY_MATRIX_v1.1.4_FINAL_CLOSURE_HARDENED.json,f4ca55a01f95be0a489ad1d74d1145e5da86393201ed977b80dde9c6465068ca,415753,W01_W02_TRACEABILITY_OR_ASSURANCE,TRACEABILITY_OR_ASSURANCE_EVIDENCE,NO_EXCEPT_EMBEDDED_EXPLICIT_ADJUDICATION,YES_WHERE_EXACT_IDENTITY_OR_OBSERVATION,CURRENT_OR_RETAINED,MAPPING_OR_TEST_STATUS_ONLY,YES_FOR_MAPPING_OR_FINDINGS,REUSE_TRACEABILITY_METHOD_AND_EXACT_FINDINGS,NONE_KNOWN,MAPPING_PASS_NE_IMPLEMENTATION_OR_VISUAL_ACCEPTANCE,,Current direct Owner supersedes conflicting clauses; acceptance does not transfer from title/version,False,Source normative/descriptive separation preserved from bundled content registry,SUPPORTING_EVIDENCE_NOT_IMPLEMENTATION_AUTHORITY,false,No retained source auto-promotes old Production/GitHub/stack implementation into current Foundation authority.
CEP_W01_W02_BLUEPRINT_TO_PRODUCTION_TRACEABILITY_MATRIX_v1.1.5_PRE_COLAB_SOURCE_COMPLETE.csv,935cf1c766bb2a7aaa4158c6eb27ee0a2aba50d8fe46437e064387fd59875af5,338066,W01_W02_TRACEABILITY_OR_ASSURANCE,TRACEABILITY_OR_ASSURANCE_EVIDENCE,NO_EXCEPT_EMBEDDED_EXPLICIT_ADJUDICATION,YES_WHERE_EXACT_IDENTITY_OR_OBSERVATION,CURRENT_OR_RETAINED,MAPPING_OR_TEST_STATUS_ONLY,YES_FOR_MAPPING_OR_FINDINGS,REUSE_TRACEABILITY_METHOD_AND_EXACT_FINDINGS,NONE_KNOWN,MAPPING_PASS_NE_IMPLEMENTATION_OR_VISUAL_ACCEPTANCE,"CSV: OWNER_REQUIREMENT_ID, SOURCE_DONOR, BLUEPRINT_REQUIREMENT_ID, BLUEPRINT_SELECTOR_FUNCTION_INTERACTION_ID, OWNER_REQUIREMENT_TEXT, SEMANTIC_OWNER, STATE_OWNER, COMMAND_OWNER, PRESENTATION_STYLE_OWNER, SHARED_CORE_OR_DOMAIN_ADAPTER, CURRENT_PRODUCTION_BRANCH, CURRENT_PRODUCTION_SHA, PRODUCTION_FILE, PRODUCTION_COMPONENT_SYMBOL, API_SERVICE_PERSISTENCE_OWNER",Current direct Owner supersedes conflicting clauses; acceptance does not transfer from title/version,False,Source normative/descriptive separation preserved from bundled content registry,SUPPORTING_EVIDENCE_NOT_IMPLEMENTATION_AUTHORITY,false,No retained source auto-promotes old Production/GitHub/stack implementation into current Foundation authority.
CEP_W01_W02_BLUEPRINT_TO_PRODUCTION_TRACEABILITY_MATRIX_v1.1.5_PRE_COLAB_SOURCE_COMPLETE.json,26aa851c316432b36045e07ebec56d92b2dd050f8ca89c6b8d0735562114f645,428091,W01_W02_TRACEABILITY_OR_ASSURANCE,TRACEABILITY_OR_ASSURANCE_EVIDENCE,NO_EXCEPT_EMBEDDED_EXPLICIT_ADJUDICATION,YES_WHERE_EXACT_IDENTITY_OR_OBSERVATION,CURRENT_OR_RETAINED,MAPPING_OR_TEST_STATUS_ONLY,YES_FOR_MAPPING_OR_FINDINGS,REUSE_TRACEABILITY_METHOD_AND_EXACT_FINDINGS,NONE_KNOWN,MAPPING_PASS_NE_IMPLEMENTATION_OR_VISUAL_ACCEPTANCE,,Current direct Owner supersedes conflicting clauses; acceptance does not transfer from title/version,False,Source normative/descriptive separation preserved from bundled content registry,SUPPORTING_EVIDENCE_NOT_IMPLEMENTATION_AUTHORITY,false,No retained source auto-promotes old Production/GitHub/stack implementation into current Foundation authority.
CEP_W01_W02_C001_C032_CORRECTION_LEDGER_v1.1.4_FINAL_CLOSURE_HARDENED.csv,188c7713206a6b212949961e2ff397f5417bbf78a164179aede6b581bf803535,34617,W01_W02_TRACEABILITY_OR_ASSURANCE,TRACEABILITY_OR_ASSURANCE_EVIDENCE,NO_EXCEPT_EMBEDDED_EXPLICIT_ADJUDICATION,YES_WHERE_EXACT_IDENTITY_OR_OBSERVATION,CURRENT_OR_RETAINED,MAPPING_OR_TEST_STATUS_ONLY,YES_FOR_MAPPING_OR_FINDINGS,REUSE_TRACEABILITY_METHOD_AND_EXACT_FINDINGS,NONE_KNOWN,MAPPING_PASS_NE_IMPLEMENTATION_OR_VISUAL_ACCEPTANCE,"CSV: CORRECTION_ID, HISTORICAL_TITLE, SEVERITY, CORRECTION_CLASS, DEPENDENCY_STAGE, EXECUTION_STATUS, EVIDENCE_EXECUTED, REMAINING_PROOF_OR_GATE, FILES_FROM_HISTORICAL_REGISTER, HISTORICAL_RECOMMENDED_ACTION, SELF_ACCEPTANCE, GITHUB_OR_GOVERNED_DRIVE_PRODUCT_MUTATION, WRITER_VERSION, WRITER_SOURCE_TREE_SHA, WRITER_SOURCE_MANIFEST_SHA256",Current direct Owner supersedes conflicting clauses; acceptance does not transfer from title/version,False,Source normative/descriptive separation preserved from bundled content registry,SUPPORTING_EVIDENCE_NOT_IMPLEMENTATION_AUTHORITY,false,No retained source auto-promotes old Production/GitHub/stack implementation into current Foundation authority.
CEP_W01_W02_C001_C032_CORRECTION_LEDGER_v1.1.5_PRE_COLAB_SOURCE_COMPLETE.csv,7d9599c70cfc41ac32c4391af9de1c79940e61f6129d4352ae548458c2344e52,36088,W01_W02_TRACEABILITY_OR_ASSURANCE,TRACEABILITY_OR_ASSURANCE_EVIDENCE,NO_EXCEPT_EMBEDDED_EXPLICIT_ADJUDICATION,YES_WHERE_EXACT_IDENTITY_OR_OBSERVATION,CURRENT_OR_RETAINED,MAPPING_OR_TEST_STATUS_ONLY,YES_FOR_MAPPING_OR_FINDINGS,REUSE_TRACEABILITY_METHOD_AND_EXACT_FINDINGS,NONE_KNOWN,MAPPING_PASS_NE_IMPLEMENTATION_OR_VISUAL_ACCEPTANCE,"CSV: CORRECTION_ID, HISTORICAL_TITLE, SEVERITY, CORRECTION_CLASS, DEPENDENCY_STAGE, EXECUTION_STATUS, EVIDENCE_EXECUTED, REMAINING_PROOF_OR_GATE, FILES_FROM_HISTORICAL_REGISTER, HISTORICAL_RECOMMENDED_ACTION, SELF_ACCEPTANCE, GITHUB_OR_GOVERNED_DRIVE_PRODUCT_MUTATION, WRITER_VERSION, WRITER_SOURCE_TREE_SHA, WRITER_SOURCE_MANIFEST_SHA256",Current direct Owner supersedes conflicting clauses; acceptance does not transfer from title/version,False,Source normative/descriptive separation preserved from bundled content registry,SUPPORTING_EVIDENCE_NOT_IMPLEMENTATION_AUTHORITY,false,No retained source auto-promotes old Production/GitHub/stack implementation into current Foundation authority.
CEP_W01_W02_C001_C032_CORRECTION_LEDGER_v1.1.5_PRE_COLAB_SOURCE_COMPLETE.json,4598bc43acbfb4e66fbca1bf07d031f3b9b6e7e0e4e38adb78555406a8da142c,50992,W01_W02_TRACEABILITY_OR_ASSURANCE,TRACEABILITY_OR_ASSURANCE_EVIDENCE,NO_EXCEPT_EMBEDDED_EXPLICIT_ADJUDICATION,YES_WHERE_EXACT_IDENTITY_OR_OBSERVATION,CURRENT_OR_RETAINED,MAPPING_OR_TEST_STATUS_ONLY,YES_FOR_MAPPING_OR_FINDINGS,REUSE_TRACEABILITY_METHOD_AND_EXACT_FINDINGS,NONE_KNOWN,MAPPING_PASS_NE_IMPLEMENTATION_OR_VISUAL_ACCEPTANCE,,Current direct Owner supersedes conflicting clauses; acceptance does not transfer from title/version,False,Source normative/descriptive separation preserved from bundled content registry,SUPPORTING_EVIDENCE_NOT_IMPLEMENTATION_AUTHORITY,false,No retained source auto-promotes old Production/GitHub/stack implementation into current Foundation authority.
CEP_W01_W02_C025_CURRENT_HANDOFF_v1.0.md,27cdd4a791c836f6d012059b6b1a1c64b92f7945b38c6a3ec0708e5c2bec280e,1996,SUPPORTING_CONTROL_OR_EVIDENCE,SUPPORTING_CONTROL_OR_EVIDENCE,NO,YES_WHERE_EXACT_IDENTITY_OR_OBSERVATION,CURRENT_OR_RETAINED,NOT_PRODUCT_ACCEPTANCE,WHEN_MATERIAL_DETAIL_IS_USED,MINE_VALUE_WITH_DISPOSITION,NONE_KNOWN,DO_NOT_PROMOTE_EVIDENCE_TO_OWNER_ACCEPTANCE,CEP W01/W02 C025 CURRENT HANDOFF v1.0 | Read first | Do not redo | Proven | Current blocker | Exact continuation,Current direct Owner supersedes conflicting clauses; acceptance does not transfer from title/version,False,Source normative/descriptive separation preserved from bundled content registry,SUPPORTING_EVIDENCE_NOT_IMPLEMENTATION_AUTHORITY,false,No retained source auto-promotes old Production/GitHub/stack implementation into current Foundation authority.
CEP_W01_W02_C025_FORENSIC_EXECUTION_REPORT_v1.0.md,0c6c7d912c46f60d4bd5dfd43d376cecd933e1ea6269083512c190bb3916d358,6760,SUPPORTING_CONTROL_OR_EVIDENCE,SUPPORTING_CONTROL_OR_EVIDENCE,NO,YES_WHERE_EXACT_IDENTITY_OR_OBSERVATION,CURRENT_OR_RETAINED,NOT_PRODUCT_ACCEPTANCE,WHEN_MATERIAL_DETAIL_IS_USED,MINE_VALUE_WITH_DISPOSITION,NONE_KNOWN,DO_NOT_PROMOTE_EVIDENCE_TO_OWNER_ACCEPTANCE,CEP W01/W02 C025 FORENSIC EXECUTION + CORRECTION REPORT v1.0 | 1. Starting candidate | 2. Proven execution chronology | Bootstrap/input custody | CELL00 | CELL01 | CELL02 initial failure | CELL02 hotfix hash incident | CELL02 post-orchestration execution | 3. Runtime-discovered correction waves | Wave 1 | Wave 2,Current direct Owner supersedes conflicting clauses; acceptance does not transfer from title/version,False,Source normative/descriptive separation preserved from bundled content registry,SUPPORTING_EVIDENCE_NOT_IMPLEMENTATION_AUTHORITY,false,No retained source auto-promotes old Production/GitHub/stack implementation into current Foundation authority.
CEP_W01_W02_CELL_02_5_STATIC_VALIDATION_RECEIPT_v1.0.json,991663909b75739695304af41defbc222e5dc33a9f9d53e52ebc12a744852d4d,1279,W01_W02_TRACEABILITY_OR_ASSURANCE,TRACEABILITY_OR_ASSURANCE_EVIDENCE,NO_EXCEPT_EMBEDDED_EXPLICIT_ADJUDICATION,YES_WHERE_EXACT_IDENTITY_OR_OBSERVATION,CURRENT_OR_RETAINED,MAPPING_OR_TEST_STATUS_ONLY,YES_FOR_MAPPING_OR_FINDINGS,REUSE_TRACEABILITY_METHOD_AND_EXACT_FINDINGS,NONE_KNOWN,MAPPING_PASS_NE_IMPLEMENTATION_OR_VISUAL_ACCEPTANCE,"JSON keys: version, classification, cell, sha256, checks, status, runtime_execution_required",Current direct Owner supersedes conflicting clauses; acceptance does not transfer from title/version,False,Source normative/descriptive separation preserved from bundled content registry,SUPPORTING_EVIDENCE_NOT_IMPLEMENTATION_AUTHORITY,false,No retained source auto-promotes old Production/GitHub/stack implementation into current Foundation authority.
CEP_W01_W02_COLAB_CLEAN_PROVEN_PATH_v1.0.1.ipynb,8f585f3ceb16330b5798077331831b17279b6e52beab958137f571aa8d714c31,117128,RUNTIME_COLAB_METHOD_OR_EVIDENCE,RUNTIME_METHOD_OR_EVIDENCE,NO_PRODUCT_DESIGN,YES_WHERE_EXACT_IDENTITY_OR_OBSERVATION,CURRENT_OR_RETAINED,EVIDENCE_CLASS_ONLY,YES_FOR_RUNTIME_CUSTODY_OR_TEST,REUSE_RUNTIME_METHOD,NONE_KNOWN,RUNTIME_PASS_NE_OWNER_DESIGN_ACCEPTANCE,,Current direct Owner supersedes conflicting clauses; acceptance does not transfer from title/version,False,Source normative/descriptive separation preserved from bundled content registry,METHOD_ONLY,false,No retained source auto-promotes old Production/GitHub/stack implementation into current Foundation authority.
CEP_W01_W02_COLAB_CLEAN_PROVEN_PATH_v1.0.1_SHA256.txt,2a8a9f925838d810267158da8853fe8ca6232b32aebf10d076519b90e5fdff8c,115,RUNTIME_COLAB_METHOD_OR_EVIDENCE,RUNTIME_METHOD_OR_EVIDENCE,NO_PRODUCT_DESIGN,YES_WHERE_EXACT_IDENTITY_OR_OBSERVATION,CURRENT_OR_RETAINED,EVIDENCE_CLASS_ONLY,YES_FOR_RUNTIME_CUSTODY_OR_TEST,REUSE_RUNTIME_METHOD,NONE_KNOWN,RUNTIME_PASS_NE_OWNER_DESIGN_ACCEPTANCE,,Current direct Owner supersedes conflicting clauses; acceptance does not transfer from title/version,False,Source normative/descriptive separation preserved from bundled content registry,METHOD_ONLY,false,No retained source auto-promotes old Production/GitHub/stack implementation into current Foundation authority.
CEP_W01_W02_COLAB_CLEAN_PROVEN_PATH_v1.0.ipynb,deda6a966a4d373c48175f245c88f85ef8c27da00e0b30b24e1187f7af88c520,90797,RUNTIME_COLAB_METHOD_OR_EVIDENCE,RUNTIME_METHOD_OR_EVIDENCE,NO_PRODUCT_DESIGN,YES_WHERE_EXACT_IDENTITY_OR_OBSERVATION,CURRENT_OR_RETAINED,EVIDENCE_CLASS_ONLY,YES_FOR_RUNTIME_CUSTODY_OR_TEST,REUSE_RUNTIME_METHOD,NONE_KNOWN,RUNTIME_PASS_NE_OWNER_DESIGN_ACCEPTANCE,,Current direct Owner supersedes conflicting clauses; acceptance does not transfer from title/version,False,Source normative/descriptive separation preserved from bundled content registry,METHOD_ONLY,false,No retained source auto-promotes old Production/GitHub/stack implementation into current Foundation authority.
CEP_W01_W02_COLAB_CLEAN_PROVEN_PATH_v1.0_SHA256.txt,d3fc6a9b6a370e05f9b59a0c4393fd6eff95a957bf654e6d63307096eb356701,113,RUNTIME_COLAB_METHOD_OR_EVIDENCE,RUNTIME_METHOD_OR_EVIDENCE,NO_PRODUCT_DESIGN,YES_WHERE_EXACT_IDENTITY_OR_OBSERVATION,CURRENT_OR_RETAINED,EVIDENCE_CLASS_ONLY,YES_FOR_RUNTIME_CUSTODY_OR_TEST,REUSE_RUNTIME_METHOD,NONE_KNOWN,RUNTIME_PASS_NE_OWNER_DESIGN_ACCEPTANCE,,Current direct Owner supersedes conflicting clauses; acceptance does not transfer from title/version,False,Source normative/descriptive separation preserved from bundled content registry,METHOD_ONLY,false,No retained source auto-promotes old Production/GitHub/stack implementation into current Foundation authority.
CEP_W01_W02_COLAB_FINAL_EVIDENCE_TASK_v1.0.zip,530c113d7079095d3e04a22ed09cba819014f0be744b4dff689d41558c56fcb3,23070,RUNTIME_COLAB_METHOD_OR_EVIDENCE,RUNTIME_METHOD_OR_EVIDENCE,NO_PRODUCT_DESIGN,YES_WHERE_EXACT_IDENTITY_OR_OBSERVATION,CURRENT_OR_RETAINED,EVIDENCE_CLASS_ONLY,YES_FOR_RUNTIME_CUSTODY_OR_TEST,REUSE_RUNTIME_METHOD,NONE_KNOWN,RUNTIME_PASS_NE_OWNER_DESIGN_ACCEPTANCE,"ZIP members=8; types={'.md': 2, '.py': 5, '.json': 1}",Current direct Owner supersedes conflicting clauses; acceptance does not transfer from title/version,False,Source normative/descriptive separation preserved from bundled content registry,METHOD_ONLY,false,No retained source auto-promotes old Production/GitHub/stack implementation into current Foundation authority.
CEP_W01_W02_COLAB_FINAL_EVIDENCE_TASK_v1.0_SHA256.txt,153af9d04ee4d35053a8579a32ff2abae2a581f600079e927a1a605c0458a1d7,113,RUNTIME_COLAB_METHOD_OR_EVIDENCE,RUNTIME_METHOD_OR_EVIDENCE,NO_PRODUCT_DESIGN,YES_WHERE_EXACT_IDENTITY_OR_OBSERVATION,CURRENT_OR_RETAINED,EVIDENCE_CLASS_ONLY,YES_FOR_RUNTIME_CUSTODY_OR_TEST,REUSE_RUNTIME_METHOD,NONE_KNOWN,RUNTIME_PASS_NE_OWNER_DESIGN_ACCEPTANCE,,Current direct Owner supersedes conflicting clauses; acceptance does not transfer from title/version,False,Source normative/descriptive separation preserved from bundled content registry,METHOD_ONLY,false,No retained source auto-promotes old Production/GitHub/stack implementation into current Foundation authority.
CEP_W01_W02_COLAB_FINAL_RUNTIME_DB_BROWSER_EVIDENCE_PACKET_v1.0.md,66cfbbb919ff0e50cc8ab5f97af5d54292b96359019ebd01a5e53566cbadc509,2821,RUNTIME_COLAB_METHOD_OR_EVIDENCE,RUNTIME_METHOD_OR_EVIDENCE,NO_PRODUCT_DESIGN,YES_WHERE_EXACT_IDENTITY_OR_OBSERVATION,CURRENT_OR_RETAINED,EVIDENCE_CLASS_ONLY,YES_FOR_RUNTIME_CUSTODY_OR_TEST,REUSE_RUNTIME_METHOD,NONE_KNOWN,RUNTIME_PASS_NE_OWNER_DESIGN_ACCEPTANCE,CEP W01/W02 — COLAB FINAL RUNTIME / DB / BROWSER EVIDENCE PACKET v1.0 | Exact candidate | Entry gate | Mission | C025 — real application/database | Build/type/test | C026 — browser/reference/interaction | Evidence classes | External gates | Stop condition,Current direct Owner supersedes conflicting clauses; acceptance does not transfer from title/version,False,Source normative/descriptive separation preserved from bundled content registry,METHOD_ONLY,false,No retained source auto-promotes old Production/GitHub/stack implementation into current Foundation authority.
CEP_W01_W02_COLAB_TASK_C025_TO_C026_CUSTODY_BRIDGE_ADDENDUM_v1.0.md,3ed7cd74b38eb1e1d3f4f75bda594539b0520d111f5077581c20417b0e0ed13e,1507,RUNTIME_COLAB_METHOD_OR_EVIDENCE,RUNTIME_METHOD_OR_EVIDENCE,NO_PRODUCT_DESIGN,YES_WHERE_EXACT_IDENTITY_OR_OBSERVATION,CURRENT_OR_RETAINED,EVIDENCE_CLASS_ONLY,YES_FOR_RUNTIME_CUSTODY_OR_TEST,REUSE_RUNTIME_METHOD,NONE_KNOWN,RUNTIME_PASS_NE_OWNER_DESIGN_ACCEPTANCE,CEP W01/W02 COLAB TASK — C025→C026 CUSTODY BRIDGE ADDENDUM v1.0 | Why this addendum exists | New mandatory bridge cell | Explicit prohibitions | Next,Current direct Owner supersedes conflicting clauses; acceptance does not transfer from title/version,False,Source normative/descriptive separation preserved from bundled content registry,METHOD_ONLY,false,No retained source auto-promotes old Production/GitHub/stack implementation into current Foundation authority.
CEP_W01_W02_COLAB_TASK_CONTRACT_v1.0.md,fc855e8e3302e7b9b0d30ac46ca0b8d6878978e12a414cbf48160ff365bba8e3,4524,RUNTIME_COLAB_METHOD_OR_EVIDENCE,RUNTIME_METHOD_OR_EVIDENCE,NO_PRODUCT_DESIGN,YES_WHERE_EXACT_IDENTITY_OR_OBSERVATION,CURRENT_OR_RETAINED,EVIDENCE_CLASS_ONLY,YES_FOR_RUNTIME_CUSTODY_OR_TEST,REUSE_RUNTIME_METHOD,NONE_KNOWN,RUNTIME_PASS_NE_OWNER_DESIGN_ACCEPTANCE,CEP W01/W02 — NEW COLAB FINAL EVIDENCE TASK CONTRACT v1.0 | 1. Exact input identity | 2. Drive task root | 3. Runtime model | 4. Candidate staging | 5. Required exact toolchain | 6. C025 evidence | 7. C026 browser evidence | 8. Screenshot admissibility | 9. Secrets | 10. Final state,Current direct Owner supersedes conflicting clauses; acceptance does not transfer from title/version,False,Source normative/descriptive separation preserved from bundled content registry,METHOD_ONLY,false,No retained source auto-promotes old Production/GitHub/stack implementation into current Foundation authority.
CEP_W01_W02_COLAB_TASK_STATIC_VALIDATION_RECEIPT_v1.0.json,cf6228045aa428e20167555b5baa4be38ad8c528df19e28a5699d06be5503d5c,3282,W01_W02_TRACEABILITY_OR_ASSURANCE,TRACEABILITY_OR_ASSURANCE_EVIDENCE,NO_EXCEPT_EMBEDDED_EXPLICIT_ADJUDICATION,YES_WHERE_EXACT_IDENTITY_OR_OBSERVATION,CURRENT_OR_RETAINED,MAPPING_OR_TEST_STATUS_ONLY,YES_FOR_MAPPING_OR_FINDINGS,REUSE_TRACEABILITY_METHOD_AND_EXACT_FINDINGS,NONE_KNOWN,MAPPING_PASS_NE_IMPLEMENTATION_OR_VISUAL_ACCEPTANCE,"JSON keys: artifact, classification, expected, checks, pass, notes",Current direct Owner supersedes conflicting clauses; acceptance does not transfer from title/version,False,Source normative/descriptive separation preserved from bundled content registry,SUPPORTING_EVIDENCE_NOT_IMPLEMENTATION_AUTHORITY,false,No retained source auto-promotes old Production/GitHub/stack implementation into current Foundation authority.
CEP_W01_W02_CONTROLLER_v1.1.5.1_PRE_COLAB_MICRO_CORRECTION_EVIDENCE.zip,e2e182ec7a21db93ea53d58f0d8b49de021d11fb1cd9b7bb1cd52d633ea5b4ad,38744,RUNTIME_COLAB_METHOD_OR_EVIDENCE,RUNTIME_METHOD_OR_EVIDENCE,NO_PRODUCT_DESIGN,YES_WHERE_EXACT_IDENTITY_OR_OBSERVATION,CURRENT_OR_RETAINED,EVIDENCE_CLASS_ONLY,YES_FOR_RUNTIME_CUSTODY_OR_TEST,REUSE_RUNTIME_METHOD,NONE_KNOWN,RUNTIME_PASS_NE_OWNER_DESIGN_ACCEPTANCE,"ZIP members=13; types={'.log': 8, '.json': 2, '.md': 1, '.csv': 2}",Current direct Owner supersedes conflicting clauses; acceptance does not transfer from title/version,False,Source normative/descriptive separation preserved from bundled content registry,METHOD_ONLY,false,No retained source auto-promotes old Production/GitHub/stack implementation into current Foundation authority.
CEP_W01_W02_EXPLICIT_GATES_REGISTER_v1.1.4_FINAL_CLOSURE_HARDENED.csv,7345830656c3b467dc668e0e8c4a55b3887981ae2458a4ed8ec9ae603a3d1beb,4194,W01_W02_TRACEABILITY_OR_ASSURANCE,TRACEABILITY_OR_ASSURANCE_EVIDENCE,NO_EXCEPT_EMBEDDED_EXPLICIT_ADJUDICATION,YES_WHERE_EXACT_IDENTITY_OR_OBSERVATION,CURRENT_OR_RETAINED,MAPPING_OR_TEST_STATUS_ONLY,YES_FOR_MAPPING_OR_FINDINGS,REUSE_TRACEABILITY_METHOD_AND_EXACT_FINDINGS,NONE_KNOWN,MAPPING_PASS_NE_IMPLEMENTATION_OR_VISUAL_ACCEPTANCE,"CSV: GATE_ID, CLASS, STATUS, AFFECTED_ROWS, OWNER_BOUNDARY, SOURCE_IMPLEMENTATION, REASON, REQUIRED_TO_CLOSE, FORBIDDEN_SHORTCUT",Current direct Owner supersedes conflicting clauses; acceptance does not transfer from title/version,False,Source normative/descriptive separation preserved from bundled content registry,SUPPORTING_EVIDENCE_NOT_IMPLEMENTATION_AUTHORITY,false,No retained source auto-promotes old Production/GitHub/stack implementation into current Foundation authority.
CEP_W01_W02_EXPLICIT_REMAINING_GATES_REGISTER_v1.1.5_PRE_COLAB.csv,cb2ac76bfc1c9607f15d5d0c6c09adeab2e2141af4ad691ec0521d70e7623281,5582,W01_W02_TRACEABILITY_OR_ASSURANCE,TRACEABILITY_OR_ASSURANCE_EVIDENCE,NO_EXCEPT_EMBEDDED_EXPLICIT_ADJUDICATION,YES_WHERE_EXACT_IDENTITY_OR_OBSERVATION,CURRENT_OR_RETAINED,MAPPING_OR_TEST_STATUS_ONLY,YES_FOR_MAPPING_OR_FINDINGS,REUSE_TRACEABILITY_METHOD_AND_EXACT_FINDINGS,NONE_KNOWN,MAPPING_PASS_NE_IMPLEMENTATION_OR_VISUAL_ACCEPTANCE,"CSV: GATE_ID, CLASS, STATUS, AFFECTED_ROWS, OWNER_BOUNDARY, SOURCE_IMPLEMENTATION, REASON, REQUIRED_TO_CLOSE, FORBIDDEN_SHORTCUT",Current direct Owner supersedes conflicting clauses; acceptance does not transfer from title/version,False,Source normative/descriptive separation preserved from bundled content registry,SUPPORTING_EVIDENCE_NOT_IMPLEMENTATION_AUTHORITY,false,No retained source auto-promotes old Production/GitHub/stack implementation into current Foundation authority.
CEP_W01_W02_FINAL_CLOSURE_TEST_AND_ASSURANCE_RECEIPT_v1.1.4.json,cdb2269b9811f8537e4914381e97c8ba16e83865c995245c9d7345dc31b00682,4952,W01_W02_TRACEABILITY_OR_ASSURANCE,TRACEABILITY_OR_ASSURANCE_EVIDENCE,NO_EXCEPT_EMBEDDED_EXPLICIT_ADJUDICATION,YES_WHERE_EXACT_IDENTITY_OR_OBSERVATION,CURRENT_OR_RETAINED,MAPPING_OR_TEST_STATUS_ONLY,YES_FOR_MAPPING_OR_FINDINGS,REUSE_TRACEABILITY_METHOD_AND_EXACT_FINDINGS,NONE_KNOWN,MAPPING_PASS_NE_IMPLEMENTATION_OR_VISUAL_ACCEPTANCE,"JSON keys: artifact, classification, lineage, traceability, change_scope, executed_checks, environment_gates, remote_mutation, notes",Current direct Owner supersedes conflicting clauses; acceptance does not transfer from title/version,False,Source normative/descriptive separation preserved from bundled content registry,SUPPORTING_EVIDENCE_NOT_IMPLEMENTATION_AUTHORITY,false,No retained source auto-promotes old Production/GitHub/stack implementation into current Foundation authority.
CEP_W01_W02_POST_DEEP_AUDIT_SUCCESSOR_CONTROL_CYCLE1_v1.0.md,2d1830a951c9aec5dbac02b525f381b9416b1593bfb8e2a03684b0102f7ff550,4833,SUPPORTING_CONTROL_OR_EVIDENCE,SUPPORTING_CONTROL_OR_EVIDENCE,NO,YES_WHERE_EXACT_IDENTITY_OR_OBSERVATION,CURRENT_OR_RETAINED,NOT_PRODUCT_ACCEPTANCE,WHEN_MATERIAL_DETAIL_IS_USED,MINE_VALUE_WITH_DISPOSITION,NONE_KNOWN,DO_NOT_PROMOTE_EVIDENCE_TO_OWNER_ACCEPTANCE,CEP — W01 + W02 Astra Mission #1 — Post-Deep-Audit Successor Control — Cycle 1 v1.0 | 1. Classification | 2. Source identity established | 3. Direct Blueprint → production conclusion | 4. Assurance Factory | 5. Controller decision | 6. Big Boss consumption | 7. Colab role | 8. Stop gate after Cycle 1,Current direct Owner supersedes conflicting clauses; acceptance does not transfer from title/version,False,Source normative/descriptive separation preserved from bundled content registry,SUPPORTING_EVIDENCE_NOT_IMPLEMENTATION_AUTHORITY,false,No retained source auto-promotes old Production/GitHub/stack implementation into current Foundation authority.
CEP_W01_W02_PRE_COLAB_SOURCE_COMPLETION_ACCEPTANCE_MATRIX_v1.0.csv,6c8402ecf2ca7663509041d16c886f66dd2702e055738b9e159a2da5bcd7608e,3065,W01_W02_TRACEABILITY_OR_ASSURANCE,TRACEABILITY_OR_ASSURANCE_EVIDENCE,NO_EXCEPT_EMBEDDED_EXPLICIT_ADJUDICATION,YES_WHERE_EXACT_IDENTITY_OR_OBSERVATION,CURRENT_OR_RETAINED,MAPPING_OR_TEST_STATUS_ONLY,YES_FOR_MAPPING_OR_FINDINGS,REUSE_TRACEABILITY_METHOD_AND_EXACT_FINDINGS,NONE_KNOWN,MAPPING_PASS_NE_IMPLEMENTATION_OR_VISUAL_ACCEPTANCE,"CSV: ID, SEVERITY, SCOPE, REQUIRED_CHANGE, PRIMARY_OWNERS, ACCEPTANCE_PROOF, FORBIDDEN_SHORTCUT",Current direct Owner supersedes conflicting clauses; acceptance does not transfer from title/version,False,Source normative/descriptive separation preserved from bundled content registry,SUPPORTING_EVIDENCE_NOT_IMPLEMENTATION_AUTHORITY,false,No retained source auto-promotes old Production/GitHub/stack implementation into current Foundation authority.
CEP_W01_W02_PRE_COLAB_SOURCE_COMPLETION_ACCEPTANCE_MATRIX_v1.1.5_COMPLETED.csv,d941e0aef7538ff382f05324467673b993a757d6939ac1846a742e7850b15a20,6955,W01_W02_TRACEABILITY_OR_ASSURANCE,TRACEABILITY_OR_ASSURANCE_EVIDENCE,NO_EXCEPT_EMBEDDED_EXPLICIT_ADJUDICATION,YES_WHERE_EXACT_IDENTITY_OR_OBSERVATION,CURRENT_OR_RETAINED,MAPPING_OR_TEST_STATUS_ONLY,YES_FOR_MAPPING_OR_FINDINGS,REUSE_TRACEABILITY_METHOD_AND_EXACT_FINDINGS,NONE_KNOWN,MAPPING_PASS_NE_IMPLEMENTATION_OR_VISUAL_ACCEPTANCE,"CSV: index, ID, SEVERITY, SCOPE, REQUIRED_CHANGE, PRIMARY_OWNERS, ACCEPTANCE_PROOF, FORBIDDEN_SHORTCUT, WRITER_SOURCE_STATUS, EXECUTED_PROOF, RUNTIME_BROWSER_DB_STATUS, ANTI_LOSS_RESULT, SELF_ACCEPTANCE",Current direct Owner supersedes conflicting clauses; acceptance does not transfer from title/version,False,Source normative/descriptive separation preserved from bundled content registry,SUPPORTING_EVIDENCE_NOT_IMPLEMENTATION_AUTHORITY,false,No retained source auto-promotes old Production/GitHub/stack implementation into current Foundation authority.
CEP_W01_W02_PRE_COLAB_TEST_AND_SEMANTIC_RECEIPT_v1.1.5.json,f375279ca5f256f674c8f23373bd855800e2bf42fecdff8758a0804a695fc9fc,6459,W01_W02_TRACEABILITY_OR_ASSURANCE,TRACEABILITY_OR_ASSURANCE_EVIDENCE,NO_EXCEPT_EMBEDDED_EXPLICIT_ADJUDICATION,YES_WHERE_EXACT_IDENTITY_OR_OBSERVATION,CURRENT_OR_RETAINED,MAPPING_OR_TEST_STATUS_ONLY,YES_FOR_MAPPING_OR_FINDINGS,REUSE_TRACEABILITY_METHOD_AND_EXACT_FINDINGS,NONE_KNOWN,MAPPING_PASS_NE_IMPLEMENTATION_OR_VISUAL_ACCEPTANCE,"JSON keys: artifact, classification, controlling_packet, controller_adjudication, lineage, traceability, c024, changed_scope, executed_checks, not_promoted_to_pass, environment, remote_mutation, writer_terminal_classification",Current direct Owner supersedes conflicting clauses; acceptance does not transfer from title/version,False,Source normative/descriptive separation preserved from bundled content registry,SUPPORTING_EVIDENCE_NOT_IMPLEMENTATION_AUTHORITY,false,No retained source auto-promotes old Production/GitHub/stack implementation into current Foundation authority.
CEP_W01_W02_PRODUCTION_KNOWLEDGE_WORKBENCH_FORGE_v1.0_CANDIDATE.zip,1b23417a09201979f690bae32b2a36a2fb5724053348de31205011302c34d1d8,3196405,HISTORICAL_OR_CANDIDATE_IMPLEMENTATION_ARCHIVE,HISTORICAL_OR_IMPLEMENTATION_CANDIDATE,NO,YES_WHERE_EXACT_IDENTITY_OR_OBSERVATION,CURRENT_OR_RETAINED,NOT_PRODUCT_ACCEPTANCE,ONLY_FOR_CURRENT_CODE_OR_VALUE_RECOVERY,MINE_WORKING_IMPLEMENTATION_VALUE_ONLY,NONE_KNOWN,DO_NOT_PROMOTE_EVIDENCE_TO_OWNER_ACCEPTANCE,"ZIP members=664; types={'.md': 111, '.json': 50, '.csv': 13, '.patch': 1, '': 19, '.example': 1, '.yml': 15, '.php': 210, '.yaml': 3, '.lock': 1, '.css': 3, '.js': 3, '.html': 7, '.png': 14, '.ts': 34, '.neon': 1, '.xml': 1, '.tsv': 45, '.ico': 1, '.txt': 4, '.vue': 45, '.mjs': 2, '.py': 70, '.log': 10}",Current direct Owner supersedes conflicting clauses; acceptance does not transfer from title/version,False,Source normative/descriptive separation preserved from bundled content registry,HISTORICAL_ONLY,false,No retained source auto-promotes old Production/GitHub/stack implementation into current Foundation authority.
CEP_W01_W02_PRODUCTION_KNOWLEDGE_WORKBENCH_FORGE_v1.1.1_WRITER_B_REVIEW_HARDENED_TRACEABILITY_GATED_RESULT.zip,4c463c6c9f1a1f9fbd3513f1fc94aeb50e51a79eed146776646d44865668bb75,2392392,WRITER_PACKET_OR_HANDOFF,WRITER_PACKET_OR_HANDOFF,BOUNDED_EXECUTION_ONLY_IF_CURRENT,YES_WHERE_EXACT_IDENTITY_OR_OBSERVATION,CURRENT_OR_RETAINED,NOT_SELF_ACCEPTING,YES_IF_RECONSTRUCTING_LANE,MINE_TASK_SCOPE_AND_RETURN_EVIDENCE,NONE_KNOWN,WRITER_CLAIM_NE_CONTROLLER_ACCEPTANCE,"ZIP members=602; types={'.csv': 6, '': 19, '.example': 1, '.yml': 15, '.md': 101, '.php': 211, '.yaml': 3, '.json': 10, '.lock': 1, '.css': 3, '.js': 4, '.html': 1, '.png': 14, '.ts': 35, '.neon': 1, '.xml': 1, '.tsv': 45, '.ico': 1, '.txt': 4, '.vue': 45, '.mjs': 2, '.py': 70, '.xlsx': 1, '.patch': 1, '.log': 7}",Current direct Owner supersedes conflicting clauses; acceptance does not transfer from title/version,False,Source normative/descriptive separation preserved from bundled content registry,SUPPORTING_EVIDENCE_NOT_IMPLEMENTATION_AUTHORITY,false,No retained source auto-promotes old Production/GitHub/stack implementation into current Foundation authority.
CEP_W01_W02_PRODUCTION_KNOWLEDGE_WORKBENCH_FORGE_v1.1.4_WRITER_B_FINAL_CLOSURE_HARDENED_RESULT.zip,5954e55db93411293cacb28b4082f54cf53fe8fc3950e9e56ad36cf97b82d636,2702115,WRITER_PACKET_OR_HANDOFF,WRITER_PACKET_OR_HANDOFF,BOUNDED_EXECUTION_ONLY_IF_CURRENT,YES_WHERE_EXACT_IDENTITY_OR_OBSERVATION,CURRENT_OR_RETAINED,NOT_SELF_ACCEPTING,YES_IF_RECONSTRUCTING_LANE,MINE_TASK_SCOPE_AND_RETURN_EVIDENCE,NONE_KNOWN,WRITER_CLAIM_NE_CONTROLLER_ACCEPTANCE,"ZIP members=618; types={'.csv': 6, '.md': 110, '.json': 11, '': 19, '.example': 1, '.yml': 15, '.php': 211, '.yaml': 3, '.lock': 1, '.css': 3, '.js': 4, '.html': 2, '.png': 14, '.ts': 36, '.neon': 1, '.xml': 1, '.tsv': 45, '.ico': 1, '.txt': 2, '.vue': 49, '.mjs': 2, '.py': 70, '.xlsx': 2, '.log': 9}",Current direct Owner supersedes conflicting clauses; acceptance does not transfer from title/version,False,Source normative/descriptive separation preserved from bundled content registry,SUPPORTING_EVIDENCE_NOT_IMPLEMENTATION_AUTHORITY,false,No retained source auto-promotes old Production/GitHub/stack implementation into current Foundation authority.
CEP_W01_W02_PRODUCTION_KNOWLEDGE_WORKBENCH_FORGE_v1.1.5.1_PRE_COLAB_MICRO_CORRECTED_CANDIDATE.zip,e554e9badbd0a79ad4ae84c7d72a875cf9cb9ce0fc8ddf71c810a12c355089be,3020398,HISTORICAL_OR_CANDIDATE_IMPLEMENTATION_ARCHIVE,HISTORICAL_OR_IMPLEMENTATION_CANDIDATE,NO,YES_WHERE_EXACT_IDENTITY_OR_OBSERVATION,CURRENT_OR_RETAINED,NOT_PRODUCT_ACCEPTANCE,ONLY_FOR_CURRENT_CODE_OR_VALUE_RECOVERY,MINE_WORKING_IMPLEMENTATION_VALUE_ONLY,NONE_KNOWN,DO_NOT_PROMOTE_EVIDENCE_TO_OWNER_ACCEPTANCE,"ZIP members=668; types={'.log': 29, '.csv': 14, '.md': 115, '.json': 19, '.xlsx': 3, '.lock': 1, '': 19, '.php': 215, '.neon': 1, '.html': 2, '.png': 14, '.css': 3, '.js': 4, '.yaml': 3, '.mjs': 5, '.ts': 36, '.example': 1, '.yml': 15, '.py': 71, '.txt': 2, '.xml': 1, '.ico': 1, '.vue': 49, '.tsv': 45}",Current direct Owner supersedes conflicting clauses; acceptance does not transfer from title/version,False,Source normative/descriptive separation preserved from bundled content registry,HISTORICAL_ONLY,false,No retained source auto-promotes old Production/GitHub/stack implementation into current Foundation authority.
CEP_W01_W02_PRODUCTION_KNOWLEDGE_WORKBENCH_FORGE_v1.1.5_PRE_COLAB_SOURCE_COMPLETE_CANDIDATE.zip,043fa7230552eb0ee2af0e9930a4ddce1fef9bac37059841e5a4b7b5cfa5449c,2946629,HISTORICAL_OR_CANDIDATE_IMPLEMENTATION_ARCHIVE,HISTORICAL_OR_IMPLEMENTATION_CANDIDATE,NO,YES_WHERE_EXACT_IDENTITY_OR_OBSERVATION,CURRENT_OR_RETAINED,NOT_PRODUCT_ACCEPTANCE,ONLY_FOR_CURRENT_CODE_OR_VALUE_RECOVERY,MINE_WORKING_IMPLEMENTATION_VALUE_ONLY,NONE_KNOWN,DO_NOT_PROMOTE_EVIDENCE_TO_OWNER_ACCEPTANCE,"ZIP members=653; types={'.csv': 12, '.md': 113, '.json': 16, '.xlsx': 3, '': 19, '.example': 1, '.yml': 15, '.php': 215, '.yaml': 3, '.lock': 1, '.css': 3, '.js': 4, '.html': 2, '.png': 14, '.ts': 36, '.neon': 1, '.xml': 1, '.tsv': 45, '.ico': 1, '.txt': 2, '.vue': 49, '.mjs': 5, '.py': 71, '.log': 21}",Current direct Owner supersedes conflicting clauses; acceptance does not transfer from title/version,False,Source normative/descriptive separation preserved from bundled content registry,HISTORICAL_ONLY,false,No retained source auto-promotes old Production/GitHub/stack implementation into current Foundation authority.
CEP_W01_W02_WRITER_B_FINAL_CLOSURE_HANDOFF_AR_v1.1.4.md,ed2853799ee3b6472689d0e01aba49b0393e8a5fcfd4b8a20ae47a5e9d57b0ec,1907,WRITER_PACKET_OR_HANDOFF,WRITER_PACKET_OR_HANDOFF,BOUNDED_EXECUTION_ONLY_IF_CURRENT,YES_WHERE_EXACT_IDENTITY_OR_OBSERVATION,CURRENT_OR_RETAINED,NOT_SELF_ACCEPTING,YES_IF_RECONSTRUCTING_LANE,MINE_TASK_SCOPE_AND_RETURN_EVIDENCE,NONE_KNOWN,WRITER_CLAIM_NE_CONTROLLER_ACCEPTANCE,CEP W01/W02 — Writer-B v1.1.4 Final Closure Handoff | Controller intake | Identity | Controller-dispatched parity | Additional final-closure hardening | Assurance | Required independent review,Current direct Owner supersedes conflicting clauses; acceptance does not transfer from title/version,False,Source normative/descriptive separation preserved from bundled content registry,SUPPORTING_EVIDENCE_NOT_IMPLEMENTATION_AUTHORITY,false,No retained source auto-promotes old Production/GitHub/stack implementation into current Foundation authority.
CEP_W01_W02_WRITER_B_FINAL_CLOSURE_VERIFICATION_AR_v1.1.4.md,b33cb88e89c3c117ef9501aaf08118c451e9cfa55bc99bc44825b3a4ff5d2e48,4074,WRITER_PACKET_OR_HANDOFF,INDEPENDENT_CONTROLLER_REVIEW_EVIDENCE,NO_EXCEPT_EXPLICIT_CONTROLLER_FINDING,YES_WHERE_EXACT_IDENTITY_OR_OBSERVATION,CURRENT_OR_RETAINED,REVIEW_VERDICT_ONLY,YES,MINE_FINDINGS_AND_EVIDENCE_LIMITS,NONE_KNOWN,REVIEW_PASS_NE_OWNER_ACCEPTANCE_UNLESS_EXPLICITLY_ADJUDICATED,CEP W01/W02 — Writer-B Final Closure Verification v1.1.4 | 1. هوية السلالة | 2. إغلاق نطاق الـ packet | 3. Final verdict distribution (80 rows) | 4. Linked Sticky Notes hardening | 5. Executed assurance | 6. Evidence gates that remain honest | 7. Final Writer disposition,Current direct Owner supersedes conflicting clauses; acceptance does not transfer from title/version,False,Source normative/descriptive separation preserved from bundled content registry,SUPPORTING_EVIDENCE_NOT_IMPLEMENTATION_AUTHORITY,false,No retained source auto-promotes old Production/GitHub/stack implementation into current Foundation authority.
CEP_W01_W02_WRITER_B_PRE_COLAB_SOURCE_COMPLETION_HANDOFF_AR_v1.1.5.md,40c50501b3a4a7bda932ed12a6263071974a6934efd5716ebe9e7d95c241a9d6,5718,WRITER_PACKET_OR_HANDOFF,WRITER_PACKET_OR_HANDOFF,BOUNDED_EXECUTION_ONLY_IF_CURRENT,YES_WHERE_EXACT_IDENTITY_OR_OBSERVATION,CURRENT_OR_RETAINED,NOT_SELF_ACCEPTING,YES_IF_RECONSTRUCTING_LANE,MINE_TASK_SCOPE_AND_RETURN_EVIDENCE,NONE_KNOWN,WRITER_CLAIM_NE_CONTROLLER_ACCEPTANCE,CEP W01/W02 — Writer-B v1.1.5 PRE-COLAB Source Completion — تسليم إلى Controller | 1. هوية الـlineage | 2. النتيجة المصدرية لعائلة V4 | 3. النتيجة المصدرية لـ C024 | 4. Anti-loss / Factory | 5. Gates التي بقيت عمدًا | 6. Colab / remote mutation | 7. Writer terminal classification,Current direct Owner supersedes conflicting clauses; acceptance does not transfer from title/version,False,Source normative/descriptive separation preserved from bundled content registry,SUPPORTING_EVIDENCE_NOT_IMPLEMENTATION_AUTHORITY,false,No retained source auto-promotes old Production/GitHub/stack implementation into current Foundation authority.
CEP_W01_W02_WRITER_B_PRE_COLAB_SOURCE_COMPLETION_VERIFICATION_AR_v1.1.5.md,76a9128a6064845234a9753fc24daa75e76dbec83a589795cef51d2abed183a2,1238,WRITER_PACKET_OR_HANDOFF,WRITER_PACKET_OR_HANDOFF,BOUNDED_EXECUTION_ONLY_IF_CURRENT,YES_WHERE_EXACT_IDENTITY_OR_OBSERVATION,CURRENT_OR_RETAINED,NOT_SELF_ACCEPTING,YES_IF_RECONSTRUCTING_LANE,MINE_TASK_SCOPE_AND_RETURN_EVIDENCE,NONE_KNOWN,WRITER_CLAIM_NE_CONTROLLER_ACCEPTANCE,التحقق النهائي — Writer-B v1.1.5 PRE-COLAB | Identity | Scope | Tests | Traceability | Evidence boundaries,Current direct Owner supersedes conflicting clauses; acceptance does not transfer from title/version,False,Source normative/descriptive separation preserved from bundled content registry,SUPPORTING_EVIDENCE_NOT_IMPLEMENTATION_AUTHORITY,false,No retained source auto-promotes old Production/GitHub/stack implementation into current Foundation authority.
CEP_W01_W02_WRITER_B_V1.1.1_DELIVERY_SHA256.txt,3d815a83864eec5196f62d1f9697b5d5460cabf2d4e007db4fd188d0de9cc37f,462,WRITER_PACKET_OR_HANDOFF,WRITER_PACKET_OR_HANDOFF,BOUNDED_EXECUTION_ONLY_IF_CURRENT,YES_WHERE_EXACT_IDENTITY_OR_OBSERVATION,CURRENT_OR_RETAINED,NOT_SELF_ACCEPTING,YES_IF_RECONSTRUCTING_LANE,MINE_TASK_SCOPE_AND_RETURN_EVIDENCE,NONE_KNOWN,WRITER_CLAIM_NE_CONTROLLER_ACCEPTANCE,,Current direct Owner supersedes conflicting clauses; acceptance does not transfer from title/version,False,Source normative/descriptive separation preserved from bundled content registry,SUPPORTING_EVIDENCE_NOT_IMPLEMENTATION_AUTHORITY,false,No retained source auto-promotes old Production/GitHub/stack implementation into current Foundation authority.
CEP_W01_W02_WRITER_B_V1.1.1_REVIEW_HARDENED_EVIDENCE.zip,24cf36bbee09ed1ef438acbbb5c6fce4cf051e2fb6ee150b9e464067bb9023e8,210835,WRITER_PACKET_OR_HANDOFF,WRITER_PACKET_OR_HANDOFF,BOUNDED_EXECUTION_ONLY_IF_CURRENT,YES_WHERE_EXACT_IDENTITY_OR_OBSERVATION,CURRENT_OR_RETAINED,NOT_SELF_ACCEPTING,YES_IF_RECONSTRUCTING_LANE,MINE_TASK_SCOPE_AND_RETURN_EVIDENCE,NONE_KNOWN,WRITER_CLAIM_NE_CONTROLLER_ACCEPTANCE,"ZIP members=24; types={'.json': 5, '.xlsx': 1, '.csv': 6, '.txt': 2, '.patch': 1, '.md': 2, '.log': 7}",Current direct Owner supersedes conflicting clauses; acceptance does not transfer from title/version,False,Source normative/descriptive separation preserved from bundled content registry,SUPPORTING_EVIDENCE_NOT_IMPLEMENTATION_AUTHORITY,false,No retained source auto-promotes old Production/GitHub/stack implementation into current Foundation authority.
CEP_W01_W02_WRITER_B_V1_1_1_REVIEW_HARDENED_HANDOFF_AR.md,df3d765b4ad0c5d9843c6fc39dc92f172f8b6ef290cbacdd7155733874ef6121,7881,WRITER_PACKET_OR_HANDOFF,WRITER_PACKET_OR_HANDOFF,BOUNDED_EXECUTION_ONLY_IF_CURRENT,YES_WHERE_EXACT_IDENTITY_OR_OBSERVATION,CURRENT_OR_RETAINED,NOT_SELF_ACCEPTING,YES_IF_RECONSTRUCTING_LANE,MINE_TASK_SCOPE_AND_RETURN_EVIDENCE,NONE_KNOWN,WRITER_CLAIM_NE_CONTROLLER_ACCEPTANCE,CEP — W01 + W02 Production Correction Writer — Writer-B v1.1.1 Review-Hardened | التصنيف | الهوية والتحقق من السلالة | C001–C032 | Blueprint → Production Traceability Factory v1.1.1 | ZERO_ORPHAN_PRODUCTION_TRACEABILITY_GATE | التحقق المنفذ فعليًا | Stop condition,Current direct Owner supersedes conflicting clauses; acceptance does not transfer from title/version,False,Source normative/descriptive separation preserved from bundled content registry,SUPPORTING_EVIDENCE_NOT_IMPLEMENTATION_AUTHORITY,false,No retained source auto-promotes old Production/GitHub/stack implementation into current Foundation authority.
CEP_W01_W02_WRITER_B_v1.1.4_DELIVERY_SHA256.txt,4fd94dfc333dae004154fb93decacfb1e6c2facf46cb958c36ef4f2021c05525,1493,WRITER_PACKET_OR_HANDOFF,WRITER_PACKET_OR_HANDOFF,BOUNDED_EXECUTION_ONLY_IF_CURRENT,YES_WHERE_EXACT_IDENTITY_OR_OBSERVATION,CURRENT_OR_RETAINED,NOT_SELF_ACCEPTING,YES_IF_RECONSTRUCTING_LANE,MINE_TASK_SCOPE_AND_RETURN_EVIDENCE,NONE_KNOWN,WRITER_CLAIM_NE_CONTROLLER_ACCEPTANCE,,Current direct Owner supersedes conflicting clauses; acceptance does not transfer from title/version,False,Source normative/descriptive separation preserved from bundled content registry,SUPPORTING_EVIDENCE_NOT_IMPLEMENTATION_AUTHORITY,false,No retained source auto-promotes old Production/GitHub/stack implementation into current Foundation authority.
CEP_W01_W02_WRITER_B_v1.1.4_FINAL_CLOSURE_HARDENED_EVIDENCE.zip,1652009f82046a9826e6c919b3cd3e225def8c4929143d47dedaac4b976730f9,293125,WRITER_PACKET_OR_HANDOFF,WRITER_PACKET_OR_HANDOFF,BOUNDED_EXECUTION_ONLY_IF_CURRENT,YES_WHERE_EXACT_IDENTITY_OR_OBSERVATION,CURRENT_OR_RETAINED,NOT_SELF_ACCEPTING,YES_IF_RECONSTRUCTING_LANE,MINE_TASK_SCOPE_AND_RETURN_EVIDENCE,NONE_KNOWN,WRITER_CLAIM_NE_CONTROLLER_ACCEPTANCE,"ZIP members=34; types={'.xlsx': 2, '.csv': 6, '.json': 6, '.md': 11, '.log': 9}",Current direct Owner supersedes conflicting clauses; acceptance does not transfer from title/version,False,Source normative/descriptive separation preserved from bundled content registry,SUPPORTING_EVIDENCE_NOT_IMPLEMENTATION_AUTHORITY,false,No retained source auto-promotes old Production/GitHub/stack implementation into current Foundation authority.
CEP_W01_W02_WRITER_B_v1.1.5_FINAL_SHA256.txt,52e55a94d346763e196ea944764270bc47faaa94c718d60c50644457512cefd0,1035,WRITER_PACKET_OR_HANDOFF,WRITER_PACKET_OR_HANDOFF,BOUNDED_EXECUTION_ONLY_IF_CURRENT,YES_WHERE_EXACT_IDENTITY_OR_OBSERVATION,CURRENT_OR_RETAINED,NOT_SELF_ACCEPTING,YES_IF_RECONSTRUCTING_LANE,MINE_TASK_SCOPE_AND_RETURN_EVIDENCE,NONE_KNOWN,WRITER_CLAIM_NE_CONTROLLER_ACCEPTANCE,,Current direct Owner supersedes conflicting clauses; acceptance does not transfer from title/version,False,Source normative/descriptive separation preserved from bundled content registry,SUPPORTING_EVIDENCE_NOT_IMPLEMENTATION_AUTHORITY,false,No retained source auto-promotes old Production/GitHub/stack implementation into current Foundation authority.
CEP_W01_W02_WRITER_B_v1.1.5_PRE_COLAB_SOURCE_COMPLETION_EVIDENCE.zip,cc4ab5e2718edfccb9ff48fe4cdf7096d3efc37fad1dba867e4afe8d84f8e15e,214979,WRITER_PACKET_OR_HANDOFF,WRITER_PACKET_OR_HANDOFF,BOUNDED_EXECUTION_ONLY_IF_CURRENT,YES_WHERE_EXACT_IDENTITY_OR_OBSERVATION,CURRENT_OR_RETAINED,NOT_SELF_ACCEPTING,YES_IF_RECONSTRUCTING_LANE,MINE_TASK_SCOPE_AND_RETURN_EVIDENCE,NONE_KNOWN,WRITER_CLAIM_NE_CONTROLLER_ACCEPTANCE,"ZIP members=26; types={'.xlsx': 1, '.csv': 6, '.json': 4, '.md': 3, '.log': 12}",Current direct Owner supersedes conflicting clauses; acceptance does not transfer from title/version,False,Source normative/descriptive separation preserved from bundled content registry,SUPPORTING_EVIDENCE_NOT_IMPLEMENTATION_AUTHORITY,false,No retained source auto-promotes old Production/GitHub/stack implementation into current Foundation authority.
CEP_W01_W02_ZERO_ORPHAN_AND_FINAL_IMPLEMENTATION_GATE_v1.1.4.md,dba06f4fb3ab9bdaff0a54666bf2237b9614c92124658b12a1735df3fd4791ff,1395,W01_W02_TRACEABILITY_OR_ASSURANCE,TRACEABILITY_OR_ASSURANCE_EVIDENCE,NO_EXCEPT_EMBEDDED_EXPLICIT_ADJUDICATION,YES_WHERE_EXACT_IDENTITY_OR_OBSERVATION,CURRENT_OR_RETAINED,MAPPING_OR_TEST_STATUS_ONLY,YES_FOR_MAPPING_OR_FINDINGS,REUSE_TRACEABILITY_METHOD_AND_EXACT_FINDINGS,NONE_KNOWN,MAPPING_PASS_NE_IMPLEMENTATION_OR_VISUAL_ACCEPTANCE,CEP W01/W02 — Zero-Orphan + Final Implementation Gate v1.1.4 | Destination mapping | Current bounded implementation | Gates not collapsed into implementation PASS,Current direct Owner supersedes conflicting clauses; acceptance does not transfer from title/version,False,Source normative/descriptive separation preserved from bundled content registry,SUPPORTING_EVIDENCE_NOT_IMPLEMENTATION_AUTHORITY,false,No retained source auto-promotes old Production/GitHub/stack implementation into current Foundation authority.
CEP_W01_W02_ZERO_ORPHAN_AND_PRE_COLAB_SOURCE_GATE_v1.1.5.md,39a5253de6026f970e71a254803f5c842ebdf1e1b401948395cf07a35c1862c3,943,W01_W02_TRACEABILITY_OR_ASSURANCE,TRACEABILITY_OR_ASSURANCE_EVIDENCE,NO_EXCEPT_EMBEDDED_EXPLICIT_ADJUDICATION,YES_WHERE_EXACT_IDENTITY_OR_OBSERVATION,CURRENT_OR_RETAINED,MAPPING_OR_TEST_STATUS_ONLY,YES_FOR_MAPPING_OR_FINDINGS,REUSE_TRACEABILITY_METHOD_AND_EXACT_FINDINGS,NONE_KNOWN,MAPPING_PASS_NE_IMPLEMENTATION_OR_VISUAL_ACCEPTANCE,CEP W01/W02 — PRE-COLAB Source Gate — Writer-B v1.1.5,Current direct Owner supersedes conflicting clauses; acceptance does not transfer from title/version,False,Source normative/descriptive separation preserved from bundled content registry,SUPPORTING_EVIDENCE_NOT_IMPLEMENTATION_AUTHORITY,false,No retained source auto-promotes old Production/GitHub/stack implementation into current Foundation authority.
CEP_W01_W02_ZERO_ORPHAN_PRODUCTION_TRACEABILITY_GATE_v1.1.1.md,88535fd8e81efdd306065a7df6d94f668d570e56f63a5e5c8148793ae09d83d6,2888,W01_W02_TRACEABILITY_OR_ASSURANCE,TRACEABILITY_OR_ASSURANCE_EVIDENCE,NO_EXCEPT_EMBEDDED_EXPLICIT_ADJUDICATION,YES_WHERE_EXACT_IDENTITY_OR_OBSERVATION,CURRENT_OR_RETAINED,MAPPING_OR_TEST_STATUS_ONLY,YES_FOR_MAPPING_OR_FINDINGS,REUSE_TRACEABILITY_METHOD_AND_EXACT_FINDINGS,NONE_KNOWN,MAPPING_PASS_NE_IMPLEMENTATION_OR_VISUAL_ACCEPTANCE,CEP W01/W02 — ZERO_ORPHAN_PRODUCTION_TRACEABILITY_GATE v1.1.1 | Verdict counts | Unresolved destination rows | Consequence,Current direct Owner supersedes conflicting clauses; acceptance does not transfer from title/version,False,Source normative/descriptive separation preserved from bundled content registry,SUPPORTING_EVIDENCE_NOT_IMPLEMENTATION_AUTHORITY,false,No retained source auto-promotes old Production/GitHub/stack implementation into current Foundation authority.
CEP_W01_W02_ZERO_ORPHAN_PRODUCTION_TRACEABILITY_GATE_v1.1.2_CONTROLLER_ADJUDICATED.md,e1de3eb719bb89db781170d1455a0fbe7709f2172b0c6ce7ccce3449710e9f02,1241,W01_W02_TRACEABILITY_OR_ASSURANCE,TRACEABILITY_OR_ASSURANCE_EVIDENCE,NO_EXCEPT_EMBEDDED_EXPLICIT_ADJUDICATION,YES_WHERE_EXACT_IDENTITY_OR_OBSERVATION,CURRENT_OR_RETAINED,MAPPING_OR_TEST_STATUS_ONLY,YES_FOR_MAPPING_OR_FINDINGS,REUSE_TRACEABILITY_METHOD_AND_EXACT_FINDINGS,NONE_KNOWN,MAPPING_PASS_NE_IMPLEMENTATION_OR_VISUAL_ACCEPTANCE,CEP W01/W02 ZERO_ORPHAN_PRODUCTION_TRACEABILITY_GATE — v1.1.2 CONTROLLER ADJUDICATED,Current direct Owner supersedes conflicting clauses; acceptance does not transfer from title/version,False,Source normative/descriptive separation preserved from bundled content registry,SUPPORTING_EVIDENCE_NOT_IMPLEMENTATION_AUTHORITY,false,No retained source auto-promotes old Production/GitHub/stack implementation into current Foundation authority.
CEP_W01_W02_v1.1.5.1_FINAL_SHA256.txt,c2574eef29daee11cd363c7dd51f1af366495ee4fe3660aea66a9983718eb7f4,322,SUPPORTING_CONTROL_OR_EVIDENCE,SUPPORTING_CONTROL_OR_EVIDENCE,NO,YES_WHERE_EXACT_IDENTITY_OR_OBSERVATION,CURRENT_OR_RETAINED,NOT_PRODUCT_ACCEPTANCE,WHEN_MATERIAL_DETAIL_IS_USED,MINE_VALUE_WITH_DISPOSITION,NONE_KNOWN,DO_NOT_PROMOTE_EVIDENCE_TO_OWNER_ACCEPTANCE,,Current direct Owner supersedes conflicting clauses; acceptance does not transfer from title/version,False,Source normative/descriptive separation preserved from bundled content registry,SUPPORTING_EVIDENCE_NOT_IMPLEMENTATION_AUTHORITY,false,No retained source auto-promotes old Production/GitHub/stack implementation into current Foundation authority.
CEP_W03_UNIFIED_EXECUTABLE_BLUEPRINT_SYSTEM_v3.2_RECONCILED_BOUNDED_CORRECTION_CANDIDATE.zip,13569fb9a45f0acbe586eb4c60880a6f563d2229235bd442ef50c27fe636a318,6954810,W03_CONTROLLER_REVIEW_OR_CONTROL,CURRENT_W03_CONTROLLER_FINDING_OR_ADJUDICATION,W03_SCOPED,YES_WHERE_EXACT_IDENTITY_OR_OBSERVATION,CURRENT_OR_RETAINED,NOT_FINAL_W03_DESIGN_ACCEPTANCE,YES,ENFORCE_FINDINGS_BUT_DO_NOT_CALL_BLUEPRINT_ACCEPTED,NONE_KNOWN,DO_NOT_PROMOTE_EVIDENCE_TO_OWNER_ACCEPTANCE,"ZIP members=139; types={'.md': 8, '.csv': 13, '.json': 54, '.patch': 5, '.js': 14, '.css': 1, '.jpg': 14, '.png': 22, '.pyc': 1, '.py': 2, '.html': 5}",Current direct Owner supersedes conflicting clauses; acceptance does not transfer from title/version,False,Source normative/descriptive separation preserved from bundled content registry,EXACT_LOOKUP_ONLY,false,No retained source auto-promotes old Production/GitHub/stack implementation into current Foundation authority.
CEP_W03_UNIFIED_EXECUTABLE_BLUEPRINT_SYSTEM_v3.3.1_CONTROLLER_BOUNDED_CORRECTION_CANDIDATE.zip,269401aa20a982be8e8e399959be37c5fbdd21de1a0b137fba4044deb8d90cc5,11007673,W03_CONTROLLER_REVIEW_OR_CONTROL,CURRENT_W03_CONTROLLER_FINDING_OR_ADJUDICATION,W03_SCOPED,YES_WHERE_EXACT_IDENTITY_OR_OBSERVATION,CURRENT_OR_RETAINED,NOT_FINAL_W03_DESIGN_ACCEPTANCE,YES,ENFORCE_FINDINGS_BUT_DO_NOT_CALL_BLUEPRINT_ACCEPTED,NONE_KNOWN,DO_NOT_PROMOTE_EVIDENCE_TO_OWNER_ACCEPTANCE,"ZIP members=205; types={'.md': 14, '.csv': 20, '.json': 83, '.patch': 5, '.js': 15, '.css': 2, '.png': 44, '.py': 3, '.jpg': 14, '.html': 5}",Current direct Owner supersedes conflicting clauses; acceptance does not transfer from title/version,False,Source normative/descriptive separation preserved from bundled content registry,EXACT_LOOKUP_ONLY,false,No retained source auto-promotes old Production/GitHub/stack implementation into current Foundation authority.
CEP_W03_UNIFIED_EXECUTABLE_BLUEPRINT_SYSTEM_v3.3_CUMULATIVE_COMPLETION_CANDIDATE.zip,8cd794c99a3e9cd1b6283a2b3cd2f2f2a7161e1921901d8e7162097392690c05,11095809,HISTORICAL_OR_CANDIDATE_IMPLEMENTATION_ARCHIVE,HISTORICAL_OR_IMPLEMENTATION_CANDIDATE,NO,YES_WHERE_EXACT_IDENTITY_OR_OBSERVATION,CURRENT_OR_RETAINED,NOT_PRODUCT_ACCEPTANCE,ONLY_FOR_CURRENT_CODE_OR_VALUE_RECOVERY,MINE_WORKING_IMPLEMENTATION_VALUE_ONLY,NONE_KNOWN,DO_NOT_PROMOTE_EVIDENCE_TO_OWNER_ACCEPTANCE,"ZIP members=196; types={'.md': 14, '.csv': 20, '.json': 74, '.patch': 5, '.js': 15, '.css': 2, '.png': 44, '.py': 3, '.jpg': 14, '.html': 5}",Current direct Owner supersedes conflicting clauses; acceptance does not transfer from title/version,False,Source normative/descriptive separation preserved from bundled content registry,HISTORICAL_ONLY,false,No retained source auto-promotes old Production/GitHub/stack implementation into current Foundation authority.
CEP_W03_UNIFIED_EXECUTABLE_BLUEPRINT_SYSTEM_v3.4_OWNER_DIRECT_REVIEW_CORRECTED_CANDIDATE.zip,23b66696a9cc72cb343c74e70f380ccb248e1fbc378d8ce7839ba74111a3d716,14356658,W03_WRITER_CANDIDATE_EVIDENCE_NOT_ACCEPTED,WRITER_CANDIDATE,NO,YES_WHERE_EXACT_IDENTITY_OR_OBSERVATION,CURRENT_OR_RETAINED,NOT_CONTROLLER_OR_OWNER_ACCEPTED,WHEN_MATERIAL_DETAIL_IS_USED,MINE_IMPLEMENTED_MECHANICS_AND_EVIDENCE_ONLY,NONE_KNOWN,NEVER_TREAT_LATEST_W03_BLUEPRINT_AS_FINAL_AUTHORITY,"ZIP members=254; types={'.md': 16, '.csv': 25, '.json': 102, '.patch': 5, '.js': 16, '.css': 3, '.png': 65, '.py': 3, '.jpg': 14, '.html': 5}",Current direct Owner supersedes conflicting clauses; acceptance does not transfer from title/version,False,Source normative/descriptive separation preserved from bundled content registry,VALUE_DOMAIN_REQUIREMENT_EVIDENCE_DONOR_ONLY,false,No retained source auto-promotes old Production/GitHub/stack implementation into current Foundation authority.
CEP_W03_WORLD_CLASS_PROPOSAL_SECTION_RECONCILIATION_SEED_v1.0.json,5112230f73d6c8874b85c87b5b03599d791df524c4ceecf9b58600b99cfa4bae,44854,W03_CONTROLLER_REVIEW_OR_CONTROL,CURRENT_W03_CONTROLLER_FINDING_OR_ADJUDICATION,W03_SCOPED,YES_WHERE_EXACT_IDENTITY_OR_OBSERVATION,CURRENT_OR_RETAINED,NOT_FINAL_W03_DESIGN_ACCEPTANCE,YES,ENFORCE_FINDINGS_BUT_DO_NOT_CALL_BLUEPRINT_ACCEPTED,NONE_KNOWN,DO_NOT_PROMOTE_EVIDENCE_TO_OWNER_ACCEPTANCE,"JSON keys: document, source_sha256, sections",Current direct Owner supersedes conflicting clauses; acceptance does not transfer from title/version,False,Source normative/descriptive separation preserved from bundled content registry,EXACT_LOOKUP_ONLY,false,No retained source auto-promotes old Production/GitHub/stack implementation into current Foundation authority.
CEP_W03_WORLD_CLASS_PROPOSAL_ZERO_LOSS_RECONCILIATION_MANDATE_v1.0.md,6ae193ec60356a4ec55637ee861f5d9ab7c4efca7d106fd4b02ac0315debd5f1,2805,W03_CONTROLLER_REVIEW_OR_CONTROL,CURRENT_W03_CONTROLLER_FINDING_OR_ADJUDICATION,W03_SCOPED,YES_WHERE_EXACT_IDENTITY_OR_OBSERVATION,CURRENT_OR_RETAINED,NOT_FINAL_W03_DESIGN_ACCEPTANCE,YES,ENFORCE_FINDINGS_BUT_DO_NOT_CALL_BLUEPRINT_ACCEPTED,NONE_KNOWN,DO_NOT_PROMOTE_EVIDENCE_TO_OWNER_ACCEPTANCE,CEP W03 WORLD-CLASS PROPOSAL ZERO-LOSS RECONCILIATION MANDATE v1.0 | Why this gate exists | Mandatory gate before W03 Design Adjudication | High-risk families requiring mechanic-level rows | Closure rule,Current direct Owner supersedes conflicting clauses; acceptance does not transfer from title/version,False,Source normative/descriptive separation preserved from bundled content registry,EXACT_LOOKUP_ONLY,false,No retained source auto-promotes old Production/GitHub/stack implementation into current Foundation authority.
CEP_W03_v3.2_COLAB_EXACT_ROUTE_BROWSER_SCREENSHOT_GATE_CELL.py,157011a65b992339aa4154e8ecf216a74ea0cfec823a6de3b05d9cedfe66b9af,7402,RUNTIME_COLAB_METHOD_OR_EVIDENCE,RUNTIME_METHOD_OR_EVIDENCE,NO_PRODUCT_DESIGN,YES_WHERE_EXACT_IDENTITY_OR_OBSERVATION,CURRENT_OR_RETAINED,EVIDENCE_CLASS_ONLY,YES_FOR_RUNTIME_CUSTODY_OR_TEST,REUSE_RUNTIME_METHOD,NONE_KNOWN,RUNTIME_PASS_NE_OWNER_DESIGN_ACCEPTANCE,,Current direct Owner supersedes conflicting clauses; acceptance does not transfer from title/version,False,Source normative/descriptive separation preserved from bundled content registry,METHOD_ONLY,false,No retained source auto-promotes old Production/GitHub/stack implementation into current Foundation authority.
CEP_W03_v3.2_CONTROLLER_CYCLE_RESULT.md,45eb63fee09ef98dd272b8548694072a9f39c11ad658b4480a215c56bfbe39a9,3548,W03_CONTROLLER_REVIEW_OR_CONTROL,CURRENT_W03_CONTROLLER_FINDING_OR_ADJUDICATION,W03_SCOPED,YES_WHERE_EXACT_IDENTITY_OR_OBSERVATION,CURRENT_OR_RETAINED,NOT_FINAL_W03_DESIGN_ACCEPTANCE,YES,ENFORCE_FINDINGS_BUT_DO_NOT_CALL_BLUEPRINT_ACCEPTED,NONE_KNOWN,DO_NOT_PROMOTE_EVIDENCE_TO_OWNER_ACCEPTANCE,CEP W03 Successor Controller — Cycle Result v3.2 | 1. Controlling inputs | 2. Reconciliation completed | 3. Cumulative bounded correction | 4. Evidence | Browser evidence boundary | 5. Still open | 6. Controller disposition,Current direct Owner supersedes conflicting clauses; acceptance does not transfer from title/version,False,Source normative/descriptive separation preserved from bundled content registry,EXACT_LOOKUP_ONLY,false,No retained source auto-promotes old Production/GitHub/stack implementation into current Foundation authority.
CEP_W03_v3.2_RECONCILED_BOUNDED_CORRECTION_DELIVERY_RECEIPT.json,044d7cf33b51cdbdf3b265da4f04658e265633a5e07cfaca0ae74fe6f0de912e,568,W03_CONTROLLER_REVIEW_OR_CONTROL,CURRENT_W03_CONTROLLER_FINDING_OR_ADJUDICATION,W03_SCOPED,YES_WHERE_EXACT_IDENTITY_OR_OBSERVATION,CURRENT_OR_RETAINED,NOT_FINAL_W03_DESIGN_ACCEPTANCE,YES,ENFORCE_FINDINGS_BUT_DO_NOT_CALL_BLUEPRINT_ACCEPTED,NONE_KNOWN,DO_NOT_PROMOTE_EVIDENCE_TO_OWNER_ACCEPTANCE,"JSON keys: file, bytes, sha256, classification, logic_regression, D001_D026_regression, static, browser_harness, exact_route_browser, formal_screenshots, remote_mutation",Current direct Owner supersedes conflicting clauses; acceptance does not transfer from title/version,False,Source normative/descriptive separation preserved from bundled content registry,EXACT_LOOKUP_ONLY,false,No retained source auto-promotes old Production/GitHub/stack implementation into current Foundation authority.
CEP_W03_v3.2_VISUAL_ONLY_SCREENSHOTS.zip,ac5b448f0587f5b46599a5a62da9a851ae76e943ca411e18b81d9a259d4450a1,3120629,SUPPORTING_CONTROL_OR_EVIDENCE,SUPPORTING_CONTROL_OR_EVIDENCE,NO,YES_WHERE_EXACT_IDENTITY_OR_OBSERVATION,CURRENT_OR_RETAINED,NOT_PRODUCT_ACCEPTANCE,WHEN_MATERIAL_DETAIL_IS_USED,MINE_VALUE_WITH_DISPOSITION,NONE_KNOWN,DO_NOT_PROMOTE_EVIDENCE_TO_OWNER_ACCEPTANCE,"ZIP members=19; types={'.png': 15, '.json': 1, '.jpg': 3}",Current direct Owner supersedes conflicting clauses; acceptance does not transfer from title/version,False,Source normative/descriptive separation preserved from bundled content registry,SUPPORTING_EVIDENCE_NOT_IMPLEMENTATION_AUTHORITY,false,No retained source auto-promotes old Production/GitHub/stack implementation into current Foundation authority.
CEP_W03_v3.3.1_CONTROLLER_BOUNDED_CANDIDATE_VISUAL_EVIDENCE.zip,c27310faddb0496e714c8491526a7ce13a55ccfc198f588ae6171ac8bb43193f,3876099,SUPPORTING_CONTROL_OR_EVIDENCE,SUPPORTING_CONTROL_OR_EVIDENCE,NO,YES_WHERE_EXACT_IDENTITY_OR_OBSERVATION,CURRENT_OR_RETAINED,NOT_PRODUCT_ACCEPTANCE,WHEN_MATERIAL_DETAIL_IS_USED,MINE_VALUE_WITH_DISPOSITION,NONE_KNOWN,DO_NOT_PROMOTE_EVIDENCE_TO_OWNER_ACCEPTANCE,"ZIP members=24; types={'.json': 1, '.md': 1, '.png': 22}",Current direct Owner supersedes conflicting clauses; acceptance does not transfer from title/version,False,Source normative/descriptive separation preserved from bundled content registry,SUPPORTING_EVIDENCE_NOT_IMPLEMENTATION_AUTHORITY,false,No retained source auto-promotes old Production/GitHub/stack implementation into current Foundation authority.
CEP_W03_v3.3.1_CONTROLLER_BOUNDED_CORRECTION_DELIVERY_RECEIPT.json,657d40483c996588ccccb2832829612ca0255cf2e2723aafe7bed50fd35f8780,2646,W03_CONTROLLER_REVIEW_OR_CONTROL,CURRENT_W03_CONTROLLER_FINDING_OR_ADJUDICATION,W03_SCOPED,YES_WHERE_EXACT_IDENTITY_OR_OBSERVATION,CURRENT_OR_RETAINED,NOT_FINAL_W03_DESIGN_ACCEPTANCE,YES,ENFORCE_FINDINGS_BUT_DO_NOT_CALL_BLUEPRINT_ACCEPTED,NONE_KNOWN,DO_NOT_PROMOTE_EVIDENCE_TO_OWNER_ACCEPTANCE,"JSON keys: project, workspace, role, classification, controlling_packet, sole_baseline, closed_writer_findings, successor, visual_evidence, assurance, exact_route, mutation, hard_stop, next_required_gate",Current direct Owner supersedes conflicting clauses; acceptance does not transfer from title/version,False,Source normative/descriptive separation preserved from bundled content registry,EXACT_LOOKUP_ONLY,false,No retained source auto-promotes old Production/GitHub/stack implementation into current Foundation authority.
CEP_W03_v3.3_WRITER_A_DELIVERY_RECEIPT.json,ea46ebc64167a2a6e7e67f3455c4d665e58e6a4a3be7e84186de2d47e6db8a7e,2508,WRITER_PACKET_OR_HANDOFF,WRITER_PACKET_OR_HANDOFF,BOUNDED_EXECUTION_ONLY_IF_CURRENT,YES_WHERE_EXACT_IDENTITY_OR_OBSERVATION,CURRENT_OR_RETAINED,NOT_SELF_ACCEPTING,YES_IF_RECONSTRUCTING_LANE,MINE_TASK_SCOPE_AND_RETURN_EVIDENCE,NONE_KNOWN,WRITER_CLAIM_NE_CONTROLLER_ACCEPTANCE,"JSON keys: project, role, classification, source_baseline, accepted_library_donor, candidate_archive, visual_evidence_archive, writer_assurance, exact_route_browser, hard_gate, remote_mutation, self_acceptance",Current direct Owner supersedes conflicting clauses; acceptance does not transfer from title/version,False,Source normative/descriptive separation preserved from bundled content registry,SUPPORTING_EVIDENCE_NOT_IMPLEMENTATION_AUTHORITY,false,No retained source auto-promotes old Production/GitHub/stack implementation into current Foundation authority.
CEP_W03_v3.3_WRITER_VISUAL_ONLY_SCREENSHOT_EVIDENCE.zip,a371a6b81442d97e747444bdb8fd1ec05b4fdbe5cedf2c8093bf104f085fab45,3986665,SUPPORTING_CONTROL_OR_EVIDENCE,SUPPORTING_CONTROL_OR_EVIDENCE,NO,YES_WHERE_EXACT_IDENTITY_OR_OBSERVATION,CURRENT_OR_RETAINED,NOT_PRODUCT_ACCEPTANCE,WHEN_MATERIAL_DETAIL_IS_USED,MINE_VALUE_WITH_DISPOSITION,NONE_KNOWN,DO_NOT_PROMOTE_EVIDENCE_TO_OWNER_ACCEPTANCE,"ZIP members=29; types={'.md': 1, '.png': 22, '.json': 6}",Current direct Owner supersedes conflicting clauses; acceptance does not transfer from title/version,False,Source normative/descriptive separation preserved from bundled content registry,SUPPORTING_EVIDENCE_NOT_IMPLEMENTATION_AUTHORITY,false,No retained source auto-promotes old Production/GitHub/stack implementation into current Foundation authority.
CEP_W03_v3.4_ALL_FIVE_SURFACE_SHARED_MECHANICS_PARITY_MATRIX.csv,010a54babc703e7c258ce0671490c11099bc39d0813d2ef6f6628a000697ff95,2409,W03_WRITER_CANDIDATE_EVIDENCE_NOT_ACCEPTED,W03_WRITER_CANDIDATE_OR_EVIDENCE,NO,YES_WHERE_EXACT_IDENTITY_OR_OBSERVATION,CURRENT_OR_RETAINED,NOT_CONTROLLER_OR_OWNER_ACCEPTED,YES_IF_MINING_IMPLEMENTED_MECHANIC,MINE_VALUE_ONLY,NONE_KNOWN,NEVER_USE_CANDIDATE_AS_WHOLE_BLUEPRINT_AUTHORITY,"CSV: mechanic, evidence, shared_owner, enterprise, scenarios, labs, runs, results, writer_result, independent_acceptance",Current direct Owner supersedes conflicting clauses; acceptance does not transfer from title/version,False,Source normative/descriptive separation preserved from bundled content registry,VALUE_DOMAIN_REQUIREMENT_EVIDENCE_DONOR_ONLY,false,No retained source auto-promotes old Production/GitHub/stack implementation into current Foundation authority.
CEP_W03_v3.4_DONOR_INHERITANCE_BEHAVIORAL_MATRIX.csv,66ea7270db5e885ff2d56ee4860721cd7afe52c6070546424c7da533060db6ea,3280,W03_WRITER_CANDIDATE_EVIDENCE_NOT_ACCEPTED,W03_WRITER_CANDIDATE_OR_EVIDENCE,NO,YES_WHERE_EXACT_IDENTITY_OR_OBSERVATION,CURRENT_OR_RETAINED,NOT_CONTROLLER_OR_OWNER_ACCEPTED,YES_IF_MINING_IMPLEMENTED_MECHANIC,MINE_VALUE_ONLY,NONE_KNOWN,NEVER_USE_CANDIDATE_AS_WHOLE_BLUEPRINT_AUTHORITY,"CSV: row_id, donor_mechanic, direct_donor_symbol_or_rule, w03_shared_owner, surface_scope, material_inheritance, writer_evidence, writer_disposition",Current direct Owner supersedes conflicting clauses; acceptance does not transfer from title/version,False,Source normative/descriptive separation preserved from bundled content registry,VALUE_DOMAIN_REQUIREMENT_EVIDENCE_DONOR_ONLY,false,No retained source auto-promotes old Production/GitHub/stack implementation into current Foundation authority.
CEP_W03_v3.4_EXACT_ROUTE_STATUS.json,8635db766216909632d89e6c77b7995d809c75af65ef248af9127c8c87b63cbb,10269,W03_WRITER_CANDIDATE_EVIDENCE_NOT_ACCEPTED,W03_WRITER_CANDIDATE_OR_EVIDENCE,NO,YES_WHERE_EXACT_IDENTITY_OR_OBSERVATION,CURRENT_OR_RETAINED,NOT_CONTROLLER_OR_OWNER_ACCEPTED,YES_IF_MINING_IMPLEMENTED_MECHANIC,MINE_VALUE_ONLY,NONE_KNOWN,NEVER_USE_CANDIDATE_AS_WHOLE_BLUEPRINT_AUTHORITY,"JSON keys: classification, candidate, total, blocked, loaded, proof, rows",Current direct Owner supersedes conflicting clauses; acceptance does not transfer from title/version,False,Source normative/descriptive separation preserved from bundled content registry,VALUE_DOMAIN_REQUIREMENT_EVIDENCE_DONOR_ONLY,false,No retained source auto-promotes old Production/GitHub/stack implementation into current Foundation authority.
CEP_W03_v3.4_INTERACTION_ACCEPTANCE_MATRIX_COMPLETED.csv,e5d1b26ffc0dcf63208a2f586b9ed64a2f26150bac9746303c5bf906c321aeb5,17314,W03_WRITER_CANDIDATE_EVIDENCE_NOT_ACCEPTED,W03_WRITER_CANDIDATE_OR_EVIDENCE,NO,YES_WHERE_EXACT_IDENTITY_OR_OBSERVATION,CURRENT_OR_RETAINED,NOT_CONTROLLER_OR_OWNER_ACCEPTED,YES_IF_MINING_IMPLEMENTED_MECHANIC,MINE_VALUE_ONLY,NONE_KNOWN,NEVER_USE_CANDIDATE_AS_WHOLE_BLUEPRINT_AUTHORITY,"CSV: test_id, surface, mechanic, precondition, action, expected_transition, negative_assertion, required_evidence, status, writer_evidence_status, actual_evidence, command_or_state_owner, independent_acceptance",Current direct Owner supersedes conflicting clauses; acceptance does not transfer from title/version,False,Source normative/descriptive separation preserved from bundled content registry,VALUE_DOMAIN_REQUIREMENT_EVIDENCE_DONOR_ONLY,false,No retained source auto-promotes old Production/GitHub/stack implementation into current Foundation authority.
CEP_W03_v3.4_MANIFEST_SHA256.csv,abbfbe1085de005656b1777d2ee1a648fc00b9c668557cceb2f57c27d8d4c38c,36432,W03_WRITER_CANDIDATE_EVIDENCE_NOT_ACCEPTED,W03_WRITER_CANDIDATE_OR_EVIDENCE,NO,YES_WHERE_EXACT_IDENTITY_OR_OBSERVATION,CURRENT_OR_RETAINED,NOT_CONTROLLER_OR_OWNER_ACCEPTED,YES_IF_MINING_IMPLEMENTED_MECHANIC,MINE_VALUE_ONLY,NONE_KNOWN,NEVER_USE_CANDIDATE_AS_WHOLE_BLUEPRINT_AUTHORITY,"CSV: relative_path, bytes, sha256",Current direct Owner supersedes conflicting clauses; acceptance does not transfer from title/version,False,Source normative/descriptive separation preserved from bundled content registry,VALUE_DOMAIN_REQUIREMENT_EVIDENCE_DONOR_ONLY,false,No retained source auto-promotes old Production/GitHub/stack implementation into current Foundation authority.
CEP_W03_v3.4_ODR_CORRECTION_REGISTER_UPDATED.csv,9e32ef9d6e35f4e770b5b5d3606664e209b2557a89f31e89039bb069d014abad,24967,W03_WRITER_CANDIDATE_EVIDENCE_NOT_ACCEPTED,W03_WRITER_CANDIDATE_OR_EVIDENCE,NO,YES_WHERE_EXACT_IDENTITY_OR_OBSERVATION,CURRENT_OR_RETAINED,NOT_CONTROLLER_OR_OWNER_ACCEPTED,YES_IF_MINING_IMPLEMENTED_MECHANIC,MINE_VALUE_ONLY,NONE_KNOWN,NEVER_USE_CANDIDATE_AS_WHOLE_BLUEPRINT_AUTHORITY,"CSV: finding_id, severity, surface_scope, family, requirement_class, current_failure, controlling_basis, required_correction, acceptance_gate, status, baseline, baseline_sha256, writer_disposition, evidence_ids, evidence_files",Current direct Owner supersedes conflicting clauses; acceptance does not transfer from title/version,False,Source normative/descriptive separation preserved from bundled content registry,VALUE_DOMAIN_REQUIREMENT_EVIDENCE_DONOR_ONLY,false,No retained source auto-promotes old Production/GitHub/stack implementation into current Foundation authority.
CEP_W03_v3.4_OWNER_DIRECT_REVIEW_CORRECTION_DELIVERY_RECEIPT.json,24c47d75ae1f3952c88f1041be6f45e8388c56bc13aa6ecb38eaa226999ad40b,1738,W03_WRITER_CANDIDATE_EVIDENCE_NOT_ACCEPTED,W03_WRITER_CANDIDATE_OR_EVIDENCE,NO,YES_WHERE_EXACT_IDENTITY_OR_OBSERVATION,CURRENT_OR_RETAINED,NOT_CONTROLLER_OR_OWNER_ACCEPTED,YES_IF_MINING_IMPLEMENTED_MECHANIC,MINE_VALUE_ONLY,NONE_KNOWN,NEVER_USE_CANDIDATE_AS_WHOLE_BLUEPRINT_AUTHORITY,"JSON keys: generated_at, classification, baseline, candidate, evidence_bundle, writer_test_summary, hard_stop, next_gate",Current direct Owner supersedes conflicting clauses; acceptance does not transfer from title/version,False,Source normative/descriptive separation preserved from bundled content registry,VALUE_DOMAIN_REQUIREMENT_EVIDENCE_DONOR_ONLY,false,No retained source auto-promotes old Production/GitHub/stack implementation into current Foundation authority.
CEP_W03_v3.4_OWNER_DIRECT_REVIEW_VISUAL_AND_INTERACTION_EVIDENCE.zip,eddef57ae83d53ff8f8c63885edc65a6fc21bfbdc75a22b9d3728ff56eee4fbc,3242514,W03_WRITER_CANDIDATE_EVIDENCE_NOT_ACCEPTED,W03_WRITER_CANDIDATE_OR_EVIDENCE,NO,YES_WHERE_EXACT_IDENTITY_OR_OBSERVATION,CURRENT_OR_RETAINED,NOT_CONTROLLER_OR_OWNER_ACCEPTED,YES_IF_MINING_IMPLEMENTED_MECHANIC,MINE_VALUE_ONLY,NONE_KNOWN,NEVER_USE_CANDIDATE_AS_WHOLE_BLUEPRINT_AUTHORITY,"ZIP members=37; types={'.json': 16, '.png': 21}",Current direct Owner supersedes conflicting clauses; acceptance does not transfer from title/version,False,Source normative/descriptive separation preserved from bundled content registry,VALUE_DOMAIN_REQUIREMENT_EVIDENCE_DONOR_ONLY,false,No retained source auto-promotes old Production/GitHub/stack implementation into current Foundation authority.
CEP_W03_v3.4_SOURCE_IDENTITY.json,459d3c2930eeb9f9346465d7aaeceb8e6a3f405bdee5b08f401abfe783497f1a,846,W03_WRITER_CANDIDATE_EVIDENCE_NOT_ACCEPTED,W03_WRITER_CANDIDATE_OR_EVIDENCE,NO,YES_WHERE_EXACT_IDENTITY_OR_OBSERVATION,CURRENT_OR_RETAINED,NOT_CONTROLLER_OR_OWNER_ACCEPTED,YES_IF_MINING_IMPLEMENTED_MECHANIC,MINE_VALUE_ONLY,NONE_KNOWN,NEVER_USE_CANDIDATE_AS_WHOLE_BLUEPRINT_AUTHORITY,"JSON keys: generated_at, candidate, classification, baseline_zip, baseline_sha256, source_tree_identity_sha256, payload_file_count, hard_stop",Current direct Owner supersedes conflicting clauses; acceptance does not transfer from title/version,False,Source normative/descriptive separation preserved from bundled content registry,VALUE_DOMAIN_REQUIREMENT_EVIDENCE_DONOR_ONLY,false,No retained source auto-promotes old Production/GitHub/stack implementation into current Foundation authority.
CEP_W03_v3.4_TEST_RECEIPT.json,1b95735651b669698eb78a34d73ec31e0d8ee31c3a8c003996effabd188ff999,2167,W03_WRITER_CANDIDATE_EVIDENCE_NOT_ACCEPTED,W03_WRITER_CANDIDATE_OR_EVIDENCE,NO,YES_WHERE_EXACT_IDENTITY_OR_OBSERVATION,CURRENT_OR_RETAINED,NOT_CONTROLLER_OR_OWNER_ACCEPTED,YES_IF_MINING_IMPLEMENTED_MECHANIC,MINE_VALUE_ONLY,NONE_KNOWN,NEVER_USE_CANDIDATE_AS_WHOLE_BLUEPRINT_AUTHORITY,"JSON keys: generated_at, classification, candidate_html, interaction_matrix, all_five_extra_parity, all_five_toolbar_parity, original_logic, D001_D026, static_syntax, screenshots, exact_route, hard_boundaries",Current direct Owner supersedes conflicting clauses; acceptance does not transfer from title/version,False,Source normative/descriptive separation preserved from bundled content registry,VALUE_DOMAIN_REQUIREMENT_EVIDENCE_DONOR_ONLY,false,No retained source auto-promotes old Production/GitHub/stack implementation into current Foundation authority.
CEP_W03_v3.4_WRITER_CANDIDATE_STATUS.md,2907786ed4d983d97d813fc0c42051c721e6cd2b065c8f5bc886d1d21301aa56,1345,W03_WRITER_CANDIDATE_EVIDENCE_NOT_ACCEPTED,W03_WRITER_CANDIDATE_OR_EVIDENCE,NO,YES_WHERE_EXACT_IDENTITY_OR_OBSERVATION,CURRENT_OR_RETAINED,NOT_CONTROLLER_OR_OWNER_ACCEPTED,YES_IF_MINING_IMPLEMENTED_MECHANIC,MINE_VALUE_ONLY,NONE_KNOWN,NEVER_USE_CANDIDATE_AS_WHOLE_BLUEPRINT_AUTHORITY,CEP W03 v3.4 — Writer-A Owner Direct Review Correction Status | Hard stop,Current direct Owner supersedes conflicting clauses; acceptance does not transfer from title/version,False,Source normative/descriptive separation preserved from bundled content registry,VALUE_DOMAIN_REQUIREMENT_EVIDENCE_DONOR_ONLY,false,No retained source auto-promotes old Production/GitHub/stack implementation into current Foundation authority.
CEP_WRITER_A_W03_CUMULATIVE_COMPLETION_LAUNCH_PROMPT_v1.0.md,252f172ea309a488eca7b02eafb1f78238955edfcd0c709f0cadbd60502c221a,11459,WRITER_PACKET_OR_HANDOFF,WRITER_PACKET_OR_HANDOFF,BOUNDED_EXECUTION_ONLY_IF_CURRENT,YES_WHERE_EXACT_IDENTITY_OR_OBSERVATION,CURRENT_OR_RETAINED,NOT_SELF_ACCEPTING,YES_IF_RECONSTRUCTING_LANE,MINE_TASK_SCOPE_AND_RETURN_EVIDENCE,NONE_KNOWN,WRITER_CLAIM_NE_CONTROLLER_ACCEPTANCE,,Current direct Owner supersedes conflicting clauses; acceptance does not transfer from title/version,False,Source normative/descriptive separation preserved from bundled content registry,SUPPORTING_EVIDENCE_NOT_IMPLEMENTATION_AUTHORITY,false,No retained source auto-promotes old Production/GitHub/stack implementation into current Foundation authority.
CEP_WRITER_A_W03_CUMULATIVE_COMPLETION_LAUNCH_PROMPT_v1.1_TRACEABILITY_GATED.md,687262d103c0682784daff2ddce3a168e3cf4a952aee2313b30ff3c516e41b1d,5110,WRITER_PACKET_OR_HANDOFF,WRITER_PACKET_OR_HANDOFF,BOUNDED_EXECUTION_ONLY_IF_CURRENT,YES_WHERE_EXACT_IDENTITY_OR_OBSERVATION,CURRENT_OR_RETAINED,NOT_SELF_ACCEPTING,YES_IF_RECONSTRUCTING_LANE,MINE_TASK_SCOPE_AND_RETURN_EVIDENCE,NONE_KNOWN,WRITER_CLAIM_NE_CONTROLLER_ACCEPTANCE,CEP WRITER A — W03 CUMULATIVE COMPLETION — TRACEABILITY-GATED v1.1 | 0. CURRENT CONTROL DISCOVERY | 1. Baseline | 2. Mission | 3. Hard interaction contract | 4. Required completion families | 5. Assurance before adjudication | 6. HARD STOP — NO W03 PRODUCTION CONVERSION | 7. Deliverables | 8. Classification,Current direct Owner supersedes conflicting clauses; acceptance does not transfer from title/version,False,Source normative/descriptive separation preserved from bundled content registry,SUPPORTING_EVIDENCE_NOT_IMPLEMENTATION_AUTHORITY,false,No retained source auto-promotes old Production/GitHub/stack implementation into current Foundation authority.
CEP_WRITER_A_W03_v3.3.1_OWNER_DIRECT_REVIEW_CORRECTION_PACKET_v1.0.md,8bb549cbf10612451b4d46f5ea5493a76c51fb12f65db6e1a6d5e44f282dbdf1,5997,WRITER_PACKET_OR_HANDOFF,WRITER_PACKET_OR_HANDOFF,BOUNDED_EXECUTION_ONLY_IF_CURRENT,YES_WHERE_EXACT_IDENTITY_OR_OBSERVATION,CURRENT_OR_RETAINED,NOT_SELF_ACCEPTING,YES_IF_RECONSTRUCTING_LANE,MINE_TASK_SCOPE_AND_RETURN_EVIDENCE,NONE_KNOWN,WRITER_CLAIM_NE_CONTROLLER_ACCEPTANCE,CEP WRITER A — W03 v3.3.1 OWNER DIRECT REVIEW CORRECTION PACKET v1.0 | 0. Hard baseline | 1. Read-first control set | 2. Mission | 3. Non-negotiable corrections | Theme | View / Context semantics | Relation/branch authoring | Guidance | Operational Surface / Shell | New spatial shortcut | 4. Assurance hardening — interaction-first,Current direct Owner supersedes conflicting clauses; acceptance does not transfer from title/version,False,Source normative/descriptive separation preserved from bundled content registry,SUPPORTING_EVIDENCE_NOT_IMPLEMENTATION_AUTHORITY,false,No retained source auto-promotes old Production/GitHub/stack implementation into current Foundation authority.
CEP_WRITER_A_W03_v3.3.1_OWNER_DIRECT_REVIEW_CORRECTION_PACKET_v1.1_ZERO_LOSS_HARDENED.md,a875a343b0862098cd2f2376751d615d4007e99be5e5930408e5ee6da63bcede,3432,WRITER_PACKET_OR_HANDOFF,WRITER_PACKET_OR_HANDOFF,BOUNDED_EXECUTION_ONLY_IF_CURRENT,YES_WHERE_EXACT_IDENTITY_OR_OBSERVATION,CURRENT_OR_RETAINED,NOT_SELF_ACCEPTING,YES_IF_RECONSTRUCTING_LANE,MINE_TASK_SCOPE_AND_RETURN_EVIDENCE,NONE_KNOWN,WRITER_CLAIM_NE_CONTROLLER_ACCEPTANCE,CEP WRITER A — W03 v3.3.1 OWNER DIRECT REVIEW CORRECTION PACKET v1.1 — ZERO-LOSS HARDENED | 0. Sole baseline | 1. Mandatory Controller OS intake | 2. Mission A — close Owner Direct Review | 3. Mission B — proposal zero-loss reconciliation | 4. Interaction proof | 5. Operational runtime truth | 6. Deliverables | 7. Hard stops,Current direct Owner supersedes conflicting clauses; acceptance does not transfer from title/version,False,Source normative/descriptive separation preserved from bundled content registry,SUPPORTING_EVIDENCE_NOT_IMPLEMENTATION_AUTHORITY,false,No retained source auto-promotes old Production/GitHub/stack implementation into current Foundation authority.
CEP_WRITER_A_W03_v3.3_CONTROLLER_BOUNDED_CORRECTION_PACKET_v1.0.md,1a3e7d191c4a82eb275d0acae5633c145e9fa4ac4b31db31453d0b5dce118af9,3694,WRITER_PACKET_OR_HANDOFF,WRITER_PACKET_OR_HANDOFF,BOUNDED_EXECUTION_ONLY_IF_CURRENT,YES_WHERE_EXACT_IDENTITY_OR_OBSERVATION,CURRENT_OR_RETAINED,NOT_SELF_ACCEPTING,YES_IF_RECONSTRUCTING_LANE,MINE_TASK_SCOPE_AND_RETURN_EVIDENCE,NONE_KNOWN,WRITER_CLAIM_NE_CONTROLLER_ACCEPTANCE,CEP WRITER A — W03 v3.3 CONTROLLER-BOUNDED CORRECTION PACKET v1.0 | READ FIRST | HARD SCOPE | REQUIRED CORRECTIONS | 001 Guidance | 002 Internal spatial badges | 003 Scenarios stale validation | 004 Page identity | 005 Localization | ASSURANCE | SCREENSHOT RULE | STOP,Current direct Owner supersedes conflicting clauses; acceptance does not transfer from title/version,False,Source normative/descriptive separation preserved from bundled content registry,SUPPORTING_EVIDENCE_NOT_IMPLEMENTATION_AUTHORITY,false,No retained source auto-promotes old Production/GitHub/stack implementation into current Foundation authority.
CEP_WRITER_B_W01_W02_POST_ZERO_ORPHAN_BOUNDED_PRODUCTION_PARITY_PACKET_v1.0.md,32c6740655d11b385a421768d5c7fa8a5d94c64a7a99e82ebe7508ff57720a30,4319,WRITER_PACKET_OR_HANDOFF,WRITER_PACKET_OR_HANDOFF,BOUNDED_EXECUTION_ONLY_IF_CURRENT,YES_WHERE_EXACT_IDENTITY_OR_OBSERVATION,CURRENT_OR_RETAINED,NOT_SELF_ACCEPTING,YES_IF_RECONSTRUCTING_LANE,MINE_TASK_SCOPE_AND_RETURN_EVIDENCE,NONE_KNOWN,WRITER_CLAIM_NE_CONTROLLER_ACCEPTANCE,CEP WRITER B — W01/W02 POST-ZERO-ORPHAN BOUNDED PRODUCTION PARITY PACKET v1.0 | READ FIRST | GATE STATE | PRESERVE | IMPLEMENTATION ROW UNIVERSE | LINKED STICKY NOTES HARD CONTRACT | ASSURANCE | OUTPUT,Current direct Owner supersedes conflicting clauses; acceptance does not transfer from title/version,False,Source normative/descriptive separation preserved from bundled content registry,SUPPORTING_EVIDENCE_NOT_IMPLEMENTATION_AUTHORITY,false,No retained source auto-promotes old Production/GitHub/stack implementation into current Foundation authority.
CEP_WRITER_B_W01_W02_PRE_COLAB_FINAL_SOURCE_COMPLETION_PACKET_v1.0.md,4faf5b1a289264c0c0366a43c3104f3c344694edebf072f4e01cc281287f7580,6033,WRITER_PACKET_OR_HANDOFF,WRITER_PACKET_OR_HANDOFF,BOUNDED_EXECUTION_ONLY_IF_CURRENT,YES_WHERE_EXACT_IDENTITY_OR_OBSERVATION,CURRENT_OR_RETAINED,NOT_SELF_ACCEPTING,YES_IF_RECONSTRUCTING_LANE,MINE_TASK_SCOPE_AND_RETURN_EVIDENCE,NONE_KNOWN,WRITER_CLAIM_NE_CONTROLLER_ACCEPTANCE,CEP WRITER B — W01/W02 PRE-COLAB FINAL SOURCE COMPLETION PACKET v1.0 | 0. Sole baseline | 1. Read first | 2. Mission | 3. Range-style contract is fixed | 4. C024 contract is fixed | 5. Required assurance before return | 6. Gates that MUST remain truthful | 7. Colab prohibition for this wave | 8. Deliverable | 9. Hard stop,Current direct Owner supersedes conflicting clauses; acceptance does not transfer from title/version,False,Source normative/descriptive separation preserved from bundled content registry,SUPPORTING_EVIDENCE_NOT_IMPLEMENTATION_AUTHORITY,false,No retained source auto-promotes old Production/GitHub/stack implementation into current Foundation authority.
CEP_WRITER_B_W01_W02_PRODUCTION_CORRECTION_LAUNCH_PROMPT_v1.0.md,9bab7f71563c151646d669afabe907fa6159d6cb85d90ddf3feef7b4894d3192,13525,WRITER_PACKET_OR_HANDOFF,WRITER_PACKET_OR_HANDOFF,BOUNDED_EXECUTION_ONLY_IF_CURRENT,YES_WHERE_EXACT_IDENTITY_OR_OBSERVATION,CURRENT_OR_RETAINED,NOT_SELF_ACCEPTING,YES_IF_RECONSTRUCTING_LANE,MINE_TASK_SCOPE_AND_RETURN_EVIDENCE,NONE_KNOWN,WRITER_CLAIM_NE_CONTROLLER_ACCEPTANCE,,Current direct Owner supersedes conflicting clauses; acceptance does not transfer from title/version,False,Source normative/descriptive separation preserved from bundled content registry,SUPPORTING_EVIDENCE_NOT_IMPLEMENTATION_AUTHORITY,false,No retained source auto-promotes old Production/GitHub/stack implementation into current Foundation authority.
CEP_WRITER_B_W01_W02_PRODUCTION_CORRECTION_LAUNCH_PROMPT_v1.1_TRACEABILITY_GATED.md,91489220481bda850c1fab37afcae2171ea63ab11709ff7d92b4fa445b3fabb4,5742,WRITER_PACKET_OR_HANDOFF,WRITER_PACKET_OR_HANDOFF,BOUNDED_EXECUTION_ONLY_IF_CURRENT,YES_WHERE_EXACT_IDENTITY_OR_OBSERVATION,CURRENT_OR_RETAINED,NOT_SELF_ACCEPTING,YES_IF_RECONSTRUCTING_LANE,MINE_TASK_SCOPE_AND_RETURN_EVIDENCE,NONE_KNOWN,WRITER_CLAIM_NE_CONTROLLER_ACCEPTANCE,CEP WRITER B — W01/W02 PRODUCTION CORRECTION / RECOVERY — TRACEABILITY-GATED v1.1 | 0. CURRENT CONTROL DISCOVERY | 1. Production baseline and audit truth | 2. Dependency order | 3. Traceability Factory hard gate | 4. Special sequencing inside existing Production recovery | A. Non-Blueprint correctness/foundation repair | B. Blueprint-parity transfer/recovery | 5. Blueprint source authority | 6. Evidence discipline | 7. Production Writer packet principle | 8. Deliverables,Current direct Owner supersedes conflicting clauses; acceptance does not transfer from title/version,False,Source normative/descriptive separation preserved from bundled content registry,SUPPORTING_EVIDENCE_NOT_IMPLEMENTATION_AUTHORITY,false,No retained source auto-promotes old Production/GitHub/stack implementation into current Foundation authority.
CEP_WRITER_B_W01_W02_v1.1.5_PRE_COLAB_CONTROLLER_MICRO_CORRECTION_PACKET_v1.0.md,cff183ebe87695c0a98ad592f3d46ebd190b5df80450353b9af9ea25a8046927,3097,WRITER_PACKET_OR_HANDOFF,WRITER_PACKET_OR_HANDOFF,BOUNDED_EXECUTION_ONLY_IF_CURRENT,YES_WHERE_EXACT_IDENTITY_OR_OBSERVATION,CURRENT_OR_RETAINED,NOT_SELF_ACCEPTING,YES_IF_RECONSTRUCTING_LANE,MINE_TASK_SCOPE_AND_RETURN_EVIDENCE,NONE_KNOWN,WRITER_CLAIM_NE_CONTROLLER_ACCEPTANCE,CEP WRITER-B — W01/W02 v1.1.5 PRE-COLAB CONTROLLER MICRO-CORRECTION PACKET v1.0 | 0. Sole writable baseline | 1. Mandatory intake | 2. Close exactly one finding | 3. Preserve everything else | 4. Required proof | 5. Hard stop,Current direct Owner supersedes conflicting clauses; acceptance does not transfer from title/version,False,Source normative/descriptive separation preserved from bundled content registry,SUPPORTING_EVIDENCE_NOT_IMPLEMENTATION_AUTHORITY,false,No retained source auto-promotes old Production/GitHub/stack implementation into current Foundation authority.
PACKAGE_MANIFEST.json,f2958af631fcf9ed30c423881073d8cd538b288659a9ee4b9d74d24f34ef2aa8,4867,SUPPORTING_CONTROL_OR_EVIDENCE,SUPPORTING_CONTROL_OR_EVIDENCE,NO,YES_WHERE_EXACT_IDENTITY_OR_OBSERVATION,CURRENT_OR_RETAINED,NOT_PRODUCT_ACCEPTANCE,WHEN_MATERIAL_DETAIL_IS_USED,MINE_VALUE_WITH_DISPOSITION,NONE_KNOWN,DO_NOT_PROMOTE_EVIDENCE_TO_OWNER_ACCEPTANCE,"JSON keys: package, manifest_scope, file_count, files",Current direct Owner supersedes conflicting clauses; acceptance does not transfer from title/version,False,Source normative/descriptive separation preserved from bundled content registry,SUPPORTING_EVIDENCE_NOT_IMPLEMENTATION_AUTHORITY,false,No retained source auto-promotes old Production/GitHub/stack implementation into current Foundation authority.
W01_W02_PRE_COLAB_SOURCE_COMPLETION_WAVE_v1.0.zip,1e9741fe08afd38c2454d2df4004eb80f0845cd6e6b9457a42b38ee922f21bee,14865,RUNTIME_COLAB_METHOD_OR_EVIDENCE,RUNTIME_METHOD_OR_EVIDENCE,NO_PRODUCT_DESIGN,YES_WHERE_EXACT_IDENTITY_OR_OBSERVATION,CURRENT_OR_RETAINED,EVIDENCE_CLASS_ONLY,YES_FOR_RUNTIME_CUSTODY_OR_TEST,REUSE_RUNTIME_METHOD,NONE_KNOWN,RUNTIME_PASS_NE_OWNER_DESIGN_ACCEPTANCE,"ZIP members=6; types={'.txt': 1, '.md': 4, '.csv': 1}",Current direct Owner supersedes conflicting clauses; acceptance does not transfer from title/version,False,Source normative/descriptive separation preserved from bundled content registry,METHOD_ONLY,false,No retained source auto-promotes old Production/GitHub/stack implementation into current Foundation authority.
W03_OWNER_DIRECT_REVIEW_WAVE_v1.0.zip,afaa8086e42803bced768fd3adc648693da7465d79fc65dd2ef681968a8f4e68,22959,W03_CONTROLLER_REVIEW_OR_CONTROL,CURRENT_W03_CONTROLLER_FINDING_OR_ADJUDICATION,W03_SCOPED,YES_WHERE_EXACT_IDENTITY_OR_OBSERVATION,CURRENT_OR_RETAINED,NOT_FINAL_W03_DESIGN_ACCEPTANCE,YES,ENFORCE_FINDINGS_BUT_DO_NOT_CALL_BLUEPRINT_ACCEPTED,NONE_KNOWN,DO_NOT_PROMOTE_EVIDENCE_TO_OWNER_ACCEPTANCE,"ZIP members=9; types={'.md': 5, '.txt': 2, '.csv': 2}",Current direct Owner supersedes conflicting clauses; acceptance does not transfer from title/version,False,Source normative/descriptive separation preserved from bundled content registry,EXACT_LOOKUP_ONLY,false,No retained source auto-promotes old Production/GitHub/stack implementation into current Foundation authority.
CEP_LIBRARY_EDITOR_EXECUTABLE_BLUEPRINT_v1.2.17_ACCEPTED_DESIGN_REFERENCE.html,ea66b58ef122bf2f8ca23fd0aa9e461b07da11ea7390c451902e4b1592d396fd,672893,EXTERNAL_GOVERNED_DESIGN_REFERENCE,GOVERNED_ACCEPTED_EXECUTABLE_DESIGN_DONOR,YES_FOR_COMPATIBLE_GENERIC_MECHANICS_SUBJECT_TO_NEWER_OWNER_SUPERSESSION,DIRECT_EXECUTABLE_BEHAVIOR_AND_PRESENTATION,CURRENT_ACCEPTED_DONOR,ACCEPTED_DESIGN_REFERENCE_WITH_CURRENT_OWNER_MICRO_SUPERSESSIONS,MANDATORY_WHEN_INHERITING_BEHAVIOR,PRESERVE_BEFORE_INVENT; EXTRACT_EXECUTABLE_MECHANICS; ADAPT_DOMAIN_ONLY,Arabic-first/fixed preference assumptions and Escape-only dismissal behavior may be superseded by current Owner rules,DO_NOT_TREAT_LIBRARY_DOMAIN_MODEL_AS_UNIVERSAL; DO_NOT_REPLACE_COMPATIBLE_MECHANICS_WITHOUT_EXPLICIT_INCOMPATIBILITY,Accepted Library/Editor v1.2.17 direct HTML/CSS/JS donor,Current direct Owner supersedes conflicting clauses; acceptance does not transfer from title/version,True,Source normative/descriptive separation preserved from bundled content registry,ACCEPTED_DESIGN_DONOR,false,No retained source auto-promotes old Production/GitHub/stack implementation into current Foundation authority.
