path,bytes,sha256,classification,explicit_path_reference,reason
.github/workflows/build-writer-workspace-capsule.yml,2248,0e76d6505d46f856773bf25c634dc1e53c4042180b11c4d6be816558a4d2d431,KEEP_OR_REVIEW_AUTOMATION,false,workflow/infrastructure; inspect before retirement
.github/workflows/zero-loss-repo-census.yml,10986,530cae95a3d40efab0b646a0154eb6f27e853266daee6520c682687251b88b11,KEEP_OR_REVIEW_AUTOMATION,false,workflow/infrastructure; inspect before retirement
.gitignore,109,ba5efd1eda7e9d31249a389130e8f78f7baf3f04567061b57f4094d875f5caef,KEEP_CORE_BUILD_TEST,false,core/source/build/test/tooling
BROWSER_CONFORMANCE_BOOTSTRAP.md,1916,2696ec28acdf0b37e3ca9655c74fedb9eecb352df2a08618d2ada3460fcf5faa,REVIEW_ROOT_DOCUMENT,false,root document may be current navigation or stale handoff
DELIVERY_MANIFEST.json,254324,e8ed99d850811b9686ccb27b7af1ef7b52b3e1211e51989faa8155a6d57af5bd,REVIEW_ROOT_FILE,false,root file requires content review
FINAL_FOUNDATION_GATE_HANDOFF_AR.md,1097,4780852eb7562a392ff1e4aebda6ae98de1e0e5e9f1e664d13fb285d06ec406f,REVIEW_ROOT_DOCUMENT,false,root document may be current navigation or stale handoff
FINAL_HANDOFF_AR.md,842,046bb7568566fecba09bdf5d4c98e3d585a048cdf97f8582b7e585bc0fce379e,REVIEW_ROOT_DOCUMENT,false,root document may be current navigation or stale handoff
FOUNDATION_ARCHITECTURE.md,4341,3295c12d1341ef048ac9e4081da26c240ea55c1b7dd94418848258eaf58b851d,REVIEW_ROOT_DOCUMENT,false,root document may be current navigation or stale handoff
FW_B_RESULT_SUMMARY_AR.md,2980,2a16298f3513bf1756fca7a615fe99f14a34caa4b1b4cbe4d0ab19f116877cdb,REVIEW_ROOT_DOCUMENT,false,root document may be current navigation or stale handoff
M0_A1_A5_FINDING_DISPOSITION.csv,81382,9369ddfd713c34f32914f956af839b8271422dd646d0e2baf94a34c6ac11e9c1,REVIEW_ROOT_FILE,false,root file requires content review
M0_A1_A5_FINDING_DISPOSITION.json,107138,186bd59a6e8cf92b1b7776c371c0ff34aaf582602f2ba8839d30b1ef1c9acde3,REVIEW_ROOT_FILE,false,root file requires content review
M0_OWNER_QA_UNIFIED_MIGRATION_INTERNAL_HANDOFF.md,2103,a0792955a330daab4d4082f23d693f5b6f9f14f998a38d2e4e7d881401bd1786,REVIEW_ROOT_DOCUMENT,false,root document may be current navigation or stale handoff
README.md,2641,1e120a33988e98bb724987c10d19d75a3233cc7618eac114b2c09b28e3fcb2e0,REVIEW_ROOT_DOCUMENT,false,root document may be current navigation or stale handoff
README_START_HERE_AR.md,2180,e5ae2c03262299a2687bfbd31a8fdfbdb04cf8aba0cacd9c11429042529401e1,REVIEW_ROOT_DOCUMENT,false,root document may be current navigation or stale handoff
TASK_A_REPLAY_LEDGER.json,9800,90f01db4eaf651a006b841f7f67fa6f7733dd9f9b5d2ae0e213cfd6282271899,REVIEW_ROOT_FILE,false,root file requires content review
TASK_A_SHARED_HOTSPOT_CONFLICT_LEDGER.json,1323,53c14dd804266e99dccad9048f857d721ce0185f64dab547755a84e3b733340d,REVIEW_ROOT_FILE,false,root file requires content review
W2_A_RESULT_SUMMARY_AR.md,3259,99fb46510f6508d649773ad266dc3e85f9b9843ad7428555e020fed26ef6353f,REVIEW_ROOT_DOCUMENT,false,root document may be current navigation or stale handoff
archaeology/ACCEPTED_LIBRARY_330_FUNCTION_COVERAGE.csv,158021,ac93ef6aeee16d57607499ecc096c9623b496f1b64672b46fb6f03d9990be1f1,KEEP_REFERENCED_ARCHAEOLOGY,true,still referenced by tracked repository content
archaeology/ACCEPTED_LIBRARY_DOM_CSS_EVENT_COVERAGE.csv,373522,37f70f90eaa993ab06684f07cc15d1c48031f861d46bbeb90ae19186d979242b,KEEP_REFERENCED_ARCHAEOLOGY,true,still referenced by tracked repository content
archaeology/ACCEPTED_LIBRARY_FULL_MECHANIC_CENSUS.csv,276,f7c030082bbb3c6e6417c5c3e5cd78d68fb46f97365309ebbe1070084b8160db,KEEP_REFERENCED_ARCHAEOLOGY,true,still referenced by tracked repository content
archaeology/ACCEPTED_LIBRARY_FULL_MECHANIC_CENSUS.json,867431,c776fac0317441d7b7c667bb57e7c6a4c35e430a27780de794847f5fc4f14b3b,KEEP_REFERENCED_ARCHAEOLOGY,true,still referenced by tracked repository content
archaeology/DONOR_PRESERVE_IMPROVE_REJECT_REGISTER.csv,874,193c805868b548ef7b787d6a682bed84298fbc8edae8b8a0d4f807bcac7194fc,KEEP_REFERENCED_ARCHAEOLOGY,true,still referenced by tracked repository content
archaeology/EXTRACTION_RECEIPT.json,651,3b95d0da2bbd217dc52c58a8e409fc447913a7552dcd9270633b60b069e5632d,KEEP_REFERENCED_ARCHAEOLOGY,true,still referenced by tracked repository content
assurance/ACTION_AVAILABILITY_POLICY_RECEIPT.json,1192,5adb1603d744370655812116f0b2292cead5becaba3e51387fbbfe85e0ffd28d,KEEP_ACTIVE_REFERENCED_ASSURANCE,true,referenced by tracked repository text/tooling
assurance/AUTHORITY_BEFORE_AFTER_REGISTER.json,721,3b3e08df65031b6680cc4f263f877da8d08da5f214a183cc8552c69fa6000aba,KEEP_ACTIVE_REFERENCED_ASSURANCE,true,referenced by tracked repository text/tooling
assurance/AUTOMATED_TEST_RECEIPTS.json,5514,92ced799ad043d061c92c62ea18bb767dafd9b0361c81eecabfb25abafb108bd,KEEP_ACTIVE_REFERENCED_ASSURANCE,true,referenced by tracked repository text/tooling
assurance/BASELINE_VERIFICATION_RECEIPT.json,789,63c81b17002a916190178db6b154dc5b3738593fc888565de0c579330e8f5705,KEEP_ACTIVE_REFERENCED_ASSURANCE,true,referenced by tracked repository text/tooling
assurance/BROWSER_CONFORMANCE_RECEIPT.json,2736,ff3d36ee109ca9bab3d46795364ce316168c67c60a11e37286b01a81ded2199a,KEEP_ACTIVE_REFERENCED_ASSURANCE,true,referenced by tracked repository text/tooling
assurance/BROWSER_INTERACTION_RECEIPTS.json,601,fc56564e337fff1cb7ebd13b814ce3bed66b20b392d45bff96bf6d63412e87b7,KEEP_ACTIVE_REFERENCED_ASSURANCE,true,referenced by tracked repository text/tooling
assurance/BROWSER_PORTABILITY_BOOTSTRAP_RECEIPT.json,2801,d499ad9f8768401d651a90108f86fe0dce6dfff008feec2ee312b764ac9a6932,KEEP_ACTIVE_REFERENCED_ASSURANCE,true,referenced by tracked repository text/tooling
assurance/CANDIDATE_IDENTITY.json,2222,e1bbd29a39834dfc0cbc288aaf1785fb01aa0a00bd8b3c9016d32a1e259067ab,KEEP_ACTIVE_REFERENCED_ASSURANCE,true,referenced by tracked repository text/tooling
assurance/CENTRAL_MODIFICATION_REUSE_PROOF.json,1459,8a7ba4f5ad162687bf040a12d00dd5674d47b3993bb10cb51b7c6fcb30c1c317,KEEP_ACTIVE_REFERENCED_ASSURANCE,true,referenced by tracked repository text/tooling
assurance/CHANGED_FILE_REGISTER.json,22405,97d9f6e211989572f790cd940be0169e9e2cd02bf21c49cea344c13fe7313ebf,KEEP_ACTIVE_REFERENCED_ASSURANCE,true,referenced by tracked repository text/tooling
assurance/CONTRACT_TEST_RESULTS.json,28049,14dd95706e1517a5d862ea2ea0d6a9c0c521b5023e70ed443160b67375259351,KEEP_ACTIVE_REFERENCED_ASSURANCE,true,referenced by tracked repository text/tooling
assurance/CURRENT_AUTHORITY_ISOLATION_RECEIPT.json,700,f475503d4c829ff64fb29ab092da9c371ee9efa4bbaf79e6e0cc1333e250ba82,KEEP_ACTIVE_REFERENCED_ASSURANCE,true,referenced by tracked repository text/tooling
assurance/CURRENT_BROWSER_TRUTH_POINTER.json,990,2507524f6ba669037bc55a8d3bcdaf89a7352c9e9102e2b7309cef68088aa61f,KEEP_ACTIVE_REFERENCED_ASSURANCE,true,referenced by tracked repository text/tooling
assurance/DEFERRED_BOUNDARY_GUARD.json,1254,8d9f3d18c0a18552a90dd72765b1829fc3e8fb0523ac2856e8c7c06eea6bf05b,KEEP_ACTIVE_REFERENCED_ASSURANCE,true,referenced by tracked repository text/tooling
assurance/DEFERRED_SET_PRESERVATION_RECEIPT.json,934,14afc92a3ca023a18928a1eb12d4465dea95e871d717b3ea45937ea4aa7a62f6,KEEP_ACTIVE_REFERENCED_ASSURANCE,true,referenced by tracked repository text/tooling
assurance/DEFERRED_WORK_LEDGER.json,6777,2c520489c4bf558630b22ced22cb7a14f1c3499d56a5a1f6985d092b072521c7,KEEP_ACTIVE_REFERENCED_ASSURANCE,true,referenced by tracked repository text/tooling
assurance/DROPPED_SUPERSEDED_LOW_VALUE_TRACEABILITY.json,5618,81a61a8a58d54d5cdc14f9ee841edb5afd591687c26c82baeae81e8b5f7964d3,KEEP_ACTIVE_REFERENCED_ASSURANCE,true,referenced by tracked repository text/tooling
assurance/DUPLICATE_MECHANIC_SCAN.json,5715,d625e20cedd458d87835001217b2f43bf222e2aef3454b1a19600c9144a11e84,KEEP_ACTIVE_REFERENCED_ASSURANCE,true,referenced by tracked repository text/tooling
assurance/E17_ANALYTICAL_COMPARE_BOUNDED_CORRECTION_GATE_MATRIX.json,2395,ff8a423c5e4bec0003c7fe0e9ca8399fbcae91646283c1e7903cf1495497be98,KEEP_ACTIVE_REFERENCED_ASSURANCE,true,referenced by tracked repository text/tooling
assurance/E17_ANALYTICAL_COMPARE_BOUNDED_CORRECTION_PROOF.json,4204,cac45efd7c32e8aca3cdeac149eaf92efb18231d8be29b3e3541de0bab2df106,KEEP_ACTIVE_REFERENCED_ASSURANCE,true,referenced by tracked repository text/tooling
assurance/E17_ANALYTICAL_COMPARE_BOUNDED_CORRECTION_RESULT.md,1537,afe5f5a856e470eff67ef64d54278611d7f6320d52f6f5f94947cffdc6855127,KEEP_ACTIVE_REFERENCED_ASSURANCE,true,referenced by tracked repository text/tooling
assurance/E17_ANALYTICAL_COMPARE_BOUNDED_CORRECTION_SOURCE_DELTA.json,1962,1c6cc9b580410e3a323320d2934c7d342b57db7a579113fd15373152d84585cc,KEEP_ACTIVE_REFERENCED_ASSURANCE,true,referenced by tracked repository text/tooling
assurance/E17_ANALYTICAL_COMPARE_CURRENT_CANDIDATE_REGRESSION.json,8887,04476acdd25e6cffc4a9cefd31445cc676e75f47361ec6abe1e2f6f025bf8853,KEEP_ACTIVE_REFERENCED_ASSURANCE,true,referenced by tracked repository text/tooling
assurance/E17_ANALYTICAL_COMPARE_EXECUTABLE_PROOF.json,7528,c80a0e0fe9283d3fb60fe1c3b2fb7629388c26422048ee52da2ad874d66e3942,KEEP_ACTIVE_REFERENCED_ASSURANCE,true,referenced by tracked repository text/tooling
assurance/E17_ANALYTICAL_COMPARE_FINAL_WRITER_STATUS.json,1505,50cee82aebd9894f95234c04a220f191815f4cdf20f30ff944f7742500e569b4,KEEP_ACTIVE_REFERENCED_ASSURANCE,true,referenced by tracked repository text/tooling
assurance/E17_ANALYTICAL_COMPARE_GATE_MATRIX.json,10122,b856b515c58b94b3a1800259da1b0d1a85609589d04c4dfdd6bedeaa918734fd,KEEP_ACTIVE_REFERENCED_ASSURANCE,true,referenced by tracked repository text/tooling
assurance/E17_ANALYTICAL_COMPARE_PARENT_VERIFICATION.json,1254,d27eef1aa5247a735fdf021a7886634b721fc6a90f8b45ae3c02ca84aeed56d4,KEEP_ACTIVE_REFERENCED_ASSURANCE,true,referenced by tracked repository text/tooling
assurance/E17_ANALYTICAL_COMPARE_REGRESSION_EVIDENCE.json,1903,068b25ebbced41dd530e8b8eef74cd7017b7ec83cd6109b3791e78dd8089be4a,KEEP_ACTIVE_REFERENCED_ASSURANCE,true,referenced by tracked repository text/tooling
assurance/E17_ANALYTICAL_COMPARE_SOURCE_DELTA.json,4080,746016e196385fd2ebb816fc5eb10356a70a8e25da224d5a92220846db0aa3e0,KEEP_ACTIVE_REFERENCED_ASSURANCE,true,referenced by tracked repository text/tooling
assurance/E17_ANALYTICAL_COMPARE_UNBLOCK_EVIDENCE.json,516,f3a0448f1662ae9e7f03450d713b42695385817f8d1806565267d7bd125afaa1,KEEP_ACTIVE_REFERENCED_ASSURANCE,true,referenced by tracked repository text/tooling
assurance/E18_ANALYTICAL_COMPARE_CONTROLLER_ACCEPTANCE.json,2611,e8e1af6eb0b0c20cbf6aaae6eedcc8eec79258c1c9f7567b59d903fd3df8a1d4,KEEP_ACTIVE_REFERENCED_ASSURANCE,true,referenced by tracked repository text/tooling
assurance/E18_ANALYTICAL_COMPARE_CONTROLLER_FINAL_GATE_MATRIX.json,2259,90080abc25ce7888b198e936e2d1c89be60331aaa7f0ba5492d2611c2e09b263,KEEP_ACTIVE_REFERENCED_ASSURANCE,true,referenced by tracked repository text/tooling
assurance/E18_ANALYTICAL_COMPARE_GENERATOR_IDEMPOTENCE.json,3647,d0c200410966582842d507a6a687d897fc8d490108748eddb715bb11030cee40,KEEP_ACTIVE_REFERENCED_ASSURANCE,true,referenced by tracked repository text/tooling
assurance/E18_ANALYTICAL_COMPARE_PROMOTION_AUTHORIZATION.json,615,b43c06910de8ee2c812d9774e942550f7ac5d64292642b8ac9572483852f6032,KEEP_ACTIVE_REFERENCED_ASSURANCE,true,referenced by tracked repository text/tooling
assurance/E18_SURFACE_READINESS_RECONCILIATION.json,11992,6a8e7f8a2152d1054072541be36a4cb640bd074360a63dc6f9ece0d73f5d5d98,KEEP_ACTIVE_REFERENCED_ASSURANCE,true,referenced by tracked repository text/tooling
assurance/FINAL_FOUNDATION_FALSIFICATION.json,15171,10d3cfa1a6caea96e0ab4065f8def5fd818fb80f80d0ec4ce703267e65145a6c,KEEP_ACTIVE_REFERENCED_ASSURANCE,true,referenced by tracked repository text/tooling
assurance/FINAL_FOUNDATION_GENERATOR_IDEMPOTENCE.json,685,17d9f1443539a77b05cbe5e66e0a29abd1d14efa58f28e571bbc9def78073c01,KEEP_ACTIVE_REFERENCED_ASSURANCE,true,referenced by tracked repository text/tooling
assurance/FINAL_FOUNDATION_INTAKE_GATE_ACCEPTANCE_E17.json,2208,99b03c90c5a699b40a8af21eecd14fb9b5fde858a68b34b588ba8b268db6ef34,KEEP_ACTIVE_REFERENCED_ASSURANCE,true,referenced by tracked repository text/tooling
assurance/FW_B_BUILD_AUTHORITY_RECEIPT.json,2967,2af60d2a76338ec6b6bd77ef8e6809d59cae0a1e65200f2a89d0a37391f32590,KEEP_ACTIVE_REFERENCED_ASSURANCE,true,referenced by tracked repository text/tooling
assurance/FW_B_BUILD_RUNTIME_RECEIPT.json,174,5bcbf0db4f741392951816bc897b8b14ebb35d7fd34b4c1c224b67c145087937,KEEP_ACTIVE_REFERENCED_ASSURANCE,true,referenced by tracked repository text/tooling
assurance/FW_B_CENTRAL_MODIFICATION_REVERT_PROOF.json,16020,7d3e220754bf7cfe398c0933cd0b1cd21c05d52d04205bdf237f7212faf460ab,KEEP_ACTIVE_REFERENCED_ASSURANCE,true,referenced by tracked repository text/tooling
assurance/FW_B_CONTRACT_INVARIANTS.md,2918,a9bf37866c0cb366742cc1583fb3130b4e333520dec9a0984fe31bd3474e4a26,KEEP_ACTIVE_REFERENCED_ASSURANCE,true,referenced by tracked repository text/tooling
assurance/FW_B_CONTROLLER_REVIEW_SUMMARY_AR.md,1536,f382469325f15804742c04685aed95353171e16489f9a58e0124c0054cdc4823,KEEP_ACTIVE_REFERENCED_ASSURANCE,true,referenced by tracked repository text/tooling
assurance/FW_B_CORRECTION_BASE_PROTECTED_OWNER_PROOF.json,2706,f2f6b6e0f89af03bcb88b885764c9708dc714e8276c5e9fb9489fab60baabd40,KEEP_ACTIVE_REFERENCED_ASSURANCE,true,referenced by tracked repository text/tooling
assurance/FW_B_CORRECTION_CHANGED_PATHS.json,10048,a82f077857dc9ded49f9b299a0cbdc9fe83a3bc0c8dc0f5037ebc52da4234dc2,KEEP_ACTIVE_REFERENCED_ASSURANCE,true,referenced by tracked repository text/tooling
assurance/FW_B_CORRECTION_DEFECT_REPRO_AND_FIX.json,22003,2d0243aa336ac7e4159c499e59c9fb49ab3b7ced4bf266549baa4fed498d02aa,KEEP_ACTIVE_REFERENCED_ASSURANCE,true,referenced by tracked repository text/tooling
assurance/FW_B_CORRECTION_LIBRARY_LEARN_PROOF.json,41208,73f3bab41480664962c077ff7994bd801c15f8edb0c210f4ac8b6de67fd9f1cd,KEEP_ACTIVE_REFERENCED_ASSURANCE,true,referenced by tracked repository text/tooling
assurance/FW_B_CORRECTION_TARGETED_REGRESSION.json,2801,b12a36658f0e6b71555463043e0ccce38c25532093385a33f67c96c5a40cf969,KEEP_ACTIVE_REFERENCED_ASSURANCE,true,referenced by tracked repository text/tooling
assurance/FW_B_DONOR_SELECTION_BRANCH_DISPOSITION.json,2262,b62d2b3685263fa18c2b88868551e3dd8e2e03bfd519feb64634a9caa49ab845,KEEP_ACTIVE_REFERENCED_ASSURANCE,true,referenced by tracked repository text/tooling
assurance/FW_B_FULL_REGRESSION_RECEIPT.json,1522,ee759e1efcbe6474931153387aa340016870eae99bff7cfacbf1c5aafd2d8a1a,KEEP_ACTIVE_REFERENCED_ASSURANCE,true,referenced by tracked repository text/tooling
assurance/FW_B_G17_LIBRARY_SELECTION.png,197322,41b8aa80de52623c725ce9d4904ade65262d06424dd9ff44934cc46dd0473142,KEEP_ACTIVE_REFERENCED_ASSURANCE,true,referenced by tracked repository text/tooling
assurance/FW_B_LEARN_SELECTION_CONSUMER.png,148472,96a436d69a2e912f2f4e15e0adeba3ff082d27f887b1b21f52c744b971650df3,KEEP_ACTIVE_REFERENCED_ASSURANCE,true,referenced by tracked repository text/tooling
assurance/FW_B_PACKAGE_PREP_RECEIPT.json,809,c40ee9590d6f863d00377f44ceeaf187e0477d9c8114ece7a021e02cce29f787,KEEP_ACTIVE_REFERENCED_ASSURANCE,true,referenced by tracked repository text/tooling
assurance/FW_B_PARENT_SCOPE_PROTECTED_OWNER_PROOF.json,13495,aa368f84753c41a844c6433df4e319d79ffecfe7507262af94068cb9b4fdc435,KEEP_ACTIVE_REFERENCED_ASSURANCE,true,referenced by tracked repository text/tooling
assurance/FW_B_R3_TARGETED_BROWSER_REPLAY.json,44327,889ecc80217d88ad29955fd639260325aa7e864f6a1ef3f2a94fc49a688136f8,KEEP_ACTIVE_REFERENCED_ASSURANCE,true,referenced by tracked repository text/tooling
assurance/FW_B_REAL_CONSUMER_PROOF.json,16991,02a955fb1b7d31271b823e32311284d68ac3ef31780e464c4733e75cf182ddcb,KEEP_ACTIVE_REFERENCED_ASSURANCE,true,referenced by tracked repository text/tooling
assurance/FW_B_RESULT_SUMMARY_AR.md,1435,9b66bf19469e3f39044d36805a2f181ca71db725b95e304b609345d068533854,KEEP_ACTIVE_REFERENCED_ASSURANCE,true,referenced by tracked repository text/tooling
assurance/FW_B_SELECTION_OWNERSHIP_GATES.json,8006,581b4fc16e6ec5c937864cb51ddabf47af26564ba3948d248ae66b4c8e9cee94,KEEP_ACTIVE_REFERENCED_ASSURANCE,true,referenced by tracked repository text/tooling
assurance/FW_C_BROWSER_ACCESSIBILITY_PROOF.json,21527,d3f896283ba943e45070870c05675f73daeeb74c4cc64204183579b9775ddeb2,KEEP_ACTIVE_REFERENCED_ASSURANCE,true,referenced by tracked repository text/tooling
assurance/FW_C_CANDIDATE_IDENTITY.json,1048,45fe85ce976b5f8971822edb1b050096c5bdc9f120157c95c67533bfcc71b010,KEEP_ACTIVE_REFERENCED_ASSURANCE,true,referenced by tracked repository text/tooling
assurance/FW_C_CANDIDATE_SUMMARY_AR.md,1925,bbcb84672ee133fcc80cfe0a766925d74c1a412d9d8525e90e191c7921acf362,KEEP_ACTIVE_REFERENCED_ASSURANCE,true,referenced by tracked repository text/tooling
assurance/FW_C_CENTRAL_POLICY_MUTATION_REVERT_PROOF.json,6538,74d91ab67cff10db0e46791bd3d6082ef0fa73b723c1464f17a01551e5c94d8c,KEEP_ACTIVE_REFERENCED_ASSURANCE,true,referenced by tracked repository text/tooling
assurance/FW_C_ENTERPRISE_SELECTION_NAVIGATION.png,184699,06954fbe8414d90ebfdbd6b3cb04e26bdfff759d3ab24094ce4561f9b2a097c6,KEEP_ACTIVE_REFERENCED_ASSURANCE,true,referenced by tracked repository text/tooling
assurance/FW_C_EXACT_CHANGED_PATH_RECEIPT.json,13886,0db1b7a3f4c05bde5785b2997b2e93008c834892081f1e2f7236434b9d01db7f,KEEP_ACTIVE_REFERENCED_ASSURANCE,true,referenced by tracked repository text/tooling
assurance/FW_C_FULL_REGRESSION_BUILD_PROOF.json,2030,c026980da8702dbc135e2e7ef594aa84995ac334e023e830d79a42fb86890373,KEEP_ACTIVE_REFERENCED_ASSURANCE,true,referenced by tracked repository text/tooling
assurance/FW_C_NEGATIVE_SCAN_PROOF.json,916,0ee0f1f318c5c06355a6b7718ad6efd7a92fd6c7c00d010e058b9979966ffb31,KEEP_ACTIVE_REFERENCED_ASSURANCE,true,referenced by tracked repository text/tooling
assurance/FW_C_OWNER_BOUNDARY_PRESERVATION_PROOF.json,2023,976a22075b34e71bea57a4943f2e88a792a5ade00f6312b0bf304e8139612b01,KEEP_ACTIVE_REFERENCED_ASSURANCE,true,referenced by tracked repository text/tooling
assurance/FW_C_RECORDED_MODE_CORRECTION_PROOF.json,8038,b394abff06c7e09b11709983076282b53a3cc2658450e25cbf0d2ed2a7d06502,KEEP_ACTIVE_REFERENCED_ASSURANCE,true,referenced by tracked repository text/tooling
assurance/FW_C_RUNS_RECORDED_SELECTION_NAVIGATION.png,146056,2a5ba0e3325977785242e12237a604b387b7c71cb24fc50272d2772a0b60dc17,KEEP_ACTIVE_REFERENCED_ASSURANCE,true,referenced by tracked repository text/tooling
assurance/FW_C_THREE_CONSUMER_PROOF.json,7000,da7b2f2ca8635069f2df498b712ba2fe8af944cc20f2ad32cf884347ac33e040,KEEP_ACTIVE_REFERENCED_ASSURANCE,true,referenced by tracked repository text/tooling
assurance/FW_C_VISUALIZE_SELECTION_NAVIGATION.png,211433,22dde5b00f02065b51968c41f1d55101d138bb6ac88b7d8ba0242c6456947b0f,KEEP_ACTIVE_REFERENCED_ASSURANCE,true,referenced by tracked repository text/tooling
assurance/HIGH_VALUE_DEFERRED_LEDGER.json,6820,54b3f496821abdf197d0a9763f942a6cde791df013654ab33851b86b2c2c294c,KEEP_ACTIVE_REFERENCED_ASSURANCE,true,referenced by tracked repository text/tooling
assurance/INDEPENDENT_BROWSER_REVALIDATION.json,1656,3cf1b15b9bd47e63b6d6be1d10e68ccc4501fef9a7dd078372b407831f162d53,KEEP_ACTIVE_REFERENCED_ASSURANCE,true,referenced by tracked repository text/tooling
assurance/INDEPENDENT_BROWSER_TRUTHFULNESS_PATCH.json,1260,183221d4db1bb1debde1bee6f83938b96409bc8606823946ce91460f0bf779e2,KEEP_ACTIVE_REFERENCED_ASSURANCE,true,referenced by tracked repository text/tooling
assurance/INDEPENDENT_CONTROLLER_REVIEW_CORRECTIONS.json,2697,ca673e39e8e8e7d86be1a09bea837720fdd6596480cf471633b8719194158632,KEEP_ACTIVE_REFERENCED_ASSURANCE,true,referenced by tracked repository text/tooling
assurance/INDEPENDENT_FINAL_REVIEW.json,2093,13fd0718c2ade012f522eebbfacb24bbf130bd9da613d6ea638752e3756c20a8,KEEP_ACTIVE_REFERENCED_ASSURANCE,true,referenced by tracked repository text/tooling
assurance/INDEPENDENT_REVIEW_CHANGED_FILE_REGISTER.json,9897,e2526f596b0bd66bd830eb2649d7488a83d9e6de7dae8ee02648bd159c002ffd,KEEP_ACTIVE_REFERENCED_ASSURANCE,true,referenced by tracked repository text/tooling
assurance/KNOWN_LIMITATIONS_v0.2.1.md,1093,a9f1c6dfe1556ea79dccf76f1ff7ee987c483e552ece6340a622ff69b6924d92,KEEP_ACTIVE_REFERENCED_ASSURANCE,true,referenced by tracked repository text/tooling
assurance/KNOWN_LIMITATIONS_v0.2.1a.md,2239,d10554203e1b370cb133335ad2aa42b0bfaef11f0ba462ad6120b4d6305b774f,KEEP_ACTIVE_REFERENCED_ASSURANCE,true,referenced by tracked repository text/tooling
assurance/KNOWN_LIMITATIONS_v0.2.1c.md,1856,7316dec10a548c9dafae4d6a2a43c7433eb4bbfa106013cef63e9fb79ecd8fe1,KEEP_ACTIVE_REFERENCED_ASSURANCE,true,referenced by tracked repository text/tooling
assurance/M0_CANDIDATE_IDENTITY.json,787,16123f6d551ef51f69616cf7bc2124080c814968de8199439fede601bfd71644,ARCHIVE_CANDIDATE_HISTORICAL_ASSURANCE,false,unreferenced assurance; requires custody/content review before removal
assurance/M0_CHANGED_PATHS_VS_PARENT.json,36754,e7f7efb85ad3d69e79ce869bee39691ad0dd6d288bb7dd331313188c8d869f3c,ARCHIVE_CANDIDATE_HISTORICAL_ASSURANCE,false,unreferenced assurance; requires custody/content review before removal
assurance/M0_EVIDENCE_CORR01_BROWSER_DELIVERED_STANDARD_ATTEMPT.json,8651,6e5116055b64897f4b921de082d8cfcf3e5233cb4138a769931f6c872892bc92,KEEP_ACTIVE_REFERENCED_ASSURANCE,true,referenced by tracked repository text/tooling
assurance/M0_EVIDENCE_CORR01_BROWSER_LOCALHOST_BLOCKED_ATTEMPT.json,6196,5c4a14ee8952659f87e5619be0aa5ffff96c2e875c94f00e6101a336ff212e55,KEEP_ACTIVE_REFERENCED_ASSURANCE,true,referenced by tracked repository text/tooling
assurance/M0_EVIDENCE_CORR01_BROWSER_SPATIAL_CONNECT_REPRODUCTION.json,2170,8ec45bd1f59806564edcd3dd432f927f853be7758336fd7b25f5d5c87c87af4f,ARCHIVE_CANDIDATE_HISTORICAL_ASSURANCE,false,unreferenced assurance; requires custody/content review before removal
assurance/M0_EVIDENCE_CORR01_BROWSER_TRUTH_POINTER_DELIVERED.json,590,f0722b3d58ad2e515e14839ac27d247fb51545e1bfead2e661754cce4f883d90,ARCHIVE_CANDIDATE_HISTORICAL_ASSURANCE,false,unreferenced assurance; requires custody/content review before removal
assurance/M0_EVIDENCE_CORR01_SCREENSHOT_MANIFEST_DELIVERED.json,560,d0a0576f037f92c1855e8108a18565044b5b8bcba3afc0968c4b0f850c5105a5,ARCHIVE_CANDIDATE_HISTORICAL_ASSURANCE,false,unreferenced assurance; requires custody/content review before removal
assurance/M0_EXACT_CURRENT_23_SURFACE_SMOKE.json,13468,c2957acb2988f19cc86751f7b4ee6186a64230b2340b557c2404481bedac6bb3,KEEP_ACTIVE_REFERENCED_ASSURANCE,true,referenced by tracked repository text/tooling
assurance/M0_EXACT_CURRENT_BIDI_BROWSER_PROOF.json,514,b5d9419669a0b01a35df93d9692048fd07354f56ea6478569947bd9d7c707291,KEEP_ACTIVE_REFERENCED_ASSURANCE,true,referenced by tracked repository text/tooling
assurance/M0_FINAL_GATE_SUMMARY.json,5788,84124dd5e53801786766a36bd6da113f07722bea9bdc7f9f5ad49a9be947239e,ARCHIVE_CANDIDATE_HISTORICAL_ASSURANCE,false,unreferenced assurance; requires custody/content review before removal
assurance/M0_OWNER_QA_FOCUSED_FALSIFICATION.json,33413,d0b5c922cb0f6a277dd17b661ba316e0766e0fb0e10ed5480157db69cc671209,KEEP_ACTIVE_REFERENCED_ASSURANCE,true,referenced by tracked repository text/tooling
assurance/MISSION_SCOPE_TRIAGE_AR.md,1584,68dc3900ba76c21f4255c42263952aa19449f2623afdef069133b337676c6377,KEEP_ACTIVE_REFERENCED_ASSURANCE,true,referenced by tracked repository text/tooling
assurance/MODEL_TEST_RESULTS.json,81073,1e2d9b758c7c786958c0381d17bb78622144e9d0510bd8c245f04c307fa132c1,KEEP_ACTIVE_REFERENCED_ASSURANCE,true,referenced by tracked repository text/tooling
assurance/OPEN_IMPLEMENTATION_GAPS.md,1046,cb6186fdf67769aa6b98dc59cbda9403574ed6c9641c4aba4a1b8e9351b3e5a1,KEEP_ACTIVE_REFERENCED_ASSURANCE,true,referenced by tracked repository text/tooling
assurance/PARITY_AND_LIMITATIONS.md,1957,a6fabd51c076ea538437dc312361df3c8cda2785e45a9717ecb9ed2cf8ddd908,KEEP_ACTIVE_REFERENCED_ASSURANCE,true,referenced by tracked repository text/tooling
assurance/PS01_TARGETED_TEST_RECEIPT.json,1914,4b00dc406af72dc54826255944dd4015f1a7bbb6c06681e388a0a1f7af17a509,KEEP_ACTIVE_REFERENCED_ASSURANCE,true,referenced by tracked repository text/tooling
assurance/R6_CORR01_LOOPBACK_POLICY_EVIDENCE.txt,620,e90de9d8bf7b5fc33f6aadf5d08b4c2a3060948662a8a9a4da7e473c7f6e3ce3,ARCHIVE_CANDIDATE_HISTORICAL_ASSURANCE,false,unreferenced assurance; requires custody/content review before removal
assurance/R6_OD057_BROWSER/R6_23_SURFACE_BROWSER_AUDIT.json,18842,4109cc516a94399381c08eab74751366cf97fe3084754e062f801c758af45177,ARCHIVE_CANDIDATE_HISTORICAL_ASSURANCE,false,unreferenced assurance; requires custody/content review before removal
assurance/R6_OD057_BROWSER/R6_23_SURFACE_SCREENSHOT_MANIFEST.json,29779,238f417843bd4fe15c1a81bf71ad74a84d95ea296aa4394c452f2bc62ca44f3c,ARCHIVE_CANDIDATE_HISTORICAL_ASSURANCE,false,unreferenced assurance; requires custody/content review before removal
assurance/R6_OD057_BROWSER/audit-1024x900.png,125576,82729de731a16eb65c6a9cc104810a155229965749ae42b6b59b7f51bf6ddbdf,KEEP_ACTIVE_REFERENCED_ASSURANCE,true,referenced by tracked repository text/tooling
assurance/R6_OD057_BROWSER/audit-1440x1000.png,154258,8461bec01542f0084537c1ac8fa7eaab6bc98d2909a61781eae79c421097c243,KEEP_ACTIVE_REFERENCED_ASSURANCE,true,referenced by tracked repository text/tooling
assurance/R6_OD057_BROWSER/backup-1024x900.png,125226,ea313e55359239dec6b7e2ba99a3646497cb61f23a5669a509a5b9d3c786e254,KEEP_ACTIVE_REFERENCED_ASSURANCE,true,referenced by tracked repository text/tooling
assurance/R6_OD057_BROWSER/backup-1440x1000.png,164136,e1795ebca31386fba732167b17870059c93723d9fdcee84a856efde26c87affd,KEEP_ACTIVE_REFERENCED_ASSURANCE,true,referenced by tracked repository text/tooling
assurance/R6_OD057_BROWSER/configuration-1024x900.png,106949,2470f9c240eaaf86b4f8ed9064406644a60e551ac609df16cd4afeb7a5fb4c3f,KEEP_ACTIVE_REFERENCED_ASSURANCE,true,referenced by tracked repository text/tooling
assurance/R6_OD057_BROWSER/configuration-1440x1000.png,132457,f2bb7ef597cf2e4422efb19e7ccfdb70f62694b341209b81fc3a5aea07825a0d,KEEP_ACTIVE_REFERENCED_ASSURANCE,true,referenced by tracked repository text/tooling
assurance/R6_OD057_BROWSER/enterprise-1024x900.png,140014,c0a410889c69af70b7af75709e35e3934916bd673bdf83ba7bfbf20081a970ff,KEEP_ACTIVE_REFERENCED_ASSURANCE,true,referenced by tracked repository text/tooling
assurance/R6_OD057_BROWSER/enterprise-1440x1000.png,172058,42be3e9cc8493f83cacf34a9f12cc4f45981e530819226e2d631029c43a9fa05,KEEP_ACTIVE_REFERENCED_ASSURANCE,true,referenced by tracked repository text/tooling
assurance/R6_OD057_BROWSER/evidence-1024x900.png,116467,d91376ea87b959a09e973e71a5325768eab60d7a27ed7144782c4c17858f164b,KEEP_ACTIVE_REFERENCED_ASSURANCE,true,referenced by tracked repository text/tooling
assurance/R6_OD057_BROWSER/evidence-1440x1000.png,148719,071e387a8b33e1652ab64396c83147672a014a62aa2ca38de58f35620cd21c02,KEEP_ACTIVE_REFERENCED_ASSURANCE,true,referenced by tracked repository text/tooling
assurance/R6_OD057_BROWSER/health-1024x900.png,115779,aaaa8b4adfaa1f96103a75624aab82f9412e5bfe28be2dc41569dad910af90b5,KEEP_ACTIVE_REFERENCED_ASSURANCE,true,referenced by tracked repository text/tooling
assurance/R6_OD057_BROWSER/health-1440x1000.png,160816,6d85fa27b219a2956613f07aaada051b3597661469bd442b65a1a828632c68ce,KEEP_ACTIVE_REFERENCED_ASSURANCE,true,referenced by tracked repository text/tooling
assurance/R6_OD057_BROWSER/labs-1024x900.png,112986,4b9e132bb3ac678debeec707efbf8ca5e056744dc3124db33dd912d88623ad9a,KEEP_ACTIVE_REFERENCED_ASSURANCE,true,referenced by tracked repository text/tooling
assurance/R6_OD057_BROWSER/labs-1440x1000.png,161590,7f888971dab314de13ebc6b2e02dcb88f3d54bc5b660e473e290f5d970619369,KEEP_ACTIVE_REFERENCED_ASSURANCE,true,referenced by tracked repository text/tooling
assurance/R6_OD057_BROWSER/learn-1024x900.png,139159,81bbd6503d896d4173bcf02bce7ad28618f3ac2c2f480ebfd0bdb2d70c713a61,KEEP_ACTIVE_REFERENCED_ASSURANCE,true,referenced by tracked repository text/tooling
assurance/R6_OD057_BROWSER/learn-1440x1000.png,194933,bd56d43ace7ae2b7b05ce8eda4c1f4bb5cbc433a33bcaa86428ca7105fe2c0c9,KEEP_ACTIVE_REFERENCED_ASSURANCE,true,referenced by tracked repository text/tooling
assurance/R6_OD057_BROWSER/library-1024x900.png,117001,5f8203b51b7f140b0d668066809ee2fef28c589b1347bcf9d68b80dce3f17ca0,KEEP_ACTIVE_REFERENCED_ASSURANCE,true,referenced by tracked repository text/tooling
assurance/R6_OD057_BROWSER/library-1440x1000.png,174321,261f2a826ec2ab19c0aef2253c1a52ec630c9a42a400d861fd3e6f6bf3435127,KEEP_ACTIVE_REFERENCED_ASSURANCE,true,referenced by tracked repository text/tooling
assurance/R6_OD057_BROWSER/manual_ai-1024x900.png,106312,f00ed253597b2951d2eac9d567b6a818998d5d430dccbc9c4b9a803aabc43d61,KEEP_ACTIVE_REFERENCED_ASSURANCE,true,referenced by tracked repository text/tooling
assurance/R6_OD057_BROWSER/manual_ai-1440x1000.png,131122,cfe9b623dd7daf226d3cf54c99567e2d6ffcdd706d799aa35a747ce64cd00218,KEEP_ACTIVE_REFERENCED_ASSURANCE,true,referenced by tracked repository text/tooling
assurance/R6_OD057_BROWSER/mastery-1024x900.png,115895,1afa2626572badbe259afca69844fcd46c4b2a1dd1eb12a6e70618763a224dea,KEEP_ACTIVE_REFERENCED_ASSURANCE,true,referenced by tracked repository text/tooling
assurance/R6_OD057_BROWSER/mastery-1440x1000.png,149794,9a35a0bf27822bf203c005ed590f24ca45c6a70b703b46f1ffa75ffbab387a5b,KEEP_ACTIVE_REFERENCED_ASSURANCE,true,referenced by tracked repository text/tooling
assurance/R6_OD057_BROWSER/portfolio-1024x900.png,112007,76ff641b9923a04acca7f897fe28a80d350a7ac5858ad11e2345230422a3face,KEEP_ACTIVE_REFERENCED_ASSURANCE,true,referenced by tracked repository text/tooling
assurance/R6_OD057_BROWSER/portfolio-1440x1000.png,142693,ab9fadd18727cc23f91659d99dd958aab5136cb27b7feb654d111d375293dc8e,KEEP_ACTIVE_REFERENCED_ASSURANCE,true,referenced by tracked repository text/tooling
assurance/R6_OD057_BROWSER/processing-1024x900.png,114324,ee09942b7140f149138f72178c264badde9734954ceecc49a78e7a44e4f30603,KEEP_ACTIVE_REFERENCED_ASSURANCE,true,referenced by tracked repository text/tooling
assurance/R6_OD057_BROWSER/processing-1440x1000.png,155773,0fd704649284296ce576927cd0a5ddd4f2544272da9a02d34497715bb0d96adc,KEEP_ACTIVE_REFERENCED_ASSURANCE,true,referenced by tracked repository text/tooling
assurance/R6_OD057_BROWSER/releases-1024x900.png,105795,794a7f80f17b4d38aac817340cfd0edf6b1a9406adb63cfe40d95de9480ac49b,KEEP_ACTIVE_REFERENCED_ASSURANCE,true,referenced by tracked repository text/tooling
assurance/R6_OD057_BROWSER/releases-1440x1000.png,131226,aefe9328867ed510960fa3cc49540e40284fa069a04e0ab244420004b22fb10e,KEEP_ACTIVE_REFERENCED_ASSURANCE,true,referenced by tracked repository text/tooling
assurance/R6_OD057_BROWSER/results-1024x900.png,132723,8e801fc0b6df55cfc8eff33afe628b1021531a1e0d2e7d0dde30ba6ca9387b09,KEEP_ACTIVE_REFERENCED_ASSURANCE,true,referenced by tracked repository text/tooling
assurance/R6_OD057_BROWSER/results-1440x1000.png,183289,634cad7eff27741c0f983cf911479a18a05493b2e5ee9a25da6a1c9e95399204,KEEP_ACTIVE_REFERENCED_ASSURANCE,true,referenced by tracked repository text/tooling
assurance/R6_OD057_BROWSER/reviews-1024x900.png,112449,07d4fad2b2b12ea7b93f9cf5e0b8af4233326c4e9b941460f850711388582f3a,KEEP_ACTIVE_REFERENCED_ASSURANCE,true,referenced by tracked repository text/tooling
assurance/R6_OD057_BROWSER/reviews-1440x1000.png,144863,22879ff357aade43f252954bdd8f5413ef30905232764e2e69d8adccbc690725,KEEP_ACTIVE_REFERENCED_ASSURANCE,true,referenced by tracked repository text/tooling
assurance/R6_OD057_BROWSER/rq-1024x900.png,133211,bca667e602b2847d96d7d985edca2d3dbfe54e1174b47cbcb802330a2445ae2f,KEEP_ACTIVE_REFERENCED_ASSURANCE,true,referenced by tracked repository text/tooling
assurance/R6_OD057_BROWSER/rq-1440x1000.png,168188,1f39422f42583f0f31959c872070545ca3451d27e6871f0ead00fdf29d502f14,KEEP_ACTIVE_REFERENCED_ASSURANCE,true,referenced by tracked repository text/tooling
assurance/R6_OD057_BROWSER/runs-1024x900.png,112753,7ed843e705a9577d3fdff87c3a36ea639bff5c9a54dd822a1c58ebdc51cc6fe5,KEEP_ACTIVE_REFERENCED_ASSURANCE,true,referenced by tracked repository text/tooling
assurance/R6_OD057_BROWSER/runs-1440x1000.png,151128,4491ac417123cc72999b0205809402b207f9104ce9b47ca7a31643834ecbdf72,KEEP_ACTIVE_REFERENCED_ASSURANCE,true,referenced by tracked repository text/tooling
assurance/R6_OD057_BROWSER/scenarios-1024x900.png,118757,f41fb87c65106479b68fcb7e59be8e0d4b9eb5049fe3e89559e713ba331365ff,KEEP_ACTIVE_REFERENCED_ASSURANCE,true,referenced by tracked repository text/tooling
assurance/R6_OD057_BROWSER/scenarios-1440x1000.png,167577,7d9a8a835d34872334cb7a40d05a72f04eb8096b6eb0e771871d5089637ccb76,KEEP_ACTIVE_REFERENCED_ASSURANCE,true,referenced by tracked repository text/tooling
assurance/R6_OD057_BROWSER/shell-1024x900.png,69682,582cd4d0758bb49b9abd6dc9553bb64cf3ab8766cc4636f426e0edbeb377a7fc,KEEP_ACTIVE_REFERENCED_ASSURANCE,true,referenced by tracked repository text/tooling
assurance/R6_OD057_BROWSER/shell-1440x1000.png,93360,bd0441b2da7050db1cd5f79dad92d0ff84c5273f68d00954e55a4c20c93773a3,KEEP_ACTIVE_REFERENCED_ASSURANCE,true,referenced by tracked repository text/tooling
assurance/R6_OD057_BROWSER/today-1024x900.png,91606,39217f90f2310ae8fc6cfc4d5af518bea096b9613eb78d5eea303e469aa2e007,KEEP_ACTIVE_REFERENCED_ASSURANCE,true,referenced by tracked repository text/tooling
assurance/R6_OD057_BROWSER/today-1440x1000.png,114171,d329c002fa0c26a7204ad694356c601ccffcc3973cd2b5840397ec1e5bb5b248,KEEP_ACTIVE_REFERENCED_ASSURANCE,true,referenced by tracked repository text/tooling
assurance/R6_OD057_BROWSER/validation-1024x900.png,121413,d26a2ecd75f264403c4145b8bbefbf79b25d74d53ee249cdfc4f688ab4db19e8,KEEP_ACTIVE_REFERENCED_ASSURANCE,true,referenced by tracked repository text/tooling
assurance/R6_OD057_BROWSER/validation-1440x1000.png,161556,1e58a6ec99bd89bb7f32e59e2111257a4b9348a8744c4d6593d88783408041ed,KEEP_ACTIVE_REFERENCED_ASSURANCE,true,referenced by tracked repository text/tooling
assurance/R6_OD057_BROWSER/visualize-1024x900.png,140970,277f19f6422cd60f142f29a03260e8e37606c5c953fbeefde6f9976f0b47b19f,KEEP_ACTIVE_REFERENCED_ASSURANCE,true,referenced by tracked repository text/tooling
assurance/R6_OD057_BROWSER/visualize-1440x1000.png,179194,f48c530342d9342b78f092c63caf01dfc11665b7d262337bbf13265d5bfb06f5,KEEP_ACTIVE_REFERENCED_ASSURANCE,true,referenced by tracked repository text/tooling
assurance/SCREENSHOT_MANIFEST.json,27082,a9a7407d6321d8225887a5f3ca29dae412ee5338fceab1d82bb0217196a3e70a,KEEP_ACTIVE_REFERENCED_ASSURANCE,true,referenced by tracked repository text/tooling
assurance/SIX_CORRECTION_COMPLETION_REGISTER.json,1862,44c69de963d32271721b105579f03765140b386ee885680310eb4199d76c6628,KEEP_ACTIVE_REFERENCED_ASSURANCE,true,referenced by tracked repository text/tooling
assurance/STRUCTURED_EXTRACTION_MAP.json,1958,d3b91bfb8824ec91b92059f2f810df484b5f695406d4d585e374bebaebdb5990,KEEP_ACTIVE_REFERENCED_ASSURANCE,true,referenced by tracked repository text/tooling
assurance/STRUCTURED_SELECTION_CLIPBOARD_EXTRACTION_MAP.json,796,036e78611075d78ea4723756e99f8508b5bef0f4c244f0623c345118215cea4a,KEEP_ACTIVE_REFERENCED_ASSURANCE,true,referenced by tracked repository text/tooling
assurance/VS01_CENTRAL_MUTATION_PROOF.json,3342,9c5d63639ed8a8f69dc5ba15d2857c24e316815e5f369c206a8c73f56f9ffdc0,KEEP_ACTIVE_REFERENCED_ASSURANCE,true,referenced by tracked repository text/tooling
assurance/VS01_CONTROLLER_PACKAGING_TRUTH_CORRECTION.json,1582,5088b02b55884d461205a6cca98ab5869a61cdc9fcff667c833efb7f23068d50,KEEP_ACTIVE_REFERENCED_ASSURANCE,true,referenced by tracked repository text/tooling
assurance/VS01_R3_TARGETED_BROWSER_REPLAY.json,8944,8bc206ac1ad78984ef50099dff4c8040fb567d2b240e0b76c8d1cbe4819159a2,KEEP_ACTIVE_REFERENCED_ASSURANCE,true,referenced by tracked repository text/tooling
assurance/VS01_TARGETED_TREE_TEST_RECEIPT.json,2283,bdafee8cd767427a8d3e18310f850785d932b8c1199ee28554743ee8e1b88016,KEEP_ACTIVE_REFERENCED_ASSURANCE,true,referenced by tracked repository text/tooling
assurance/VS01_TREE_OWNER_PROOF.json,4123,7689ac0199d9a8696ca0726dbef8774030d7ecaec8fe03c011866664fea575ef,KEEP_ACTIVE_REFERENCED_ASSURANCE,true,referenced by tracked repository text/tooling
assurance/VS01_WRITER_FRESH_BROWSER_CONFORMANCE_RECEIPT.json,8841,c5a5cc3a46a7a78717bd34a071ad5b96c66b72756b38b9cd893e1e5c5b1b9b5a,KEEP_ACTIVE_REFERENCED_ASSURANCE,true,referenced by tracked repository text/tooling
assurance/VS03_BUILD_AUTHORITY_PROOF.json,2612,d5ef1911bd2a4e132b0a57e919a170d5fb9a2b4651a16c4f8a91ccab74eaaebc,KEEP_ACTIVE_REFERENCED_ASSURANCE,true,referenced by tracked repository text/tooling
assurance/VS03_CENTRAL_MUTATION_PROOF.json,1594,780e0f8cf53c3c834b5d015112915ea705c766158fc3a212d429b5957905b2a5,KEEP_ACTIVE_REFERENCED_ASSURANCE,true,referenced by tracked repository text/tooling
assurance/VS03_CENTRAL_POLICY_PROBE_TEMPORARY.json,6004,9402f04b56326f1ae5d79eeb52db348183e71d5a0f29def403c712541d87d16e,KEEP_ACTIVE_REFERENCED_ASSURANCE,true,referenced by tracked repository text/tooling
assurance/VS03_CHANGED_PATHS.json,4478,fe68a4f06c86610d7cf12c94b97a69ddc0dcc4aef344a70991b10533a2fd9300,KEEP_ACTIVE_REFERENCED_ASSURANCE,true,referenced by tracked repository text/tooling
assurance/VS03_CORRECTION_BROWSER_EVIDENCE.json,1441,d8ac10b5cc4bb0d20949b6cfc4e837f3da2b30f96fec2ca0d53bdeb5b993b3e5,KEEP_ACTIVE_REFERENCED_ASSURANCE,true,referenced by tracked repository text/tooling
assurance/VS03_CORRECTION_CENTRAL_MUTATION_PROOF.json,909,767df0a6e0735a58175bb3f508707ebfaa9f9ce2af698f0f0de064712a6b0e3b,KEEP_ACTIVE_REFERENCED_ASSURANCE,true,referenced by tracked repository text/tooling
assurance/VS03_CORRECTION_CHANGED_PATHS.json,7861,c2a3b3ca0e8d1c544bd00b7aa38d5f895a5a8bec5a2c4eeaab23e1914a284f4b,KEEP_ACTIVE_REFERENCED_ASSURANCE,true,referenced by tracked repository text/tooling
assurance/VS03_CORRECTION_OWNER_CLOSURE_PROOF.json,13027,1cd12fc94cf05cb48edc2d177c9f44c3d4c03aea26c52bac42790da954bd1b6b,KEEP_ACTIVE_REFERENCED_ASSURANCE,true,referenced by tracked repository text/tooling
assurance/VS03_CORRECTION_TEST_RECEIPT.json,7391,31aa9249e9edc6a978f22f6009d8284429a8a4a3f475cc8a1fc1606f0e1a35ff,KEEP_ACTIVE_REFERENCED_ASSURANCE,true,referenced by tracked repository text/tooling
assurance/VS03_DONOR_TO_CANONICAL_MUTATION_DISPOSITION.md,2513,691c1962250030de671bef2bf4883ca67b2fa2d992541c90ae70b3b6cd328680,KEEP_ACTIVE_REFERENCED_ASSURANCE,true,referenced by tracked repository text/tooling
assurance/VS03_FULL_REGRESSION_SUMMARY.json,1795,e431e27be567d3bd7fdf8173bbe51b9838122792fefbc43676f9e9ceb1d041b6,KEEP_ACTIVE_REFERENCED_ASSURANCE,true,referenced by tracked repository text/tooling
assurance/VS03_G08_drag_drop_feedback.png,218861,80d215e9e60430c198962dd98d16dfc9debc0fba87ec090afecf3ab97bb10343,KEEP_ACTIVE_REFERENCED_ASSURANCE,true,referenced by tracked repository text/tooling
assurance/VS03_LIBRARY_REAL_CALL_PATH_PROOF.json,1718,0bf785707f1d49d9352c5eedf5966c1bdf00c57e479426f67a9917901282be56,KEEP_ACTIVE_REFERENCED_ASSURANCE,true,referenced by tracked repository text/tooling
assurance/VS03_MUTATION_OWNER_PROOF.json,2069,67d01be3136ac252ae5e563fa2384d5da5b5470c1f2dcc0f7d09db268d5a006c,KEEP_ACTIVE_REFERENCED_ASSURANCE,true,referenced by tracked repository text/tooling
assurance/VS03_R3_TARGETED_BROWSER_REPLAY.json,41075,d0e983574f9da39f574b977fe371af825f35143188ac832b71a653668380ed23,KEEP_ACTIVE_REFERENCED_ASSURANCE,true,referenced by tracked repository text/tooling
assurance/VS03_RESULT_SUMMARY_AR.md,1888,94acd6e8e3b945c703f4202fd72e9d5e1a6fe24563120a31b72a724f36376405,KEEP_ACTIVE_REFERENCED_ASSURANCE,true,referenced by tracked repository text/tooling
assurance/VS03_SECOND_CONSUMER_PROOF.json,4837,47b11340dfe1d429e2e588377b65b56daf633c24a4ae69f5d6ce8b9375f33ba4,KEEP_ACTIVE_REFERENCED_ASSURANCE,true,referenced by tracked repository text/tooling
assurance/VS03_TARGETED_MUTATION_TEST_RECEIPT.json,4603,f07e33936df6efff34ceb793b3369c2b16426ea411ae2074bf3778d8b328b612,KEEP_ACTIVE_REFERENCED_ASSURANCE,true,referenced by tracked repository text/tooling
assurance/VS04_CANONICAL_OWNER_PROOF.json,1649,34b3b1883d26ccc79aab4737ec2291d0235936c5d7a093f85b1115371972c996,KEEP_ACTIVE_REFERENCED_ASSURANCE,true,referenced by tracked repository text/tooling
assurance/VS04_CENTRAL_POLICY_MUTATION_REVERT_PROOF.json,1380,b6f02e8b93d6177c4745719eacf60a6ba47e77f7f3e67e9634e91aab7b482c68,KEEP_ACTIVE_REFERENCED_ASSURANCE,true,referenced by tracked repository text/tooling
assurance/VS04_CENTRAL_POLICY_PROBE_TEMPORARY.json,4453,5dd7a04045ad53bcccf533bb65a2e49ca32ffa22bf0463dd167298a42880ca04,KEEP_ACTIVE_REFERENCED_ASSURANCE,true,referenced by tracked repository text/tooling
assurance/VS04_CHANGED_PATHS.json,4415,492fd7a64183b6e9ceb3f931abd5b1d1b8ab5b562f5ceb4ba0f9176bc0889ab2,KEEP_ACTIVE_REFERENCED_ASSURANCE,true,referenced by tracked repository text/tooling
assurance/VS04_DUPLICATE_OWNER_AND_NEGATIVE_FIXTURE_PROOF.json,3039,a8a22e09e71f946216620b5bdfcf4627d811803d8f70fb3027bf57caa5ef43ab,KEEP_ACTIVE_REFERENCED_ASSURANCE,true,referenced by tracked repository text/tooling
assurance/VS04_EVIDENCE_INDEX.json,3795,fcff6c670c788fca76eca991ee9c6f916439e2d737227b27150d0b1c8df8971f,KEEP_ACTIVE_REFERENCED_ASSURANCE,true,referenced by tracked repository text/tooling
assurance/VS04_FULL_REGRESSION_BUILD_BROWSER_RECEIPT.json,1327,e2085ff0856696be1889ca7267d09dd40f74edb57ac6478c8ede679b0b356683,KEEP_ACTIVE_REFERENCED_ASSURANCE,true,referenced by tracked repository text/tooling
assurance/VS04_G17_bottom_recovery.png,216329,27985c602141f94ecdf2f4b49327e0b33213a1c570eb8079c6f3eae7f9eb7e8d,KEEP_ACTIVE_REFERENCED_ASSURANCE,true,referenced by tracked repository text/tooling
assurance/VS04_G21_recovery_owner.png,216331,ce2529457e049435b306f47ab8917c86b4fff0d91a1c29b09ee4790d7723a192,KEEP_ACTIVE_REFERENCED_ASSURANCE,true,referenced by tracked repository text/tooling
assurance/VS04_LEARN_SECOND_CONSUMER_PROOF.json,1352,ef0d77021e1ea31bfffc3631eb710e74405e1726604ffc3fc17a48f01f17e0c3,KEEP_ACTIVE_REFERENCED_ASSURANCE,true,referenced by tracked repository text/tooling
assurance/VS04_LIBRARY_REAL_CALL_PATH_PROOF.json,6397,e9bc3dde31104a9071e1d6d6fb6b57addd0ad79651014f4767ddafb3145ac2d1,KEEP_ACTIVE_REFERENCED_ASSURANCE,true,referenced by tracked repository text/tooling
assurance/VS04_PARENT_CANDIDATE_IDENTITY.json,1281,eb04785e3d467773b3ab28063c8e2cb836d0f94e97f401a6ba6d00ce5587649e,KEEP_ACTIVE_REFERENCED_ASSURANCE,true,referenced by tracked repository text/tooling
assurance/VS04_R3_TARGETED_BROWSER_REPLAY.json,36378,91a996094c88007e437d9f80aea566e4df9eda468b34c130b1dd8aa2b7756ca4,KEEP_ACTIVE_REFERENCED_ASSURANCE,true,referenced by tracked repository text/tooling
assurance/VS04_RECOVERY_ISOLATION_RESTORE_PROOF.json,731,a76b5bfb9e47b4de03e3d641dddff8ef2a7b40f9b573666db9dde8115278a90b,KEEP_ACTIVE_REFERENCED_ASSURANCE,true,referenced by tracked repository text/tooling
assurance/VS04_RESULT_SUMMARY_AR.md,2851,82c38d89d1d3756a46779e19082ce3c14e125d32c235e0930da630606061dd80,KEEP_ACTIVE_REFERENCED_ASSURANCE,true,referenced by tracked repository text/tooling
assurance/VS04_SAVE_TRUTH_PROOF.json,2322,b0556f5f5f85c898e6aabe26214413bec05a4f9f218741aa5eff760aea1e1acf,KEEP_ACTIVE_REFERENCED_ASSURANCE,true,referenced by tracked repository text/tooling
assurance/VS04_SCOPE_BOUNDARY_PROOF.json,407,061503aa78ff09f9d04a4331a52cac366525cbcee536688d0edfce58974035a2,KEEP_ACTIVE_REFERENCED_ASSURANCE,true,referenced by tracked repository text/tooling
assurance/VS04_TARGETED_MODEL_TEST_RECEIPT.json,4926,b1d4b1fd79e98ce5caf8962039471cd884e466b10b3e383ea45fadcc188802d0,KEEP_ACTIVE_REFERENCED_ASSURANCE,true,referenced by tracked repository text/tooling
assurance/VS05_CANONICAL_COMMAND_AVAILABILITY_OWNER_PROOF.json,2563,09fa1bf750fa94be792ae1e7453814d798f54e863a98ef9bf4c017868b285dc7,KEEP_ACTIVE_REFERENCED_ASSURANCE,true,referenced by tracked repository text/tooling
assurance/VS05_CENTRAL_AVAILABILITY_MUTATION_REVERT_PROOF.json,1717,6b6a0781b1e8e9bf1db86821723d58a7cfd08966d225f922b88c84985a7b9776,KEEP_ACTIVE_REFERENCED_ASSURANCE,true,referenced by tracked repository text/tooling
assurance/VS05_CENTRAL_AVAILABILITY_PROBE.json,5720,75666e726c42cb18db539941a9cd218538910721afe12d76a1651a1fffc13d97,KEEP_ACTIVE_REFERENCED_ASSURANCE,true,referenced by tracked repository text/tooling
assurance/VS05_CHANGED_PATHS.json,16204,0873d10d11b3027d6125db65d008dc797eef05879b8017c60e19c768b45dc702,KEEP_ACTIVE_REFERENCED_ASSURANCE,true,referenced by tracked repository text/tooling
assurance/VS05_COMMAND_AVAILABILITY_ROUTE_DISPOSITION_CENSUS.json,4884,de81ae110dbd90399e4c06013af9c0eb6ff6dfbbce99e3bbdc4ef7ac1aa66708,KEEP_ACTIVE_REFERENCED_ASSURANCE,true,referenced by tracked repository text/tooling
assurance/VS05_COMMAND_AVAILABILITY_ROUTE_DISPOSITION_CENSUS.md,2947,ace7c7d42eea6e7e8731fb771266f591e5613c3fa7058a42e19b31cb93ea4b84,KEEP_ACTIVE_REFERENCED_ASSURANCE,true,referenced by tracked repository text/tooling
assurance/VS05_COMMAND_OWNERSHIP_GATE.json,2772,b920a6bdfdb61c282b27de057fc7646cbc55c8c7c9a8787482881d26b54662d4,KEEP_ACTIVE_REFERENCED_ASSURANCE,true,referenced by tracked repository text/tooling
assurance/VS05_CORRECTION_LIBRARY_READ_BLOCK_MENU.png,221736,4d438ffd5abbde92d138d419af8a40ee720ba73ea517d9f12741ce9f834e0c25,KEEP_ACTIVE_REFERENCED_ASSURANCE,true,referenced by tracked repository text/tooling
assurance/VS05_CORRECTION_LIBRARY_READ_PALETTE.png,227590,bcf71b744f17c240921588ffc29476beeb47ce5c11e9afe0836270a875958836,KEEP_ACTIVE_REFERENCED_ASSURANCE,true,referenced by tracked repository text/tooling
assurance/VS05_DUPLICATE_OWNER_AND_NEGATIVE_FIXTURE_PROOF.json,4183,e75cd7d9e1608309114e3fefe58fcd375b9906491752b558d134c36a0936f226,KEEP_ACTIVE_REFERENCED_ASSURANCE,true,referenced by tracked repository text/tooling
assurance/VS05_EVIDENCE_INDEX.json,1511,a7092397ed45ccd857bfaff8934e5c1046894034b65499f6dce8859a5c369704,KEEP_ACTIVE_REFERENCED_ASSURANCE,true,referenced by tracked repository text/tooling
assurance/VS05_FULL_REGRESSION_BUILD_BROWSER_RECEIPT.json,1770,5e4f9076868d41ff23ab88472b824036864108b02564eba3c58c360d593bd872,KEEP_ACTIVE_REFERENCED_ASSURANCE,true,referenced by tracked repository text/tooling
assurance/VS05_G12_command_palette.png,229914,53a0ddf06ff9eb36d7262397eb896255cbbc3a07be284fd3a5b065419487f8d6,KEEP_ACTIVE_REFERENCED_ASSURANCE,true,referenced by tracked repository text/tooling
assurance/VS05_G22_HARNESS_DETERMINISM_PROOF.json,1585,edb8870c06c6eec036a5209335e7f6baee91e418e120d53021740976870364cf,KEEP_ACTIVE_REFERENCED_ASSURANCE,true,referenced by tracked repository text/tooling
assurance/VS05_G22_block_menu_keyboard.png,198358,1145f9e527eb1d81caf5bac4121c3267f22f62669930576cb366e042f9209fc1,KEEP_ACTIVE_REFERENCED_ASSURANCE,true,referenced by tracked repository text/tooling
assurance/VS05_LEARN_SECOND_CONSUMER_PROOF.json,2020,1d415f0b9c43326ab4b3517de34c5924b52a5b8c5bbd578fe21b009f41b9d490,KEEP_ACTIVE_REFERENCED_ASSURANCE,true,referenced by tracked repository text/tooling
assurance/VS05_LIBRARY_REAL_CALL_PATH_PROOF.json,12213,062aab8df9a815ca1a3cbf348d7b1690cf01682812984367d13adad157ba1bba,KEEP_ACTIVE_REFERENCED_ASSURANCE,true,referenced by tracked repository text/tooling
assurance/VS05_PARENT_CANDIDATE_IDENTITY.json,1326,f967bd3e196ddc3ac58bdf46ef3e7f6997be75177963e676b9194bf7169814aa,KEEP_ACTIVE_REFERENCED_ASSURANCE,true,referenced by tracked repository text/tooling
assurance/VS05_R3_TARGETED_BROWSER_REPLAY.json,32447,309b3d42a3396bee2abd8f6c1e35769b0fe911fe274d70b9be52eabb3d858824,KEEP_ACTIVE_REFERENCED_ASSURANCE,true,referenced by tracked repository text/tooling
assurance/VS05_READ_MODE_COMMAND_MATRIX.json,96758,e7eab251760811706179a2b731ba96f9cf03f29f2d38d66d838a33d71f93d272,KEEP_ACTIVE_REFERENCED_ASSURANCE,true,referenced by tracked repository text/tooling
assurance/VS05_READ_MODE_CORRECTION_BROWSER_PROOF.json,8015,c5b852c152e8be9e03e3b1055450cd648a12ee4b6e9fee1c466b0b523f174354,KEEP_ACTIVE_REFERENCED_ASSURANCE,true,referenced by tracked repository text/tooling
assurance/VS05_RESULT_SUMMARY_AR.md,3411,2e6c467ba16d83d839d1d3a75e65d686c7398517939117a2272de9d07d9c4e25,KEEP_ACTIVE_REFERENCED_ASSURANCE,true,referenced by tracked repository text/tooling
assurance/VS05_SCOPE_BOUNDARY_PROOF.json,991,cd4a06f43733d197d4a075f7a304867494a030157388bfeb21dc730a1820658d,KEEP_ACTIVE_REFERENCED_ASSURANCE,true,referenced by tracked repository text/tooling
assurance/VS05_TARGETED_MODEL_TEST_RECEIPT.json,5120,5672ae23cfb4395ae546dd07e703807c2d7491431e6c7595a8c16cb530a558b1,KEEP_ACTIVE_REFERENCED_ASSURANCE,true,referenced by tracked repository text/tooling
assurance/W03_SEMANTIC_OWNERSHIP_CORRECTION_RECEIPT.json,250035,3004246068c93cddbf56ef43e470523b4633fe28a5fddbbdddcd7260efa6901e,KEEP_ACTIVE_REFERENCED_ASSURANCE,true,referenced by tracked repository text/tooling
assurance/W03_SEMANTIC_OWNER_VALIDATION.json,10610,42d046bba94dfe6a42e6ebf9cd710d1e6acd718f27967993bc717eb9863d8184,KEEP_ACTIVE_REFERENCED_ASSURANCE,true,referenced by tracked repository text/tooling
assurance/W2A_BROWSER_PROOF.json,11552,5fb69d2f6a1732577b21be1d0b93a6f30c31ac450db676bf6c133489f8b3d0db,KEEP_ACTIVE_REFERENCED_ASSURANCE,true,referenced by tracked repository text/tooling
assurance/W2A_CENTRAL_MODIFICATION_PROOF.json,8321,87fbf88c90ac08d84ea72b3c302a61595a0b2b4ecf4feb2373faa9901a8f7808,KEEP_ACTIVE_REFERENCED_ASSURANCE,true,referenced by tracked repository text/tooling
assurance/W2A_CHANGED_PATH_SCOPE_RECEIPT.json,5815,d8b630ff3691d248302702896fd09fc9c6b8912a3bf423c166810ec880515caa,KEEP_ACTIVE_REFERENCED_ASSURANCE,true,referenced by tracked repository text/tooling
assurance/W2A_CONTROLLER_ACCEPTANCE_E10.json,1528,8e7a4681c405dd49b1e50c766f6ee8b47e96f28758ac781e5ef9a0139e07693f,KEEP_ACTIVE_REFERENCED_ASSURANCE,true,referenced by tracked repository text/tooling
assurance/W2A_CONTROLLER_CONVERGENCE_REQUIREMENT.json,1144,6ca3cb08f205bd21dff7c7d838faeb7b4fe1d6e5e7dc1d6034633723d47fece1,KEEP_ACTIVE_REFERENCED_ASSURANCE,true,referenced by tracked repository text/tooling
assurance/W2A_IMPLEMENTATION_ASSURANCE.json,2622,0931ecff6a130bf6e93297a17920b055b4ce7740d937b0966a9c563a87b0f962,KEEP_ACTIVE_REFERENCED_ASSURANCE,true,referenced by tracked repository text/tooling
assurance/W2A_NEGATIVE_SCAN.json,5040,5361f22255bd24c5e530f70f26309e711d70f03c3fc8cc5aafb2ea0048408d8c,KEEP_ACTIVE_REFERENCED_ASSURANCE,true,referenced by tracked repository text/tooling
assurance/W2B_CONTROLLER_ACCEPTANCE_E11.json,1707,aa618774dbd5ffca130a24b698e2e1b59f9b44ee89cc7197b64734809bad6c35,KEEP_ACTIVE_REFERENCED_ASSURANCE,true,referenced by tracked repository text/tooling
assurance/W2C_CONTROLLER_ACCEPTANCE_E12.json,2927,eca6a81e0dc8dd6c9efda0235b5e8dce879c630676e7308af03b4ee0f93689d3,KEEP_ACTIVE_REFERENCED_ASSURANCE,true,referenced by tracked repository text/tooling
assurance/W2_B_CLIPBOARD_BROWSER_PROOF.json,6728,bbd0665fe829f85ca4f7db1b5556761823c068f7b6fdbb9ce96a37e76d504753,KEEP_ACTIVE_REFERENCED_ASSURANCE,true,referenced by tracked repository text/tooling
assurance/W2_C_REAL_CONSUMER_BROWSER_PROOF.json,13538,15a4e9897f7324ecd93570a9e27c358f50ba3235dface84ea611ab529ce78d58,KEEP_ACTIVE_REFERENCED_ASSURANCE,true,referenced by tracked repository text/tooling
assurance/W3A_BROWSER_ORACLE_ALIGNMENT.json,2938,523758684374316a9f57b196fc39310a4969a46ca37ce788782c32ac70529977,KEEP_ACTIVE_REFERENCED_ASSURANCE,true,referenced by tracked repository text/tooling
assurance/W3A_CANDIDATE_PAYLOAD_MANIFEST.json,135704,3028566d40f068cffc76e1260b310a34e6fb502b2f79e63519efff28c8142762,KEEP_ACTIVE_REFERENCED_ASSURANCE,true,referenced by tracked repository text/tooling
assurance/W3A_CENTRAL_POLICY_MODIFICATION_REVERT_PROOF.json,1054,c2b5e05fed29429056ab261d54874febaf9f14574ebdc644fad39463c1dfd101,KEEP_ACTIVE_REFERENCED_ASSURANCE,true,referenced by tracked repository text/tooling
assurance/W3A_CONTROLLER_INTEGRATION_DESCRIPTOR.json,2041,aadf624903bcd9249f1b8adff1e39297c0c2f0c77a02a99c7b151742cc73e660,KEEP_ACTIVE_REFERENCED_ASSURANCE,true,referenced by tracked repository text/tooling
assurance/W3A_F6_RECEIPT_CORRECTION_PROOF.json,5265,ed1756e55c7920ae179f45ebbec7e0ba4b327fed62b1883f1de30bfd7724a097,KEEP_ACTIVE_REFERENCED_ASSURANCE,true,referenced by tracked repository text/tooling
assurance/W3A_FULL_BROWSER_CONFORMANCE.json,10342,889f38148c68fe4542c05b98ffb58aedc8bb469c79930e9a2646979b3507853a,KEEP_ACTIVE_REFERENCED_ASSURANCE,true,referenced by tracked repository text/tooling
assurance/W3A_FULL_BROWSER_SCREENSHOT_MANIFEST.json,1473,319fa0737583ebbab8c51235a1586c8968080a856a0c0a10101eede611f4088f,KEEP_ACTIVE_REFERENCED_ASSURANCE,true,referenced by tracked repository text/tooling
assurance/W3A_GLOBAL_INPUT_BROWSER.png,10029,38ed0e89761e69a7cc8849aba6d2ebbbc29f0330c3acaba660f989d50f959d8a,KEEP_ACTIVE_REFERENCED_ASSURANCE,true,referenced by tracked repository text/tooling
assurance/W3A_GLOBAL_INPUT_BROWSER_PROOF.json,7643,4dbf5e32dc340740ec9be0457a1406848fc3599bb5c3660ef7e39aeea53216e4,KEEP_ACTIVE_REFERENCED_ASSURANCE,true,referenced by tracked repository text/tooling
assurance/W3A_MODEL_TEST_RESULTS.json,2953,1a5b7ff2ffd5231902388cb2beb9c84743303f641999e9e7970b81be696ada4a,KEEP_ACTIVE_REFERENCED_ASSURANCE,true,referenced by tracked repository text/tooling
assurance/W3A_NEGATIVE_SCAN.json,2131,9436da98cb9f2a14b666d25e676b04f5bb062a91df776138de36c6f4e5ca31fe,KEEP_ACTIVE_REFERENCED_ASSURANCE,true,referenced by tracked repository text/tooling
assurance/W3A_REAL_CONSUMER_PROOF.json,1116,50651e51b7b504b5a3039773094220907492e457c3200f2ce3bd0404d4d4d766,KEEP_ACTIVE_REFERENCED_ASSURANCE,true,referenced by tracked repository text/tooling
assurance/W3A_REGRESSION_PROOF.json,2005,617eaf7e10924ed2ccf707afbbb3778482050c7eaa03ac823f79cd29a568ef56,KEEP_ACTIVE_REFERENCED_ASSURANCE,true,referenced by tracked repository text/tooling
assurance/W3A_SCOPE_LOCK_PROOF.json,5277,7cf7040ede4a9a58d6b17145784897915259b0b86fc455673691165c73142877,KEEP_ACTIVE_REFERENCED_ASSURANCE,true,referenced by tracked repository text/tooling
assurance/W3A_SOURCE_IDENTITY.json,1278,c6132b97392a451b641618d6217050bab5ef1d010ea3c6ab3ef320e43bda3a99,KEEP_ACTIVE_REFERENCED_ASSURANCE,true,referenced by tracked repository text/tooling
assurance/W3E_BROWSER_GEOMETRY_TOKEN_PROOF.json,5193,cddf3658c3b09bdb87247d71e3ae3c704866a19f17c5c9b3193a5a0cdbb77af0,KEEP_ACTIVE_REFERENCED_ASSURANCE,true,referenced by tracked repository text/tooling
assurance/W3E_BROWSER_SCALE_0_8.png,131711,672f93c0a550ff2ad585494039b07b166d0f22ea5332353ea11985b4c6e97ea5,KEEP_ACTIVE_REFERENCED_ASSURANCE,true,referenced by tracked repository text/tooling
assurance/W3E_BROWSER_SCALE_1_0.png,134940,01b12b9a90779ee0e01d97b937b755fcf7a72732f1eae4186b19773fa6232950,KEEP_ACTIVE_REFERENCED_ASSURANCE,true,referenced by tracked repository text/tooling
assurance/W3E_BROWSER_SCALE_2_0.png,168127,ed39a29d72ecb1b6c1df2e110500bb4bd980a34c229ccd1df808b2f6fa0c4e53,KEEP_ACTIVE_REFERENCED_ASSURANCE,true,referenced by tracked repository text/tooling
assurance/W3E_CANDIDATE_BROWSER_RERUN.json,10324,a4d6471297e9ff331f209cf77740a2766f97e24f043e88e99be7b513db4a96b7,KEEP_ACTIVE_REFERENCED_ASSURANCE,true,referenced by tracked repository text/tooling
assurance/W3E_CANDIDATE_CONTRACT_RERUN.json,23545,070c3b92cedb4d0167f65c88546b168b24b3daa8518251e76aa0788f0c428a51,KEEP_ACTIVE_REFERENCED_ASSURANCE,true,referenced by tracked repository text/tooling
assurance/W3E_CANDIDATE_REVIEW_SUMMARY.json,1223,312f7a3d05cd255518e85cb8d9fc551c466476ca5ac949bba63001f9586e1079,KEEP_ACTIVE_REFERENCED_ASSURANCE,true,referenced by tracked repository text/tooling
assurance/W3E_CENTRAL_MODIFICATION_REVERT_PROOF.json,775,79c7c584c5692c95d49c8305d2d5d38ea257f76ce4e2574eece07e0e96d89e58,KEEP_ACTIVE_REFERENCED_ASSURANCE,true,referenced by tracked repository text/tooling
assurance/W3E_CHANGED_PATH_RECEIPT.json,1832,0269b10798e08d7de76a070a1f231d18e64741554fa27627e91a6bd44db7e32f,KEEP_ACTIVE_REFERENCED_ASSURANCE,true,referenced by tracked repository text/tooling
assurance/W3E_CONTROLLER_INTEGRATION_DESCRIPTOR.json,976,a07db529b68601913a7c5474831058b3d6e905eb3f54f355fa5bd812abf1cdfe,KEEP_ACTIVE_REFERENCED_ASSURANCE,true,referenced by tracked repository text/tooling
assurance/W3E_E12_BASELINE_BROWSER_RERUN.json,10324,2ddc8d6dfeb2b00b4099377e957094f65d452d7bc8ab5b4cc7541a1dc9dedfc1,KEEP_ACTIVE_REFERENCED_ASSURANCE,true,referenced by tracked repository text/tooling
assurance/W3E_E12_BASELINE_CONTRACT_RERUN.json,23545,f51d87638f5277d5044ded7ba4da651708d09f31c5d382525a84c03bf3749f8b,KEEP_ACTIVE_REFERENCED_ASSURANCE,true,referenced by tracked repository text/tooling
assurance/W3E_E12_REGRESSION_EQUIVALENCE_PROOF.json,1481,5723cbc4fc8adb001b3a491caaffd8a5778be5ef78066696b3a1e0be9bf85773,KEEP_ACTIVE_REFERENCED_ASSURANCE,true,referenced by tracked repository text/tooling
assurance/W3E_FRESH_MODEL_PROOF.json,3388,8fa13f37994a954880785a3b3939a64beeb0e6f5fac1bdc7c624095ce6aa204d,KEEP_ACTIVE_REFERENCED_ASSURANCE,true,referenced by tracked repository text/tooling
assurance/W3E_MODEL_REGRESSION_RESULTS.json,64365,40b572af8d79f1c56bd02933662a22dc299d26232cb73de138841f76eeadc9c0,KEEP_ACTIVE_REFERENCED_ASSURANCE,true,referenced by tracked repository text/tooling
assurance/W3E_NEGATIVE_BOUNDARY_PROOF.json,871,871df21770727cfddc315b3889b41664c8d752bccc4b0d47952127f475d9870d,KEEP_ACTIVE_REFERENCED_ASSURANCE,true,referenced by tracked repository text/tooling
assurance/W3E_PROHIBITED_HOTSPOT_IDENTITY_PROOF.json,15827,e732f135418bb4ad616c27b0cc390e66562879172e97b26026a0b1541ca96d43,KEEP_ACTIVE_REFERENCED_ASSURANCE,true,referenced by tracked repository text/tooling
assurance/W3E_REAL_CONSUMER_PROOF.json,6907,8d92acb797b24bf5811aede0606f1ef47d0bd78a061cc37580cda4e76b7301c7,KEEP_ACTIVE_REFERENCED_ASSURANCE,true,referenced by tracked repository text/tooling
assurance/W3E_REQUIREMENTS_MATRIX.json,2620,98de1f5755125948c63d7e9d54fb1f7e35d43e50174aea8c061a1f4116c88c03,KEEP_ACTIVE_REFERENCED_ASSURANCE,true,referenced by tracked repository text/tooling
assurance/W3E_SOURCE_IDENTITY.json,7444,7f48cdd609327f756163a390fc68701b757d715413e96c7b08a3d1606978e005,KEEP_ACTIVE_REFERENCED_ASSURANCE,true,referenced by tracked repository text/tooling
assurance/W3_B_ACCESSIBILITY_FEEDBACK_BROWSER.png,13622,61d23c25e9af0ee57079ad263cef0eb8d88d8dded150239b32a8fa969d861f1d,KEEP_ACTIVE_REFERENCED_ASSURANCE,true,referenced by tracked repository text/tooling
assurance/W3_B_BROWSER_ACCESSIBILITY_PROOF.json,1522,24b3830075d400aaaefad37dc9d91be201eac3ff2b6a2bdaa6c25923461c0a5e,KEEP_ACTIVE_REFERENCED_ASSURANCE,true,referenced by tracked repository text/tooling
assurance/W3_B_CANDIDATE_IDENTITY.json,3045,5c93a88da1682896a93dc735fcd1b436e13d5384950f2846424ae8303f9d365e,KEEP_ACTIVE_REFERENCED_ASSURANCE,true,referenced by tracked repository text/tooling
assurance/W3_B_CENTRAL_POLICY_MODIFICATION_REVERT_PROOF.json,842,b17ee2df03760147d5141c1959828cb6eff184d46004f244c752e8f8c113f251,KEEP_ACTIVE_REFERENCED_ASSURANCE,true,referenced by tracked repository text/tooling
assurance/W3_B_CHANGED_PATH_SCOPE_RECEIPT.json,11013,3577a4356e37695a331cd4ba0ed369666f84d808fdc42069a7d267ac5c8265de,KEEP_ACTIVE_REFERENCED_ASSURANCE,true,referenced by tracked repository text/tooling
assurance/W3_B_CONTROLLER_INTEGRATION_DESCRIPTOR.json,3613,54e5f0304aabe97fa4a2a2b9bcd4e2f641c4c143356f8b75280167a9d8af7754,KEEP_ACTIVE_REFERENCED_ASSURANCE,true,referenced by tracked repository text/tooling
assurance/W3_B_CORRECTION_NEGATIVE_BOUNDARY_PROOF.json,966,246f348f8da7ab322c6a6d59b97691f291080676f19b6e0a133365d495c7e787,KEEP_ACTIVE_REFERENCED_ASSURANCE,true,referenced by tracked repository text/tooling
assurance/W3_B_E12_BROWSER_REGRESSION_RECEIPT.json,10308,7243ef3aee5d9d8dd6dff7dae35f0a181255e43467288cedf8c6b59b4157bef8,KEEP_ACTIVE_REFERENCED_ASSURANCE,true,referenced by tracked repository text/tooling
assurance/W3_B_E12_REGRESSION_GATES.json,1111,05591da63f04cd77c0d7fc1c1de2eaf33d17e4ef3f7cebdc291ef7ea2d9c25e6,KEEP_ACTIVE_REFERENCED_ASSURANCE,true,referenced by tracked repository text/tooling
assurance/W3_B_E12_SCREENSHOT_MANIFEST.json,1473,e615f69f750f864e7ea97ffea765cd0f277b431ffbeb5eaa6344e5a83370c142,KEEP_ACTIVE_REFERENCED_ASSURANCE,true,referenced by tracked repository text/tooling
assurance/W3_B_E12_browser-operational-shutdown.png,148372,45d52d4effb6c16a6aa3a04b41a399c823e04a40146bf3431ea8b80364a55b7b,KEEP_ACTIVE_REFERENCED_ASSURANCE,true,referenced by tracked repository text/tooling
assurance/W3_B_E12_browser-selection-connect.png,218715,ed728bea4e284222b79a6f4a08ddac703905eb6c2b756b6b8a2692f638d14c47,KEEP_ACTIVE_REFERENCED_ASSURANCE,true,referenced by tracked repository text/tooling
assurance/W3_B_E12_browser-workspace-pane-context.png,99897,10ebecf11b093e4cbb4d25282dbcc328d7cebb3b7b070bee28f0721df0f31e0e,KEEP_ACTIVE_REFERENCED_ASSURANCE,true,referenced by tracked repository text/tooling
assurance/W3_B_FRESH_EXTRACTION_VALIDATION.json,1201,46510215eb280b5f3569781508a1a61c9a9ecc7bad47bd48fb002b1cfba0a72e,KEEP_ACTIVE_REFERENCED_ASSURANCE,true,referenced by tracked repository text/tooling
assurance/W3_B_NEGATIVE_PROOF.json,963,512c015d989366260ff567197f12eae95329f8dbe9895c45fd2d0d1ce495f729,KEEP_ACTIVE_REFERENCED_ASSURANCE,true,referenced by tracked repository text/tooling
assurance/W3_B_PARENT_E12_BROWSER_RECEIPT.json,8281,ddc6372520fc98b36ae1c67eda4699fb1d4cdc08c96dde936f0a6fd046106f93,KEEP_ACTIVE_REFERENCED_ASSURANCE,true,referenced by tracked repository text/tooling
assurance/W3_B_PROTECTED_HOTSPOT_INTEGRITY.json,5193,81ac9ba8d53abed5129d33629b4a0807ddc82bd6ee9540dfbf20439b840d690c,KEEP_ACTIVE_REFERENCED_ASSURANCE,true,referenced by tracked repository text/tooling
assurance/W3_B_REAL_CONSUMER_PROOF.json,2787,b744c3d7c7f3772522301dfcbaf4a6ada637267331e844e0063e9a66ff132927,KEEP_ACTIVE_REFERENCED_ASSURANCE,true,referenced by tracked repository text/tooling
assurance/W3_B_SOURCE_IDENTITY.json,1484,950450889ab341efc86695c06126ed83c790571ef69f3ae20b7c011d4df679c6,KEEP_ACTIVE_REFERENCED_ASSURANCE,true,referenced by tracked repository text/tooling
assurance/W3_B_SOURCE_TRUTH_CONTRADICTION_PROOF.json,1687,c1fff40db902273ff74bf90fcc351e49e5bfcf6fca524d7d72d8fb21d4ae53dc,KEEP_ACTIVE_REFERENCED_ASSURANCE,true,referenced by tracked repository text/tooling
assurance/W3_CONTROLLER_ASSEMBLY_BROWSER_PROOF.json,8144,35da4b0320fa7f8a5eaa8447cb010a17e7a3c37561d9f37fc5129fd466a400e5,KEEP_ACTIVE_REFERENCED_ASSURANCE,true,referenced by tracked repository text/tooling
assurance/W3_CONTROLLER_CONVERGENCE_RECEIPT.json,3011,eb4d90f0f3d1f60e6708a9fcfcd7394feef0f0c50a56fcc09f2bdd5c09095ee2,KEEP_ACTIVE_REFERENCED_ASSURANCE,true,referenced by tracked repository text/tooling
assurance/W4_CONTROLLER_CHANGED_PATH_RECEIPT.json,3182,60e8d87565e3ed1f5a5cd6623a662c1fec60373bbc218f14b31ac16bf81ee768,KEEP_ACTIVE_REFERENCED_ASSURANCE,true,referenced by tracked repository text/tooling
assurance/W4_CONTROLLER_CONVERGENCE_ACCEPTANCE_CANDIDATE.json,3753,8f7fee17310f305fdbd4d5fe98780dc67314f0db55888a48621522e62778412d,KEEP_ACTIVE_REFERENCED_ASSURANCE,true,referenced by tracked repository text/tooling
assurance/W4_CONTROLLER_CONVERGENCE_BROWSER_PROOF.json,67603,d1a94616e777dfa90aee167b5106cd6ae6d1745d67ff3a2f8e0257f181faed33,KEEP_ACTIVE_REFERENCED_ASSURANCE,true,referenced by tracked repository text/tooling
assurance/W4_CONTROLLER_CONVERGENCE_RECEIPT.json,5308,72ab2437d70a299cfd967950b1deeb5f059af8ea8899c24f86482a99c27a3228,KEEP_ACTIVE_REFERENCED_ASSURANCE,true,referenced by tracked repository text/tooling
assurance/W4_GENERATOR_PRESERVATION_PROOF.json,1060,e16b8ae02e31ccbcc46c4b1a694cfbd750ba165b3ef4ab3dc5826259bee3d27e,KEEP_ACTIVE_REFERENCED_ASSURANCE,true,referenced by tracked repository text/tooling
assurance/W4_RECONCILED_CONTROLLER_ACCEPTANCE.json,2058,2811dad24c3e274f0f105221069bd16df5974a830eadeea99ee4652acd0c1458,KEEP_ACTIVE_REFERENCED_ASSURANCE,true,referenced by tracked repository text/tooling
assurance/W5_AB_CONTROLLER_CONVERGENCE_ACCEPTANCE.json,3707,cad8bb6ee483404ea5c2f59b165bd462786aa38d2ecdf62589ae22275383f3ef,KEEP_ACTIVE_REFERENCED_ASSURANCE,true,referenced by tracked repository text/tooling
assurance/W5_AB_CONTROLLER_CONVERGENCE_DELTA.json,2871,decd501578465c1206ff71c247ea9d439e089fe1f797c1e05ef6658559317686,KEEP_ACTIVE_REFERENCED_ASSURANCE,true,referenced by tracked repository text/tooling
assurance/W5_AB_CONTROLLER_INDEPENDENT_PROBES.json,2698,2398da9f2e07552c8791682d2fe62bdab3b11e677446f8fdd2f1827f9682a14b,KEEP_ACTIVE_REFERENCED_ASSURANCE,true,referenced by tracked repository text/tooling
assurance/W5_A_CENTRAL_RENDERER_CHANGE_REVERT_PROOF.json,999,ac03fa79e04fb780f06be8375966cb065d70564d7f7421c84c77c5880c54124c,KEEP_ACTIVE_REFERENCED_ASSURANCE,true,referenced by tracked repository text/tooling
assurance/W5_A_CONTROLLER_CORRECTION_PROOF.json,6942,71447d9f9985cd749cfa4ac5614f72e0f8a6ed868277add7b08479fe4226bab1,KEEP_ACTIVE_REFERENCED_ASSURANCE,true,referenced by tracked repository text/tooling
assurance/W5_A_EXECUTABLE_OWNER_PROOF.json,23852,0ccfd5d185272a450bb85568cc7a2d6266b7d841bed14c88486b935782a8b769,KEEP_ACTIVE_REFERENCED_ASSURANCE,true,referenced by tracked repository text/tooling
assurance/W5_A_NEGATIVE_DUPLICATE_OWNER_PROOF.json,7149,5b09652a40904b67f3a3d486b66f96652711f59d3e8893f0da5b833bfb0290bd,KEEP_ACTIVE_REFERENCED_ASSURANCE,true,referenced by tracked repository text/tooling
assurance/W5_A_POST_CORRECTION_DELTA_PROOF.json,31934,403ecbd49fa42715d0df492ce65823eaae390bcb0822ff8a6e010b025f429a38,KEEP_ACTIVE_REFERENCED_ASSURANCE,true,referenced by tracked repository text/tooling
assurance/W5_A_REAL_CONSUMER_PROOF.json,3687,a8ea33f83fe49af77fcb86efe5fb435c5f2df529483ee7e9c94b4d5f9e298d91,KEEP_ACTIVE_REFERENCED_ASSURANCE,true,referenced by tracked repository text/tooling
assurance/W5_B_BOUNDED_CORRECTION_PROOF.json,4850,9a7d39a270105f5ceada558059fd3ed79e4f55f0beec14b7a006e0d3d567cea0,KEEP_ACTIVE_REFERENCED_ASSURANCE,true,referenced by tracked repository text/tooling
assurance/W5_B_CORRECTED2_MICRO3_PROOF.json,4903,f7ffc272c180e1b5dfbd2ace4761c59b9b9eee18388fe6b5e77d92389664f811,KEEP_ACTIVE_REFERENCED_ASSURANCE,true,referenced by tracked repository text/tooling
assurance/W5_B_NEGATIVE_OWNERSHIP_MUTATION_SCAN.json,743,62598791663b67e15cb05c699174cf2ffb60889e61a2929529ea7326979455d2,KEEP_ACTIVE_REFERENCED_ASSURANCE,true,referenced by tracked repository text/tooling
assurance/W5_B_POST_CORRECTION_DELTA2_NEGATIVE_SCAN.json,1168,312f380e131a941a8eb011b86ad455ef640608332b0f002d633b204f63d2fdfc,KEEP_ACTIVE_REFERENCED_ASSURANCE,true,referenced by tracked repository text/tooling
assurance/W5_B_POST_CORRECTION_DELTA2_PROOF.json,11119,f25e0b436f7008c52c71d6a6d97fedac2ba5bff18fe6f9e9feda9e3f2246efda,KEEP_ACTIVE_REFERENCED_ASSURANCE,true,referenced by tracked repository text/tooling
assurance/W5_B_STRUCTURED_NAVIGATION_BROWSER_PROOF.json,3188,4ab2fb4e73b43d9f0c354cbd998bcfd0fe5754e379492493ecf00265adee246b,KEEP_ACTIVE_REFERENCED_ASSURANCE,true,referenced by tracked repository text/tooling
assurance/W5_B_STRUCTURED_NAVIGATION_DESCRIPTOR_OWNER_PROOF.json,6642,d5620ce0597d419d78276935ef4166fe39894429031f0bd788fe3a5779036062,KEEP_ACTIVE_REFERENCED_ASSURANCE,true,referenced by tracked repository text/tooling
assurance/W5_CONTROLLER_DONOR_ADJUDICATION.json,1205,64ca624b23517f5e6e1e3be8603d4cd461d72da1a4323a98cb3ca173f0ac0ca5,KEEP_ACTIVE_REFERENCED_ASSURANCE,true,referenced by tracked repository text/tooling
assurance/W5_CONTROLLER_FINAL_ACCEPTANCE.json,1249,75328a39702e8f400b4d739b2e835af05e99d3eaf7258c9ef50599636320496d,KEEP_ACTIVE_REFERENCED_ASSURANCE,true,referenced by tracked repository text/tooling
assurance/W5_CONTROLLER_FINAL_GATE_MATRIX.json,2445,64e8f89872a2bd7275ffc52b73856d481c797e9f54c7aeb79b37bcead49425d9,KEEP_ACTIVE_REFERENCED_ASSURANCE,true,referenced by tracked repository text/tooling
assurance/W5_CONTROLLER_GENERATOR_IDEMPOTENCE.json,1768,031dfd21acca7e0ee2a715c694023dee9de80a05b0fea8ef2644657456025f4f,KEEP_ACTIVE_REFERENCED_ASSURANCE,true,referenced by tracked repository text/tooling
assurance/W5_CONTROLLER_REGISTRY_RECONCILIATION.json,3276,8e272158e0fe674f3c4c6039483c8ddc2d62b892e9bedc539b4ef615b94d359b,KEEP_ACTIVE_REFERENCED_ASSURANCE,true,referenced by tracked repository text/tooling
assurance/W5_C_C1_CORRECTION_SCOPE_RECEIPT.json,3644,7faf96d6ace78a95b21da2dba199bea1339a720147d0391c480e1edf9d6332a3,KEEP_ACTIVE_REFERENCED_ASSURANCE,true,referenced by tracked repository text/tooling
assurance/W5_C_C1_DONOR_RETIREMENT_TRUTH_CORRECTION_RECEIPT.json,3191,e3998bb5c9254f899bbe5c647fb1cf024e444d27b6407108ccb89853b8d91178,KEEP_ACTIVE_REFERENCED_ASSURANCE,true,referenced by tracked repository text/tooling
assurance/W5_C_C1_REGRESSION_RECEIPT.json,2468,2f814e80e5d97d9047ee093a03bed334488b347efdcbfd35a865e7cbf8d08775,KEEP_ACTIVE_REFERENCED_ASSURANCE,true,referenced by tracked repository text/tooling
assurance/W5_C_CHANGED_PATHS.json,667,2fbec9a1fd6aef0179d71da0035a0d5163f8ea180cd02c79f62236d202c02414,KEEP_ACTIVE_REFERENCED_ASSURANCE,true,referenced by tracked repository text/tooling
assurance/W5_C_DONOR_RETIREMENT_INVENTORY.json,144198,3602c46f830f06af37246556bb4359797ef755d3d78f2006127a5e17aa581599,KEEP_ACTIVE_REFERENCED_ASSURANCE,true,referenced by tracked repository text/tooling
assurance/W5_C_DONOR_RETIREMENT_INVENTORY.md,9823,636c99e98e97a6608af6f5f8addb1cb070acad7753071d1d473a395d677e5219,KEEP_ACTIVE_REFERENCED_ASSURANCE,true,referenced by tracked repository text/tooling
assurance/W5_C_DONOR_RETIREMENT_TRUTH_VALIDATOR_PROOF.json,3762,0f6f1f9976aaaedeb946f77f79697821858c6374ba7740ef17fc27f23e969091,KEEP_ACTIVE_REFERENCED_ASSURANCE,true,referenced by tracked repository text/tooling
assurance/W5_C_DUPLICATE_OWNER_NEGATIVE_SCAN.json,1479,824efcc5f37592ebbb9bf520bcfb71a67c75b96e6a81be7f021740854e7a7969,KEEP_ACTIVE_REFERENCED_ASSURANCE,true,referenced by tracked repository text/tooling
assurance/W5_C_FULL_GATE_MATRIX.json,5081,53e40e1e066ffdfcb90ea4f347b89cc083bfa803efaf0b7b863e7f85820aeb4e,KEEP_ACTIVE_REFERENCED_ASSURANCE,true,referenced by tracked repository text/tooling
assurance/W5_C_PARENT_AND_TRUTH_CEILING_RECEIPT.json,1122,4b6e11e3a941e2e53cf856d7d7fd3fbda90a3fbbbf2a61c16d5c6018ea78fbe6,KEEP_ACTIVE_REFERENCED_ASSURANCE,true,referenced by tracked repository text/tooling
assurance/W5_C_PROTECTED_HOTSPOT_INTEGRITY.json,2716,5977187624b434d6f2705637b1cf05b934826f1829f14487a9e57af355deb316,KEEP_ACTIVE_REFERENCED_ASSURANCE,true,referenced by tracked repository text/tooling
assurance/W5_C_R3_APPLICABILITY_RECEIPT.json,8040,48616e147b8646ac76de16ffc7a7f070ff8efc10ba8ed43b3f8a9d212aa5d6fa,KEEP_ACTIVE_REFERENCED_ASSURANCE,true,referenced by tracked repository text/tooling
assurance/W5_C_REQUIREMENTS_MATRIX.json,5802,e558d9e85b2cf3576dc0b6c15edd21aebc3f42b83ca9d6695a07270134329ebc,KEEP_ACTIVE_REFERENCED_ASSURANCE,true,referenced by tracked repository text/tooling
assurance/W5_C_RESULT_SUMMARY_AR.md,2624,e545a6c76357f6380fa8cfda8911f912faad779d81c6c622ac6eaabb09024bb8,KEEP_ACTIVE_REFERENCED_ASSURANCE,true,referenced by tracked repository text/tooling
assurance/W5_C_STRUCTURED_CONSUMER_PARITY_PROOF.json,26225,c6ef70864df37fcc930f329d5efed84a094c23decb57e89d8fc1a8f2771e3cd0,KEEP_ACTIVE_REFERENCED_ASSURANCE,true,referenced by tracked repository text/tooling
assurance/W5_C_WRITER_STATUS.txt,38,5b10ec23fd6bce30e6aa966ad52515c6af942ae9c2475404ccdb519315b1c8f1,KEEP_ACTIVE_REFERENCED_ASSURANCE,true,referenced by tracked repository text/tooling
assurance/W6_AB_CONTROLLER_CONVERGENCE_RECEIPT.json,4162,ea527591173a1548fa1e3156bb527e52b9a81837908f879989f8e0cea1a4911d,KEEP_ACTIVE_REFERENCED_ASSURANCE,true,referenced by tracked repository text/tooling
assurance/W6_A_CORRECTION_PROOF.json,4045,7a161179766e2d6635e0fa403aa617ad04880d5d0d7f0bc53475106b57a1b37a,KEEP_ACTIVE_REFERENCED_ASSURANCE,true,referenced by tracked repository text/tooling
assurance/W6_A_EXECUTABLE_OWNER_PROOF.json,8404,51c9907e91276c0dd642c29f5337e7995b3efbd03667aab5909e7c77bc17e5d1,KEEP_ACTIVE_REFERENCED_ASSURANCE,true,referenced by tracked repository text/tooling
assurance/W6_A_NEGATIVE_DUPLICATE_OWNER_PROOF.json,1117,21e084871ffdafee2991c858f4029132d2bc5df2fc0ea2223b83cbc3b4d66df4,KEEP_ACTIVE_REFERENCED_ASSURANCE,true,referenced by tracked repository text/tooling
assurance/W6_A_OPERATIONAL_REGRESSION.json,1707,9636a0968ad4f16d53544a96b7ba478412fff26da09e24424ad120453f978a17,KEEP_ACTIVE_REFERENCED_ASSURANCE,true,referenced by tracked repository text/tooling
assurance/W6_B_NOTE_BINDING_ADAPTER_PROOF.json,17058,94f8e6b851f6583707b4bc0c55e41ce8d1e35c7ad19a515b6ce2ce83ccff8b7a,KEEP_ACTIVE_REFERENCED_ASSURANCE,true,referenced by tracked repository text/tooling
assurance/W6_B_NOTE_BINDING_AVAILABILITY_INVARIANT_CORRECTION_PROOF.json,5154,78df519ebf0f2317bf6098ef8d69e24228d40ad25ee10733d957f3b8016d5a6b,KEEP_ACTIVE_REFERENCED_ASSURANCE,true,referenced by tracked repository text/tooling
assurance/W6_B_NOTE_BINDING_NEGATIVE_COHERENCE.json,1183,2301fd21fafe657b45cf2df4477d7779237a98d89100aa64453ebb602c49d366,KEEP_ACTIVE_REFERENCED_ASSURANCE,true,referenced by tracked repository text/tooling
assurance/W6_CONTROLLER_DONOR_ADJUDICATION.json,59491,548f2b539e83256ce2c2c2b241b4ee3b90a471ccc965514be3bcccb16fd33eb4,KEEP_ACTIVE_REFERENCED_ASSURANCE,true,referenced by tracked repository text/tooling
assurance/W6_CONTROLLER_FINAL_ACCEPTANCE.json,1647,febe4242dad65f6df5723d5f6033c641cd5a509d57e4cd8f079149446d857cac,KEEP_ACTIVE_REFERENCED_ASSURANCE,true,referenced by tracked repository text/tooling
assurance/W6_CONTROLLER_FINAL_GATE_MATRIX.json,18462,608715b0afe3aad97e98eff6b060e4f3df89292b4773766c193cd59f07227640,KEEP_ACTIVE_REFERENCED_ASSURANCE,true,referenced by tracked repository text/tooling
assurance/W6_CONTROLLER_GENERATOR_IDEMPOTENCE.json,6095,afbe5c0e353bed00bab80852762ee5275e10b03fdbbe3d71b076a7b1ae705d0e,KEEP_ACTIVE_REFERENCED_ASSURANCE,true,referenced by tracked repository text/tooling
assurance/W6_CONTROLLER_PROMOTION_RECEIPT_E16.json,1330,d6b7915f8844ad64bd24250731a0de7d517923a5a9a61c7245f3b439274c4ac3,KEEP_ACTIVE_REFERENCED_ASSURANCE,true,referenced by tracked repository text/tooling
assurance/W6_CONTROLLER_REGISTRY_GENERATOR_RECONCILIATION.json,9279,689e4e1a72729e1abd7a8004afe1cea9c389870bd6bf633e008ee9bf91fdbe29,KEEP_ACTIVE_REFERENCED_ASSURANCE,true,referenced by tracked repository text/tooling
assurance/W6_CONTROLLER_REGISTRY_RECONCILIATION.json,9357,77f6dfde8e2f6d679514f307fcd27a30c76c270085705d7cc40dd73cb3837597,KEEP_ACTIVE_REFERENCED_ASSURANCE,true,referenced by tracked repository text/tooling
assurance/W6_C_BOUNDED_CORRECTION_FULL_GATE_MATRIX.json,2124,febef2aea9e91bc7b081743d55ec2c0c8cf7ca559fff0431a2939ed47d73af4b,KEEP_ACTIVE_REFERENCED_ASSURANCE,true,referenced by tracked repository text/tooling
assurance/W6_C_BOUNDED_CORRECTION_RESULT_SUMMARY_AR.md,2296,831ecd4cf02b4e24ed9a7dcf3afb700556c9272363a826785b79d282724c3ae5,KEEP_ACTIVE_REFERENCED_ASSURANCE,true,referenced by tracked repository text/tooling
assurance/W6_C_BOUNDED_CORRECTION_SCOPE_DELTA.json,1094,1255e7030ce0e7b4a40a4055c02553ab1dafb3bc31c315fdf68d1328c768a7a2,KEEP_ACTIVE_REFERENCED_ASSURANCE,true,referenced by tracked repository text/tooling
assurance/W6_C_CORRECTION_W3_TARGETED_BROWSER_PROOF.json,8217,2dade03daa661a4ef88e2eea0d9fd77f7646e4154de6e2d4529dc30815b23a95,KEEP_ACTIVE_REFERENCED_ASSURANCE,true,referenced by tracked repository text/tooling
assurance/W6_C_FULL_GATE_MATRIX.json,2796,2a775a6c69b6195b5f9d6433db8c577aa22cf7395e8ed90f02a53a8d71576d2f,KEEP_ACTIVE_REFERENCED_ASSURANCE,true,referenced by tracked repository text/tooling
assurance/W6_C_PARENT_AUTHORITY_VERIFICATION.json,992,825d605ec6c71affd497824b9f2c79a98f8ca534e2c4a1c882084f89a6e69e49,KEEP_ACTIVE_REFERENCED_ASSURANCE,true,referenced by tracked repository text/tooling
assurance/W6_C_REQUIREMENTS_MATRIX.json,6971,51d255cf5e0bdfa82596ea9d76101c6bb5f2f1ffc9b3638287a9aea2d98b8de2,KEEP_ACTIVE_REFERENCED_ASSURANCE,true,referenced by tracked repository text/tooling
assurance/W6_C_RESULT_SUMMARY_AR.md,1611,a19f0fd48e933ec6ce0dd4f24a5342da8da898c8481a19747a90f575ec008b9f,KEEP_ACTIVE_REFERENCED_ASSURANCE,true,referenced by tracked repository text/tooling
assurance/W6_C_SCOPE_DELTA.json,2937,72993a5df0c79d778f222ad85900a3fb16aec09a420e259d4d332bc4af95d0ba,KEEP_ACTIVE_REFERENCED_ASSURANCE,true,referenced by tracked repository text/tooling
assurance/W6_C_STRUCTURED_NOTE_CONTENT_ADAPTER_PROOF.json,18710,eae2178006584cac327877b3b01c83c847d128389194469505a69e3eeec6e701,KEEP_ACTIVE_REFERENCED_ASSURANCE,true,referenced by tracked repository text/tooling
assurance/W6_C_STRUCTURED_NOTE_CONTENT_BOUNDED_CORRECTION_PROOF.json,3883,8e18628bf6928fc0483ad1a1cb6a824e2fed3bbcea5252bfc79b6ed4385d6ea6,KEEP_ACTIVE_REFERENCED_ASSURANCE,true,referenced by tracked repository text/tooling
assurance/W6_C_STRUCTURED_NOTE_CONTENT_NEGATIVE_SCAN.json,1640,d5b70489018c0b107246a61e312f45f7aa4047a9696be245e770496ff76ed385,KEEP_ACTIVE_REFERENCED_ASSURANCE,true,referenced by tracked repository text/tooling
assurance/WORK_RESUME_TASK_CLASSIFICATION.json,2825,16c7555970a7c1af6ba6cb988b5f6cb5b7e6a66062c1b9c2555905524c550188,KEEP_ACTIVE_REFERENCED_ASSURANCE,true,referenced by tracked repository text/tooling
assurance/WRITER_RELEVANCE_FILTER_RECEIPT.json,545,a310cc35deff52a59033f96e244c5c4bda03a210c7ff0bbff6c944f0150d9fe6,KEEP_ACTIVE_REFERENCED_ASSURANCE,true,referenced by tracked repository text/tooling
assurance/WRITER_SCAFFOLD_TEST_RESULTS.json,24225,ab992ec9afb2ba53b2a025d06f347fe844096d6a3238a74336f72bbd2842bead,KEEP_ACTIVE_REFERENCED_ASSURANCE,true,referenced by tracked repository text/tooling
assurance/browser-operational-shutdown.png,167032,d7f613242806219492d80cd02da4102eaac48c6a90a281fbfbb75309eff13df2,KEEP_ACTIVE_REFERENCED_ASSURANCE,true,referenced by tracked repository text/tooling
assurance/browser-selection-connect.png,219440,930780e8b416d728d05d30a4f93aa68fd20de4f49cb2296bdac843d6c1b1a311,KEEP_ACTIVE_REFERENCED_ASSURANCE,true,referenced by tracked repository text/tooling
assurance/browser-workspace-pane-context.png,72625,cbba6ca18e17d59a98c1823a3b8f6597c1594abe7937fe3ef78111f66d6cc13e,KEEP_ACTIVE_REFERENCED_ASSURANCE,true,referenced by tracked repository text/tooling
assurance/contract-test-console.txt,390,df506577fa47038f9d54ceaef649c7c4c749544765effcfd5b6fcb68bbf2506e,KEEP_ACTIVE_REFERENCED_ASSURANCE,true,referenced by tracked repository text/tooling
assurance/model-test-console.txt,191,99767e66faef727814ea9781e945c4658fc8ef9f38a32d30b3448b091afc781a,KEEP_ACTIVE_REFERENCED_ASSURANCE,true,referenced by tracked repository text/tooling
assurance/w2a-command-route-convergence.png,55593,b51367125071ba52586aa0c156b73abf0cb45acc89b973a6b1f8c253c38342a5,KEEP_ACTIVE_REFERENCED_ASSURANCE,true,referenced by tracked repository text/tooling
assurance/w2a-library-transient-owner.png,51914,422a55daceea7fabc0ae1ba6d2476544aad6d7b0e17f731cd51689aa249d46d4,KEEP_ACTIVE_REFERENCED_ASSURANCE,true,referenced by tracked repository text/tooling
assurance/w2a-preferences-family-applicability.png,66485,88a06cfeb074968571a2dbde1539b455bc0bc9401cd12f624568fb15b994addc,KEEP_ACTIVE_REFERENCED_ASSURANCE,true,referenced by tracked repository text/tooling
assurance/w3a-full-browser-operational-shutdown.png,148372,45d52d4effb6c16a6aa3a04b41a399c823e04a40146bf3431ea8b80364a55b7b,KEEP_ACTIVE_REFERENCED_ASSURANCE,true,referenced by tracked repository text/tooling
assurance/w3a-full-browser-selection-connect.png,218715,ed728bea4e284222b79a6f4a08ddac703905eb6c2b756b6b8a2692f638d14c47,KEEP_ACTIVE_REFERENCED_ASSURANCE,true,referenced by tracked repository text/tooling
assurance/w3a-full-browser-workspace-pane-context.png,99897,10ebecf11b093e4cbb4d25282dbcc328d7cebb3b7b070bee28f0721df0f31e0e,KEEP_ACTIVE_REFERENCED_ASSURANCE,true,referenced by tracked repository text/tooling
authority/23_SURFACE_CURRENT_REQUIREMENT_INDEX.csv,50944,6ddd8a5bbe5dabbd2a710fffc2eb1bb84b3071adc4eb4b82f15462aed73a648c,KEEP_PENDING_AUTHORITY_CURRENTITY_AUDIT,true,authority/reference family; never delete by age
authority/23_SURFACE_CURRENT_REQUIREMENT_INDEX.json,82817,8e9751b50f08f9c2ad15750c1201cea331a4252bf70bd57e3a897e01a8597a0c,KEEP_PENDING_AUTHORITY_CURRENTITY_AUDIT,true,authority/reference family; never delete by age
authority/BIG_BOSS_468_ATOM_DISPOSITION.csv,150442,49ca57cd4dd857e1f6fb1340537a61a947eb1bd3ae83706b8b25675e1a65ac50,KEEP_PENDING_AUTHORITY_CURRENTITY_AUDIT,true,authority/reference family; never delete by age
authority/BIG_BOSS_468_ATOM_SOURCE.json,1036315,5284203ca27eb7d01a64e3e7df7aeecb9dd96c96b2fa39f04de871ac19fbedaf,KEEP_PENDING_AUTHORITY_CURRENTITY_AUDIT,true,authority/reference family; never delete by age
authority/CURRENT_AUTHORITY_REGISTRY.csv,151399,6b10305d51142919562afec016f670de3b302ee1d97bd129e26133a6ae708b73,KEEP_PENDING_AUTHORITY_CURRENTITY_AUDIT,true,authority/reference family; never delete by age
authority/CURRENT_AUTHORITY_REGISTRY.json,246985,8f4429beef3d8f8effd260bf1cfa6edcc138eb7760e0c26fbf4a413d616b8bcf,KEEP_PENDING_AUTHORITY_CURRENTITY_AUDIT,true,authority/reference family; never delete by age
authority/CURRENT_FOUNDATION_AUTHORITY_INTAKE_POLICY.json,817,de66c4b91949cefa5b4a3b7a9ce0b21b791f5b6bb6bdbe7bdb3328244ea7b75d,KEEP_PENDING_AUTHORITY_CURRENTITY_AUDIT,true,authority/reference family; never delete by age
authority/FINAL_FOUNDATION_SURFACE_RELEASE_POLICY_E17.json,5348,efc20633b7088094e7d5263cc986c0305bd93328be851265bc11a0c34b6d2fc9,KEEP_PENDING_AUTHORITY_CURRENTITY_AUDIT,true,authority/reference family; never delete by age
authority/FINAL_GATE_PARENT_AUTHORITY.json,740,299808dfe1b5b70e2106dad1cdfbe8fae2ef9d0ba1a6b252dd2f058acf85aa62,KEEP_PENDING_AUTHORITY_CURRENTITY_AUDIT,true,authority/reference family; never delete by age
authority/OPEN_OWNER_DECISIONS.md,984,3a2ee0585120ae6edac62405dd51cbf50b52c182124aaa6dd43484222038bc5f,KEEP_PENDING_AUTHORITY_CURRENTITY_AUDIT,true,authority/reference family; never delete by age
authority/OWNER_CURRENT_RULES.json,9420,0094accd9cb27ac740e6428226ded11f27fb0678c7fae0b28a26b679b46ebf53,KEEP_PENDING_AUTHORITY_CURRENTITY_AUDIT,true,authority/reference family; never delete by age
authority/PACKAGE_VERIFICATION.json,11341,685ddd5a0b52b92fd97775f403c2032c77a2d82a0bdec1618d80739aa895fe22,KEEP_PENDING_AUTHORITY_CURRENTITY_AUDIT,true,authority/reference family; never delete by age
authority/README.md,1886,951407bfd5845c05b723c523378771a8211688255b8c643e120c16458c18c216,KEEP_PENDING_AUTHORITY_CURRENTITY_AUDIT,true,authority/reference family; never delete by age
authority/SOURCE_INTAKE_RECEIPTS.csv,60701,f8390136e96b797c6ad9d3fcbc9d088f65f0729e17872a8767116581a4187f03,KEEP_PENDING_AUTHORITY_CURRENTITY_AUDIT,true,authority/reference family; never delete by age
authority/SUPERSESSION_AND_CONFLICT_LEDGER.csv,94755,13e345581a5bd6d3c003a7a6675ccdaa50e260cc0d8c25281077a961424471d9,KEEP_PENDING_AUTHORITY_CURRENTITY_AUDIT,true,authority/reference family; never delete by age
authority/VISUALIZE_OWNER_REQUIREMENTS_SOURCE.json,33268,190e55d3768e563426ff01e7efad63207b6eff15cb9bb60421ddd884d331354d,KEEP_PENDING_AUTHORITY_CURRENTITY_AUDIT,true,authority/reference family; never delete by age
authority/VISUALIZE_REQUIREMENTS_DISPOSITION.csv,15345,30cadbd3e8d0fdcde2226367b325c8153669e7a380a5fd60fdca29d052c31bf9,KEEP_PENDING_AUTHORITY_CURRENTITY_AUDIT,true,authority/reference family; never delete by age
authority/W03_69_318_REQUIREMENT_REUSE_DISPOSITION.json,218650,5f22382a16176b4748033ad3bb614f37a7915bac9c032097670cd895b4127b6f,KEEP_PENDING_AUTHORITY_CURRENTITY_AUDIT,true,authority/reference family; never delete by age
authority/W03_FOUNDATION_RELEVANT_DISPOSITION_v0.2.1.json,56242,1948a248476c8a645575c5a077ae58d78b7f456645bbe846ff73dd0870aec17b,KEEP_PENDING_AUTHORITY_CURRENTITY_AUDIT,true,authority/reference family; never delete by age
authority/W03_PROPOSAL_69_SECTION_DISPOSITION.csv,33759,d0f5a1198344d898608f70d69dbe9a82939d13d6fbb7000cd540c5c4398dd396,KEEP_PENDING_AUTHORITY_CURRENTITY_AUDIT,true,authority/reference family; never delete by age
authority/W03_V34_CONTINUATION_MAP.json,3903,1a01d696e76c1332b5b988d266cab62d613a47295d0d087f268cef45f7731be9,KEEP_PENDING_AUTHORITY_CURRENTITY_AUDIT,true,authority/reference family; never delete by age
authority/W03_V34_TARGETED_INTAKE.json,3362,1c2057ef7fd796ca44906616992e86edac88ec9ef8f6cf62e23702fabfe31883,KEEP_PENDING_AUTHORITY_CURRENTITY_AUDIT,true,authority/reference family; never delete by age
authority/W03_WORK_ADMISSION_INTERPRETATION_POLICY.json,1106,d8c4846a9f8b186fe6bb997468b707ea45a85541e4977454e081dc7d29eb65aa,KEEP_PENDING_AUTHORITY_CURRENTITY_AUDIT,true,authority/reference family; never delete by age
authority/controller/07_W03_69_REQUIREMENT_REUSE_MAP.csv,179355,3b7934e4e140ccdea40c3d162e8fee4237060300ad35b5d3e4490c86ffc80b16,KEEP_PENDING_AUTHORITY_CURRENTITY_AUDIT,true,authority/reference family; never delete by age
authority/controller/08_DONOR_330_FOUNDATION_EXTRACTION_MAP.csv,10781,fd6ef2bf58af09da98a7d9faf5485e29e422a9245da444972e12da8bf21a7fe5,KEEP_PENDING_AUTHORITY_CURRENTITY_AUDIT,true,authority/reference family; never delete by age
authority/controller/10_NEW_ABSTRACTION_ADMISSION_REGISTER.csv,4933,4627d8665134c6485e2c77412b20e943c34656bb0249fb80fa58feab7f89fae8,KEEP_PENDING_AUTHORITY_CURRENTITY_AUDIT,true,authority/reference family; never delete by age
authority/controller/12_ADMITTED_HIGH_VALUE_WORK_TASKS.csv,17656,94678ed83cbdea7316a3aafac365e371191af374e6743692945d950e0fd18074,KEEP_PENDING_AUTHORITY_CURRENTITY_AUDIT,true,authority/reference family; never delete by age
authority/controller/13_HIGH_VALUE_DEFERRED_WORK.csv,2856,e1f48cc20b60f1a71f80c2b291d527f1c14dd54b9179e531b624421c892b772b,KEEP_PENDING_AUTHORITY_CURRENTITY_AUDIT,true,authority/reference family; never delete by age
authority/controller/14_DROPPED_SUPERSEDED_LOW_VALUE_ITEMS.csv,2802,53f000b745c187b309673e242bd96d174974b32aaec8dbc1139a7daa4c927970,KEEP_PENDING_AUTHORITY_CURRENTITY_AUDIT,true,authority/reference family; never delete by age
authority/controller/15_TEST_AND_VISUAL_EVIDENCE_MATRIX.csv,5102,8c06c55b1d843fef2860ff9db70053b535240d832c44c225d1960f542ba75c84,KEEP_PENDING_AUTHORITY_CURRENTITY_AUDIT,true,authority/reference family; never delete by age
authority/controller/16_WORK_CHECKPOINT_DELTA_MAP.csv,2087,63080c08f833ee242a269a5d5eda57f4f891d144bb44c8ec13b9ec06d56c26ef,KEEP_PENDING_AUTHORITY_CURRENTITY_AUDIT,true,authority/reference family; never delete by age
authority/controller/17_MASTER_WORK_RESUME_DELTA.md,28595,adcdcb86c3ce6abc2a5e7919c4b024bbfb32e24ab77c374f1ad1698cb784b088,KEEP_PENDING_AUTHORITY_CURRENTITY_AUDIT,true,authority/reference family; never delete by age
authority/controller/CONTROLLER_INPUT_IDENTITY.json,3376,f04a840e904a8048f939677acf6f3f6e9a3962208823ba68b475fbfa82662bde,KEEP_PENDING_AUTHORITY_CURRENTITY_AUDIT,true,authority/reference family; never delete by age
authority/controller/CONTROLLER_PACKAGE_ORIGINAL_INPUT_IDENTITY.json,1710,35e335b0c4c3487ca1d4c3bb1c39074f1158d35810599d395c35c67286f08091,KEEP_PENDING_AUTHORITY_CURRENTITY_AUDIT,true,authority/reference family; never delete by age
authority/sources/06_W03_WORLD_CLASS_WORKBENCH_PROPOSAL__HIGH_VALUE_NOT_AUTHORITY.txt,48526,bcab53a945af2de05a2ea7a70eefa5f4ae6ddf71a1c2ea57ac9f497fdd3befbb,KEEP_PENDING_AUTHORITY_CURRENTITY_AUDIT,true,authority/reference family; never delete by age
authority/sources/bigboss/surfaces/audit.json,7423,354c2c179e2638e0549e7fe42481808d0b0e1f000603d8d10e6429cc54fe6289,KEEP_PENDING_AUTHORITY_CURRENTITY_AUDIT,true,authority/reference family; never delete by age
authority/sources/bigboss/surfaces/backup.json,11375,fcf5517b2fb56306fa7de8efc79460ef9bb705a3ca32edc149b636fe1e8027fd,KEEP_PENDING_AUTHORITY_CURRENTITY_AUDIT,true,authority/reference family; never delete by age
authority/sources/bigboss/surfaces/configuration.json,11448,62845b3bbb451dcecc8dcb9c300d89d12bef8f67bf2474d64a7083be4212b90d,KEEP_PENDING_AUTHORITY_CURRENTITY_AUDIT,true,authority/reference family; never delete by age
authority/sources/bigboss/surfaces/enterprise.json,11239,076265da6c97e7fc8bf449aafa0220ef3c140b78fc7a6fb6359091c462caef9f,KEEP_PENDING_AUTHORITY_CURRENTITY_AUDIT,true,authority/reference family; never delete by age
authority/sources/bigboss/surfaces/evidence.json,11507,b96e210c16604e8c3aed4e5500a394ae76ffa9df2dcc7a99b3d91ad26ae9f975,KEEP_PENDING_AUTHORITY_CURRENTITY_AUDIT,true,authority/reference family; never delete by age
authority/sources/bigboss/surfaces/health.json,7469,209a744f6ee06b420af15c46e90e640c667e67cad0c0f92a3afe03ae44000a9c,KEEP_PENDING_AUTHORITY_CURRENTITY_AUDIT,true,authority/reference family; never delete by age
authority/sources/bigboss/surfaces/labs.json,9521,ce8d1a951a0c08995c40134d6cbdbf78d50702b97f6a5851dba8cf00de684170,KEEP_PENDING_AUTHORITY_CURRENTITY_AUDIT,true,authority/reference family; never delete by age
authority/sources/bigboss/surfaces/learn.json,9496,8381a709997a5d2089cce211e749c6a0e3eea8d92d373f74a16086a11382f018,KEEP_PENDING_AUTHORITY_CURRENTITY_AUDIT,true,authority/reference family; never delete by age
authority/sources/bigboss/surfaces/library.json,11358,06cb880fcb7879fe4927718b00c36d64003ad529ca673277f0574f235307e7c9,KEEP_PENDING_AUTHORITY_CURRENTITY_AUDIT,true,authority/reference family; never delete by age
authority/sources/bigboss/surfaces/manual_ai.json,9414,cf11a3ef4cbcbc7f852fe9da1474a1cf8033e7dffe36089c9a3a5f803f264743,KEEP_PENDING_AUTHORITY_CURRENTITY_AUDIT,true,authority/reference family; never delete by age
authority/sources/bigboss/surfaces/mastery.json,8167,1689a9597f724c0e6cfb7bbe42dd9b628c842dd7d7705778bf2b4b4a060e61cc,KEEP_PENDING_AUTHORITY_CURRENTITY_AUDIT,true,authority/reference family; never delete by age
authority/sources/bigboss/surfaces/portfolio.json,9266,587b1f4a50eaebfa5cbd2cb6fc16d650ad340cadbdfd9302fb24a181691e4bea,KEEP_PENDING_AUTHORITY_CURRENTITY_AUDIT,true,authority/reference family; never delete by age
authority/sources/bigboss/surfaces/processing.json,9833,c4d6f87eb6923d50b11a08b222d19b5db246909d029a097519adaf0a37aea006,KEEP_PENDING_AUTHORITY_CURRENTITY_AUDIT,true,authority/reference family; never delete by age
authority/sources/bigboss/surfaces/releases.json,9376,c6e91f066551fc453c4645ecd56009a061c107fc4987a4233b0c7d746968d089,KEEP_PENDING_AUTHORITY_CURRENTITY_AUDIT,true,authority/reference family; never delete by age
authority/sources/bigboss/surfaces/results.json,13245,c7420a86ff3c22274f98a3b94cd4b6abfaa24477a4e499b44f8a8cf9475eadc4,KEEP_PENDING_AUTHORITY_CURRENTITY_AUDIT,true,authority/reference family; never delete by age
authority/sources/bigboss/surfaces/reviews.json,9875,ddfc7942a74ec22627c60b8c5d3f6edba350afac1e09ee188b2cb680b5609c3e,KEEP_PENDING_AUTHORITY_CURRENTITY_AUDIT,true,authority/reference family; never delete by age
authority/sources/bigboss/surfaces/rq.json,9757,6cf88f3659696355cf48124dc13b96c775785cc6e2b285e2ae81b3e9a293e922,KEEP_PENDING_AUTHORITY_CURRENTITY_AUDIT,true,authority/reference family; never delete by age
authority/sources/bigboss/surfaces/runs.json,13708,9fdac6759f589e8f2bd68d0d5d1dcb81cca694e264ebc615e7a67c56e40e1d8b,KEEP_PENDING_AUTHORITY_CURRENTITY_AUDIT,true,authority/reference family; never delete by age
authority/sources/bigboss/surfaces/scenarios.json,10044,f5daab050de16cc4143ea7c9f7364b92b8922cbf4ab5714a4f621bd42d24bdb3,KEEP_PENDING_AUTHORITY_CURRENTITY_AUDIT,true,authority/reference family; never delete by age
authority/sources/bigboss/surfaces/shell.json,9241,ed609f372ee7b0d7c5ff16d4282089ddd60ea1dac15f586ef855f9e3bab8e4cb,KEEP_PENDING_AUTHORITY_CURRENTITY_AUDIT,true,authority/reference family; never delete by age
authority/sources/bigboss/surfaces/today.json,9447,44df1fc238296083b2c09983114e9ac12fbf806e5b374626b89551e91b60f956,KEEP_PENDING_AUTHORITY_CURRENTITY_AUDIT,true,authority/reference family; never delete by age
authority/sources/bigboss/surfaces/validation.json,7438,131c295715d78967f6172912500edb7b2d970d2867720320aa7c26405a9384ce,KEEP_PENDING_AUTHORITY_CURRENTITY_AUDIT,true,authority/reference family; never delete by age
authority/sources/bigboss/surfaces/visualize.json,11204,7fe1e2ee53b6d245bc55f2a2f594b254c0cee118ceb1ef1390308792bb31e9d5,KEEP_PENDING_AUTHORITY_CURRENTITY_AUDIT,true,authority/reference family; never delete by age
authority/sources/control/00_CONTROLLER_OPERATING_SYSTEM/00_READ_FIRST/CEP_CONTROLLER_OPERATING_SYSTEM_MANIFEST_v1.0.md,1618,92b092107de0416fee125ce43d4f8253bc8174aea2fbb0f0cddfe1f33e510fe3,KEEP_PENDING_AUTHORITY_CURRENTITY_AUDIT,true,authority/reference family; never delete by age
authority/sources/control/00_CONTROLLER_OPERATING_SYSTEM/00_READ_FIRST/CEP_CONTROLLER_OPERATING_SYSTEM_READ_FIRST_v1.0.md,3875,db0f554aebc48f21d5971d3860f327269807ff2e47663e9a3d89df4aaa4da4d1,KEEP_PENDING_AUTHORITY_CURRENTITY_AUDIT,true,authority/reference family; never delete by age
authority/sources/control/00_CONTROLLER_OPERATING_SYSTEM/01_METHODS/CEP_COLAB_DRIVE_CUSTODY_AND_EXECUTION_STANDARD_v1.0.md,6278,d46a70c09ba6aba5f10fc5b758b33483fd4de3b03362c2ff70aed415163f8fa4,KEEP_PENDING_AUTHORITY_CURRENTITY_AUDIT,true,authority/reference family; never delete by age
authority/sources/control/00_CONTROLLER_OPERATING_SYSTEM/01_METHODS/CEP_CONTROLLER_ASSURANCE_AND_EVIDENCE_PROTOCOL_v1.0.md,1752,45a4ca798ed562ee7b93c62518ec3506dfdb32f1ef148da39a200d309ad0f4b0,KEEP_PENDING_AUTHORITY_CURRENTITY_AUDIT,true,authority/reference family; never delete by age
authority/sources/control/00_CONTROLLER_OPERATING_SYSTEM/01_METHODS/CEP_CONTROLLER_DECISION_AND_ADJUDICATION_PROTOCOL_v1.0.md,1373,dfe9a2fd4a8b17bc74854746b2050a97f2b4a58406ad8131575524e3f884acc5,KEEP_PENDING_AUTHORITY_CURRENTITY_AUDIT,true,authority/reference family; never delete by age
authority/sources/control/00_CONTROLLER_OPERATING_SYSTEM/01_METHODS/CEP_CONTROLLER_GOVERNANCE_AND_EXECUTION_METHOD_v1.0.md,3779,48aeabfe336cbc450f313fd987baa4eda8621f7815547d5007e14c5c8441b5ff,KEEP_PENDING_AUTHORITY_CURRENTITY_AUDIT,true,authority/reference family; never delete by age
authority/sources/control/00_CONTROLLER_OPERATING_SYSTEM/01_METHODS/CEP_CONTROLLER_KNOWLEDGE_PROMOTION_AND_ZERO_LOSS_PROTOCOL_v1.0.md,1461,ee4ba85e4b910c3eeb0854bed24c900b1251c181d3d0e2f9c2c1b0837f6d2bd3,KEEP_PENDING_AUTHORITY_CURRENTITY_AUDIT,true,authority/reference family; never delete by age
authority/sources/control/00_CONTROLLER_OPERATING_SYSTEM/01_METHODS/CEP_CONTROLLER_SOURCE_AUTHORITY_AND_REQUIREMENT_ADMISSION_PROTOCOL_v1.0.md,2452,10514c7057721ccc0dd3623d90f739ec69b3aa158257aeff6ddb6940749e4ac4,KEEP_PENDING_AUTHORITY_CURRENTITY_AUDIT,true,authority/reference family; never delete by age
authority/sources/control/00_CONTROLLER_OPERATING_SYSTEM/01_METHODS/CEP_REPRODUCIBLE_PACKAGE_CONTAINER_IDENTITY_ADDENDUM_v1.0.md,2426,8cbb0882ebc77a4bcf8c2a4ddc487ae97f79cd2a56501e4a5217481fb4b27e84,KEEP_PENDING_AUTHORITY_CURRENTITY_AUDIT,true,authority/reference family; never delete by age
authority/sources/control/00_CONTROLLER_OPERATING_SYSTEM/01_METHODS/CEP_RUNTIME_DISCOVERED_DEFECT_TRIAGE_AND_TEST_ALIGNMENT_PLAYBOOK_v1.0.md,8473,641ab6dc31bf6a989e8017174174a855b6b283d5e21389f1fe9e69390022c2c9,KEEP_PENDING_AUTHORITY_CURRENTITY_AUDIT,true,authority/reference family; never delete by age
authority/sources/control/00_CONTROLLER_OPERATING_SYSTEM/02_REGISTERS/CEP_CONTROLLER_DECISION_REGISTER_v1.0.json,3117,046af5e10eba24e06610ff63dd6ae51744c797bf1b959455128627cc9ee45c16,KEEP_PENDING_AUTHORITY_CURRENTITY_AUDIT,true,authority/reference family; never delete by age
authority/sources/control/00_CONTROLLER_OPERATING_SYSTEM/02_REGISTERS/CEP_CONTROLLER_OPEN_GATES_REGISTER_v1.0.json,1787,478f3f9ea851b9a27333f86dcc0a14f591429ea8a8d8e49c5f9f4c7ba0f31bf3,KEEP_PENDING_AUTHORITY_CURRENTITY_AUDIT,true,authority/reference family; never delete by age
authority/sources/control/00_CONTROLLER_OPERATING_SYSTEM/02_REGISTERS/CEP_CONTROLLER_ZERO_LOSS_COLAB_RUNTIME_SUPPLEMENT_v1.0.json,14344,e789c2b3d79657477b5b546a5b2f6604fa1888ee2de0cff6cbc77481baae687c,KEEP_PENDING_AUTHORITY_CURRENTITY_AUDIT,true,authority/reference family; never delete by age
authority/sources/control/00_CONTROLLER_OPERATING_SYSTEM/02_REGISTERS/CEP_CONTROLLER_ZERO_LOSS_KNOWLEDGE_REGISTER_v1.0.json,12427,3931f91430c5b997ca0cae5dfc036a3267f028f7076043a2c2b794ed25eeb76a,KEEP_PENDING_AUTHORITY_CURRENTITY_AUDIT,true,authority/reference family; never delete by age
authority/sources/control/00_CONTROLLER_OPERATING_SYSTEM/03_HANDOFF_RECOVERY/CEP_CONTROLLER_CURRENT_RECOVERY_HANDOFF_v2.2.md,1064,df090190e515d6c61a4018c66ec303d4a269fd747a1609cc91c2307ab01e534e,KEEP_PENDING_AUTHORITY_CURRENTITY_AUDIT,true,authority/reference family; never delete by age
authority/sources/control/00_CONTROLLER_OPERATING_SYSTEM/03_HANDOFF_RECOVERY/CEP_CONTROLLER_HANDOFF_AND_RECOVERY_STANDARD_v2.0.md,1989,c52d4d5723e3873336cfbb4b0b14d62e7dfed23075de65f0836e8197745b2e5a,KEEP_PENDING_AUTHORITY_CURRENTITY_AUDIT,true,authority/reference family; never delete by age
authority/sources/control/00_CONTROLLER_OPERATING_SYSTEM/03_HANDOFF_RECOVERY/CEP_W01_W02_C025_CURRENT_HANDOFF_v1.0.md,1996,27cdd4a791c836f6d012059b6b1a1c64b92f7945b38c6a3ec0708e5c2bec280e,KEEP_PENDING_AUTHORITY_CURRENTITY_AUDIT,true,authority/reference family; never delete by age
authority/sources/control/00_CONTROLLER_OPERATING_SYSTEM/04_LESSONS/CEP_CONTROLLER_COLAB_RUNTIME_TEST_LESSONS_SUPPLEMENT_v1.0.json,10006,828c5974a0818b523c5ca34910c05358ce29362e05e58f27c8f9e5529a799c28,KEEP_PENDING_AUTHORITY_CURRENTITY_AUDIT,true,authority/reference family; never delete by age
authority/sources/control/00_CONTROLLER_OPERATING_SYSTEM/04_LESSONS/CEP_CONTROLLER_COLAB_RUNTIME_TEST_LESSONS_SUPPLEMENT_v1.1.json,1503,783414f427413359812ffbfb2264cfdc0f68f5f8e515655c8e22b0d7326b38d2,KEEP_PENDING_AUTHORITY_CURRENTITY_AUDIT,true,authority/reference family; never delete by age
authority/sources/control/00_CONTROLLER_OPERATING_SYSTEM/04_LESSONS/CEP_CONTROLLER_CONTROL_CHANGELOG_v1.0.md,858,611ff2d6b276a24e2552bba8f905a79adc5a92a18bcc4a4141eb755905d49149,KEEP_PENDING_AUTHORITY_CURRENTITY_AUDIT,true,authority/reference family; never delete by age
authority/sources/control/00_CONTROLLER_OPERATING_SYSTEM/04_LESSONS/CEP_CONTROLLER_LESSONS_AND_FAILURE_PATTERNS_v1.0.json,7439,a3d2c675ae61f0f184657cbf7ea7d66661b84ca29922670454871f0cf80e7ef9,KEEP_PENDING_AUTHORITY_CURRENTITY_AUDIT,true,authority/reference family; never delete by age
authority/sources/control/00_CONTROLLER_OPERATING_SYSTEM/05_TEMPLATES/CEP_CONTROLLER_HANDOFF_TEMPLATE_v2.0.md,543,a8487f1ea437f24bb29e12614d165b60085f0f4bd5f65a3e3a733d7fad34c6b2,KEEP_PENDING_AUTHORITY_CURRENTITY_AUDIT,true,authority/reference family; never delete by age
authority/sources/control/00_CONTROLLER_OPERATING_SYSTEM/05_TEMPLATES/CEP_CONTROLLER_WAVE_CLOSEOUT_CHECKLIST_v1.0.md,1205,2b35eaeab355929a993694088ea3209eb21d2d63ecd4b85e7c47af1f32f6f000,KEEP_PENDING_AUTHORITY_CURRENTITY_AUDIT,true,authority/reference family; never delete by age
authority/sources/control/00_CONTROLLER_OPERATING_SYSTEM/05_TEMPLATES/CEP_FINAL_RUNTIME_TEST_COLAB_REUSABLE_CHECKLIST_v1.0.md,4189,5c276dc7ebf689f5de279850f975d757b55a4d51ccca2b9335416aa446420252,KEEP_PENDING_AUTHORITY_CURRENTITY_AUDIT,true,authority/reference family; never delete by age
authority/sources/control/00_CONTROLLER_OPERATING_SYSTEM/06_WORKSPACE_CONTROLS/W01_W02/CEP_CONTROLLER_W01_W02_v1.1.5_PRE_COLAB_MICRO_CORRECTION_REGISTER_v1.0.csv,1338,d0582f126bc97a200f79f4aac4bfc8e235b218a910e7e2f5835dc95fe812c5a6,KEEP_PENDING_AUTHORITY_CURRENTITY_AUDIT,true,authority/reference family; never delete by age
authority/sources/control/00_CONTROLLER_OPERATING_SYSTEM/06_WORKSPACE_CONTROLS/W03/CEP_W03_WORLD_CLASS_PROPOSAL_SECTION_RECONCILIATION_SEED_v1.0.json,44854,5112230f73d6c8874b85c87b5b03599d791df524c4ceecf9b58600b99cfa4bae,KEEP_PENDING_AUTHORITY_CURRENTITY_AUDIT,true,authority/reference family; never delete by age
authority/sources/control/00_CONTROLLER_OPERATING_SYSTEM/06_WORKSPACE_CONTROLS/W03/CEP_W03_WORLD_CLASS_PROPOSAL_ZERO_LOSS_RECONCILIATION_MANDATE_v1.0.md,2805,6ae193ec60356a4ec55637ee861f5d9ab7c4efca7d106fd4b02ac0315debd5f1,KEEP_PENDING_AUTHORITY_CURRENTITY_AUDIT,true,authority/reference family; never delete by age
authority/sources/control/00_CONTROLLER_OPERATING_SYSTEM/PACKAGE_MANIFEST.json,4867,f2958af631fcf9ed30c423881073d8cd538b288659a9ee4b9d74d24f34ef2aa8,KEEP_PENDING_AUTHORITY_CURRENTITY_AUDIT,true,authority/reference family; never delete by age
authority/sources/control/00_CURRENT_CONTROL/CEP_CURRENT_CONTROLLER_STATE_v1.6.md,3987,bd134235a790acd3c8650e3976d4450be3ffa679f2d8ee03db005338744fae99,KEEP_PENDING_AUTHORITY_CURRENTITY_AUDIT,true,authority/reference family; never delete by age
authority/sources/control/00_CURRENT_CONTROL/CEP_CURRENT_CONTROLLER_STATE_v1.7.md,3463,1566f02c228164cc1de462deac79a9e5eaa5876eacbda5a3ecbfe5695a0f40df,KEEP_PENDING_AUTHORITY_CURRENTITY_AUDIT,true,authority/reference family; never delete by age
authority/sources/control/00_CURRENT_CONTROL/CEP_EXECUTION_CONTROL_CENTER_CURRENT_MANIFEST_v1.10.md,2115,ed5ec0ae9d9485573f6e849463331ed781ca9e04dcd1d8e53517816833541cc5,KEEP_PENDING_AUTHORITY_CURRENTITY_AUDIT,true,authority/reference family; never delete by age
authority/sources/control/00_CURRENT_CONTROL/CEP_EXECUTION_CONTROL_CENTER_CURRENT_MANIFEST_v1.9.md,1747,0e18fcba8b5c83f7c36eeed60ebd5f674ea36616f95170cb923af21fe2d73484,KEEP_PENDING_AUTHORITY_CURRENTITY_AUDIT,true,authority/reference family; never delete by age
authority/sources/control/00_CURRENT_CONTROL/CEP_EXECUTION_CONTROL_CENTER_README_v2.0.md,2279,df78b1b0d3ebe88aea3526bfb5fb5a6dcfe7b4a0b1122c6857f3c2393e9d2e16,KEEP_PENDING_AUTHORITY_CURRENTITY_AUDIT,true,authority/reference family; never delete by age
authority/sources/control/01_OWNER_GLOBAL_RULES/CEP_GLOBAL_OWNER_WRITER_RULES_v1.0.md,4544,6f4333cc7a0a510b7f126a357b617266d2c00802ec024b62b232cba4299cdd3d,KEEP_PENDING_AUTHORITY_CURRENTITY_AUDIT,true,authority/reference family; never delete by age
authority/sources/control/01_OWNER_GLOBAL_RULES/CEP_OWNER_BLUEPRINT_TO_PRODUCTION_TRACEABILITY_FACTORY_CONFIRMATION_v1.0.md,6599,64df155d3a4be2edf5a2563a947bd497e2f7d9b6c1b609672fb36aa731d4fc92,KEEP_PENDING_AUTHORITY_CURRENTITY_AUDIT,true,authority/reference family; never delete by age
authority/sources/control/01_OWNER_GLOBAL_RULES/CEP_OWNER_GLOBAL_SPATIAL_AND_VIEW_INTERACTION_ADDENDUM_v1.0.md,3974,003552c3f962dc07966ee47fd8657e49da47e1976b997deb30b0f16e6de372aa,KEEP_PENDING_AUTHORITY_CURRENTITY_AUDIT,true,authority/reference family; never delete by age
authority/sources/control/01_OWNER_GLOBAL_RULES/CEP_PRODUCTION_DESTINATION_OWNER_RESOLUTION_PROTOCOL_v1.0.md,3139,c9a1c39317757c876eb0186d5543d4a0fb75edb3272972574bb27069b63eb75f,KEEP_PENDING_AUTHORITY_CURRENTITY_AUDIT,true,authority/reference family; never delete by age
authority/sources/control/02_WRITER_PACKETS/CEP_W01_W02_COLAB_FINAL_RUNTIME_DB_BROWSER_EVIDENCE_PACKET_v1.0.md,2821,66cfbbb919ff0e50cc8ab5f97af5d54292b96359019ebd01a5e53566cbadc509,KEEP_PENDING_AUTHORITY_CURRENTITY_AUDIT,true,authority/reference family; never delete by age
authority/sources/control/02_WRITER_PACKETS/CEP_WRITER_A_W03_v3.3.1_OWNER_DIRECT_REVIEW_CORRECTION_PACKET_v1.1_ZERO_LOSS_HARDENED.md,3432,a875a343b0862098cd2f2376751d615d4007e99be5e5930408e5ee6da63bcede,KEEP_PENDING_AUTHORITY_CURRENTITY_AUDIT,true,authority/reference family; never delete by age
authority/sources/control/04_WRITER_HANDOFFS/W01_W02/CEP_W01_W02_WRITER_B_FINAL_CLOSURE_HANDOFF_AR_v1.1.4.md,1907,ed2853799ee3b6472689d0e01aba49b0393e8a5fcfd4b8a20ae47a5e9d57b0ec,KEEP_PENDING_AUTHORITY_CURRENTITY_AUDIT,true,authority/reference family; never delete by age
authority/sources/control/04_WRITER_HANDOFFS/W01_W02/CEP_W01_W02_WRITER_B_PRE_COLAB_SOURCE_COMPLETION_HANDOFF_AR_v1.1.5.md,5718,40c50501b3a4a7bda932ed12a6263071974a6934efd5716ebe9e7d95c241a9d6,KEEP_PENDING_AUTHORITY_CURRENTITY_AUDIT,true,authority/reference family; never delete by age
authority/sources/control/04_WRITER_HANDOFFS/W01_W02/CEP_W01_W02_WRITER_B_PRE_COLAB_SOURCE_COMPLETION_VERIFICATION_AR_v1.1.5.md,1238,76a9128a6064845234a9753fc24daa75e76dbec83a589795cef51d2abed183a2,KEEP_PENDING_AUTHORITY_CURRENTITY_AUDIT,true,authority/reference family; never delete by age
authority/sources/control/04_WRITER_HANDOFFS/W01_W02/CEP_W01_W02_WRITER_B_V1.1.1_DELIVERY_SHA256.txt,462,3d815a83864eec5196f62d1f9697b5d5460cabf2d4e007db4fd188d0de9cc37f,KEEP_PENDING_AUTHORITY_CURRENTITY_AUDIT,true,authority/reference family; never delete by age
authority/sources/control/04_WRITER_HANDOFFS/W01_W02/CEP_W01_W02_WRITER_B_V1_1_1_REVIEW_HARDENED_HANDOFF_AR.md,7881,df3d765b4ad0c5d9843c6fc39dc92f172f8b6ef290cbacdd7155733874ef6121,KEEP_PENDING_AUTHORITY_CURRENTITY_AUDIT,true,authority/reference family; never delete by age
authority/sources/control/04_WRITER_HANDOFFS/W01_W02/CEP_W01_W02_WRITER_B_v1.1.4_DELIVERY_SHA256.txt,1493,4fd94dfc333dae004154fb93decacfb1e6c2facf46cb958c36ef4f2021c05525,KEEP_PENDING_AUTHORITY_CURRENTITY_AUDIT,true,authority/reference family; never delete by age
authority/sources/control/04_WRITER_HANDOFFS/W01_W02/CEP_W01_W02_WRITER_B_v1.1.5_FINAL_SHA256.txt,1035,52e55a94d346763e196ea944764270bc47faaa94c718d60c50644457512cefd0,KEEP_PENDING_AUTHORITY_CURRENTITY_AUDIT,true,authority/reference family; never delete by age
authority/sources/control/04_WRITER_HANDOFFS/W01_W02/CEP_W01_W02_ZERO_ORPHAN_PRODUCTION_TRACEABILITY_GATE_v1.1.1.md,2888,88535fd8e81efdd306065a7df6d94f668d570e56f63a5e5c8148793ae09d83d6,KEEP_PENDING_AUTHORITY_CURRENTITY_AUDIT,true,authority/reference family; never delete by age
authority/sources/control/04_WRITER_HANDOFFS/W01_W02/CEP_W01_W02_v1.1.5.1_FINAL_SHA256.txt,322,c2574eef29daee11cd363c7dd51f1af366495ee4fe3660aea66a9983718eb7f4,KEEP_PENDING_AUTHORITY_CURRENTITY_AUDIT,true,authority/reference family; never delete by age
authority/sources/control/04_WRITER_HANDOFFS/W03/CEP_W03_v3.3.1_CONTROLLER_BOUNDED_CORRECTION_DELIVERY_RECEIPT.json,2646,657d40483c996588ccccb2832829612ca0255cf2e2723aafe7bed50fd35f8780,KEEP_PENDING_AUTHORITY_CURRENTITY_AUDIT,true,authority/reference family; never delete by age
authority/sources/control/04_WRITER_HANDOFFS/W03/CEP_W03_v3.3_WRITER_A_DELIVERY_RECEIPT.json,2508,ea46ebc64167a2a6e7e67f3455c4d665e58e6a4a3be7e84186de2d47e6db8a7e,KEEP_PENDING_AUTHORITY_CURRENTITY_AUDIT,true,authority/reference family; never delete by age
authority/sources/control/04_WRITER_HANDOFFS/W03/CEP_W03_v3.4_ALL_FIVE_SURFACE_SHARED_MECHANICS_PARITY_MATRIX.csv,2409,010a54babc703e7c258ce0671490c11099bc39d0813d2ef6f6628a000697ff95,KEEP_PENDING_AUTHORITY_CURRENTITY_AUDIT,true,authority/reference family; never delete by age
authority/sources/control/04_WRITER_HANDOFFS/W03/CEP_W03_v3.4_DONOR_INHERITANCE_BEHAVIORAL_MATRIX.csv,3280,66ea7270db5e885ff2d56ee4860721cd7afe52c6070546424c7da533060db6ea,KEEP_PENDING_AUTHORITY_CURRENTITY_AUDIT,true,authority/reference family; never delete by age
authority/sources/control/04_WRITER_HANDOFFS/W03/CEP_W03_v3.4_EXACT_ROUTE_STATUS.json,10269,8635db766216909632d89e6c77b7995d809c75af65ef248af9127c8c87b63cbb,KEEP_PENDING_AUTHORITY_CURRENTITY_AUDIT,true,authority/reference family; never delete by age
authority/sources/control/04_WRITER_HANDOFFS/W03/CEP_W03_v3.4_INTERACTION_ACCEPTANCE_MATRIX_COMPLETED.csv,17314,e5d1b26ffc0dcf63208a2f586b9ed64a2f26150bac9746303c5bf906c321aeb5,KEEP_PENDING_AUTHORITY_CURRENTITY_AUDIT,true,authority/reference family; never delete by age
authority/sources/control/04_WRITER_HANDOFFS/W03/CEP_W03_v3.4_MANIFEST_SHA256.csv,36432,abbfbe1085de005656b1777d2ee1a648fc00b9c668557cceb2f57c27d8d4c38c,KEEP_PENDING_AUTHORITY_CURRENTITY_AUDIT,true,authority/reference family; never delete by age
authority/sources/control/04_WRITER_HANDOFFS/W03/CEP_W03_v3.4_ODR_CORRECTION_REGISTER_UPDATED.csv,24967,9e32ef9d6e35f4e770b5b5d3606664e209b2557a89f31e89039bb069d014abad,KEEP_PENDING_AUTHORITY_CURRENTITY_AUDIT,true,authority/reference family; never delete by age
authority/sources/control/04_WRITER_HANDOFFS/W03/CEP_W03_v3.4_OWNER_DIRECT_REVIEW_CORRECTION_DELIVERY_RECEIPT.json,1738,24c47d75ae1f3952c88f1041be6f45e8388c56bc13aa6ecb38eaa226999ad40b,KEEP_PENDING_AUTHORITY_CURRENTITY_AUDIT,true,authority/reference family; never delete by age
authority/sources/control/04_WRITER_HANDOFFS/W03/CEP_W03_v3.4_SOURCE_IDENTITY.json,846,459d3c2930eeb9f9346465d7aaeceb8e6a3f405bdee5b08f401abfe783497f1a,KEEP_PENDING_AUTHORITY_CURRENTITY_AUDIT,true,authority/reference family; never delete by age
authority/sources/control/04_WRITER_HANDOFFS/W03/CEP_W03_v3.4_TEST_RECEIPT.json,2167,1b95735651b669698eb78a34d73ec31e0d8ee31c3a8c003996effabd188ff999,KEEP_PENDING_AUTHORITY_CURRENTITY_AUDIT,true,authority/reference family; never delete by age
authority/sources/control/04_WRITER_HANDOFFS/W03/CEP_W03_v3.4_WRITER_CANDIDATE_STATUS.md,1345,2907786ed4d983d97d813fc0c42051c721e6cd2b065c8f5bc886d1d21301aa56,KEEP_PENDING_AUTHORITY_CURRENTITY_AUDIT,true,authority/reference family; never delete by age
authority/sources/control/05_TRACEABILITY_ASSURANCE/CEP_LIBRARY_BLUEPRINT_TO_PRODUCTION_ASSURANCE_FACTORY_v1.0.json,1106,3bde39a49bb36c6d29f9e0cecc32203adbe159bb5c944eddbaf0b1bfc60dd89e,KEEP_PENDING_AUTHORITY_CURRENTITY_AUDIT,true,authority/reference family; never delete by age
authority/sources/control/05_TRACEABILITY_ASSURANCE/CEP_LIBRARY_BLUEPRINT_TO_PRODUCTION_TRACEABILITY_MATRIX_v1.0.csv,23689,a6023607f62a8e79d15245554fc27511bc2a1ef2001844257a44b3ca67c50a0e,KEEP_PENDING_AUTHORITY_CURRENTITY_AUDIT,true,authority/reference family; never delete by age
authority/sources/control/05_TRACEABILITY_ASSURANCE/CEP_OWNER_DIRECT_REVIEW_W03_v3.3.1_CORRECTION_REGISTER_v1.0.csv,18419,5d70981c74e56ddf21dcfd22ae5d5171c980583f9d17994c134ce3f134f466f9,KEEP_PENDING_AUTHORITY_CURRENTITY_AUDIT,true,authority/reference family; never delete by age
authority/sources/control/05_TRACEABILITY_ASSURANCE/CEP_OWNER_DIRECT_REVIEW_W03_v3.3.1_INTERACTION_ACCEPTANCE_MATRIX_v1.0.csv,10746,fcfe2b5a020422d9970d68dc0569faeee985aaf90e0d3303f41dcb1db1fefaf1,KEEP_PENDING_AUTHORITY_CURRENTITY_AUDIT,true,authority/reference family; never delete by age
authority/sources/control/05_TRACEABILITY_ASSURANCE/CEP_W01_W02_BLUEPRINT_TO_PRODUCTION_TRACEABILITY_MATRIX_v1.1.2_CONTROLLER_ADJUDICATED.csv,183826,6e18805b8109b30073ff7dca17e7b54f67e103786ef1e61abc65751714aab3ef,KEEP_PENDING_AUTHORITY_CURRENTITY_AUDIT,true,authority/reference family; never delete by age
authority/sources/control/05_TRACEABILITY_ASSURANCE/CEP_W01_W02_BLUEPRINT_TO_PRODUCTION_TRACEABILITY_MATRIX_v1.1.2_CONTROLLER_ADJUDICATED.json,255232,89587f75ff6931f0f676749c18a38ac88e3f14092fae54fccc40dfaf16945eb1,KEEP_PENDING_AUTHORITY_CURRENTITY_AUDIT,true,authority/reference family; never delete by age
authority/sources/control/05_TRACEABILITY_ASSURANCE/CEP_W01_W02_BLUEPRINT_TO_PRODUCTION_TRACEABILITY_MATRIX_v1.1.4_FINAL_CLOSURE_HARDENED.json,415753,f4ca55a01f95be0a489ad1d74d1145e5da86393201ed977b80dde9c6465068ca,KEEP_PENDING_AUTHORITY_CURRENTITY_AUDIT,true,authority/reference family; never delete by age
authority/sources/control/05_TRACEABILITY_ASSURANCE/CEP_W01_W02_BLUEPRINT_TO_PRODUCTION_TRACEABILITY_MATRIX_v1.1.5_PRE_COLAB_SOURCE_COMPLETE.csv,338066,935cf1c766bb2a7aaa4158c6eb27ee0a2aba50d8fe46437e064387fd59875af5,KEEP_PENDING_AUTHORITY_CURRENTITY_AUDIT,true,authority/reference family; never delete by age
authority/sources/control/05_TRACEABILITY_ASSURANCE/CEP_W01_W02_BLUEPRINT_TO_PRODUCTION_TRACEABILITY_MATRIX_v1.1.5_PRE_COLAB_SOURCE_COMPLETE.json,428091,26aa851c316432b36045e07ebec56d92b2dd050f8ca89c6b8d0735562114f645,KEEP_PENDING_AUTHORITY_CURRENTITY_AUDIT,true,authority/reference family; never delete by age
authority/sources/control/05_TRACEABILITY_ASSURANCE/CEP_W01_W02_C001_C032_CORRECTION_LEDGER_v1.1.4_FINAL_CLOSURE_HARDENED.csv,34617,188c7713206a6b212949961e2ff397f5417bbf78a164179aede6b581bf803535,KEEP_PENDING_AUTHORITY_CURRENTITY_AUDIT,true,authority/reference family; never delete by age
authority/sources/control/05_TRACEABILITY_ASSURANCE/CEP_W01_W02_C001_C032_CORRECTION_LEDGER_v1.1.5_PRE_COLAB_SOURCE_COMPLETE.csv,36088,7d9599c70cfc41ac32c4391af9de1c79940e61f6129d4352ae548458c2344e52,KEEP_PENDING_AUTHORITY_CURRENTITY_AUDIT,true,authority/reference family; never delete by age
authority/sources/control/05_TRACEABILITY_ASSURANCE/CEP_W01_W02_C001_C032_CORRECTION_LEDGER_v1.1.5_PRE_COLAB_SOURCE_COMPLETE.json,50992,4598bc43acbfb4e66fbca1bf07d031f3b9b6e7e0e4e38adb78555406a8da142c,KEEP_PENDING_AUTHORITY_CURRENTITY_AUDIT,true,authority/reference family; never delete by age
authority/sources/control/05_TRACEABILITY_ASSURANCE/CEP_W01_W02_EXPLICIT_GATES_REGISTER_v1.1.4_FINAL_CLOSURE_HARDENED.csv,4194,7345830656c3b467dc668e0e8c4a55b3887981ae2458a4ed8ec9ae603a3d1beb,KEEP_PENDING_AUTHORITY_CURRENTITY_AUDIT,true,authority/reference family; never delete by age
authority/sources/control/05_TRACEABILITY_ASSURANCE/CEP_W01_W02_EXPLICIT_REMAINING_GATES_REGISTER_v1.1.5_PRE_COLAB.csv,5582,cb2ac76bfc1c9607f15d5d0c6c09adeab2e2141af4ad691ec0521d70e7623281,KEEP_PENDING_AUTHORITY_CURRENTITY_AUDIT,true,authority/reference family; never delete by age
authority/sources/control/05_TRACEABILITY_ASSURANCE/CEP_W01_W02_FINAL_CLOSURE_TEST_AND_ASSURANCE_RECEIPT_v1.1.4.json,4952,cdb2269b9811f8537e4914381e97c8ba16e83865c995245c9d7345dc31b00682,KEEP_PENDING_AUTHORITY_CURRENTITY_AUDIT,true,authority/reference family; never delete by age
authority/sources/control/05_TRACEABILITY_ASSURANCE/CEP_W01_W02_PRE_COLAB_SOURCE_COMPLETION_ACCEPTANCE_MATRIX_v1.0.csv,3065,6c8402ecf2ca7663509041d16c886f66dd2702e055738b9e159a2da5bcd7608e,KEEP_PENDING_AUTHORITY_CURRENTITY_AUDIT,true,authority/reference family; never delete by age
authority/sources/control/05_TRACEABILITY_ASSURANCE/CEP_W01_W02_PRE_COLAB_SOURCE_COMPLETION_ACCEPTANCE_MATRIX_v1.1.5_COMPLETED.csv,6955,d941e0aef7538ff382f05324467673b993a757d6939ac1846a742e7850b15a20,KEEP_PENDING_AUTHORITY_CURRENTITY_AUDIT,true,authority/reference family; never delete by age
authority/sources/control/05_TRACEABILITY_ASSURANCE/CEP_W01_W02_PRE_COLAB_TEST_AND_SEMANTIC_RECEIPT_v1.1.5.json,6459,f375279ca5f256f674c8f23373bd855800e2bf42fecdff8758a0804a695fc9fc,KEEP_PENDING_AUTHORITY_CURRENTITY_AUDIT,true,authority/reference family; never delete by age
authority/sources/control/05_TRACEABILITY_ASSURANCE/CEP_W01_W02_ZERO_ORPHAN_AND_FINAL_IMPLEMENTATION_GATE_v1.1.4.md,1395,dba06f4fb3ab9bdaff0a54666bf2237b9614c92124658b12a1735df3fd4791ff,KEEP_PENDING_AUTHORITY_CURRENTITY_AUDIT,true,authority/reference family; never delete by age
authority/sources/control/05_TRACEABILITY_ASSURANCE/CEP_W01_W02_ZERO_ORPHAN_AND_PRE_COLAB_SOURCE_GATE_v1.1.5.md,943,39a5253de6026f970e71a254803f5c842ebdf1e1b401948395cf07a35c1862c3,KEEP_PENDING_AUTHORITY_CURRENTITY_AUDIT,true,authority/reference family; never delete by age
authority/sources/control/05_TRACEABILITY_ASSURANCE/CEP_W01_W02_ZERO_ORPHAN_PRODUCTION_TRACEABILITY_GATE_v1.1.2_CONTROLLER_ADJUDICATED.md,1241,e1de3eb719bb89db781170d1455a0fbe7709f2172b0c6ce7ccce3449710e9f02,KEEP_PENDING_AUTHORITY_CURRENTITY_AUDIT,true,authority/reference family; never delete by age
authority/sources/control/06_BROWSER_VISUAL_EVIDENCE/CEP_CONTROLLER_W03_v3.3_VISUAL_REVIEW_RECEIPT_v1.0.json,718,25fe09cfe8bf007ca56412a7223a36b2c58d6c7a6384d1c3040648c785f506fc,KEEP_PENDING_AUTHORITY_CURRENTITY_AUDIT,true,authority/reference family; never delete by age
authority/sources/control/07_CONTROLLER_REVIEWS/CEP_CONTROLLER_ADJUDICATION_W01_W02_C004_AND_LINKED_STICKY_NOTES_v1.0.md,2592,30f0987997c360dd0c94ce1359185236c6392932a0c45c6680d3d75add5a5af6,KEEP_PENDING_AUTHORITY_CURRENTITY_AUDIT,true,authority/reference family; never delete by age
authority/sources/control/07_CONTROLLER_REVIEWS/CEP_CONTROLLER_ADJUDICATION_W01_W02_PRE_COLAB_SOURCE_COMPLETION_v1.0.md,10856,ab8c78bcdd78b2f9a22b0929a5289eb0694929b056c1912417368888bdd2b649,KEEP_PENDING_AUTHORITY_CURRENTITY_AUDIT,true,authority/reference family; never delete by age
authority/sources/control/07_CONTROLLER_REVIEWS/CEP_CONTROLLER_INDEPENDENT_REVIEW_W01_W02_v1.1.1_v1.0.md,5014,5f4a9ea2cda1f5f20f5199d4e16805dc4c6847d35cd4f89bfe96180e12165699,KEEP_PENDING_AUTHORITY_CURRENTITY_AUDIT,true,authority/reference family; never delete by age
authority/sources/control/07_CONTROLLER_REVIEWS/CEP_CONTROLLER_INDEPENDENT_REVIEW_W01_W02_v1.1.5_PRE_COLAB_v1.0.md,5199,32069d8fdf0379afef20fd99b1016149e986a0572609196bb351560583ab3899,KEEP_PENDING_AUTHORITY_CURRENTITY_AUDIT,true,authority/reference family; never delete by age
authority/sources/control/07_CONTROLLER_REVIEWS/CEP_CONTROLLER_INDEPENDENT_REVIEW_W03_v3.3_v1.0.md,6689,0b4aa97c6e7cb8a859fece91bd4661d2363c10e89baf7abf2b1fc94be3d6b28d,KEEP_PENDING_AUTHORITY_CURRENTITY_AUDIT,true,authority/reference family; never delete by age
authority/sources/control/07_CONTROLLER_REVIEWS/CEP_CONTROLLER_W01_W02_v1.1.5.1_PRE_COLAB_FINAL_DELIVERY_RECEIPT.json,1630,bb25e22b441cf40ebb01319ce019ec003152e7da463097a8c053231c7613775f,KEEP_PENDING_AUTHORITY_CURRENTITY_AUDIT,true,authority/reference family; never delete by age
authority/sources/control/07_CONTROLLER_REVIEWS/CEP_OWNER_DIRECT_REVIEW_W03_v3.3.1_FINDINGS_AND_DECISIONS_v1.0.md,8559,c84c014c6d7f996be3ae7e7f681e2e2f35e72b503af3cf88351e16ce0544053a,KEEP_PENDING_AUTHORITY_CURRENTITY_AUDIT,true,authority/reference family; never delete by age
authority/sources/control/07_CONTROLLER_REVIEWS/CEP_W01_W02_C025_FORENSIC_EXECUTION_REPORT_v1.0.md,6760,0c6c7d912c46f60d4bd5dfd43d376cecd933e1ea6269083512c190bb3916d358,KEEP_PENDING_AUTHORITY_CURRENTITY_AUDIT,true,authority/reference family; never delete by age
authority/sources/control/07_CONTROLLER_REVIEWS/CEP_W01_W02_POST_DEEP_AUDIT_SUCCESSOR_CONTROL_CYCLE1_v1.0.md,4833,2d1830a951c9aec5dbac02b525f381b9416b1593bfb8e2a03684b0102f7ff550,KEEP_PENDING_AUTHORITY_CURRENTITY_AUDIT,true,authority/reference family; never delete by age
authority/sources/control/07_CONTROLLER_REVIEWS/CEP_W01_W02_WRITER_B_FINAL_CLOSURE_VERIFICATION_AR_v1.1.4.md,4074,b33cb88e89c3c117ef9501aaf08118c451e9cfa55bc99bc44825b3a4ff5d2e48,KEEP_PENDING_AUTHORITY_CURRENTITY_AUDIT,true,authority/reference family; never delete by age
authority/sources/control/07_CONTROLLER_REVIEWS/CEP_W03_v3.2_CONTROLLER_CYCLE_RESULT.md,3548,45eb63fee09ef98dd272b8548694072a9f39c11ad658b4480a215c56bfbe39a9,KEEP_PENDING_AUTHORITY_CURRENTITY_AUDIT,true,authority/reference family; never delete by age
authority/sources/control/07_CONTROLLER_REVIEWS/CEP_W03_v3.2_RECONCILED_BOUNDED_CORRECTION_DELIVERY_RECEIPT.json,568,044d7cf33b51cdbdf3b265da4f04658e265633a5e07cfaca0ae74fe6f0de912e,KEEP_PENDING_AUTHORITY_CURRENTITY_AUDIT,true,authority/reference family; never delete by age
authority/sources/control/08_COLAB_TASKS/W01_W02_FINAL_EVIDENCE_01/CEP_W01_W02_CELL_02_5_STATIC_VALIDATION_RECEIPT_v1.0.json,1279,991663909b75739695304af41defbc222e5dc33a9f9d53e52ebc12a744852d4d,KEEP_PENDING_AUTHORITY_CURRENTITY_AUDIT,true,authority/reference family; never delete by age
authority/sources/control/08_COLAB_TASKS/W01_W02_FINAL_EVIDENCE_01/CEP_W01_W02_COLAB_CLEAN_PROVEN_PATH_v1.0.1_SHA256.txt,115,2a8a9f925838d810267158da8853fe8ca6232b32aebf10d076519b90e5fdff8c,KEEP_PENDING_AUTHORITY_CURRENTITY_AUDIT,true,authority/reference family; never delete by age
authority/sources/control/08_COLAB_TASKS/W01_W02_FINAL_EVIDENCE_01/CEP_W01_W02_COLAB_CLEAN_PROVEN_PATH_v1.0_SHA256.txt,113,d3fc6a9b6a370e05f9b59a0c4393fd6eff95a957bf654e6d63307096eb356701,KEEP_PENDING_AUTHORITY_CURRENTITY_AUDIT,true,authority/reference family; never delete by age
authority/sources/control/08_COLAB_TASKS/W01_W02_FINAL_EVIDENCE_01/CEP_W01_W02_COLAB_FINAL_EVIDENCE_TASK_v1.0_SHA256.txt,113,153af9d04ee4d35053a8579a32ff2abae2a581f600079e927a1a605c0458a1d7,KEEP_PENDING_AUTHORITY_CURRENTITY_AUDIT,true,authority/reference family; never delete by age
authority/sources/control/08_COLAB_TASKS/W01_W02_FINAL_EVIDENCE_01/CEP_W01_W02_COLAB_TASK_C025_TO_C026_CUSTODY_BRIDGE_ADDENDUM_v1.0.md,1507,3ed7cd74b38eb1e1d3f4f75bda594539b0520d111f5077581c20417b0e0ed13e,KEEP_PENDING_AUTHORITY_CURRENTITY_AUDIT,true,authority/reference family; never delete by age
authority/sources/control/08_COLAB_TASKS/W01_W02_FINAL_EVIDENCE_01/CEP_W01_W02_COLAB_TASK_CONTRACT_v1.0.md,4524,fc855e8e3302e7b9b0d30ac46ca0b8d6878978e12a414cbf48160ff365bba8e3,KEEP_PENDING_AUTHORITY_CURRENTITY_AUDIT,true,authority/reference family; never delete by age
authority/sources/control/08_COLAB_TASKS/W01_W02_FINAL_EVIDENCE_01/CEP_W01_W02_COLAB_TASK_STATIC_VALIDATION_RECEIPT_v1.0.json,3282,cf6228045aa428e20167555b5baa4be38ad8c528df19e28a5699d06be5503d5c,KEEP_PENDING_AUTHORITY_CURRENTITY_AUDIT,true,authority/reference family; never delete by age
authority/sources/control/99_ARCHIVE_SUPERSEDED/CEP_CONTROLLER_CURRENT_RECOVERY_HANDOFF_v2.0.md,2184,b5d333a559b3b5ee0f75f4efae788728545e3c019fec40cf6ed9d72e23da25b3,KEEP_PENDING_AUTHORITY_CURRENTITY_AUDIT,true,authority/reference family; never delete by age
authority/sources/control/99_ARCHIVE_SUPERSEDED/CEP_CONTROLLER_CURRENT_RECOVERY_HANDOFF_v2.1.md,1533,e6c6912591ee2889f6381713fd244e4dd8db1cfacd77c5bee5a158633a9c1984,KEEP_PENDING_AUTHORITY_CURRENTITY_AUDIT,true,authority/reference family; never delete by age
authority/sources/control/99_ARCHIVE_SUPERSEDED/CEP_CURRENT_CONTROLLER_STATE_v1.0.md,2007,b1420e4e99cdf7d3a8adcbbf775386c117de1d70e7a766027c4c276d4400bb98,KEEP_PENDING_AUTHORITY_CURRENTITY_AUDIT,true,authority/reference family; never delete by age
authority/sources/control/99_ARCHIVE_SUPERSEDED/CEP_CURRENT_CONTROLLER_STATE_v1.1.md,1847,1c403ace96eaa4cb296f20b038fdc107186c95fe0cd119956ec357702ca8ebf8,KEEP_PENDING_AUTHORITY_CURRENTITY_AUDIT,true,authority/reference family; never delete by age
authority/sources/control/99_ARCHIVE_SUPERSEDED/CEP_CURRENT_CONTROLLER_STATE_v1.2.md,2608,1ee13a0bf636fa30255bb69cc9e98b99c9b8ed95dcb49c1126f2a135b948cc57,KEEP_PENDING_AUTHORITY_CURRENTITY_AUDIT,true,authority/reference family; never delete by age
authority/sources/control/99_ARCHIVE_SUPERSEDED/CEP_CURRENT_CONTROLLER_STATE_v1.3.md,1983,07893c104b7b4193f85eb9e5c3224bae0b921670d0a733db5502ce18f28507af,KEEP_PENDING_AUTHORITY_CURRENTITY_AUDIT,true,authority/reference family; never delete by age
authority/sources/control/99_ARCHIVE_SUPERSEDED/CEP_CURRENT_CONTROLLER_STATE_v1.4.md,1893,f5d6034fbdfd2faa108b85dec4612ba1f2375b8f431468ec0a55af44a46cd784,KEEP_PENDING_AUTHORITY_CURRENTITY_AUDIT,true,authority/reference family; never delete by age
authority/sources/control/99_ARCHIVE_SUPERSEDED/CEP_CURRENT_CONTROLLER_STATE_v1.5.md,1695,0baf461217b0753777dba9bf7281e057bbdb6509bada896042d84c55f163dced,KEEP_PENDING_AUTHORITY_CURRENTITY_AUDIT,true,authority/reference family; never delete by age
authority/sources/control/99_ARCHIVE_SUPERSEDED/CEP_CURRENT_WRITER_RETURN_LEDGER_v1.0.md,2262,7d9a55b801f9b76ca797ecbf39c981bc103e3b793822436e1a2b0eb27eb12247,KEEP_PENDING_AUTHORITY_CURRENTITY_AUDIT,true,authority/reference family; never delete by age
authority/sources/control/99_ARCHIVE_SUPERSEDED/CEP_EXECUTION_CONTROL_CENTER_CURRENT_MANIFEST_v1.3.md,2544,018545a1d38e3c2b5f405e4d817aeaab1ca2cbc96fbd92a73de55d2337d6853a,KEEP_PENDING_AUTHORITY_CURRENTITY_AUDIT,true,authority/reference family; never delete by age
authority/sources/control/99_ARCHIVE_SUPERSEDED/CEP_EXECUTION_CONTROL_CENTER_CURRENT_MANIFEST_v1.4.md,2339,696257b5ab34d37f7421c81cb7b1b65a40b9d728f8b6a3d1d3af04a9919fd1ae,KEEP_PENDING_AUTHORITY_CURRENTITY_AUDIT,true,authority/reference family; never delete by age
authority/sources/control/99_ARCHIVE_SUPERSEDED/CEP_EXECUTION_CONTROL_CENTER_CURRENT_MANIFEST_v1.5.md,2831,c875a022702e74cc994a97c217737c07f369e7a193e74e3257492b9a011f3a47,KEEP_PENDING_AUTHORITY_CURRENTITY_AUDIT,true,authority/reference family; never delete by age
authority/sources/control/99_ARCHIVE_SUPERSEDED/CEP_EXECUTION_CONTROL_CENTER_CURRENT_MANIFEST_v1.6.md,1598,2bc15a21f6162ed991117269685506fd97fb244fd0c34e17c235402aa20c12b7,KEEP_PENDING_AUTHORITY_CURRENTITY_AUDIT,true,authority/reference family; never delete by age
authority/sources/control/99_ARCHIVE_SUPERSEDED/CEP_EXECUTION_CONTROL_CENTER_CURRENT_MANIFEST_v1.7.md,1299,857ad598271db581980019e8eb1dff449969fa2944e3feb381a49d70b553c0e9,KEEP_PENDING_AUTHORITY_CURRENTITY_AUDIT,true,authority/reference family; never delete by age
authority/sources/control/99_ARCHIVE_SUPERSEDED/CEP_EXECUTION_CONTROL_CENTER_CURRENT_MANIFEST_v1.8.md,1208,e07f65b42e2271eb32703531ed0f1bd66431d3774063bcfd6c4bad200606413a,KEEP_PENDING_AUTHORITY_CURRENTITY_AUDIT,true,authority/reference family; never delete by age
authority/sources/control/99_ARCHIVE_SUPERSEDED/CEP_EXECUTION_CONTROL_CENTER_README_v1.0.md,2743,e4df665354637f6edfd7667073e1f5e41d3d7aa635a7b51e74af754b7bc6a9dc,KEEP_PENDING_AUTHORITY_CURRENTITY_AUDIT,true,authority/reference family; never delete by age
authority/sources/control/99_ARCHIVE_SUPERSEDED/CEP_NEXT_PARALLEL_WAVE_LIBRARY_LAUNCH_MANIFEST_v1.0.md,4711,36f9070e1b54ada52d43333fbb8d1f693dc639fa3444cdf5ac78c509691abc40,KEEP_PENDING_AUTHORITY_CURRENTITY_AUDIT,true,authority/reference family; never delete by age
authority/sources/control/99_ARCHIVE_SUPERSEDED/CEP_NEXT_PARALLEL_WAVE_LIBRARY_LAUNCH_MANIFEST_v1.1.md,4101,55a9acc2e3e615d788f3818b07e6ff2a63c5c8e98262416b4c065071614914c7,KEEP_PENDING_AUTHORITY_CURRENTITY_AUDIT,true,authority/reference family; never delete by age
authority/sources/control/99_ARCHIVE_SUPERSEDED/CEP_NEXT_PARALLEL_WAVE_LIBRARY_LAUNCH_MANIFEST_v1.2.md,3360,12f8793c7a46028c6c98295d548eea36c1b858af80779988cb4e7939a6719f93,KEEP_PENDING_AUTHORITY_CURRENTITY_AUDIT,true,authority/reference family; never delete by age
authority/sources/control/99_ARCHIVE_SUPERSEDED/CEP_WRITER_A_W03_CUMULATIVE_COMPLETION_LAUNCH_PROMPT_v1.0.md,11459,252f172ea309a488eca7b02eafb1f78238955edfcd0c709f0cadbd60502c221a,KEEP_PENDING_AUTHORITY_CURRENTITY_AUDIT,true,authority/reference family; never delete by age
authority/sources/control/99_ARCHIVE_SUPERSEDED/CEP_WRITER_A_W03_CUMULATIVE_COMPLETION_LAUNCH_PROMPT_v1.1_TRACEABILITY_GATED.md,5110,687262d103c0682784daff2ddce3a168e3cf4a952aee2313b30ff3c516e41b1d,KEEP_PENDING_AUTHORITY_CURRENTITY_AUDIT,true,authority/reference family; never delete by age
authority/sources/control/99_ARCHIVE_SUPERSEDED/CEP_WRITER_A_W03_v3.3.1_OWNER_DIRECT_REVIEW_CORRECTION_PACKET_v1.0.md,5997,8bb549cbf10612451b4d46f5ea5493a76c51fb12f65db6e1a6d5e44f282dbdf1,KEEP_PENDING_AUTHORITY_CURRENTITY_AUDIT,true,authority/reference family; never delete by age
authority/sources/control/99_ARCHIVE_SUPERSEDED/CEP_WRITER_A_W03_v3.3_CONTROLLER_BOUNDED_CORRECTION_PACKET_v1.0.md,3694,1a3e7d191c4a82eb275d0acae5633c145e9fa4ac4b31db31453d0b5dce118af9,KEEP_PENDING_AUTHORITY_CURRENTITY_AUDIT,true,authority/reference family; never delete by age
authority/sources/control/99_ARCHIVE_SUPERSEDED/CEP_WRITER_B_W01_W02_POST_ZERO_ORPHAN_BOUNDED_PRODUCTION_PARITY_PACKET_v1.0.md,4319,32c6740655d11b385a421768d5c7fa8a5d94c64a7a99e82ebe7508ff57720a30,KEEP_PENDING_AUTHORITY_CURRENTITY_AUDIT,true,authority/reference family; never delete by age
authority/sources/control/99_ARCHIVE_SUPERSEDED/CEP_WRITER_B_W01_W02_PRE_COLAB_FINAL_SOURCE_COMPLETION_PACKET_v1.0.md,6033,4faf5b1a289264c0c0366a43c3104f3c344694edebf072f4e01cc281287f7580,KEEP_PENDING_AUTHORITY_CURRENTITY_AUDIT,true,authority/reference family; never delete by age
authority/sources/control/99_ARCHIVE_SUPERSEDED/CEP_WRITER_B_W01_W02_PRODUCTION_CORRECTION_LAUNCH_PROMPT_v1.0.md,13525,9bab7f71563c151646d669afabe907fa6159d6cb85d90ddf3feef7b4894d3192,KEEP_PENDING_AUTHORITY_CURRENTITY_AUDIT,true,authority/reference family; never delete by age
authority/sources/control/99_ARCHIVE_SUPERSEDED/CEP_WRITER_B_W01_W02_PRODUCTION_CORRECTION_LAUNCH_PROMPT_v1.1_TRACEABILITY_GATED.md,5742,91489220481bda850c1fab37afcae2171ea63ab11709ff7d92b4fa445b3fabb4,KEEP_PENDING_AUTHORITY_CURRENTITY_AUDIT,true,authority/reference family; never delete by age
authority/sources/control/99_ARCHIVE_SUPERSEDED/CEP_WRITER_B_W01_W02_v1.1.5_PRE_COLAB_CONTROLLER_MICRO_CORRECTION_PACKET_v1.0.md,3097,cff183ebe87695c0a98ad592f3d46ebd190b5df80450353b9af9ea25a8046927,KEEP_PENDING_AUTHORITY_CURRENTITY_AUDIT,true,authority/reference family; never delete by age
authority/sources/control/CEP_NEXT_PARALLEL_WAVE_CURRENT_CONTROL.txt,2621,d7b757883d965af12465d0081a123d94851121505e540b2e75474227305e0d89,KEEP_PENDING_AUTHORITY_CURRENTITY_AUDIT,true,authority/reference family; never delete by age
authority/sources/mission/00_START_HERE/COPY_PASTE_WORK_BOOTSTRAP_PROMPT.txt,3332,d3f9fbe8f0a1ff673341169ab0ed7f54551f4a0a3eae43adcdabc3ecbfb5e6f8,KEEP_PENDING_AUTHORITY_CURRENTITY_AUDIT,true,authority/reference family; never delete by age
authority/sources/mission/00_START_HERE/MASTER_WORK_MISSION_v1.0.md,8746,c7ae915085d4f5fb2feda33ccacf15b49660f02fb5f1f317fe9f0042023756c8,KEEP_PENDING_AUTHORITY_CURRENTITY_AUDIT,true,authority/reference family; never delete by age
authority/sources/mission/00_START_HERE/MISSION_MANIFEST_v1.0.json,10850,1496d7aeb6dc4a07f6c7d5888c7b9b5f0c3a207e2d7cf3ea421fd070ad8bd15a,KEEP_PENDING_AUTHORITY_CURRENTITY_AUDIT,true,authority/reference family; never delete by age
authority/sources/mission/00_START_HERE/README_START_WORK_HERE.md,2056,2131f873518e40836a061dc7be9e0ec517ebad71beb3e51b0fe3feaef2f7b558,KEEP_PENDING_AUTHORITY_CURRENTITY_AUDIT,true,authority/reference family; never delete by age
authority/sources/mission/01_AUTHORITY/AUTHORITY_CONFLICT_RESOLUTION_PROTOCOL_v1.0.md,1001,d67f516dcf0c3780d7375096e8751d623c2dea220b9e9fb8d67ed3e22172ec85,KEEP_PENDING_AUTHORITY_CURRENTITY_AUDIT,true,authority/reference family; never delete by age
authority/sources/mission/01_AUTHORITY/CEP_ACCEPTED_LIBRARY_DONOR_TO_FOUNDATION_EXTRACTION_MAP_v1.0.csv,10530,a40e26e17e997c5026f37c69517efef19afcf514119ae03836df1eb8d3b8abbc,KEEP_PENDING_AUTHORITY_CURRENTITY_AUDIT,true,authority/reference family; never delete by age
authority/sources/mission/01_AUTHORITY/CEP_CANONICAL_AUTHORITY_AND_FOUNDATION_PREP_PACK_v1.0.json,39880,c75d48eebad742a3972ad477cf3e1f23140e19291874aa1d4d5ce08c21a44b84,KEEP_PENDING_AUTHORITY_CURRENTITY_AUDIT,true,authority/reference family; never delete by age
authority/sources/mission/01_AUTHORITY/CEP_CANONICAL_AUTHORITY_AND_FOUNDATION_PREP_REPORT_v1.0.md,7402,931ded2207ed41f3786c6c4db8685ae7dd89e4a75a32333fd424fb5a41509464,KEEP_PENDING_AUTHORITY_CURRENTITY_AUDIT,true,authority/reference family; never delete by age
authority/sources/mission/01_AUTHORITY/CEP_CANONICAL_DECISION_SUPERSESSION_REGISTRY_v1.0.csv,59901,ced1495af8fab92f2e4be01e3bb265c8e78b7bcf240781adf3d59f7e62001f3b,KEEP_PENDING_AUTHORITY_CURRENTITY_AUDIT,true,authority/reference family; never delete by age
authority/sources/mission/01_AUTHORITY/CEP_CANONICAL_SOURCE_AUTHORITY_REGISTRY_v1.0.csv,95705,cc6f510047498b133c2672bf01118553216d27cb09739451cb36454e349aa644,KEEP_PENDING_AUTHORITY_CURRENTITY_AUDIT,true,authority/reference family; never delete by age
authority/sources/mission/01_AUTHORITY/CEP_FOUNDATION_EXECUTABLE_STRUCTURE_CONTRACT_v1.0.md,5202,55df8863815fac7b14ff55f4269c34f9e717a4c53920e569ac27577ac1eda9ef,KEEP_PENDING_AUTHORITY_CURRENTITY_AUDIT,true,authority/reference family; never delete by age
authority/sources/mission/01_AUTHORITY/CEP_FOUNDATION_PREBUILD_GATES_v1.0.csv,1988,6884c7638de3a698c695d5b4661741269e1a0b02d07d9a4476b0310c1d0db5b9,KEEP_PENDING_AUTHORITY_CURRENTITY_AUDIT,true,authority/reference family; never delete by age
authority/sources/mission/01_AUTHORITY/CEP_FUTURE_WORK_READ_FIRST_AUTHORITY_CONTRACT_v1.0.md,2781,f8ce77d8003e30f94a79d11cf5ff87e77a0e12043be701cb66ee8844eccc6001,KEEP_PENDING_AUTHORITY_CURRENTITY_AUDIT,true,authority/reference family; never delete by age
authority/sources/mission/01_AUTHORITY/CEP_REUSABLE_FOUNDATION_CAPABILITY_MATRIX_v1.0.csv,61621,35abf3885ea4d73f2240b89646e4fe72314fb46b82d01ea939359415ef66cd22,KEEP_PENDING_AUTHORITY_CURRENTITY_AUDIT,true,authority/reference family; never delete by age
authority/sources/mission/01_AUTHORITY/DEPRECATED_OR_NON_AUTHORITATIVE_ASSUMPTIONS_v1.0.md,885,76913dee97d3c1d4f628f3f61d7e403c121e65c1a6fdbbda8754a44162ccf65e,KEEP_PENDING_AUTHORITY_CURRENTITY_AUDIT,true,authority/reference family; never delete by age
authority/sources/mission/01_AUTHORITY/OWNER_CURRENT_SUPERSESSION_ADDENDUM_v1.0.csv,6352,03b75687c0e3b42399cc575365ab8989a647d61e4558732f4bb8407e735d8c31,KEEP_PENDING_AUTHORITY_CURRENTITY_AUDIT,true,authority/reference family; never delete by age
authority/sources/mission/01_AUTHORITY/OWNER_CURRENT_SUPERSESSION_ADDENDUM_v1.0.md,6327,647e8ccad1269ed55b809d57337a0c723177729304b0fdd00b0b129f76fce99a,KEEP_PENDING_AUTHORITY_CURRENTITY_AUDIT,true,authority/reference family; never delete by age
authority/sources/mission/01_AUTHORITY/SOURCE_READ_ORDER_AND_PATHS_v1.0.csv,2877,724d8b5725f609bc006d4d74786b116126bd4ac3e1fa572dbeb6b8df554ca176,KEEP_PENDING_AUTHORITY_CURRENTITY_AUDIT,true,authority/reference family; never delete by age
authority/sources/mission/02_ACCEPTED_DONOR/CEP_ACCEPTED_LIBRARY_DONOR_CODE_CENSUS_v1.0.json,70712,d4275adbd0fdc6826e5373fc789aeae3ef012f4635a3c2bcfa1e2ecd05422311,KEEP_PENDING_AUTHORITY_CURRENTITY_AUDIT,true,authority/reference family; never delete by age
authority/sources/mission/02_ACCEPTED_DONOR/CEP_ACCEPTED_LIBRARY_DONOR_TO_FOUNDATION_EXTRACTION_MAP_v1.0.csv,10530,a40e26e17e997c5026f37c69517efef19afcf514119ae03836df1eb8d3b8abbc,KEEP_PENDING_AUTHORITY_CURRENTITY_AUDIT,true,authority/reference family; never delete by age
authority/sources/mission/02_ACCEPTED_DONOR/DONOR_ARCHAEOLOGY_PROTOCOL_v1.0.md,1851,6c4286d1c51a346d5c3b028e7a7d5c95dddbbe333c045fefd37eb774b2ffbb6f,KEEP_PENDING_AUTHORITY_CURRENTITY_AUDIT,true,authority/reference family; never delete by age
authority/sources/mission/02_ACCEPTED_DONOR/DONOR_COVERAGE_LEDGER_TEMPLATE_v1.0.csv,291,7f1fb9ed91c663f30e82fff92e281594e24f83677231f76ce56e2fb4ed379b52,KEEP_PENDING_AUTHORITY_CURRENTITY_AUDIT,true,authority/reference family; never delete by age
authority/sources/mission/03_FOUNDATION_CONTRACTS/FOUNDATION_INHERITANCE_AND_DEVIATION_RULES_v1.0.md,671,0e7fa0a9de85937d9ac39e88c359624d870690ccee6718cac596ed902abdade9,KEEP_PENDING_AUTHORITY_CURRENTITY_AUDIT,true,authority/reference family; never delete by age
authority/sources/mission/03_FOUNDATION_CONTRACTS/REUSABLE_COMPONENT_FAMILIES_v1.0.md,1781,04bdafaa222ef93fff0c160d10239aca2d6432cb085e3582a1140778e5ff052d,KEEP_PENDING_AUTHORITY_CURRENTITY_AUDIT,true,authority/reference family; never delete by age
authority/sources/mission/03_FOUNDATION_CONTRACTS/SURFACE_23_PROFILE_SEED_v1.0.csv,3025,483b6c9da7e07725d84724ecf928c3b6f48c705b36f866c8a53e8649574438b2,KEEP_PENDING_AUTHORITY_CURRENTITY_AUDIT,true,authority/reference family; never delete by age
authority/sources/mission/03_FOUNDATION_CONTRACTS/UNIVERSAL_LAYOUT_SLOT_CONSTITUTION_v1.0.md,3390,fbd0b244879a0b78faff86dcd330145ccb96eb636c31d52b9da8d980ff7fe75c,KEEP_PENDING_AUTHORITY_CURRENTITY_AUDIT,true,authority/reference family; never delete by age
authority/sources/mission/04_EXECUTION_PLAN/ACCEPTANCE_MATRIX_v1.0.csv,1233,c63dd08d700454c347d06e8bed7ac32d713ae64220cd2f1d2691a7b05a2cd4fd,KEEP_PENDING_AUTHORITY_CURRENTITY_AUDIT,true,authority/reference family; never delete by age
authority/sources/mission/04_EXECUTION_PLAN/DELIVERABLE_CONTRACT_v1.0.md,1933,a58e90a7f2b41629fbcfee3168bd3a28b350ad4c05c2a73fe9d460d4b168a90b,KEEP_PENDING_AUTHORITY_CURRENTITY_AUDIT,true,authority/reference family; never delete by age
authority/sources/mission/04_EXECUTION_PLAN/MISSION_PHASES_AND_GATES_v1.0.md,1986,9b28386a10f87ade75804befd5f266e565f88936338f2367c68f84164f0a7a63,KEEP_PENDING_AUTHORITY_CURRENTITY_AUDIT,true,authority/reference family; never delete by age
authority/sources/mission/04_EXECUTION_PLAN/STACK_PROOF_PROTOCOL_v1.0.md,952,0ac760e80ade68e5e82a75b0107af4e40c858d3b9bd40b5098c5a6537577278b,KEEP_PENDING_AUTHORITY_CURRENTITY_AUDIT,true,authority/reference family; never delete by age
authority/sources/mission/04_EXECUTION_PLAN/STOP_AND_ESCALATION_RULES_v1.0.md,704,e4a7e7fe3f60fa043494288070ba3e9a1e002c5dc535909aceff66761bcc4b63,KEEP_PENDING_AUTHORITY_CURRENTITY_AUDIT,true,authority/reference family; never delete by age
authority/sources/mission/04_EXECUTION_PLAN/THREE_PLUS_ONE_REUSE_PROOF_CONTRACT_v1.0.md,1365,aad4cf4b60334dbbd0eef4e61d25858037722881e9cf50933dd2df71388e487c,KEEP_PENDING_AUTHORITY_CURRENTITY_AUDIT,true,authority/reference family; never delete by age
authority/sources/mission/04_EXECUTION_PLAN/WORK_CHECKPOINT_PROTOCOL_v1.0.md,392,fdd12d7f4f04f56834abd7e0fcea9c9b00737451a106f49186848ce54a481e6c,KEEP_PENDING_AUTHORITY_CURRENTITY_AUDIT,true,authority/reference family; never delete by age
authority/sources/mission/05_SCHEMAS/checkpoint.schema.json,1050,afde912d49dda4499d2564d936c0db3914f9e3d3ab7fa5bfeefb8fdec8c10c06,KEEP_PENDING_AUTHORITY_CURRENTITY_AUDIT,true,authority/reference family; never delete by age
authority/sources/mission/05_SCHEMAS/command_contract.schema.json,1012,c6f91c1a2159d84cab0b2e6a418f668fd9b8d63fa136d963dcabe7620e5c9a70,KEEP_PENDING_AUTHORITY_CURRENTITY_AUDIT,true,authority/reference family; never delete by age
authority/sources/mission/05_SCHEMAS/component_contract.schema.json,1178,a824e89e761d72fd0524d6ac76ac5ff8e0f7f767030edef4491acac0124b69e1,KEEP_PENDING_AUTHORITY_CURRENTITY_AUDIT,true,authority/reference family; never delete by age
authority/sources/mission/05_SCHEMAS/deviation_record.schema.json,777,b1c0a266427e581f9a3563bb5e9a65dccd8e40de136e7904a39fd6b6f0e6e488,KEEP_PENDING_AUTHORITY_CURRENTITY_AUDIT,true,authority/reference family; never delete by age
authority/sources/mission/05_SCHEMAS/mechanic_record.schema.json,1928,08ad6996e3f10ff258225257491524897dd652331b13fb2e1a020c2111e7f66f,KEEP_PENDING_AUTHORITY_CURRENTITY_AUDIT,true,authority/reference family; never delete by age
authority/sources/mission/05_SCHEMAS/preference_contract.schema.json,789,92ccfbe5ad83d56f71399330cf772e63a48c6de6a10b6e18de3f9844d6ffbbca,KEEP_PENDING_AUTHORITY_CURRENTITY_AUDIT,true,authority/reference family; never delete by age
authority/sources/mission/05_SCHEMAS/surface_profile.schema.json,1218,d80f8a5b3a91752a583f85cf1ec6e8f8480dd089e6072f76da22884944c96c3a,KEEP_PENDING_AUTHORITY_CURRENTITY_AUDIT,true,authority/reference family; never delete by age
authority/sources/mission/05_SCHEMAS/test_case.schema.json,1084,3283bc67147579a4b74052f14b747400284962b8a5ff41e6cc50d18969e34c9c,KEEP_PENDING_AUTHORITY_CURRENTITY_AUDIT,true,authority/reference family; never delete by age
authority/sources/mission/06_TEMPLATES/CHECKPOINT_TEMPLATE.md,217,3039a04a25fa1f9c6e6d2da85e07283a1a3f4dacb35c98b7528a0aa71292030a,KEEP_PENDING_AUTHORITY_CURRENTITY_AUDIT,true,authority/reference family; never delete by age
authority/sources/mission/06_TEMPLATES/COMMAND_BINDING_TEMPLATE.json,215,fdc342c2a29c7b3d4796889b7d5771d1d5a759b8a4d7a94bb61e5e7122864d70,KEEP_PENDING_AUTHORITY_CURRENTITY_AUDIT,true,authority/reference family; never delete by age
authority/sources/mission/06_TEMPLATES/FINAL_HANDOFF_TEMPLATE.md,446,9ce0f7fbff0ea9a276d6fa24a5f56e3591a4b32d1bb8eb115f75e1af186d4631,KEEP_PENDING_AUTHORITY_CURRENTITY_AUDIT,true,authority/reference family; never delete by age
authority/sources/mission/06_TEMPLATES/FOUNDATION_DIRECTORY_SEED.txt,374,32d519a4d7e3389bf6d6938827174d6a43183dc7e74df173eb8adbdbe76bf74f,KEEP_PENDING_AUTHORITY_CURRENTITY_AUDIT,true,authority/reference family; never delete by age
authority/sources/mission/06_TEMPLATES/GOLDEN_HARNESS_REQUIREMENTS_v1.0.md,1015,b02972b1fded3dbf6cd88db5681b1b9fe7690445a1f26f5bf78d2697d03fd76e,KEEP_PENDING_AUTHORITY_CURRENTITY_AUDIT,true,authority/reference family; never delete by age
authority/sources/mission/06_TEMPLATES/MECHANIC_RECORD_TEMPLATE.json,399,57854480b36ccd6ed87f54dae4272e2b9f70a3d223df89527ee66ddc2a5464b6,KEEP_PENDING_AUTHORITY_CURRENTITY_AUDIT,true,authority/reference family; never delete by age
authority/sources/mission/06_TEMPLATES/SURFACE_PROFILE_TEMPLATE.json,383,81315f2b808e94dcaa732f09682947157b857b2093550378b5b8bd64a5b7ef2e,KEEP_PENDING_AUTHORITY_CURRENTITY_AUDIT,true,authority/reference family; never delete by age
authority/sources/mission/07_REFERENCE_INVENTORY/CEP_CONTROL_CENTER_CONFLICT_DUPLICATION_REGISTER_v1.0.csv,4836,0cd7ffed903e5e0fd8b92d65a894c2dafffe623ae495e5b64f0112691cc18aa2,KEEP_PENDING_AUTHORITY_CURRENTITY_AUDIT,true,authority/reference family; never delete by age
authority/sources/mission/07_REFERENCE_INVENTORY/CEP_CONTROL_CENTER_DEEP_CONTENT_INVENTORY_v1.0.md,73683,d02044d0fc5ddfd6546336b6a55a6472a1efb5958fc7f0817b743a637a035215,KEEP_PENDING_AUTHORITY_CURRENTITY_AUDIT,true,authority/reference family; never delete by age
authority/sources/mission/07_REFERENCE_INVENTORY/CEP_CONTROL_CENTER_DEEP_FILE_CATALOG_v1.0.csv,55890,0aa30f276fed4527ca6bc845a014cbcba433d524e6fbb1beb8b5c72b33ce3d3d,KEEP_PENDING_AUTHORITY_CURRENTITY_AUDIT,true,authority/reference family; never delete by age
authority/sources/mission/07_REFERENCE_INVENTORY/CEP_CONTROL_CENTER_RECURSIVE_CONTENT_INDEX_v1.0.csv,1665249,b4e981d53e226d0701eee0906e7d83d4b35d1bbc4e6c63682713be72aff2e387,KEEP_PENDING_AUTHORITY_CURRENTITY_AUDIT,true,authority/reference family; never delete by age
authority/sources/mission/07_REFERENCE_INVENTORY/CEP_CONTROL_CENTER_SECTION_INDEX_v1.0.csv,1090607,34940cbd61cc893dcfe92489821923b55f91c1228bfbf3c264ad61a41b58805f,KEEP_PENDING_AUTHORITY_CURRENTITY_AUDIT,true,authority/reference family; never delete by age
authority/sources/mission/README.md,254,76db6cfe10a26f5ed364761351d701b5b90ad1b74f97fd0d1d7c1139593a7b41,KEEP_PENDING_AUTHORITY_CURRENTITY_AUDIT,true,authority/reference family; never delete by age
cep-writer/ACCEPTANCE_GATES.md,1007,3763e9ce0de11f54fc39b5efb2fc1e4f28e297f1f0c0e666a0d587725ac3fe41,KEEP_OR_REVIEW_WRITER_PACKET,true,Writer packet; inspect mission applicability
cep-writer/B3R_CORRECTION02_MISSION.md,6604,c8931f55ed345771970fb159f3759d6d99f2f97857db738d141773cc47f4bb46,REPLACE_STALE_WRITER_PACKET__NO_DELETE_YET,true,mission packet points to older CORR02 parent/mission
cep-writer/B3R_MISSION.md,6604,c8931f55ed345771970fb159f3759d6d99f2f97857db738d141773cc47f4bb46,REPLACE_STALE_WRITER_PACKET__NO_DELETE_YET,true,mission packet points to older CORR02 parent/mission
cep-writer/BASELINE_IDENTITY.json,732,651e1f714bd0e79a5759e4328c6efd24ec4fb545419ef7f4b438dbb4603745f0,KEEP_OR_REVIEW_WRITER_PACKET,false,Writer packet; inspect mission applicability
cep-writer/C2_MISSION.md,5815,e3fa42d60ef944095b176f6b802f5a12dac27d3176976ebf3431f67dd9daba7f,REPLACE_STALE_WRITER_PACKET__NO_DELETE_YET,false,mission packet points to older CORR02 parent/mission
cep-writer/C3_MISSION.md,6288,15fb9a3aa60d85d7954978dc45fd37514d45e85ffda40ed8dd8f2b65814b96ac,REPLACE_STALE_WRITER_PACKET__NO_DELETE_YET,false,mission packet points to older CORR02 parent/mission
cep-writer/CANONICAL_MISSION_SOURCE.md,70628,b5f845d5cc4e2d08ed490f5237aca9c5f81d04cdccdf43ad9d9a26c1c40ded41,REPLACE_STALE_WRITER_PACKET__NO_DELETE_YET,true,mission packet points to older CORR02 parent/mission
cep-writer/CAPSULE_BINDING.json,2637,db6ec7b0c7dc2aa77211d34fd59e3778c51514b9dfb88094beda5459f2a0b4ba,REPLACE_STALE_WRITER_PACKET__NO_DELETE_YET,true,mission packet points to older CORR02 parent/mission
cep-writer/CAPSULE_BINDING.template.json,1145,93d89ed166eea5bccd2dcc1aa3bedae6a240d42963936b19ae68e1c487fd8110,KEEP_OR_REVIEW_WRITER_PACKET,true,Writer packet; inspect mission applicability
cep-writer/CAPSULE_READY.json,669,c6a9a0da43709c8513c54c90ef39d7be3986b829e18527a833720bce62a683bc,REPLACE_STALE_WRITER_PACKET__NO_DELETE_YET,true,mission packet points to older CORR02 parent/mission
cep-writer/CAPSULE_VISUAL_BOOTSTRAP.json,3659,289265dfd0f443fca4301028fbe0df41aea8200c44687db654816cd096ecca03,REPLACE_STALE_WRITER_PACKET__NO_DELETE_YET,true,mission packet points to older CORR02 parent/mission
cep-writer/CAPSULE_VISUAL_BOOTSTRAP.template.json,872,95418dabfae64dbeca937e52f7b29d97ad5c607fad9a84faa0db18683b0b4272,KEEP_OR_REVIEW_WRITER_PACKET,false,Writer packet; inspect mission applicability
cep-writer/CURRENT_MISSION.md,70628,b5f845d5cc4e2d08ed490f5237aca9c5f81d04cdccdf43ad9d9a26c1c40ded41,REPLACE_STALE_WRITER_PACKET__NO_DELETE_YET,true,mission packet points to older CORR02 parent/mission
cep-writer/EXTERNAL_OUTPUT_CUSTODY.json,976,7fdbed316cf4e5909ea838f979c4200acccc198a8851c0c70d055e0d8a1a345a,REPLACE_STALE_WRITER_PACKET__NO_DELETE_YET,false,mission packet points to older CORR02 parent/mission
cep-writer/GIT_WORKFLOW.md,819,f217b6c3524ac3f72c804568a6fb2e3072d567c4eae50164956172832cc72875,REPLACE_STALE_WRITER_PACKET__NO_DELETE_YET,true,mission packet points to older CORR02 parent/mission
cep-writer/GOOGLE_AI_STUDIO_ENTRY_PROMPT.md,546,687f6f781512c061f1761f63922f65c8549eaea6f525b194365f4ccd3522e696,REPLACE_STALE_WRITER_PACKET__NO_DELETE_YET,true,mission packet points to older CORR02 parent/mission
cep-writer/KNOWN_OPEN_GATES.md,724,6abcbdc25c2676c321317c0a85f6ab79f51f3fae743db686ece31777f384014b,REPLACE_STALE_WRITER_PACKET__NO_DELETE_YET,true,mission packet points to older CORR02 parent/mission
cep-writer/NORMALIZATION_MANIFEST.json,189086,5ce46146d33c2f1ee78fdc0a13f8951b16698297d332ab6aff1064bd23bfdf09,KEEP_OR_REVIEW_WRITER_PACKET,false,Writer packet; inspect mission applicability
cep-writer/PARENT_IDENTITY.json,796,ef100a2b3b74b05bc918c61ff2c3ce1a6dde7f712b63f41bba46a7fdc6764bfb,REPLACE_STALE_WRITER_PACKET__NO_DELETE_YET,true,mission packet points to older CORR02 parent/mission
cep-writer/PROTECTED_TRUTHS.md,424,fbe4133dba34215124393fd644e0f29b5be909e32371fa77870c05f76bdd9055,REPLACE_STALE_WRITER_PACKET__NO_DELETE_YET,false,mission packet points to older CORR02 parent/mission
cep-writer/REFERENCE_MANIFEST.json,13181,db91cb4d8415e7e3d935113f68601f910191225336a56d9c723a47a4d9194ea3,KEEP_OR_REVIEW_WRITER_PACKET,true,Writer packet; inspect mission applicability
cep-writer/REPOSITORY_BOUNDARY.md,561,5da5ef77fbb8bed7da4f657ca730afabf138fe1285188d1763620f637a1fb8a9,KEEP_OR_REVIEW_WRITER_PACKET,true,Writer packet; inspect mission applicability
cep-writer/REPOSITORY_MANIFEST.json,499,fd9cdf1b3fb1b66ab473d680273f7ff06d5b759add6e2ebebd05456be3818430,REPLACE_STALE_WRITER_PACKET__NO_DELETE_YET,true,mission packet points to older CORR02 parent/mission
cep-writer/START_HERE.md,1009,39cf41c2d7d0789484a926e99734da4af4020367123236ea4920f84632099a4d,REPLACE_STALE_WRITER_PACKET__NO_DELETE_YET,true,mission packet points to older CORR02 parent/mission
cep-writer/TASK_BINDING.json,1194,be2dfdcc379b96633c03a6ff61c095e9a94f46aca026e1d80e315086916aa3e1,REPLACE_STALE_WRITER_PACKET__NO_DELETE_YET,true,mission packet points to older CORR02 parent/mission
cep-writer/TASK_PACKET_OVERLAY.md,795,edbf67e625e136a609e4051b8d78b9aab7890f1698e57f92f7a0223710a762a8,REPLACE_STALE_WRITER_PACKET__NO_DELETE_YET,true,mission packet points to older CORR02 parent/mission
cep-writer/WRITER_AUTHORITY_BASELINE.md,994,3691fe3a8cc5aadc29580749851a1ccaa5e8344058f607d5e68a1c63447fd954,REPLACE_STALE_WRITER_PACKET__NO_DELETE_YET,true,mission packet points to older CORR02 parent/mission
cep-writer/WRITER_INPUT_MANIFEST.json,21479,88a8fec5c45f0507878353919126ba2cf9b74fc89e6fe05185a444df952cadf4,REPLACE_STALE_WRITER_PACKET__NO_DELETE_YET,true,mission packet points to older CORR02 parent/mission
cep-writer/authority/APPLICABLE_OWNER_DECISIONS.csv,55320,044a36ae2ba1331cbf78a033d0bdd554e448cb1d0c743a24aeaa9433970e179a,KEEP_PENDING_AUTHORITY_REFRESH,true,Writer-relevant authority snapshot; refresh currentity before pruning
cep-writer/authority/AUTHORITY_PACKET.json,1330,19e5980bf57865e1307d21b2cbd6322113da255ec43cf483eecf3c3a887c787d,KEEP_PENDING_AUTHORITY_REFRESH,true,Writer-relevant authority snapshot; refresh currentity before pruning
cep-writer/authority/AUTHORITY_PACKET.md,584,8cd6e350f169e4dc5ccfaa056e71be38b75e071e4d52f5274974bf302f33717e,KEEP_PENDING_AUTHORITY_REFRESH,true,Writer-relevant authority snapshot; refresh currentity before pruning
cep-writer/authority/OWNER_DECISION_SUMMARY.md,530,08703d9feaa3ff1be1f22b443ca87dfbefd08d270991a071c47c44afa36237d0,KEEP_PENDING_AUTHORITY_REFRESH,true,Writer-relevant authority snapshot; refresh currentity before pruning
cep-writer/authority/WRITER_OWNER_DECISIONS.csv,55320,044a36ae2ba1331cbf78a033d0bdd554e448cb1d0c743a24aeaa9433970e179a,KEEP_PENDING_AUTHORITY_REFRESH,true,Writer-relevant authority snapshot; refresh currentity before pruning
cep-writer/controller-input/B3R_CONTROLLER_CORR01_AND_CORRECTION02_BINDING.md,1098,0de30bc27cb8288325631105c5b34f942c107424f7ede5e747e32a74ae0c8628,REPLACE_STALE_WRITER_PACKET__NO_DELETE_YET,true,mission packet points to older CORR02 parent/mission
cep-writer/controller-input/C1_CONTROLLER_ACCEPTANCE.md,4709,c816ac5d3efd0ffe91360f54f12692a2d76777d82726dd9696cbd1e3973d4a2d,REPLACE_STALE_WRITER_PACKET__NO_DELETE_YET,true,mission packet points to older CORR02 parent/mission
cep-writer/controller-input/C2_CONTROLLER_ACCEPTANCE.md,4163,0c0734022deeb49f5c5c6210ca9f5a6cdf4271106e6149220cd47e66791ff496,REPLACE_STALE_WRITER_PACKET__NO_DELETE_YET,true,mission packet points to older CORR02 parent/mission
cep-writer/controller-input/C3_CONTROLLER_ACCEPTANCE.md,7445,a863f5975cc255f38843102b63f5e5df5552029af834d26cfb15717f350988ee,REPLACE_STALE_WRITER_PACKET__NO_DELETE_YET,true,mission packet points to older CORR02 parent/mission
cep-writer/controller-input/CONTROLLER_EVIDENCE_CHAIN_CORRECTION.json,1797,2e23887291aef50c962f2e41244752a6604117f09ac76fd39c9b05c423947f72,KEEP_OR_REVIEW_WRITER_PACKET,true,Writer packet; inspect mission applicability
cep-writer/controller-input/CORR02_PRE_WRITER_DEEP_DEFECT_AUDIT.md,48849,c4d7e6b78e7ef9b17e7b370c2464a3ce44042874238364ea433604141731cf20,REPLACE_STALE_WRITER_PACKET__NO_DELETE_YET,true,mission packet points to older CORR02 parent/mission
cep-writer/controller-input/FINAL_HANDOFF_CONTROLLER_CORR01.md,1604,a0beffbba60f4d9b69b889b37dad2609506fe68fecf69a2dd860030451b00c22,KEEP_OR_REVIEW_WRITER_PACKET,true,Writer packet; inspect mission applicability
cep-writer/controller-input/FINAL_VALIDATION_CONTROLLER_CORR01.json,4737,82f69bd9e019261ea11b0f050798d67ae9fb1f7bf230c0a642d2739a7cfb49cc,KEEP_OR_REVIEW_WRITER_PACKET,true,Writer packet; inspect mission applicability
cep-writer/controller-input/INDEPENDENT_AUDIT_FINDINGS_DISPOSITION.csv,1669,96284d6c8e3ee9ae01e9046eaaf800fcdfea5d63176d16769a4e8f03157e6ab3,KEEP_OR_REVIEW_WRITER_PACKET,true,Writer packet; inspect mission applicability
cep-writer/controller-input/PRESENTATION_REVIEW.json,18679,c6260b2231590da4fb42b701345ce4e693f36deee0980ae00ecad37967a41581,KEEP_OR_REVIEW_WRITER_PACKET,true,Writer packet; inspect mission applicability
cep-writer/controller-input/SCREENSHOT_MANIFEST.json,29779,238f417843bd4fe15c1a81bf71ad74a84d95ea296aa4394c452f2bc62ca44f3c,KEEP_OR_REVIEW_WRITER_PACKET,true,Writer packet; inspect mission applicability
cep-writer/controller-input/SECTION30_FINDINGS_DISPOSITION.csv,1803,03be26c44600eb0f4c0b220f4a5ae5c1b58a2e903b6246994a131951d21de599,KEEP_OR_REVIEW_WRITER_PACKET,true,Writer packet; inspect mission applicability
cep-writer/references/23_SURFACE_ZERO_LOSS_IDENTITY_REFERENCE_MATRIX.md,27528,28d558d8f116a2ef27ae1938fcffa1528f98fda9d4950935f4d3e7232830ae40,KEEP_WRITER_REFERENCE,true,Writer reusable/current reference
cep-writer/references/CEP_FINAL_VISUAL_INTERACTION_CONTRACT.md,22689,20bf151fba9d69255e54cd724d0efb5dc6e485b91aedf2795e1a6497cf40aa8d,KEEP_WRITER_REFERENCE,true,Writer reusable/current reference
cep-writer/references/FINAL_VISUAL_REFERENCE_REGISTER.md,9142,e51a0d8571476302d18bebd644b32cea78cba3dca891ea588f220b6082330efd,KEEP_WRITER_REFERENCE,true,Writer reusable/current reference
cep-writer/references/SELF_CONTAINED_WRITER_WORKSPACE_CAPSULE_METHOD.md,15706,1bae1721ce2b390aa7100a01c99ebc23176c461d6c083e7efe5dec8c9eae648b,KEEP_WRITER_REFERENCE,true,Writer reusable/current reference
cep-writer/references/WRITER_LOCAL_VISUAL_CAPTURE_AND_RENDERING_METHOD.md,13875,ed414fba1174712017a969a6e6f9143cba092fba5fa1b4b5264192193ea989c9,KEEP_WRITER_REFERENCE,true,Writer reusable/current reference
cep-writer/references/domain-oracles/04_D_VISUALIZE_CANVAS_REFERENCE_DELTA_ADDENDUM_v0.1.docx,14756,c0ad0015c3ef0770ea103b4cdbdf69cd9a17a4304c025a32b9ecc181ba6d9724,KEEP_WRITER_DOMAIN_PROFILE_REFERENCE,true,Writer oracle/profile input
cep-writer/references/domain-oracles/CEP_PRD_001_A03_PROGRESS_AND_EVIDENCE_OPERATING_MODEL_v1.0_APPROVED.md,58241,7c00642be3644a7d24c783c17a9b9fdeb8235caa043e10013b662a2e21b57caa,KEEP_WRITER_DOMAIN_PROFILE_REFERENCE,true,Writer oracle/profile input
cep-writer/references/domain-oracles/CEP_RESEARCH_QUALITY_EXECUTABLE_BLUEPRINT_WRITER_PACKET_v1.0_20260907.docx,16420,00152d5afa8604d97bddd8e048ae202cab117d032416b46c77f94bc50dd830c9,KEEP_WRITER_DOMAIN_PROFILE_REFERENCE,true,Writer oracle/profile input
cep-writer/references/domain-oracles/CEP_VISUALIZE_EXECUTABLE_BLUEPRINT_WRITER_PACKET_v1.0_20260907.docx,15358,5f49d30d388eaeac62ee144224929b5a0ddb01cf2284f03176405cd51721c462,KEEP_WRITER_DOMAIN_PROFILE_REFERENCE,true,Writer oracle/profile input
cep-writer/references/domain-oracles/CEP_W03_WORK_MASTER_PLAN_A-M_2026-08-31.md,63272,a03b3f02d8b49601b160956fa8b824ec1874c76072068df768857ea33f58d858,KEEP_WRITER_DOMAIN_PROFILE_REFERENCE,true,Writer oracle/profile input
cep-writer/references/domain-oracles/CEP_W05_WORK_MASTER_PLAN_A-M_2026-08-31.md,58524,9da792c279d2f326986780bf38706f51244753b59ed7f656b956311f08894c4f,KEEP_WRITER_DOMAIN_PROFILE_REFERENCE,true,Writer oracle/profile input
cep-writer/references/surface-profiles/audit.json,15037,2dd9b1a0c288a2ae89298e4746e2520e0102a8adcddbb228d972f5c8ecd0f1d8,KEEP_WRITER_DOMAIN_PROFILE_REFERENCE,true,Writer oracle/profile input
cep-writer/references/surface-profiles/backup.json,15430,5acdc3be037d1011a5fe773f6ed874979f973e650d95b669a32ef34aef416ff9,KEEP_WRITER_DOMAIN_PROFILE_REFERENCE,true,Writer oracle/profile input
cep-writer/references/surface-profiles/configuration.json,15373,bac00d463a9123e9e76e4cc65b1abab7d1d97ef44764e986b9fe56412134d9b9,KEEP_WRITER_DOMAIN_PROFILE_REFERENCE,true,Writer oracle/profile input
cep-writer/references/surface-profiles/enterprise.json,15348,3f669fb5f5e01b8dacbde15ee638d7c06c9937205d11e6510bb65928b772f265,KEEP_WRITER_DOMAIN_PROFILE_REFERENCE,true,Writer oracle/profile input
cep-writer/references/surface-profiles/evidence.json,15520,83fd326da0256c6ed811d9d2b24f3e0c880f872e601932b54461c58c00f34e8d,KEEP_WRITER_DOMAIN_PROFILE_REFERENCE,true,Writer oracle/profile input
cep-writer/references/surface-profiles/health.json,15014,76c36e6552af243de9d10ab7581f584a5c0431f1ebfd3c4d1f9d6a652baf8906,KEEP_WRITER_DOMAIN_PROFILE_REFERENCE,true,Writer oracle/profile input
cep-writer/references/surface-profiles/labs.json,15222,bcabde29a53dec035d42d1c19e0b14b0be40d9677e3d38b04f2e112a21a2227d,KEEP_WRITER_DOMAIN_PROFILE_REFERENCE,true,Writer oracle/profile input
cep-writer/references/surface-profiles/learn.json,15267,eb7a68fe92b50e5417e619e67a37c7fbbb9abfdfe47dd7587f0a435d6b909e77,KEEP_WRITER_DOMAIN_PROFILE_REFERENCE,true,Writer oracle/profile input
cep-writer/references/surface-profiles/library.json,15292,7cc7391effd80c646998008318b24f4c7c9d97234d7e9fb16e906dc718fe6e97,KEEP_WRITER_DOMAIN_PROFILE_REFERENCE,true,Writer oracle/profile input
cep-writer/references/surface-profiles/manual_ai.json,15104,5904dda04fd872c9548783fc330d66bd1891f6a20f32a5ca1390405f9edb230c,KEEP_WRITER_DOMAIN_PROFILE_REFERENCE,true,Writer oracle/profile input
cep-writer/references/surface-profiles/mastery.json,15347,f9fee1ef62af1a09f2cc4aa6d136e8a601c8af32c97a1a416fd17fed43a219d2,KEEP_WRITER_DOMAIN_PROFILE_REFERENCE,true,Writer oracle/profile input
cep-writer/references/surface-profiles/portfolio.json,15160,810c80d264e9504e6d19c0206f3e26236cee3034ff2fe9db26e6ca15c4be0178,KEEP_WRITER_DOMAIN_PROFILE_REFERENCE,true,Writer oracle/profile input
cep-writer/references/surface-profiles/processing.json,15320,92de5c6bcfcc0614aff29fcf302c1d5791f7a38fdd9731f80a9ca2d32c7bdb7e,KEEP_WRITER_DOMAIN_PROFILE_REFERENCE,true,Writer oracle/profile input
cep-writer/references/surface-profiles/releases.json,15214,12a53316bac01dde550b61cd5f91787227c765fccfa68db296f9e2878037d856,KEEP_WRITER_DOMAIN_PROFILE_REFERENCE,true,Writer oracle/profile input
cep-writer/references/surface-profiles/results.json,15545,8cf6d56a35a2e86b108199b6cb7e5735c4713eca04cf6451db4ddba2e8687dbc,KEEP_WRITER_DOMAIN_PROFILE_REFERENCE,true,Writer oracle/profile input
cep-writer/references/surface-profiles/reviews.json,15350,04bdc297a6ea9cfa16bc3c86ef8842f4e9a079168bb76f79f84831ce442e6a44,KEEP_WRITER_DOMAIN_PROFILE_REFERENCE,true,Writer oracle/profile input
cep-writer/references/surface-profiles/rq.json,15351,4f6f8cc7c5055473e9636748f263683889d61f599daeac2f20fc2eea11c9ae7f,KEEP_WRITER_DOMAIN_PROFILE_REFERENCE,true,Writer oracle/profile input
cep-writer/references/surface-profiles/runs.json,15715,ea0f833761d4e3fb0f0c0a6771c6f54b7a9398fae2ba59f7d54267dc21019a58,KEEP_WRITER_DOMAIN_PROFILE_REFERENCE,true,Writer oracle/profile input
cep-writer/references/surface-profiles/scenarios.json,15255,ad21a7cf6feaaece4d842a26ec0026bb3a15d3b54c0947f0efbf43bcaf3dc1de,KEEP_WRITER_DOMAIN_PROFILE_REFERENCE,true,Writer oracle/profile input
cep-writer/references/surface-profiles/shell.json,15066,e615da6b0ffb963dd3222e64f167a262e72e8a6d9b4065c235aedb87bfe3d1e1,KEEP_WRITER_DOMAIN_PROFILE_REFERENCE,true,Writer oracle/profile input
cep-writer/references/surface-profiles/today.json,15131,a9313a4c8d429ada7f76224df9192e3de750ac46f21be1da8034c96677bce47c,KEEP_WRITER_DOMAIN_PROFILE_REFERENCE,true,Writer oracle/profile input
cep-writer/references/surface-profiles/validation.json,14926,c74b6145940bece4fd8b6c33073039412e6c8ebb7d77003b997c4cd4bbbe1330,KEEP_WRITER_DOMAIN_PROFILE_REFERENCE,true,Writer oracle/profile input
cep-writer/references/surface-profiles/visualize.json,15415,18b47d9de8adc39fc9a3a10011e5b7570a835726b1618245990858b62cfeb915,KEEP_WRITER_DOMAIN_PROFILE_REFERENCE,true,Writer oracle/profile input
cep-writer/references/visual/00_TODAY/CEP_TODAY_MAIN_ORCHESTRATION_REFERENCE.png,1546442,3f75eac759efd920cfb2600766c7719d1754359326bc5a3df5508bee864dd617,KEEP_WRITER_VISUAL_REFERENCE,true,governed Writer visual input
cep-writer/references/visual/01_KNOWLEDGE_AND_LEARNING/01_LIBRARY/CEP_VIS_001_LIBRARY_FINAL_OWNER_CONFIRMED_REFERENCE.png,1571864,6976f17f84d8eae1d9bb0a98bcb07932f20aa8c6fa92793055a38bab15f4b1da,KEEP_WRITER_VISUAL_REFERENCE,true,governed Writer visual input
cep-writer/references/visual/01_KNOWLEDGE_AND_LEARNING/02_LEARN/CEP_VIS_001_LEARN_FINAL_OWNER_CONFIRMED_REFERENCE.png,1784520,5fa530e7c9506fd7d70339699c5f013908f77dd4df29007d1d021cf7d331d2b8,KEEP_WRITER_VISUAL_REFERENCE,true,governed Writer visual input
cep-writer/references/visual/01_KNOWLEDGE_AND_LEARNING/03_VISUALIZE/CEP_VIS_001_VISUALIZE_TREE_CORRECTED_REFERENCE_v2.png,1320160,c02a6a272f330c3cc169317bff616239e1b2ae08ba99e57ff91adffc07c6831f,KEEP_WRITER_VISUAL_REFERENCE,true,governed Writer visual input
cep-writer/references/visual/01_KNOWLEDGE_AND_LEARNING/04_RESEARCH_AND_QUALITY/image-gen-1(20260813-194728).png,1440822,312bf193216402f8c16fb8c2bca424fa453d961e31f818ac0183cdf8e7b380c8,KEEP_WRITER_VISUAL_REFERENCE,true,governed Writer visual input
cep-writer/references/visual/02_SIMULATION_AND_ENTERPRISE/01_ENTERPRISE_DIGITAL_TWIN/CEP_ENTERPRISE_DIGITAL_TWIN_REVISION_BASELINE_REFERENCE.png,1526734,54939bae7d1f323aa12205705d67c9fabed4870606722cf04dbf1f4e32a8a8fc,KEEP_WRITER_VISUAL_REFERENCE,true,governed Writer visual input
cep-writer/references/visual/02_SIMULATION_AND_ENTERPRISE/01_ENTERPRISE_DIGITAL_TWIN/Enterprise Cybersecurity Topology Dashboard.png,1458799,8b3b3e3b47693a54a8289d7d497bae5539e7d166c58e92b245936c919dc25c2e,KEEP_WRITER_VISUAL_REFERENCE,false,governed Writer visual input
cep-writer/references/visual/02_SIMULATION_AND_ENTERPRISE/02_SCENARIOS/Cybersecurity Scenario Timeline Dashboard(1).png,1372425,98a1c75226a20db052a930f33bc4ed36a2ce7e2a5eef2b246a34e391bafea48b,KEEP_WRITER_VISUAL_REFERENCE,false,governed Writer visual input
cep-writer/references/visual/02_SIMULATION_AND_ENTERPRISE/03_LABS/Cybersecurity Lab Task Graph Dashboard(2).png,1413290,09f9d53b8d845ad374d084b60a5ed51a736b72607cdaa8445d07d74483aab46b,KEEP_WRITER_VISUAL_REFERENCE,false,governed Writer visual input
cep-writer/references/visual/02_SIMULATION_AND_ENTERPRISE/04_RUNS_OPERATIONS/CEP_RUN_PREPARATION_PREFLIGHT_REFERENCE.png,1471400,91126b1efdfca2bbf9b1619dfabc60d83fe4efc5ba6336ba7a535d8dd06b291a,KEEP_WRITER_VISUAL_REFERENCE,true,governed Writer visual input
cep-writer/references/visual/02_SIMULATION_AND_ENTERPRISE/04_RUNS_OPERATIONS/image-gen-1(20260813-230627).png,1496925,e875f6c592ce84d6fbddcb01cf5afddead891246168fa6019f3434aeb4f337a3,KEEP_WRITER_VISUAL_REFERENCE,true,governed Writer visual input
cep-writer/references/visual/02_SIMULATION_AND_ENTERPRISE/05_RESULTS_REPLAY/CEP_RESULTS_AAR_SUPPORTING_MAJOR_STATE_REFERENCE.png,1669655,c9b57a30023f83303e779c5d822113d8b8b369f805b567c8b468d3f0d2f0e9d6,KEEP_WRITER_VISUAL_REFERENCE,true,governed Writer visual input
cep-writer/references/visual/02_SIMULATION_AND_ENTERPRISE/05_RESULTS_REPLAY/CEP_RESULTS_COMPARE_SUPPORTING_MAJOR_STATE_REFERENCE.png,1444484,f5a720f303d16f75abb5622a0cccc1ea912b951915cf689d815e86b5e7d15e45,KEEP_WRITER_VISUAL_REFERENCE,true,governed Writer visual input
cep-writer/references/visual/02_SIMULATION_AND_ENTERPRISE/05_RESULTS_REPLAY/Cybersecurity Replay Dashboard Timeline.png,1373904,4d5af620a5b9887abba7b82d58244fb20d1fed891a7761e1fe8d56447f62dd4c,KEEP_WRITER_VISUAL_REFERENCE,false,governed Writer visual input
cep-writer/references/visual/03_PROGRESS_AND_EVIDENCE/01_EVIDENCE_INTAKE/Cybersecurity Evidence Dashboard in Arabic(1).png,1398062,789deee01cd946d97d8e1ff59e583026bef733cf153a70c8765389a23aaacb69,KEEP_WRITER_VISUAL_REFERENCE,false,governed Writer visual input
cep-writer/references/visual/03_PROGRESS_AND_EVIDENCE/02_REVIEWS/Cybersecurity Evidence Review Dashboard.png,1574662,f1b915d50866e5bc69f61c9ac2042fc3cb6e0c3a277a8ad61e98e268e566de70,KEEP_WRITER_VISUAL_REFERENCE,false,governed Writer visual input
cep-writer/references/visual/03_PROGRESS_AND_EVIDENCE/03_MASTERY/Arabic Cybersecurity Mastery Dashboard.png,1429712,7784568ef868bfefdad8dcd731e20c2dbbe95bd9cdd8d81daaca7b0723d82a54,KEEP_WRITER_VISUAL_REFERENCE,false,governed Writer visual input
cep-writer/references/visual/03_PROGRESS_AND_EVIDENCE/04_PORTFOLIO/Cybersecurity Portfolio Evidence Dashboard.png,1525435,3651bff6bee8098e8ab7633c3d5a9ebec0a0cb7e8701466932d21f53988ea37b,KEEP_WRITER_VISUAL_REFERENCE,false,governed Writer visual input
cep-writer/references/visual/04_SYSTEM_AND_OPERATIONS/01_HEALTH/Arabic Operational Health Dashboard.png,1409720,f5f789687f09f115a75e96a315d74ba5d664853b4430cc766fcc70eaf8aa17b6,KEEP_WRITER_VISUAL_REFERENCE,false,governed Writer visual input
cep-writer/references/visual/04_SYSTEM_AND_OPERATIONS/03_VALIDATION/CEP_SYSTEM_VALIDATION_REFERENCE.png,1692302,0074ab58c53f1d9e2e24a3b10c87f795701b233794b869280c0c25ba6f64178d,KEEP_WRITER_VISUAL_REFERENCE,true,governed Writer visual input
cep-writer/references/visual/04_SYSTEM_AND_OPERATIONS/04_AI_BRIDGE/CEP_SYSTEM_AI_BRIDGE_REFERENCE.png,1500124,ae1d8df7230c9719bb7a8026949c285dc8c9b11f3b050899b1ec2d9b02b9f526,KEEP_WRITER_VISUAL_REFERENCE,true,governed Writer visual input
cep-writer/references/visual/04_SYSTEM_AND_OPERATIONS/05_BACKUP_AND_RESTORE/CEP_SYSTEM_BACKUP_RESTORE_RESTORE_DRILL_REFERENCE.png,1633369,782e813a4ffacd969eeff180b90a0a859271bd8c5a1a4e3b98ac6379e9a88ed0,KEEP_WRITER_VISUAL_REFERENCE,true,governed Writer visual input
cep-writer/references/visual/04_SYSTEM_AND_OPERATIONS/06_AUDIT/CEP_SYSTEM_AUDIT_TRACEABILITY_REFERENCE.png,1741156,7cb34c8357dfad0914e4eeaf732c97efbe376e957fe508137c4f730edaeb1e88,KEEP_WRITER_VISUAL_REFERENCE,true,governed Writer visual input
cep-writer/references/visual/04_SYSTEM_AND_OPERATIONS/07_RELEASES/CEP_SYSTEM_RELEASES_REFERENCE.png,1628431,9e7c8747953bef1d8e0f2000ad00bad12667ddfd35bbcbbde4f227a812604f7a,KEEP_WRITER_VISUAL_REFERENCE,true,governed Writer visual input
cep-writer/references/visual/04_SYSTEM_AND_OPERATIONS/08_CONFIGURATION/CEP_SYSTEM_CONFIGURATION_REVISION_REFERENCE.png,1554161,bb32df27c015b018ee31e88ce82841355f46e770c4ee02ca6775b7536ce18092,KEEP_WRITER_VISUAL_REFERENCE,true,governed Writer visual input
cep-writer/references/visual/90_SUPPORTING_COMPONENT_REFERENCES/CEP_VISUALIZE_CANVAS_VIEW_COMPONENT_REFERENCE.png,1684559,918ab2a8c7c415b5f201712c5b11a3c13590db0231d7be1d0073a8f955ced33c,KEEP_WRITER_VISUAL_REFERENCE,true,governed Writer visual input
cep-writer/references/visual/90_SUPPORTING_COMPONENT_REFERENCES/CEP_VISUALIZE_FOCUSED_GRAPH_RELATIONSHIP_COMPONENT_REFERENCE.png,386927,7c36b02e30fd82a6664e427cbc450c1b8f1c221295ea53b31a36b745cebd38f2,KEEP_WRITER_VISUAL_REFERENCE,true,governed Writer visual input
cep-writer/references/visual/90_SUPPORTING_COMPONENT_REFERENCES/CEP_VISUALIZE_PATH_VIEW_COMPONENT_REFERENCE.png,388772,0f1d320fe684b992b885cafb47664aa98ce41d8f6c44f6c67df7ef350735166f,KEEP_WRITER_VISUAL_REFERENCE,true,governed Writer visual input
cep-writer/tools/export_product.py,553,930304cff13addaabd31ed77d2345ef33a7319060dae6b824f4778ee73ea5242,KEEP_OR_REVIEW_WRITER_PACKET,false,Writer packet; inspect mission applicability
cep-writer/tools/verify_repo.py,1460,5b2da4041f450be333259e49095b85a44bb1ebfe88c21cd3486763866222313d,KEEP_OR_REVIEW_WRITER_PACKET,true,Writer packet; inspect mission applicability
checkpoints/CURRENT_HIGH_LEVERAGE.json,1363,f19398a448c1458323fc96e3d0cf910b16b6b9199b2f849f0972b74b6088ea2f,REVIEW_CHECKPOINT,false,may be lineage or active proof
checkpoints/G0.json,973,0b7304e70ad34043682cf548eb919c809321eddd9e1b87516a06fa171eb1f0bb,REVIEW_CHECKPOINT,false,may be lineage or active proof
checkpoints/G1.json,1007,3d1f74a93729299922862119bead886ff7ea3cace439f6395aaf80f4f0ea5cf9,REVIEW_CHECKPOINT,false,may be lineage or active proof
checkpoints/G2.json,949,8b77a1a5b99a2fba0513b12053a70f758481f64a480f4eaaaa6e483b2143853c,REVIEW_CHECKPOINT,false,may be lineage or active proof
checkpoints/G3.json,965,445c2cc00c8f27b0fb584ed4922f5f0ca47a722349372434b1e729744f3e52ac,REVIEW_CHECKPOINT,false,may be lineage or active proof
checkpoints/G4.json,945,733511626edf6b468b1f7e1c99f815714dd7c7d402c8fe6cca4ce02447c2fd7e,REVIEW_CHECKPOINT,false,may be lineage or active proof
checkpoints/G5.json,981,fca2ce0814610277861e96528d9b2c33e0dc506ded780297b1aed044f49100e0,REVIEW_CHECKPOINT,false,may be lineage or active proof
checkpoints/G6.json,943,bac21d7914f0abeeacec8380e5a6a5c19cdc3751bf5705a445a0bbd590b7d7d4,REVIEW_CHECKPOINT,false,may be lineage or active proof
checkpoints/G7.json,966,faddde57cbe1ebd5d3e3b6c144440686e2c758afc2b042db6ea85e8e48d6c16b,REVIEW_CHECKPOINT,false,may be lineage or active proof
contracts/23_SURFACE_INHERITANCE_MATRIX.csv,283542,b61ee46c4478b93c5b4bf9fa7d3b1da1341f0c5820356696023ad76c7a413e08,KEEP_CORE_BUILD_TEST,true,core/source/build/test/tooling
contracts/23_SURFACE_INHERITANCE_MATRIX.json,512156,da1ae77004d05c26640ea05e13737f806eb17d179eb9c247e97cec079fc08302,KEEP_CORE_BUILD_TEST,true,core/source/build/test/tooling
contracts/BUILD_RECEIPT.json,254,cfd307ccd15002b990f6006b173abb6e98fb302cc6cee8dc4d2a5a16af751c46,KEEP_CORE_BUILD_TEST,true,core/source/build/test/tooling
contracts/COMMAND_REGISTRY.schema.json,1012,c6f91c1a2159d84cab0b2e6a418f668fd9b8d63fa136d963dcabe7620e5c9a70,KEEP_CORE_BUILD_TEST,true,core/source/build/test/tooling
contracts/COMMAND_REGISTRY.seed.json,48471,7261011b4b018aa4d0400d4ccae15277b7f13d78e5d5113ae7b0dc51f921e335,KEEP_CORE_BUILD_TEST,true,core/source/build/test/tooling
contracts/COMPONENT_REGISTRY.csv,11163,644cc3a4524ec873564b51b3babe143a7593cd328b86fcbaf932ac4afa4a0d76,KEEP_CORE_BUILD_TEST,true,core/source/build/test/tooling
contracts/COMPONENT_REGISTRY.json,16891,4f9242786824f21aa53fb9a2c39799313ca3df131213af410e33686e2b53e88c,KEEP_CORE_BUILD_TEST,true,core/source/build/test/tooling
contracts/CORE_OWNER_REGISTRY.json,121685,c16f103161b13693c0799ff02b9c481f682587906613bad88063e21d60032d6f,KEEP_CORE_BUILD_TEST,true,core/source/build/test/tooling
contracts/DEFERRED_WORK_GOVERNANCE.json,916,ec94fc810b227df0526d51e292223e7b53d3697690bca090396a3d32e710e697,KEEP_CORE_BUILD_TEST,true,core/source/build/test/tooling
contracts/DEVIATION_REGISTER.json,779,a57afe42e2b121d0e73afde8b57c3516354f9875b10cbd158601773a4044fe87,KEEP_CORE_BUILD_TEST,true,core/source/build/test/tooling
contracts/DISMISSAL_AND_FOCUS_POLICIES.csv,932,1f09ea3cc703ad622c29b662e5903d12e5545fd1ba5fc01041e7d7fbe574f365,KEEP_CORE_BUILD_TEST,true,core/source/build/test/tooling
contracts/FOUNDATION_ARCHITECTURE.md,612,e0534b114217bcd99763d8b33f0ca68a9b8d00e584331258ce3f81696bb92eb5,KEEP_CORE_BUILD_TEST,true,core/source/build/test/tooling
contracts/FOUNDATION_CONTRACT_VERSIONS.json,13037,fe7e6e0edcd460f6ad0a179df5f60fe6b6a99d29024013aa5df1f1fa8c23d02e,KEEP_CORE_BUILD_TEST,true,core/source/build/test/tooling
contracts/FOUNDATION_RUNTIME_REGISTRY.json,27886,1119db0647286854dda2dc42bb302f2cc76ca21763c7b2a39d00d1194c7d4a7d,KEEP_CORE_BUILD_TEST,true,core/source/build/test/tooling
contracts/MECHANIC_OWNERSHIP_REGISTRY.json,20529,a701355084b4efe129e20df59bed27215f081089c925d72532082502a104c9ba,KEEP_CORE_BUILD_TEST,true,core/source/build/test/tooling
contracts/PREFERENCE_REGISTRY.schema.json,789,92ccfbe5ad83d56f71399330cf772e63a48c6de6a10b6e18de3f9844d6ffbbca,KEEP_CORE_BUILD_TEST,true,core/source/build/test/tooling
contracts/PREFERENCE_REGISTRY.seed.json,34231,d2dd9ebaf4869de4a7204b45b5e3dee20feea76d7137798e4a576fee8cc1ab0f,KEEP_CORE_BUILD_TEST,true,core/source/build/test/tooling
contracts/STATE_OWNERSHIP_REGISTRY.csv,5469,1ef38f828b86a49533884ea9616e9792830ae4db6551a20e1d6f03a80282ac24,KEEP_CORE_BUILD_TEST,true,core/source/build/test/tooling
contracts/SURFACE_READINESS_REGISTRY.json,518822,0a5644347a36df591ea070a1afb487d4853b38d04cfbe6c566ec4c4e56596526,KEEP_CORE_BUILD_TEST,true,core/source/build/test/tooling
contracts/UNIVERSAL_LAYOUT_SLOT_CONTRACT.json,1421,d201f8e9ec4734241431a4b7364b889db0356662dd3faf1dd32c7286ed59e9d8,KEEP_CORE_BUILD_TEST,true,core/source/build/test/tooling
contracts/schemas/checkpoint.schema.json,1050,afde912d49dda4499d2564d936c0db3914f9e3d3ab7fa5bfeefb8fdec8c10c06,KEEP_CORE_BUILD_TEST,true,core/source/build/test/tooling
contracts/schemas/command_contract.schema.json,1012,c6f91c1a2159d84cab0b2e6a418f668fd9b8d63fa136d963dcabe7620e5c9a70,KEEP_CORE_BUILD_TEST,true,core/source/build/test/tooling
contracts/schemas/component_contract.schema.json,1178,a824e89e761d72fd0524d6ac76ac5ff8e0f7f767030edef4491acac0124b69e1,KEEP_CORE_BUILD_TEST,true,core/source/build/test/tooling
contracts/schemas/deviation_record.schema.json,777,b1c0a266427e581f9a3563bb5e9a65dccd8e40de136e7904a39fd6b6f0e6e488,KEEP_CORE_BUILD_TEST,true,core/source/build/test/tooling
contracts/schemas/mechanic_record.schema.json,1928,08ad6996e3f10ff258225257491524897dd652331b13fb2e1a020c2111e7f66f,KEEP_CORE_BUILD_TEST,true,core/source/build/test/tooling
contracts/schemas/preference_contract.schema.json,789,92ccfbe5ad83d56f71399330cf772e63a48c6de6a10b6e18de3f9844d6ffbbca,KEEP_CORE_BUILD_TEST,true,core/source/build/test/tooling
contracts/schemas/surface_profile.schema.json,1218,d80f8a5b3a91752a583f85cf1ec6e8f8480dd089e6072f76da22884944c96c3a,KEEP_CORE_BUILD_TEST,true,core/source/build/test/tooling
contracts/schemas/test_case.schema.json,1084,3283bc67147579a4b74052f14b747400284962b8a5ff41e6cc50d18969e34c9c,KEEP_CORE_BUILD_TEST,true,core/source/build/test/tooling
contracts/schemas/writer_intake.schema.json,3119,e5870923948c7dd881364bf29e12b9f11cb43ceadaa9c6b8500359b700783165,KEEP_CORE_BUILD_TEST,true,core/source/build/test/tooling
dist/adapters/analytical/results-compare-provider.js,4814,76b17a403017ea7914c93e9183df455ae585d1220a0d96727e9d04ff688816bb,KEEP_PENDING_REBUILD_PROOF__GENERATED_RUNTIME,true,generated from canonical source but test/runtime currently consumes dist
dist/adapters/analytical/rq-compare-provider.js,4046,31d348c6f31000184955e7a771865c02599a245059754215cee1e52cef6aa253,KEEP_PENDING_REBUILD_PROOF__GENERATED_RUNTIME,true,generated from canonical source but test/runtime currently consumes dist
dist/adapters/audit.js,13444,0decc1a27cb3e899121994bd09535d5f12976544239f4ff7909d1a2e4d36e370,KEEP_PENDING_REBUILD_PROOF__GENERATED_RUNTIME,false,generated from canonical source but test/runtime currently consumes dist
dist/adapters/backup-runtime.js,13867,3e21c6a4c5a76d625811503ccc1ac57e680dcff5fc43aa1443a0995bd456797f,KEEP_PENDING_REBUILD_PROOF__GENERATED_RUNTIME,false,generated from canonical source but test/runtime currently consumes dist
dist/adapters/balanced6-acceptance-data.js,296234,93d69011f597eeb34c8469da4a5173cb1910195e9f8ecab6b52f276f7f8e1942,KEEP_PENDING_REBUILD_PROOF__GENERATED_RUNTIME,true,generated from canonical source but test/runtime currently consumes dist
dist/adapters/configuration/domain-adapter.js,9824,c037ee4c96f4d8e774fcefc54bfee3c3aa084885889bd406de82fca3b3875935,KEEP_PENDING_REBUILD_PROOF__GENERATED_RUNTIME,false,generated from canonical source but test/runtime currently consumes dist
dist/adapters/context-learn-structured.js,4268,1181225434b9d661ee1772bef780966fb6035c5f0e5225cc2134f9659288a55f,KEEP_PENDING_REBUILD_PROOF__GENERATED_RUNTIME,false,generated from canonical source but test/runtime currently consumes dist
dist/adapters/context-library-structured.js,6865,c64ab9a41a0cf326da21e6b9cd6cf5855cf591b0fba438b98fd91d50edcde8f3,KEEP_PENDING_REBUILD_PROOF__GENERATED_RUNTIME,true,generated from canonical source but test/runtime currently consumes dist
dist/adapters/context-spatial.js,2561,cc95945a7bd1de4527523a0d14406615abe9328c45c27cf6144925ff511cdd7c,KEEP_PENDING_REBUILD_PROOF__GENERATED_RUNTIME,true,generated from canonical source but test/runtime currently consumes dist
dist/adapters/enterprise/domain.js,13161,715ab38b37c692d32bde5e649286679a710e914a81e006e3c2185eafbd534dfe,KEEP_PENDING_REBUILD_PROOF__GENERATED_RUNTIME,false,generated from canonical source but test/runtime currently consumes dist
dist/adapters/evidence/domain.js,30580,7fc51b0551991d03ab0c846844d2ceb356173f56a7e47d5e081e2aa517216fd5,KEEP_PENDING_REBUILD_PROOF__GENERATED_RUNTIME,true,generated from canonical source but test/runtime currently consumes dist
dist/adapters/health-runtime.js,12969,a144024e2d97eda21abce2b18c732f9475d98ed00a32b8e315a52c734c2a6ba5,KEEP_PENDING_REBUILD_PROOF__GENERATED_RUNTIME,false,generated from canonical source but test/runtime currently consumes dist
dist/adapters/labs/domain.js,11700,6f805c8332a2549122f5acec287e821c569b369ce7d43eaa80110efe801f5983,KEEP_PENDING_REBUILD_PROOF__GENERATED_RUNTIME,false,generated from canonical source but test/runtime currently consumes dist
dist/adapters/learn.js,10524,887d48efd9b2b66d035b0c408a29223ee68cc4d0d6bc34b995786e01eaddca9c,KEEP_PENDING_REBUILD_PROOF__GENERATED_RUNTIME,true,generated from canonical source but test/runtime currently consumes dist
dist/adapters/library-chrome.js,4728,e94dcd29e580db015a769a62725346a2a15e60c8aec4f18daf3c58246b9efbce,KEEP_PENDING_REBUILD_PROOF__GENERATED_RUNTIME,false,generated from canonical source but test/runtime currently consumes dist
dist/adapters/library-fixtures.js,1755,d80debf7b64387182a1ad4704ac6876704ac6ef0960c6973f8b2a79d71a45c80,KEEP_PENDING_REBUILD_PROOF__GENERATED_RUNTIME,true,generated from canonical source but test/runtime currently consumes dist
dist/adapters/library-note-runtime-composition.js,8657,b1998d5e2a9d131e25a09a0a20716eb1f1b7c89c877e0e80bcec70be735d6ea0,KEEP_PENDING_REBUILD_PROOF__GENERATED_RUNTIME,true,generated from canonical source but test/runtime currently consumes dist
dist/adapters/library-outline-descriptor.js,4062,3b395d52610c8635b6131d03e444bb154d153890017f2767401c39e121413472,KEEP_PENDING_REBUILD_PROOF__GENERATED_RUNTIME,false,generated from canonical source but test/runtime currently consumes dist
dist/adapters/manual_ai/domain-adapter.js,12315,aa61e617a20a124eac6f48760cc23d9376e5dbb5aeee7c28766d6e4652570f23,KEEP_PENDING_REBUILD_PROOF__GENERATED_RUNTIME,false,generated from canonical source but test/runtime currently consumes dist
dist/adapters/mastery/domain.js,10643,a3453416fba246fdc1a71030e4447752cc7ba73b595a260480977c817caf4059,KEEP_PENDING_REBUILD_PROOF__GENERATED_RUNTIME,true,generated from canonical source but test/runtime currently consumes dist
dist/adapters/note-binding-domains.js,3098,daa20a9dacd236b259a1d398094b0d0f146829025f4c3aaf89b715b805d7406c,KEEP_PENDING_REBUILD_PROOF__GENERATED_RUNTIME,true,generated from canonical source but test/runtime currently consumes dist
dist/adapters/note-content-direction-fixture.js,717,c8a77cf20b4fd393484bf262e69461b0f07d7da8ddeefce0be1e00ef5ac49921,KEEP_PENDING_REBUILD_PROOF__GENERATED_RUNTIME,true,generated from canonical source but test/runtime currently consumes dist
dist/adapters/operational-bottom-provider.js,2288,15413dcc4626447455454623b96c03802251b50e518a265b7fe0b95c3a227c3d,KEEP_PENDING_REBUILD_PROOF__GENERATED_RUNTIME,true,generated from canonical source but test/runtime currently consumes dist
dist/adapters/persistence/local-persistence-client.js,4149,3c5e174a23c62634c80aca607dc0be8674ce5c2627499c5e2af658d30dbeb436,KEEP_PENDING_REBUILD_PROOF__GENERATED_RUNTIME,true,generated from canonical source but test/runtime currently consumes dist
dist/adapters/portfolio/domain.js,12934,0aec3c610a0d9aa3383e7e1a524cd39a64862ae9462802c9ea2f61dc33f3a7a8,KEEP_PENDING_REBUILD_PROOF__GENERATED_RUNTIME,true,generated from canonical source but test/runtime currently consumes dist
dist/adapters/processing-runtime.js,15342,3693587168cae182527cb703479fbff228c64063f17c4583ae7c819d4af1ddbb,KEEP_PENDING_REBUILD_PROOF__GENERATED_RUNTIME,false,generated from canonical source but test/runtime currently consumes dist
dist/adapters/releases/domain-adapter.js,10831,1ab4c01389721841bfb6935c8aa5584b7a077969e5161b60b63190c1c202ede3,KEEP_PENDING_REBUILD_PROOF__GENERATED_RUNTIME,false,generated from canonical source but test/runtime currently consumes dist
dist/adapters/releases/release-compare-provider.js,3454,7ae70e95f09f9dda8023cb678ff1d70fd0e226cf0f7bbecd19ee9396f971cc22,KEEP_PENDING_REBUILD_PROOF__GENERATED_RUNTIME,false,generated from canonical source but test/runtime currently consumes dist
dist/adapters/results/domain.js,8902,ad77d372dcf45b546ce6b962a2a3cef9f255cf9cb3c8ee62a840d5fee3792ea6,KEEP_PENDING_REBUILD_PROOF__GENERATED_RUNTIME,false,generated from canonical source but test/runtime currently consumes dist
dist/adapters/results/timeline-replay-provider.js,3406,3a7aece17a96079dce7c0a3cc4d0ea5ad6eea29291507eba0f3908a6ce157181,KEEP_PENDING_REBUILD_PROOF__GENERATED_RUNTIME,false,generated from canonical source but test/runtime currently consumes dist
dist/adapters/reviews/domain.js,22673,fb513321f5612f22efbf8732f2800ca67d91bd52857dbe9478851cc8a3215d26,KEEP_PENDING_REBUILD_PROOF__GENERATED_RUNTIME,true,generated from canonical source but test/runtime currently consumes dist
dist/adapters/rq/domain.js,7896,adb7ef69429905217aa97d613226502e8e435881044d22db61bfe44b355d5f5a,KEEP_PENDING_REBUILD_PROOF__GENERATED_RUNTIME,true,generated from canonical source but test/runtime currently consumes dist
dist/adapters/runs/domain.js,4812,1dc8bee9c0f27e2c4740711756899cd90e6918725daacefcff733441aa54e59d,KEEP_PENDING_REBUILD_PROOF__GENERATED_RUNTIME,false,generated from canonical source but test/runtime currently consumes dist
dist/adapters/runtime/local-runtime-transport.js,1987,9ccc9ffd3d7aeffe6d3caafb07df73f81c27912e06454aa65dd7fa689207e5c6,KEEP_PENDING_REBUILD_PROOF__GENERATED_RUNTIME,false,generated from canonical source but test/runtime currently consumes dist
dist/adapters/scenarios/domain.js,12873,1f57cc1d9a3d642b73d2bdab7b979fa611a4dfe3750c1eddf60360bec634b577,KEEP_PENDING_REBUILD_PROOF__GENERATED_RUNTIME,false,generated from canonical source but test/runtime currently consumes dist
dist/adapters/simulation.js,6199,57d6dcd74b5d855522ec760137a2a5dad1ee3b4c812eed7b4c9f478508431fa8,KEEP_PENDING_REBUILD_PROOF__GENERATED_RUNTIME,true,generated from canonical source but test/runtime currently consumes dist
dist/adapters/structured-bottom-provider.js,1837,7895edb1e77e5ac50000c76433542803fac971805d449fe8eada484c84e2c67a,KEEP_PENDING_REBUILD_PROOF__GENERATED_RUNTIME,true,generated from canonical source but test/runtime currently consumes dist
dist/adapters/structured-documents.js,5408,a12805a76a92b45bb96f49e4e32a6c333f6a1d452ddf593fd2bbf7b02a658a2d,KEEP_PENDING_REBUILD_PROOF__GENERATED_RUNTIME,true,generated from canonical source but test/runtime currently consumes dist
dist/adapters/structured-note-content-compatibility.js,2207,a61f68cc839a46e3f01be6423ef7e5f6a2d50ff6fa0415c37af27063398c4bf5,KEEP_PENDING_REBUILD_PROOF__GENERATED_RUNTIME,true,generated from canonical source but test/runtime currently consumes dist
dist/adapters/structured-note-content.js,15240,af9f321f857513047192fbd1d9aa1bc22d99322ac5e6e0b6a1c5c1e6930b54b8,KEEP_PENDING_REBUILD_PROOF__GENERATED_RUNTIME,true,generated from canonical source but test/runtime currently consumes dist
dist/adapters/today/acceptance-data.js,8359,2338927e36af34d22fdd32ca7224beae2be41c329a624d65ec7cc8c5645e3bce,KEEP_PENDING_REBUILD_PROOF__GENERATED_RUNTIME,true,generated from canonical source but test/runtime currently consumes dist
dist/adapters/today/domain.js,9719,0efa69e59c4f774dfbd4624ba29ca089064f9445b0919a7561ce7e083882fbed,KEEP_PENDING_REBUILD_PROOF__GENERATED_RUNTIME,true,generated from canonical source but test/runtime currently consumes dist
dist/adapters/validation.js,12055,d4b90f1b63c05a39db03e45a43989ffa80f8d58b4d68864366f3b174f060eb90,KEEP_PENDING_REBUILD_PROOF__GENERATED_RUNTIME,false,generated from canonical source but test/runtime currently consumes dist
dist/adapters/visualize/domain.js,12550,cfa2c83e9a6c4eb084b57111d1da52d9d92834e84703b9aebfdd062c329a0b74,KEEP_PENDING_REBUILD_PROOF__GENERATED_RUNTIME,true,generated from canonical source but test/runtime currently consumes dist
dist/adapters/w03-enterprise.js,2048,58cd4504d335830eeec8763c1a80bf75dc6d4580487a7ef61a80c49752049b17,KEEP_PENDING_REBUILD_PROOF__GENERATED_RUNTIME,true,generated from canonical source but test/runtime currently consumes dist
dist/adapters/w03-runs.js,10450,1c9a634cf16d471561967f961a61fbd869ba4789435cd85c1e205a22f80616ce,KEEP_PENDING_REBUILD_PROOF__GENERATED_RUNTIME,true,generated from canonical source but test/runtime currently consumes dist
dist/adapters/w03-v34/domain-kernel.js,9514,4f306fd89463e5c7c4df2b8bdcdf02b0226c16c3e4ce0cfa75bcc7b5701aa3de,KEEP_PENDING_REBUILD_PROOF__GENERATED_RUNTIME,true,generated from canonical source but test/runtime currently consumes dist
dist/adapters/w03-v34/enterprise-fixture.js,2292,76720c5ea9d05fc5926d5445aec162c7e3fb24aa8c704ee86b864c231be0de0b,KEEP_PENDING_REBUILD_PROOF__GENERATED_RUNTIME,true,generated from canonical source but test/runtime currently consumes dist
dist/adapters/w03-v34/runs-fixture.js,5253,8f5be1ad9d0f8274ca9e3cafe7245b8fa45102f80aeb2ab56dfabf3e20db9c1e,KEEP_PENDING_REBUILD_PROOF__GENERATED_RUNTIME,true,generated from canonical source but test/runtime currently consumes dist
dist/adapters/windows-terminal-runtime.js,5830,5e01d4176d329610036f234057f5e04c8c7eaa95933871ae64dafdee8fc69425,KEEP_PENDING_REBUILD_PROOF__GENERATED_RUNTIME,false,generated from canonical source but test/runtime currently consumes dist
dist/analytical-compare-browser.js,5478,566fda2ce354489a5e6c0792253122293c36e095f3d86d5e90f702967d43c7d3,KEEP_PENDING_REBUILD_PROOF__GENERATED_RUNTIME,true,generated from canonical source but test/runtime currently consumes dist
dist/analytical-compare-correction-tests.js,9383,2b5680e42179db86581f86dc1c793c86832cb21aa329718b6a47a572a295742a,KEEP_PENDING_REBUILD_PROOF__GENERATED_RUNTIME,true,generated from canonical source but test/runtime currently consumes dist
dist/analytical-compare-tests.js,21633,ea0057165c6e29278830fbc588fdedb6e4e8f89a20f1f3402a7b2eeb101b4fe6,KEEP_PENDING_REBUILD_PROOF__GENERATED_RUNTIME,true,generated from canonical source but test/runtime currently consumes dist
dist/compact.html,544,d735159654b179878c5d331fe8f22767b0657b0d733fca24b4bf245ade0a84f1,KEEP_PENDING_REBUILD_PROOF__GENERATED_RUNTIME,true,generated from canonical source but test/runtime currently consumes dist
dist/fixtures/w4-f-runtime-contract-fixture.js,1200,79efdcb0750d8f1cc71a57fcc6f1a81362e8aeea33f9d40b82810a5a498390d3,KEEP_PENDING_REBUILD_PROOF__GENERATED_RUNTIME,true,generated from canonical source but test/runtime currently consumes dist
dist/foundation/accepted-runtime.js,348417,60b5401c9bcf0034248fce6e7630c317ce49db4be81c7e943c5a5333baffb169,KEEP_PENDING_REBUILD_PROOF__GENERATED_RUNTIME,true,generated from canonical source but test/runtime currently consumes dist
dist/foundation/analytical/compare-host.js,13045,5c819e21a48f440c62ccc2c2f7c4aa4231d34395decbe78005e22b08492eae47,KEEP_PENDING_REBUILD_PROOF__GENERATED_RUNTIME,true,generated from canonical source but test/runtime currently consumes dist
dist/foundation/analytical/compare.js,17065,ce45507d1a133af0a3261b7a33e9e4aefc8aada08c66ae032ed11e949b93dfbd,KEEP_PENDING_REBUILD_PROOF__GENERATED_RUNTIME,true,generated from canonical source but test/runtime currently consumes dist
dist/foundation/audit/provenance-host.js,14482,f2416cdd185a28ff867226252064dd60955a038133c60465502d85dd68689d3e,KEEP_PENDING_REBUILD_PROOF__GENERATED_RUNTIME,false,generated from canonical source but test/runtime currently consumes dist
dist/foundation/audit/provenance.js,10870,b88934016778080ca8d8ce8441f0d6514a89a443c4ae7d4dad328691cd5d97a1,KEEP_PENDING_REBUILD_PROOF__GENERATED_RUNTIME,false,generated from canonical source but test/runtime currently consumes dist
dist/foundation/collection/table-matrix-host.js,19811,79ff1483b6c46f5bca0ef2e6d031ad09bd84c4b3015d85dc84e44ba60058bb04,KEEP_PENDING_REBUILD_PROOF__GENERATED_RUNTIME,false,generated from canonical source but test/runtime currently consumes dist
dist/foundation/collection/table-matrix.js,8315,628ce646c3fc2ee39c8da143c4e777ffaff003db43058e7062c9dd2b86bbf8f5,KEEP_PENDING_REBUILD_PROOF__GENERATED_RUNTIME,false,generated from canonical source but test/runtime currently consumes dist
dist/foundation/contracts/analysis-provider.js,10439,6a5024ec2577d2f0b3cca4d01a08414e0b2dd49648a3f302eb531d1c60343d8a,KEEP_PENDING_REBUILD_PROOF__GENERATED_RUNTIME,true,generated from canonical source but test/runtime currently consumes dist
dist/foundation/contracts/epistemic-state.js,13259,1415e0bfa5415ac73e0daad40fe5d1087f0cd9d36bae0914b125ceabca64801d,KEEP_PENDING_REBUILD_PROOF__GENERATED_RUNTIME,true,generated from canonical source but test/runtime currently consumes dist
dist/foundation/contracts/platform-input-direction-bridge.js,2609,48144486f6fb47635f155986c9c07f910e03d88cac609e19f07954b2f26bcbc2,KEEP_PENDING_REBUILD_PROOF__GENERATED_RUNTIME,true,generated from canonical source but test/runtime currently consumes dist
dist/foundation/contracts/platform-window-capability.js,8497,f59140256281a9c531ded661688ae9b6a2d01cff48165b0bc87cd973c89671b8,KEEP_PENDING_REBUILD_PROOF__GENERATED_RUNTIME,false,generated from canonical source but test/runtime currently consumes dist
dist/foundation/contracts/runtime-adapter.js,3110,48c1c1887660f0e7e64e84417b241b8b6f18915bbb0651c970dc34bd5cc375d9,KEEP_PENDING_REBUILD_PROOF__GENERATED_RUNTIME,true,generated from canonical source but test/runtime currently consumes dist
dist/foundation/donor.css,217819,bb3b29f51beda272d5118b9329a44250c896c0143d7ea593ec59419b02d93689,KEEP_PENDING_REBUILD_PROOF__GENERATED_RUNTIME,true,generated from canonical source but test/runtime currently consumes dist
dist/foundation/extensions.css,37328,bef636eb969c09f18148dbbcebfdf09c67949c4fd95b935ce7393985acaa1437,KEEP_PENDING_REBUILD_PROOF__GENERATED_RUNTIME,true,generated from canonical source but test/runtime currently consumes dist
dist/foundation/global/bottom-provider-contract.js,2208,2b00bc4e4bb0a88222ee0c0ae4a3e50b6cee04063ee4dc383a86b7902144e4b0,KEEP_PENDING_REBUILD_PROOF__GENERATED_RUNTIME,true,generated from canonical source but test/runtime currently consumes dist
dist/foundation/global/bottom-shelf.js,16604,0f96da844ed34633cb07f337a5d9b6550f1d1b8e56b427374cbc356eb2b8b78e,KEEP_PENDING_REBUILD_PROOF__GENERATED_RUNTIME,true,generated from canonical source but test/runtime currently consumes dist
dist/foundation/global/commands.js,4306,19b36a35625418543305e84b2354a218348fcd47162acfe07ec1d8aaaa262ac4,KEEP_PENDING_REBUILD_PROOF__GENERATED_RUNTIME,true,generated from canonical source but test/runtime currently consumes dist
dist/foundation/global/confirmation-host.js,8380,3efef2de674314608b12c8ec5b6713216d15ecbc3b2c00bb9a10d5cd7bd36330,KEEP_PENDING_REBUILD_PROOF__GENERATED_RUNTIME,true,generated from canonical source but test/runtime currently consumes dist
dist/foundation/global/context-descriptor-contract.js,5539,d80f84abd81189c72b79a228205f9eef228d986d0ba59f5826d25411766cf0b1,KEEP_PENDING_REBUILD_PROOF__GENERATED_RUNTIME,true,generated from canonical source but test/runtime currently consumes dist
dist/foundation/global/context-inspector.js,16657,09daff2282e06602c22e8bbc702280614eeb4479dd546d09c5780d53dad7e8cd,KEEP_PENDING_REBUILD_PROOF__GENERATED_RUNTIME,true,generated from canonical source but test/runtime currently consumes dist
dist/foundation/global/feedback-contract.js,4463,79b04f7fffc03900ef6a4b4346b41f5c8b4c59a453399253298b595f58858364,KEEP_PENDING_REBUILD_PROOF__GENERATED_RUNTIME,true,generated from canonical source but test/runtime currently consumes dist
dist/foundation/global/feedback.js,19939,08322e658ce1af230b82d2181a97aef59258e083953c1d5eea97f7da6044d248,KEEP_PENDING_REBUILD_PROOF__GENERATED_RUNTIME,true,generated from canonical source but test/runtime currently consumes dist
dist/foundation/global/input-direction.js,3941,b1d1fb9bdd13dcca1ace54bd157f5a590400762b0deb312a764ac788cc7a1bad,KEEP_PENDING_REBUILD_PROOF__GENERATED_RUNTIME,true,generated from canonical source but test/runtime currently consumes dist
dist/foundation/global/input-keymap.js,8311,c43d649c9ccd09771f92e6c5f94c4cff3eaa3479ff3530dabc4047b1541ecc44,KEEP_PENDING_REBUILD_PROOF__GENERATED_RUNTIME,true,generated from canonical source but test/runtime currently consumes dist
dist/foundation/global/input-ownership-contract.js,4559,bf748bdf6e58f33f48eccea5bf3209b066f344d6fb8922df81c1d4826f597349,KEEP_PENDING_REBUILD_PROOF__GENERATED_RUNTIME,true,generated from canonical source but test/runtime currently consumes dist
dist/foundation/global/pane-layout.js,13334,e051a54e1d7d7db2c0ca76d88e9efa6bd2586379d35a6fc343a8d4f13158c637,KEEP_PENDING_REBUILD_PROOF__GENERATED_RUNTIME,true,generated from canonical source but test/runtime currently consumes dist
dist/foundation/global/preferences/schema.js,3149,8ef02f16aaa9a6caf39b0a7b1f7de923441695285eab6c824f34bda7492e2583,KEEP_PENDING_REBUILD_PROOF__GENERATED_RUNTIME,true,generated from canonical source but test/runtime currently consumes dist
dist/foundation/global/preferences/store.js,5746,8ae3a06b11dcce2c7ec4825da622ca01761d8b9d2a83af8d008a4c1eeb97e934,KEEP_PENDING_REBUILD_PROOF__GENERATED_RUNTIME,true,generated from canonical source but test/runtime currently consumes dist
dist/foundation/global/preferences/ui-scale.js,7310,f7ff0b5689e959c28b322e96cafd3c7946ab59c1b4d6836bc14deb2e21f04a4f,KEEP_PENDING_REBUILD_PROOF__GENERATED_RUNTIME,true,generated from canonical source but test/runtime currently consumes dist
dist/foundation/global/region-contract.js,2174,2a4f1c3b2dde88c8fc62835093a4cd6e7e56aea87a603b2ce38659f32099064b,KEEP_PENDING_REBUILD_PROOF__GENERATED_RUNTIME,true,generated from canonical source but test/runtime currently consumes dist
dist/foundation/global/region-cycle.js,5552,b5a183bf98468478e3ee26ae752368b10b151a9172c595e374de2ae235a1ab77,KEEP_PENDING_REBUILD_PROOF__GENERATED_RUNTIME,true,generated from canonical source but test/runtime currently consumes dist
dist/foundation/global/responsive-layout.js,1584,e7f2559f389f286f6fda85533ef510a5929ad3799af9c13b9d2626d4a7330092,KEEP_PENDING_REBUILD_PROOF__GENERATED_RUNTIME,true,generated from canonical source but test/runtime currently consumes dist
dist/foundation/global/settings/center.js,14975,edd21d6a0a23c5126d37c2c64c817ff70da7eccf5642408422aee1112fa8f941,KEEP_PENDING_REBUILD_PROOF__GENERATED_RUNTIME,true,generated from canonical source but test/runtime currently consumes dist
dist/foundation/global/settings/search.js,2628,df09f4d3d488f29642794c7743fd83513f781cccbb426d3e499c61b61798bdac,KEEP_PENDING_REBUILD_PROOF__GENERATED_RUNTIME,true,generated from canonical source but test/runtime currently consumes dist
dist/foundation/global/settings/sections.js,10740,443e76068e27abc6c58b7298ffdeda7ea058a95f0968b6eae2282ad341f84c96,KEEP_PENDING_REBUILD_PROOF__GENERATED_RUNTIME,true,generated from canonical source but test/runtime currently consumes dist
dist/foundation/global/shell/cep-destinations.js,3719,e40ce09aeb698030c767de5c6e282488dd1f3cc3d0d0cd8e4ad0307534eaea3c,KEEP_PENDING_REBUILD_PROOF__GENERATED_RUNTIME,false,generated from canonical source but test/runtime currently consumes dist
dist/foundation/global/shell/destination-registry.js,7048,a90317159742f180a1469c061b7472889484f085aa85ad6d6bc60a1666347b70,KEEP_PENDING_REBUILD_PROOF__GENERATED_RUNTIME,true,generated from canonical source but test/runtime currently consumes dist
dist/foundation/global/shell/navigation.js,25108,68c847f09b0e5a78771ff0af98eb6940376edfc7b25af967817d85fb309cf1bc,KEEP_PENDING_REBUILD_PROOF__GENERATED_RUNTIME,true,generated from canonical source but test/runtime currently consumes dist
dist/foundation/global/tokens/scale.css,1157,6e9d24c329c86b0595c956cbf6897c4bc11181c73fb7412c0fe5f20ef5664dda,KEEP_PENDING_REBUILD_PROOF__GENERATED_RUNTIME,true,generated from canonical source but test/runtime currently consumes dist
dist/foundation/global/toolbar-template.js,5134,a1912ec4a34aebbe8c40cf2fc78cdc9b827199bfc1ecebc6ae5a787c864f9a6e,KEEP_PENDING_REBUILD_PROOF__GENERATED_RUNTIME,false,generated from canonical source but test/runtime currently consumes dist
dist/foundation/global/top-region.js,4847,02cf363333c24803cac6bff3d9f35ac758b29c40c56d077230c58b06077ab0e5,KEEP_PENDING_REBUILD_PROOF__GENERATED_RUNTIME,false,generated from canonical source but test/runtime currently consumes dist
dist/foundation/global/transient-focus.js,10978,d7c111ee7dace136f96033c26fdcea16155b07f1e7e0ba3c2130521c44e9843e,KEEP_PENDING_REBUILD_PROOF__GENERATED_RUNTIME,true,generated from canonical source but test/runtime currently consumes dist
dist/foundation/global/transient-host.js,1889,d1a819c0cdf4fed40487cc617ff0507443627ea9377dc33e9ac977c31df46c4e,KEEP_PENDING_REBUILD_PROOF__GENERATED_RUNTIME,false,generated from canonical source but test/runtime currently consumes dist
dist/foundation/global/workspace-host-kernel.js,1998,d8e8d43d5b7c7375fca55990f08bb4ad165fa79e02c7a904f4968d1a9b1abfb0,KEEP_PENDING_REBUILD_PROOF__GENERATED_RUNTIME,true,generated from canonical source but test/runtime currently consumes dist
dist/foundation/models.js,12584,3e0cb0448a7cd86212b8b4a99ee1165132ac3fe8e734158c7b5e158d1f433e64,KEEP_PENDING_REBUILD_PROOF__GENERATED_RUNTIME,true,generated from canonical source but test/runtime currently consumes dist
dist/foundation/notes/note-binding.js,12496,ab4f79c8b6fd85457c7ed8bf8cf8b5cb170bb5bc2fb1b4d73530e426b625da4f,KEEP_PENDING_REBUILD_PROOF__GENERATED_RUNTIME,true,generated from canonical source but test/runtime currently consumes dist
dist/foundation/notes/sticky-note-window.js,23233,172bca8ce9741c84c0616723fd9eef099e3187758c3ca16596f57fadac440396,KEEP_PENDING_REBUILD_PROOF__GENERATED_RUNTIME,true,generated from canonical source but test/runtime currently consumes dist
dist/foundation/operational.js,10105,1622d526897ab2332641f9c6a0c018c1d458234ef96e91444753e9892bd981b5,KEEP_PENDING_REBUILD_PROOF__GENERATED_RUNTIME,true,generated from canonical source but test/runtime currently consumes dist
dist/foundation/operational/presentation.js,2302,b75adb07dad07ffd3fa0ae1a365442b422dcafcc51440ef3970f3d3ff9b123a6,KEEP_PENDING_REBUILD_PROOF__GENERATED_RUNTIME,false,generated from canonical source but test/runtime currently consumes dist
dist/foundation/operational/session-owner.js,16684,d91ebbeb6c126cb6dfc883f31bd3b5ba1ccab204e6e273c1e9a968f8c719a656,KEEP_PENDING_REBUILD_PROOF__GENERATED_RUNTIME,true,generated from canonical source but test/runtime currently consumes dist
dist/foundation/operational/terminal-host.js,17161,380acee4fac9253bdbc020b3e8e0d915693a903ac9ad8bc60313375a5452acab,KEEP_PENDING_REBUILD_PROOF__GENERATED_RUNTIME,true,generated from canonical source but test/runtime currently consumes dist
dist/foundation/operational/terminal-renderer-port.js,242,4365f870ad10a6e6146a920049b8f5c3878b716a76de17c766ee4f043d1a05fa,KEEP_PENDING_REBUILD_PROOF__GENERATED_RUNTIME,false,generated from canonical source but test/runtime currently consumes dist
dist/foundation/operational/xterm-renderer.js,5933,e4f825838825d727e9a923725f2fe59c42489e6b355c43c4929dac57a9361748,KEEP_PENDING_REBUILD_PROOF__GENERATED_RUNTIME,true,generated from canonical source but test/runtime currently consumes dist
dist/foundation/relations.js,6138,86e2281ac42dfbec3317e62df35fbdb552ed6d85d26711747a85533fcbdc3db5,KEEP_PENDING_REBUILD_PROOF__GENERATED_RUNTIME,true,generated from canonical source but test/runtime currently consumes dist
dist/foundation/review/decision-host.js,14254,99364f0ee3219b0b9353dc96506cb96906ea2ecc61c4f55972dfd8f75d139c19,KEEP_PENDING_REBUILD_PROOF__GENERATED_RUNTIME,false,generated from canonical source but test/runtime currently consumes dist
dist/foundation/review/decision.js,9087,f6676961a98b611fd111e2f3335b1ed345fb96e560bb25ef4c8ba794b70ce191,KEEP_PENDING_REBUILD_PROOF__GENERATED_RUNTIME,false,generated from canonical source but test/runtime currently consumes dist
dist/foundation/review/family-admission.js,3164,56fee04f6ff204569b4ac5e9947f83e22ce7670058fd698ea2f29e9836d0883f,KEEP_PENDING_REBUILD_PROOF__GENERATED_RUNTIME,false,generated from canonical source but test/runtime currently consumes dist
dist/foundation/review/family-host.js,6119,9639fa3b30123834180e7b609b90330ba881037aebaf1eac72237f7eb4f3da2f,KEEP_PENDING_REBUILD_PROOF__GENERATED_RUNTIME,false,generated from canonical source but test/runtime currently consumes dist
dist/foundation/spatial.js,15967,bbbe8964a6b12dea665b61cc595846a537df6ef900daf6f12a7ac3994e0b09ab,KEEP_PENDING_REBUILD_PROOF__GENERATED_RUNTIME,true,generated from canonical source but test/runtime currently consumes dist
dist/foundation/spatial/accessible-navigator.js,2225,33bea44ddb5663d71cf361ffdf55fae2a263c7389d6b5fc139d666f7e6af47b5,KEEP_PENDING_REBUILD_PROOF__GENERATED_RUNTIME,true,generated from canonical source but test/runtime currently consumes dist
dist/foundation/spatial/focus-contract.js,939,bfa0752313b6b9728ab9f4aea54557c3f8bf08933b83a78ff3d3b988b3ff2926,KEEP_PENDING_REBUILD_PROOF__GENERATED_RUNTIME,true,generated from canonical source but test/runtime currently consumes dist
dist/foundation/spatial/interaction-kernel.js,10011,856c2d55845c4b46c2707eb0dd303430d10dfb753692aa5c4940b0e4ca5c1591,KEEP_PENDING_REBUILD_PROOF__GENERATED_RUNTIME,true,generated from canonical source but test/runtime currently consumes dist
dist/foundation/spatial/presentation.js,6726,2cf979f3451076e375e9724ca99387cc1e511fa2d09bc7aec5df13757272f663,KEEP_PENDING_REBUILD_PROOF__GENERATED_RUNTIME,false,generated from canonical source but test/runtime currently consumes dist
dist/foundation/spatial/relation-interaction.js,14014,f03dc23a50bbee318f5cd91c8e745bac2cdc3b563a89a4e776935f4213a77b72,KEEP_PENDING_REBUILD_PROOF__GENERATED_RUNTIME,true,generated from canonical source but test/runtime currently consumes dist
dist/foundation/spatial/selection-kernel.js,7733,2a39792a4a264091dc18cb8d7c26d3028e8b5bb645506992828b6697a8d47129,KEEP_PENDING_REBUILD_PROOF__GENERATED_RUNTIME,true,generated from canonical source but test/runtime currently consumes dist
dist/foundation/structured.js,80657,cf58e34b4c3d21a8b7269070fffcfdfbd36d812afbbc781446f4755f19d42aa9,KEEP_PENDING_REBUILD_PROOF__GENERATED_RUNTIME,true,generated from canonical source but test/runtime currently consumes dist
dist/foundation/structured/action-descriptors.js,10041,21452c42fdef3b3f73f0eba31dbc504016575a705fac651cba34b7a25e438714,KEEP_PENDING_REBUILD_PROOF__GENERATED_RUNTIME,true,generated from canonical source but test/runtime currently consumes dist
dist/foundation/structured/action-surfaces/presentation-host.js,10438,3b406a5050b5d190986b6e3b22548c8d68f379e93e74286ccb1883714e64c3db,KEEP_PENDING_REBUILD_PROOF__GENERATED_RUNTIME,false,generated from canonical source but test/runtime currently consumes dist
dist/foundation/structured/block-renderer.js,6781,1d6a794fa8a82ecb35891839c2320e7a90fb71375978bbcb2a0295450529b6bc,KEEP_PENDING_REBUILD_PROOF__GENERATED_RUNTIME,true,generated from canonical source but test/runtime currently consumes dist
dist/foundation/structured/caret-bridge.js,4748,0b494fbef2530e71a2b3c8e8201efbafcfd7c643cdf48bdad49456cf9690d5a1,KEEP_PENDING_REBUILD_PROOF__GENERATED_RUNTIME,true,generated from canonical source but test/runtime currently consumes dist
dist/foundation/structured/clipboard-contract.js,546,f24ef6f8129f3aacfa51fc20f44e1e8ea656cc3fcca35a3f983d14ec10febce2,KEEP_PENDING_REBUILD_PROOF__GENERATED_RUNTIME,true,generated from canonical source but test/runtime currently consumes dist
dist/foundation/structured/clipboard-owner.js,16223,871b204ed28961ab101ef5946d0f5d97d5ed97294cd6bd268613e47a877025be,KEEP_PENDING_REBUILD_PROOF__GENERATED_RUNTIME,true,generated from canonical source but test/runtime currently consumes dist
dist/foundation/structured/code-block.js,1744,050a762d29fae15a092aec935bd60e73434a200d3db2960f753041be59332faf,KEEP_PENDING_REBUILD_PROOF__GENERATED_RUNTIME,true,generated from canonical source but test/runtime currently consumes dist
dist/foundation/structured/direction-adapter.js,1005,dedbcd68a3959f70d4c5f61ddb81a2dd613e6c48fdce5c33f940ceaa21804687,KEEP_PENDING_REBUILD_PROOF__GENERATED_RUNTIME,true,generated from canonical source but test/runtime currently consumes dist
dist/foundation/structured/drag-drop.js,7691,c029a395666cc8b77d4c56d95e629e0251e963f34200e8b32be2174923c39d3c,KEEP_PENDING_REBUILD_PROOF__GENERATED_RUNTIME,true,generated from canonical source but test/runtime currently consumes dist
dist/foundation/structured/drop-target.js,8038,cb1d58b10d6e22d79432c61a9236641af8923c87c91b236a69514bd9efcb0b53,KEEP_PENDING_REBUILD_PROOF__GENERATED_RUNTIME,true,generated from canonical source but test/runtime currently consumes dist
dist/foundation/structured/input-keymap.js,18711,bf4f1cad5bf05fb00be755cfe38da28ef4772fb010925126a8ac1df9974190bd,KEEP_PENDING_REBUILD_PROOF__GENERATED_RUNTIME,true,generated from canonical source but test/runtime currently consumes dist
dist/foundation/structured/insertion-targets.js,4610,4893b15b731d3d7122589fbedd0a1113d75dda62c351e6e9193e462f8cfad89c,KEEP_PENDING_REBUILD_PROOF__GENERATED_RUNTIME,true,generated from canonical source but test/runtime currently consumes dist
dist/foundation/structured/outline-descriptor.js,16780,f89b75936f27c822dc8fa8583a2215d805384752f77e05a2ecff288e6c4b7e61,KEEP_PENDING_REBUILD_PROOF__GENERATED_RUNTIME,true,generated from canonical source but test/runtime currently consumes dist
dist/foundation/structured/outline-host.js,8132,28baa735069925a3237d67e00e7a3bf3c603245555ec21338d22776ff4c39df0,KEEP_PENDING_REBUILD_PROOF__GENERATED_RUNTIME,false,generated from canonical source but test/runtime currently consumes dist
dist/foundation/structured/presentation-bridge.js,28977,5e00e2e686f132777c17c37988d7116bb0942875514eff2a25754283107bb20a,KEEP_PENDING_REBUILD_PROOF__GENERATED_RUNTIME,true,generated from canonical source but test/runtime currently consumes dist
dist/foundation/structured/read-inspection.js,6753,6ded261816bd2a6d35078cd42fc0f2300f16a4d4004899eede6acf07ebd91255,KEEP_PENDING_REBUILD_PROOF__GENERATED_RUNTIME,true,generated from canonical source but test/runtime currently consumes dist
dist/foundation/structured/rich-content.js,6571,2849980da547cadb981574ba4f6cd3257cbb013b5d82f093fabcac4303007480,KEEP_PENDING_REBUILD_PROOF__GENERATED_RUNTIME,true,generated from canonical source but test/runtime currently consumes dist
dist/foundation/structured/sanitization-policy.js,3282,1e873e2e5ca1fc976202927e2c5e574f9c45a1b647dace450df459cb4b5d6de4,KEEP_PENDING_REBUILD_PROOF__GENERATED_RUNTIME,true,generated from canonical source but test/runtime currently consumes dist
dist/foundation/structured/selection-contract.js,592,93c77df617f5148568082e368ad9366897f15c14c76c5dd8474d30ebfbe26960,KEEP_PENDING_REBUILD_PROOF__GENERATED_RUNTIME,true,generated from canonical source but test/runtime currently consumes dist
dist/foundation/structured/selection-dom-bridge.js,2249,452360f40d2ff34659f396672ed24f83df3deaf658a8102613e7a899db346f7c,KEEP_PENDING_REBUILD_PROOF__GENERATED_RUNTIME,true,generated from canonical source but test/runtime currently consumes dist
dist/foundation/structured/selection-kernel.js,13375,82016a5984164e2422c79e60372dc150f8eba176600707b11e2028e522e24a37,KEEP_PENDING_REBUILD_PROOF__GENERATED_RUNTIME,true,generated from canonical source but test/runtime currently consumes dist
dist/foundation/structured/shorthand.js,1341,de256ed6c75bb069a0d90fa2989fdfe2a61c07a278c00e61e8b4de43c2528e69,KEEP_PENDING_REBUILD_PROOF__GENERATED_RUNTIME,true,generated from canonical source but test/runtime currently consumes dist
dist/foundation/structured/surface-host.js,42104,ff1151591982c2652af984d6ab4a9ab2a5e632cff317fc9c01e5c32e608cf701,KEEP_PENDING_REBUILD_PROOF__GENERATED_RUNTIME,true,generated from canonical source but test/runtime currently consumes dist
dist/foundation/timeline/replay-host.js,13933,63f8ac62bcacbe47d63a0a6cb1dc3664de4bf315642e419d48c68615f3aec58d,KEEP_PENDING_REBUILD_PROOF__GENERATED_RUNTIME,false,generated from canonical source but test/runtime currently consumes dist
dist/foundation/timeline/replay.js,13874,41e85e99b5bbca667062e772e2da0bfdf30e5fdeb315299fc1939a476b75ed40,KEEP_PENDING_REBUILD_PROOF__GENERATED_RUNTIME,false,generated from canonical source but test/runtime currently consumes dist
dist/foundation/wave3-assembly.js,16748,e7762c08ba2f932ed9b436b693c17be62f993672799960f321c33fecd4d55ed5,KEEP_PENDING_REBUILD_PROOF__GENERATED_RUNTIME,true,generated from canonical source but test/runtime currently consumes dist
dist/foundation/wave4-assembly.js,12829,45be412079bde05676d35bc7e7612dd9c2bb8efdd86d17e40c6eca59a82337d5,KEEP_PENDING_REBUILD_PROOF__GENERATED_RUNTIME,true,generated from canonical source but test/runtime currently consumes dist
dist/foundation/window-motion.js,7700,41b2489bf4e334e39bf0732a15d8c198496b62f11347effae79dac1f2c11b6f8,KEEP_PENDING_REBUILD_PROOF__GENERATED_RUNTIME,true,generated from canonical source but test/runtime currently consumes dist
dist/foundation/workspace-host.js,29132,d02fe116d9f3aff4176db211157703c7e74e4df937925b55f5f069fcd1d350da,KEEP_PENDING_REBUILD_PROOF__GENERATED_RUNTIME,true,generated from canonical source but test/runtime currently consumes dist
dist/foundation/workspace.js,15519,d48101202651d4ac8a9b88a8b412b0309d2ae95ca65b334b93f5f47edc426b34,KEEP_PENDING_REBUILD_PROOF__GENERATED_RUNTIME,true,generated from canonical source but test/runtime currently consumes dist
dist/index.html,131035,da0d1bf40e9a33cb097c8595ae1f81f3f605374b75b43cc074aa7fc6e897dfff,KEEP_PENDING_REBUILD_PROOF__GENERATED_RUNTIME,true,generated from canonical source but test/runtime currently consumes dist
dist/main.js,55633,d7fcb73cd042efaf090c14a2f5aac0718288779d8146eee85db26a54d470871e,KEEP_PENDING_REBUILD_PROOF__GENERATED_RUNTIME,true,generated from canonical source but test/runtime currently consumes dist
dist/model-tests.js,173652,5b53459b09ea1bf4603f01ac2862502d5bfa963c35a38467fb4ee70d23e2e419,KEEP_PENDING_REBUILD_PROOF__GENERATED_RUNTIME,true,generated from canonical source but test/runtime currently consumes dist
dist/ps02-spatial-finite-atomicity-tests.js,10308,f01e12d9b789daae14ff04ea2b07b939c034572d82a624ad91a444843fcfc9db,KEEP_PENDING_REBUILD_PROOF__GENERATED_RUNTIME,false,generated from canonical source but test/runtime currently consumes dist
dist/pw08-structured-action-surfaces-tests.js,7930,5240168b23d403c2925013a88f106d9d9d9c3d84bba052c3287697c0446bdb69,KEEP_PENDING_REBUILD_PROOF__GENERATED_RUNTIME,false,generated from canonical source but test/runtime currently consumes dist
dist/pw11-sticky-note-window-tests.js,6120,d937f8a09e6b1e5cf620b838510df5c9a2992ffe05bd0c36d6b6425b60ee5692,KEEP_PENDING_REBUILD_PROOF__GENERATED_RUNTIME,false,generated from canonical source but test/runtime currently consumes dist
dist/qa.html,1671,d557f63c11202ababc3283b29f1d7a8c00f180aacb84b95633dc7efe95263baf,KEEP_PENDING_REBUILD_PROOF__GENERATED_RUNTIME,true,generated from canonical source but test/runtime currently consumes dist
dist/reference/CEP_LIBRARY_EDITOR_EXECUTABLE_BLUEPRINT_v1.2.17_ACCEPTED_DESIGN_REFERENCE.html,672893,ea66b58ef122bf2f8ca23fd0aa9e461b07da11ea7390c451902e4b1592d396fd,KEEP_PENDING_REBUILD_PROOF__GENERATED_RUNTIME,true,generated from canonical source but test/runtime currently consumes dist
dist/reference/w03-v34/W03_ENTERPRISE_EXECUTABLE_BLUEPRINT_v3.0_SUCCESSOR_CANDIDATE.html,450394,322f188ca8c73876a5978c22dd607006449442dfa8e3f57bb60c0909dc5638e5,KEEP_PENDING_REBUILD_PROOF__GENERATED_RUNTIME,true,generated from canonical source but test/runtime currently consumes dist
dist/reference/w03-v34/W03_LABS_EXECUTABLE_BLUEPRINT_v3.0_SUCCESSOR_CANDIDATE.html,406190,489de53a49cbd84a34d898b99a5aa608a9f6c9e4ff2d7f15b5e27d384aa975b0,KEEP_PENDING_REBUILD_PROOF__GENERATED_RUNTIME,true,generated from canonical source but test/runtime currently consumes dist
dist/reference/w03-v34/W03_RESULTS_EXECUTABLE_BLUEPRINT_v3.0_SUCCESSOR_CANDIDATE.html,396307,687033462c80b8b48a578dcf571fd41f76c315086585d79164bf400360e1b108,KEEP_PENDING_REBUILD_PROOF__GENERATED_RUNTIME,true,generated from canonical source but test/runtime currently consumes dist
dist/reference/w03-v34/W03_RUNS_EXECUTABLE_BLUEPRINT_v3.0_SUCCESSOR_CANDIDATE.html,388733,068ba502c9e38e7ed86d3810b51af6b5917d4d2dba2e3ae8e0b1475bde255889,KEEP_PENDING_REBUILD_PROOF__GENERATED_RUNTIME,true,generated from canonical source but test/runtime currently consumes dist
dist/reference/w03-v34/W03_SCENARIOS_EXECUTABLE_BLUEPRINT_v3.0_SUCCESSOR_CANDIDATE.html,387345,357b34f283e3c12895cd1b0b24a50506888e97713a620c5c0f975c8bf9bd8c17,KEEP_PENDING_REBUILD_PROOF__GENERATED_RUNTIME,true,generated from canonical source but test/runtime currently consumes dist
dist/surfaces/audit/index.js,8569,927ff978237fbdfd12b5281034c8826b696235acaaf79769eff7e9fea3ab6bf4,KEEP_PENDING_REBUILD_PROOF__GENERATED_RUNTIME,false,generated from canonical source but test/runtime currently consumes dist
dist/surfaces/backup/index.js,6766,a964dbf1c707396520ad88e52b955c4ff3ac37a2288529c50e780cb608eb79e8,KEEP_PENDING_REBUILD_PROOF__GENERATED_RUNTIME,false,generated from canonical source but test/runtime currently consumes dist
dist/surfaces/composition/w01-w02-rescue.js,4599,118cee72cbc8f3679ad368f1a2443710be05c25ca142d57fa3b1166e8c560e8d,KEEP_PENDING_REBUILD_PROOF__GENERATED_RUNTIME,false,generated from canonical source but test/runtime currently consumes dist
dist/surfaces/composition/w03-rescue.js,7808,6c0042fbb1cad9232cef8f9bb7058da168d2e338da09e172b8b985d6088d47e9,KEEP_PENDING_REBUILD_PROOF__GENERATED_RUNTIME,false,generated from canonical source but test/runtime currently consumes dist
dist/surfaces/composition/w04-rescue.js,7743,7aff8c5dd0bef52d44a746a2d3b078dc62b90d5c6c4ce246042eeb67e7d61d8e,KEEP_PENDING_REBUILD_PROOF__GENERATED_RUNTIME,true,generated from canonical source but test/runtime currently consumes dist
dist/surfaces/composition/w05-rescue.js,2819,8c582e872eb6399f9d41aaed7e694b8af2093a67eb4a93a4c73b7d13e8f2f5e3,KEEP_PENDING_REBUILD_PROOF__GENERATED_RUNTIME,false,generated from canonical source but test/runtime currently consumes dist
dist/surfaces/configuration/composition.js,4306,6301d90eeee0d12f142e451c3bb08aa5be13b0324d9bf6ec0edaaf6addacdc46,KEEP_PENDING_REBUILD_PROOF__GENERATED_RUNTIME,false,generated from canonical source but test/runtime currently consumes dist
dist/surfaces/enterprise/index.js,2485,858dc558b6020a8064a56880463211b6efacd812d82e7b59c464a46fd01e5106,KEEP_PENDING_REBUILD_PROOF__GENERATED_RUNTIME,false,generated from canonical source but test/runtime currently consumes dist
dist/surfaces/enterprise/presentation.js,20033,9998c372864950951b0118360ae91957480705868f9fa4ed2043f50669864714,KEEP_PENDING_REBUILD_PROOF__GENERATED_RUNTIME,false,generated from canonical source but test/runtime currently consumes dist
dist/surfaces/evidence/index.js,8792,b6fc0464bb61062c87cdd7d31b4621832296d014d82b31fbc55af2f83ddc6e00,KEEP_PENDING_REBUILD_PROOF__GENERATED_RUNTIME,false,generated from canonical source but test/runtime currently consumes dist
dist/surfaces/labs/index.js,2479,2c174a8da2ed4c76f000a04d9587f9441624b6bbeaad48bb85b8ddbdb74d3fb1,KEEP_PENDING_REBUILD_PROOF__GENERATED_RUNTIME,false,generated from canonical source but test/runtime currently consumes dist
dist/surfaces/labs/presentation.js,15044,fba3c66f9910e153b7e54d09a14415570f5bbf55d78101e44230d8affd66ca50,KEEP_PENDING_REBUILD_PROOF__GENERATED_RUNTIME,false,generated from canonical source but test/runtime currently consumes dist
dist/surfaces/learn/surface.js,2152,5d83d9bfaa2998165ae48b37558acc023d830ae0240f1cab6349b92dd9f28fa5,KEEP_PENDING_REBUILD_PROOF__GENERATED_RUNTIME,true,generated from canonical source but test/runtime currently consumes dist
dist/surfaces/library/runtime-composition.js,3762,40d17219e65e222f06fa98a447e9835aa176e8edc383638c08cca50334698641,KEEP_PENDING_REBUILD_PROOF__GENERATED_RUNTIME,false,generated from canonical source but test/runtime currently consumes dist
dist/surfaces/library/surface.js,3038,1789f1fd6b26a40703202e417f970b6ed591b4487962be81e850859098874ca7,KEEP_PENDING_REBUILD_PROOF__GENERATED_RUNTIME,true,generated from canonical source but test/runtime currently consumes dist
dist/surfaces/m0-controller-composition.js,44491,21d1e02e89e54d8003b04c7c578fcf5d35d2288e84d373f32dc125eb0e3a5750,KEEP_PENDING_REBUILD_PROOF__GENERATED_RUNTIME,true,generated from canonical source but test/runtime currently consumes dist
dist/surfaces/manual_ai/composition.js,3886,d11004a1379d1e6e1c097d48bb786ce98bdb853435935196a5e553286c4569c2,KEEP_PENDING_REBUILD_PROOF__GENERATED_RUNTIME,false,generated from canonical source but test/runtime currently consumes dist
dist/surfaces/mastery/composition.js,4308,224721d91635c308c1e77e311fe080732ad4fd92a1aa838735b92b8ed88c47b0,KEEP_PENDING_REBUILD_PROOF__GENERATED_RUNTIME,false,generated from canonical source but test/runtime currently consumes dist
dist/surfaces/portfolio/composition.js,4323,078922cdd859eb190923aac2103a2d60e5e15822bdeffdbe2459f4399b607f0c,KEEP_PENDING_REBUILD_PROOF__GENERATED_RUNTIME,false,generated from canonical source but test/runtime currently consumes dist
dist/surfaces/releases/composition.js,4372,0a926cb9a58c949e1792b5f72dd995499a24f5275fdf2c021918c9087e87ed7b,KEEP_PENDING_REBUILD_PROOF__GENERATED_RUNTIME,false,generated from canonical source but test/runtime currently consumes dist
dist/surfaces/results/index.js,3406,6998f2d2eca9b81663325609be4418018fecc622b16b63ff01c24c9b0bc36d40,KEEP_PENDING_REBUILD_PROOF__GENERATED_RUNTIME,false,generated from canonical source but test/runtime currently consumes dist
dist/surfaces/results/presentation.js,20170,9a04c510e6320ee5d2b71c8b2f31f027f064591e1d14062e646dd4003fd6562a,KEEP_PENDING_REBUILD_PROOF__GENERATED_RUNTIME,false,generated from canonical source but test/runtime currently consumes dist
dist/surfaces/reviews/index.js,7844,ff94750ff20274d1d1f875a8efc95006ecfbd7db56beb94f7524c1ea4c959fcb,KEEP_PENDING_REBUILD_PROOF__GENERATED_RUNTIME,false,generated from canonical source but test/runtime currently consumes dist
dist/surfaces/rq/surface.js,1758,c39507c4b49b3e75466d08dcdb9b95e20f1b66775f4581683f64f25a6e8445bf,KEEP_PENDING_REBUILD_PROOF__GENERATED_RUNTIME,true,generated from canonical source but test/runtime currently consumes dist
dist/surfaces/runs/index.js,4532,512ad137c606df79b157ffcfca9fc5fbfc1407e8660378a10dc9ce6fcd8baa76,KEEP_PENDING_REBUILD_PROOF__GENERATED_RUNTIME,false,generated from canonical source but test/runtime currently consumes dist
dist/surfaces/runs/presentation.js,16723,14bd90c391cb708e63e1290fbfb63ed0516da0ff5b35ce90321cd257d950228f,KEEP_PENDING_REBUILD_PROOF__GENERATED_RUNTIME,false,generated from canonical source but test/runtime currently consumes dist
dist/surfaces/scenarios/index.js,2664,81edb9707d6a937e5dd60708893dfa971ee32dea08753a3cd65d1c95cac80959,KEEP_PENDING_REBUILD_PROOF__GENERATED_RUNTIME,false,generated from canonical source but test/runtime currently consumes dist
dist/surfaces/scenarios/presentation.js,14758,24b1a2937ff3c1e6ca2637fe751a7e2d239239e17fb1993591c30a1a6281342f,KEEP_PENDING_REBUILD_PROOF__GENERATED_RUNTIME,false,generated from canonical source but test/runtime currently consumes dist
dist/surfaces/shell/surface.js,6444,8c92567618ad2f0ad747fd18647f588eee35f95d351790c755b5230f71e33665,KEEP_PENDING_REBUILD_PROOF__GENERATED_RUNTIME,true,generated from canonical source but test/runtime currently consumes dist
dist/surfaces/today/presentation.js,31916,cb76e51843dc2f13f0d743154f15a4e700d04592f8f36e090fa82cd9f63af3a3,KEEP_PENDING_REBUILD_PROOF__GENERATED_RUNTIME,true,generated from canonical source but test/runtime currently consumes dist
dist/surfaces/today/surface.js,3343,95b48fced9c4272497c003401c7fb9586e365805aebc99acda06bc66a4eedcfe,KEEP_PENDING_REBUILD_PROOF__GENERATED_RUNTIME,true,generated from canonical source but test/runtime currently consumes dist
dist/surfaces/validation/index.js,7949,6c1c849ec04ff9ca13cfff0d9929c99c7bbaea34078277e74d4c2a84e76304df,KEEP_PENDING_REBUILD_PROOF__GENERATED_RUNTIME,false,generated from canonical source but test/runtime currently consumes dist
dist/surfaces/visualize/surface.js,2947,3f3a7c702425bcfb09f2176023a1d06e5d9e9f1e5f2b811c62bd359301eb3bb3,KEEP_PENDING_REBUILD_PROOF__GENERATED_RUNTIME,true,generated from canonical source but test/runtime currently consumes dist
dist/tests.html,1078,14c0d96cffa4ae693e995877359926d8715e4dc612894169a0bd8b178ae4ba18,KEEP_PENDING_REBUILD_PROOF__GENERATED_RUNTIME,true,generated from canonical source but test/runtime currently consumes dist
dist/tests/rescue/CG2_SHARED_FAMILIES_COVERAGE/shared-family-coverage.test.js,5661,c0133e68c50110bd6560a6ef0220a4362144ca1fea4776fdede722202d9ca8ed,KEEP_PENDING_REBUILD_PROOF__GENERATED_RUNTIME,false,generated from canonical source but test/runtime currently consumes dist
dist/tests/rescue/CG3_CONTROLLER_CORR01_LEARN_RQ_TRUTH/controller-corr01.test.js,2081,56681313ee83362deb644fc099eb7384fb73444e6ca88f220e974bcb19a04a9d,KEEP_PENDING_REBUILD_PROOF__GENERATED_RUNTIME,false,generated from canonical source but test/runtime currently consumes dist
dist/tests/rescue/CG3_W01_W02_COVERAGE/cg3-w01-w02-coverage.test.js,6373,c4a3adf6b2e4a5a5b93e4a69ac5f29d38887ac68587d9bee5f28f2b1e99ce609,KEEP_PENDING_REBUILD_PROOF__GENERATED_RUNTIME,false,generated from canonical source but test/runtime currently consumes dist
dist/tests/rescue/CG4_W03_COVERAGE/controller-corr01-w03-lifecycle-truth.test.js,5119,572f2593062e2fadd6993b84221bc03414a7feb19ed63d9d0641b057668dbc65,KEEP_PENDING_REBUILD_PROOF__GENERATED_RUNTIME,false,generated from canonical source but test/runtime currently consumes dist
dist/tests/rescue/CG4_W03_COVERAGE/group-composition.test.js,4882,1054d1af234d0c290c14afaaf4da9ca77c0b1be9761e0bbdba8cd04039017090,KEEP_PENDING_REBUILD_PROOF__GENERATED_RUNTIME,false,generated from canonical source but test/runtime currently consumes dist
dist/tests/rescue/CG4_W03_COVERAGE/group-falsification.test.js,3714,ec60b8bcf512f61fc20f508bb644b9ab6def4712477256220d43de0ab91ea689,KEEP_PENDING_REBUILD_PROOF__GENERATED_RUNTIME,false,generated from canonical source but test/runtime currently consumes dist
dist/tests/rescue/CG5_CONTROLLER_CORR01_A03_DOMAIN_INTEGRITY/controller-corr01.test.js,5578,1a195cf4ed5fb5494c64390d0c590d4a77e8a5b16a2a76afb5c9ee04d7763b8e,KEEP_PENDING_REBUILD_PROOF__GENERATED_RUNTIME,false,generated from canonical source but test/runtime currently consumes dist
dist/tests/rescue/CG5_W04_COVERAGE/w04-convergence.test.js,3908,8ef497819e442e2f8ccb9ec7e7a9106fe5dc450783e3f493bd745458277f3623,KEEP_PENDING_REBUILD_PROOF__GENERATED_RUNTIME,false,generated from canonical source but test/runtime currently consumes dist
dist/tests/rescue/CG6_W05_COVERAGE/cg6-w05-coverage.test.js,6141,a068e0eee890cf53f3612b4c79e5a38dea022460e1f7f753826cc627174a53f6,KEEP_PENDING_REBUILD_PROOF__GENERATED_RUNTIME,false,generated from canonical source but test/runtime currently consumes dist
dist/tests/rescue/CG6_W05_COVERAGE/controller-corr01-w05-truth.test.js,4370,4a8dd8f38af6bd5cc752f6e3981da940da7d5cb8da3f43ab280867fdd0984b5d,KEEP_PENDING_REBUILD_PROOF__GENERATED_RUNTIME,false,generated from canonical source but test/runtime currently consumes dist
dist/tests/rescue/S01_SHARED_STRUCTURED_EDITOR/s01-browser-proof.js,4437,8feecccb7d13c8db0a768bf246efb03b766d7b3daa3cba5c6c3a6cc1f156ec4d,KEEP_PENDING_REBUILD_PROOF__GENERATED_RUNTIME,false,generated from canonical source but test/runtime currently consumes dist
dist/tests/rescue/S01_SHARED_STRUCTURED_EDITOR/s01-structured-editor-core-tests.js,14004,a09d844750746e25b9b0b9f622aae27094e6fea34ababab3471a261d849e669b,KEEP_PENDING_REBUILD_PROOF__GENERATED_RUNTIME,false,generated from canonical source but test/runtime currently consumes dist
dist/tests/rescue/S03_SHARED_SETTINGS_TRANSIENT/s03-shared-settings-transient-tests.js,14720,28fef1e5c7aac54758cc092b63ba62b70bb90d6f8ccde8867bc912944e1f3687,KEEP_PENDING_REBUILD_PROOF__GENERATED_RUNTIME,false,generated from canonical source but test/runtime currently consumes dist
dist/tests/rescue/S04_SHARED_NOTES_OPERATIONAL/s04-shared-notes-operational-tests.js,9618,5487a8b9df591e2ab826ade125fd2b21a56116ce66bd34c6080e96d3e9a70d65,KEEP_PENDING_REBUILD_PROOF__GENERATED_RUNTIME,false,generated from canonical source but test/runtime currently consumes dist
dist/tests/rescue/S06_SHARED_COLLECTION_AUDIT_REVIEW/adapter-compatibility.test.js,1499,d1a0a2cfb7a132610892136a917f6f5cf2e675cdb2f0fd14b5ca8a4eeb793713,KEEP_PENDING_REBUILD_PROOF__GENERATED_RUNTIME,false,generated from canonical source but test/runtime currently consumes dist
dist/tests/rescue/S06_SHARED_COLLECTION_AUDIT_REVIEW/audit-provenance-core.test.js,1667,6ce1242f503eecdab0e8ec6a3265cb3d9f06a129eec4a577f451a714d7ca3bbb,KEEP_PENDING_REBUILD_PROOF__GENERATED_RUNTIME,false,generated from canonical source but test/runtime currently consumes dist
dist/tests/rescue/S06_SHARED_COLLECTION_AUDIT_REVIEW/collection-core.test.js,1852,4757bd589a92d5dc09d8c38b08302878ec578e5083e5e845a04627be35937a2b,KEEP_PENDING_REBUILD_PROOF__GENERATED_RUNTIME,false,generated from canonical source but test/runtime currently consumes dist
dist/tests/rescue/S06_SHARED_COLLECTION_AUDIT_REVIEW/review-decision-family.test.js,3300,09221d4cdeb420ed2d65b9ff085d49bb16b4577df47c9a3dff8480b22e3b568e,KEEP_PENDING_REBUILD_PROOF__GENERATED_RUNTIME,false,generated from canonical source but test/runtime currently consumes dist
dist/tests/rescue/S06_SHARED_COLLECTION_AUDIT_REVIEW/source-boundary.test.js,861,a0de2bb76f9cd62e7057ea7ce6f32beef4ca922bd0c931d58c4473a18b653969,KEEP_PENDING_REBUILD_PROOF__GENERATED_RUNTIME,false,generated from canonical source but test/runtime currently consumes dist
dist/tests/rescue/S07_W01_W02_SHELL_TODAY/s07-contracts.test.js,8598,ddd21305b53e09f14e8a5d53683869180c48728ff752bf0ce38354a127cf8fef,KEEP_PENDING_REBUILD_PROOF__GENERATED_RUNTIME,false,generated from canonical source but test/runtime currently consumes dist
dist/tests/rescue/S08_W01_W02_LIBRARY_LEARN/s08-falsification.js,13867,417921928abb694cb811a6d81e328a926e89a38f011698e388eb9edbade0b062,KEEP_PENDING_REBUILD_PROOF__GENERATED_RUNTIME,false,generated from canonical source but test/runtime currently consumes dist
dist/tests/rescue/S09_W01_W02_RQ_VISUALIZE/s09-reexecution-tests.js,10420,f68b8f5d832a2ce9007a162f4d8e79e6e8550a1de9d043989430f12167c1e608,KEEP_PENDING_REBUILD_PROOF__GENERATED_RUNTIME,false,generated from canonical source but test/runtime currently consumes dist
dist/tests/rescue/S10_W03_ENTERPRISE/domain-and-lifecycle.test.js,5324,d2615b20ded460fc8da70b375a1b5e441a6a2bd857828fdb842b718367d141b0,KEEP_PENDING_REBUILD_PROOF__GENERATED_RUNTIME,false,generated from canonical source but test/runtime currently consumes dist
dist/tests/rescue/S10_W03_ENTERPRISE/source-duplicate-owner.test.js,1074,7a62545becc6308156687495830d65de5332f5496ff93017871d55800feff467,KEEP_PENDING_REBUILD_PROOF__GENERATED_RUNTIME,false,generated from canonical source but test/runtime currently consumes dist
dist/tests/rescue/S11_W03_SCENARIOS_LABS/lab-task-graph.test.js,4717,028363246a0f4034d289d7dfacda782a9d6ea7bb0acd4944352b9ab2b6d343b7,KEEP_PENDING_REBUILD_PROOF__GENERATED_RUNTIME,false,generated from canonical source but test/runtime currently consumes dist
dist/tests/rescue/S11_W03_SCENARIOS_LABS/scenario-studio.test.js,4841,90b9e4765552ec21b5c538f30cef951e938def42d53ce19491e4ab621cb82bd0,KEEP_PENDING_REBUILD_PROOF__GENERATED_RUNTIME,false,generated from canonical source but test/runtime currently consumes dist
dist/tests/rescue/S12_W03_RUNS/runs-operational-workspace.test.js,7025,8c3632850dd99744ca5b29141c89065e985f12d5fd3b3baf0a26a425c887c062,KEEP_PENDING_REBUILD_PROOF__GENERATED_RUNTIME,false,generated from canonical source but test/runtime currently consumes dist
dist/tests/rescue/S13_W03_RESULTS/results-rescue.test.js,4666,27566cfdb49b69774d102560720e346ba36489d02d2ed54c1afe6abef0685dc1,KEEP_PENDING_REBUILD_PROOF__GENERATED_RUNTIME,false,generated from canonical source but test/runtime currently consumes dist
dist/tests/rescue/S14_W04_EVIDENCE_REVIEWS/domain-lifecycle.test.js,9494,6ec6ffb2c618ea2846d802cf01e83b35bbf90264064f2a2d680ca096a61b9d6e,KEEP_PENDING_REBUILD_PROOF__GENERATED_RUNTIME,false,generated from canonical source but test/runtime currently consumes dist
dist/tests/rescue/S14_W04_EVIDENCE_REVIEWS/surface-contract.test.js,2480,75b7c7313fe34a400d1fda47bc9b80ee662d79d08f91d3676f41c118dd73228c,KEEP_PENDING_REBUILD_PROOF__GENERATED_RUNTIME,false,generated from canonical source but test/runtime currently consumes dist
dist/tests/rescue/S15_W04_MASTERY_PORTFOLIO/domain-authority.test.js,8698,ba945028a16f3381f6ac90e07e518098fc75dc0a00bae33f89cd292f7a3e187b,KEEP_PENDING_REBUILD_PROOF__GENERATED_RUNTIME,false,generated from canonical source but test/runtime currently consumes dist
dist/tests/rescue/S16_W05_HEALTH_PROCESSING/s16-health-processing-tests.js,9316,471fc4ff9517e02ef49a98b8977d2ff69071922a70d55f12ac2d1685fef12869,KEEP_PENDING_REBUILD_PROOF__GENERATED_RUNTIME,false,generated from canonical source but test/runtime currently consumes dist
dist/tests/rescue/S17_W05_VALIDATION_MANUAL_AI/s17-tests.js,6191,a4fa33b337a875bd7b92e1bb7e74b88dba56a94646ddc273c2809873819ee17d,KEEP_PENDING_REBUILD_PROOF__GENERATED_RUNTIME,false,generated from canonical source but test/runtime currently consumes dist
dist/tests/rescue/S18_W05_BACKUP_AUDIT/domain-tests.js,6042,40439c40d47a766d01883d682a3a4fa6e4f99d9dbe91e2ff2b33189775fabb3c,KEEP_PENDING_REBUILD_PROOF__GENERATED_RUNTIME,false,generated from canonical source but test/runtime currently consumes dist
dist/tests/rescue/S18_W05_BACKUP_AUDIT/source-boundary-tests.js,2099,28f38d8ece080841599d5f5abe98847ef9802519d7661343d04a0ebee570f6a3,KEEP_PENDING_REBUILD_PROOF__GENERATED_RUNTIME,false,generated from canonical source but test/runtime currently consumes dist
dist/tests/rescue/S19_W05_RELEASES_CONFIGURATION/s19-tests.js,8650,01b6616eba5e98ac956514ea6dfd78bdbd80fe722942021dd798b7bc5ab38238,KEEP_PENDING_REBUILD_PROOF__GENERATED_RUNTIME,false,generated from canonical source but test/runtime currently consumes dist
dist/tests/surfaces/configuration/configuration-tests.js,4432,527f0ae7e9169ca3b6c389960e13da7819eb2f673ed4ec1a000b61043db00828,KEEP_PENDING_REBUILD_PROOF__GENERATED_RUNTIME,false,generated from canonical source but test/runtime currently consumes dist
dist/tests/surfaces/enterprise/domain.test.js,1290,1adc9bd0b68d45ba24b658bee15b047103a3e7b74fb5d5affc312dc54436f406,KEEP_PENDING_REBUILD_PROOF__GENERATED_RUNTIME,false,generated from canonical source but test/runtime currently consumes dist
dist/tests/surfaces/evidence/domain.test.js,1355,2dbb748342e44fcee9b2503236117b186edca8a2734e17fa4f012934daac2c91,KEEP_PENDING_REBUILD_PROOF__GENERATED_RUNTIME,false,generated from canonical source but test/runtime currently consumes dist
dist/tests/surfaces/labs/domain.test.js,1384,f79cf2b789c14aa8c56abfd54f454cd39a81c7fd787de7ff9cf6fa934cab8337,KEEP_PENDING_REBUILD_PROOF__GENERATED_RUNTIME,false,generated from canonical source but test/runtime currently consumes dist
dist/tests/surfaces/manual_ai/manual-ai-tests.js,4239,1eb618e7c1d746bff46eb968a3429f880e08f90c7664a9e2933c25590d95ba2d,KEEP_PENDING_REBUILD_PROOF__GENERATED_RUNTIME,false,generated from canonical source but test/runtime currently consumes dist
dist/tests/surfaces/mastery/domain.test.js,2266,eb2896155f34d9c6984ec8f2356f717ce7c4071714530c5030b13c569367cb54,KEEP_PENDING_REBUILD_PROOF__GENERATED_RUNTIME,false,generated from canonical source but test/runtime currently consumes dist
dist/tests/surfaces/portfolio/domain.test.js,1811,08094004c01a7ded9c8030767963fd268e3042767089ffec829fe2f1409fbd11,KEEP_PENDING_REBUILD_PROOF__GENERATED_RUNTIME,false,generated from canonical source but test/runtime currently consumes dist
dist/tests/surfaces/releases/releases-tests.js,4108,7e4597b28f9fe342757428a803c752a8f00f574f5e6d11fd8536f19f8e3625a1,KEEP_PENDING_REBUILD_PROOF__GENERATED_RUNTIME,false,generated from canonical source but test/runtime currently consumes dist
dist/tests/surfaces/results/domain.test.js,2008,c7bcb2b09557095b163ffdfbfa731e7a3082be3045c0a21427ca7fad158ece53,KEEP_PENDING_REBUILD_PROOF__GENERATED_RUNTIME,false,generated from canonical source but test/runtime currently consumes dist
dist/tests/surfaces/reviews/domain.test.js,1516,1ceccda8a990739a1bd96d70990a42e047961296d27c94c5a95472b79762f798,KEEP_PENDING_REBUILD_PROOF__GENERATED_RUNTIME,false,generated from canonical source but test/runtime currently consumes dist
dist/tests/surfaces/runs/domain.test.js,1638,2a3ef7de6256434b23552423b236e4c58b50976f7067f5c4f299ba6dae7f814b,KEEP_PENDING_REBUILD_PROOF__GENERATED_RUNTIME,false,generated from canonical source but test/runtime currently consumes dist
dist/tests/surfaces/runs/group-regression.test.js,1884,cda065b3343d34f4b0aebef11fe5521b9cacbffb7c613b326dabea1f2b81c0f9,KEEP_PENDING_REBUILD_PROOF__GENERATED_RUNTIME,false,generated from canonical source but test/runtime currently consumes dist
dist/tests/surfaces/scenarios/domain.test.js,1468,d4233766c879e1c476edbe0826f28932a6307e1e1c8375692da57a7d3c4f721e,KEEP_PENDING_REBUILD_PROOF__GENERATED_RUNTIME,false,generated from canonical source but test/runtime currently consumes dist
dist/vendor/xterm/LICENSE,1261,b569f629d00f2626a8100df2a1798210535621e42164dfd426a6fe5aac7b0ccd,KEEP_PENDING_REBUILD_PROOF__GENERATED_RUNTIME,false,generated from canonical source but test/runtime currently consumes dist
dist/vendor/xterm/package.json,4348,f5a0dde40a146d6c7a86b22daf6e5740517e5d708ec1d162197e0445431d8f4f,KEEP_PENDING_REBUILD_PROOF__GENERATED_RUNTIME,false,generated from canonical source but test/runtime currently consumes dist
dist/vendor/xterm/xterm.css,7112,854a7c0fb70e8b1a083c16797ab827299fb18744f5ad34f227b48337e33293c6,KEEP_PENDING_REBUILD_PROOF__GENERATED_RUNTIME,true,generated from canonical source but test/runtime currently consumes dist
dist/vendor/xterm/xterm.mjs,344970,b336ec65a086c056d4804b3d4c2347da5663d3f23c3f25be866467bd8857ad59,KEEP_PENDING_REBUILD_PROOF__GENERATED_RUNTIME,true,generated from canonical source but test/runtime currently consumes dist
dist/w3-d-bottom-deep-work-tests.js,15810,7d6a3ee0ab68862d42eba7acfe75b04ba37354770408b100e42405d81def65dc,KEEP_PENDING_REBUILD_PROOF__GENERATED_RUNTIME,true,generated from canonical source but test/runtime currently consumes dist
dist/w4-c-direction-rich-content-tests.js,13070,b1adbf1d0e12b341ea5698f284e819f94d7156f953770093b055138e11b96251,KEEP_PENDING_REBUILD_PROOF__GENERATED_RUNTIME,true,generated from canonical source but test/runtime currently consumes dist
dist/w4-d-structured-drag-drop-tests.js,7739,6cce627e614f6883e0d7b718386ee4cb716d7e4731fc5446d576d0ffc628b92f,KEEP_PENDING_REBUILD_PROOF__GENERATED_RUNTIME,true,generated from canonical source but test/runtime currently consumes dist
dist/w4-e-settings-center-tests.js,19105,2c8c5c3a6ee3ad037254867463841944da7fa1d0c6a8a6518690aee9659e1308,KEEP_PENDING_REBUILD_PROOF__GENERATED_RUNTIME,true,generated from canonical source but test/runtime currently consumes dist
dist/w4-f-operational-session-tests.js,8439,8139a9c43310900e9f8f475db76cd018a81f40c327f540c3e1faffe48814a680,KEEP_PENDING_REBUILD_PROOF__GENERATED_RUNTIME,true,generated from canonical source but test/runtime currently consumes dist
dist/w4-g-epistemic-confirmation-tests.js,16849,2643ddb93130ca6f942b63157ff32093be240a8663d0063d73ea185af0a56074,KEEP_PENDING_REBUILD_PROOF__GENERATED_RUNTIME,true,generated from canonical source but test/runtime currently consumes dist
dist/w5-a-browser.html,1581,f825fe01be7ae18593dd0fce5b0cc481ec6c2db13f1aca368062550fcaa69101,KEEP_PENDING_REBUILD_PROOF__GENERATED_RUNTIME,true,generated from canonical source but test/runtime currently consumes dist
dist/w5-a-structured-surface-host-browser.js,9072,f9ffd345dec2551a3f5bc78c15d2422358f4a59713ee139d94ce382e84eae1fd,KEEP_PENDING_REBUILD_PROOF__GENERATED_RUNTIME,true,generated from canonical source but test/runtime currently consumes dist
dist/w5-a-structured-surface-host-tests.js,44410,f22ac348ecafe47c7252824d556e72aba563dab664c7d5de039c765e4d8c8480,KEEP_PENDING_REBUILD_PROOF__GENERATED_RUNTIME,true,generated from canonical source but test/runtime currently consumes dist
dist/w5-b-structured-navigation-browser-harness.js,2394,5fdf52dc32a4c0a9012a9cb12c82404b5a3e831242b372e6e490c5c31078abcf,KEEP_PENDING_REBUILD_PROOF__GENERATED_RUNTIME,true,generated from canonical source but test/runtime currently consumes dist
dist/w5-b-structured-navigation-correction-tests.js,9097,625e0353e4b157f3de73a411179c0335acecbbcd6d61af241b583639ff0435da,KEEP_PENDING_REBUILD_PROOF__GENERATED_RUNTIME,true,generated from canonical source but test/runtime currently consumes dist
dist/w5-b-structured-navigation-delta2-tests.js,11343,7650ed0b69181d843695eab7d2699f9c5f908f808c9733c341224347481e2b84,KEEP_PENDING_REBUILD_PROOF__GENERATED_RUNTIME,true,generated from canonical source but test/runtime currently consumes dist
dist/w5-b-structured-navigation-micro3-tests.js,4909,6e0a32150550918c971bb6a443adc78a4a9316ddae9792cf8bd4fb1f03473bb7,KEEP_PENDING_REBUILD_PROOF__GENERATED_RUNTIME,true,generated from canonical source but test/runtime currently consumes dist
dist/w5-b-structured-navigation-tests.js,10660,3bd0ae85d188c864011e87ed599ef6b25055181007a7019a9721ff3d358a71bd,KEEP_PENDING_REBUILD_PROOF__GENERATED_RUNTIME,true,generated from canonical source but test/runtime currently consumes dist
dist/w5-c-browser.html,1809,e2f75b2fc4cb28330f7e5338862ad2689adb5aacb8884e71642cb8909c4c2c00,KEEP_PENDING_REBUILD_PROOF__GENERATED_RUNTIME,true,generated from canonical source but test/runtime currently consumes dist
dist/w5-c-structured-consumer-parity-browser.js,11121,9568cf9343a790ca9387b547761f3857c7a480825e9786d63b486e247e1d79bc,KEEP_PENDING_REBUILD_PROOF__GENERATED_RUNTIME,true,generated from canonical source but test/runtime currently consumes dist
dist/w5-c-structured-consumer-parity-tests.js,25310,ebf72e374e2510d9cfef8e58f6c3e668877716d18b196fa75297c70a9b736d3d,KEEP_PENDING_REBUILD_PROOF__GENERATED_RUNTIME,true,generated from canonical source but test/runtime currently consumes dist
dist/w6-a-sticky-note-window-browser.js,2808,4623c02fb4896c334f62d3cfcf6ad3345422ae2b7237f453571600bb05fda6f2,KEEP_PENDING_REBUILD_PROOF__GENERATED_RUNTIME,true,generated from canonical source but test/runtime currently consumes dist
dist/w6-a-sticky-note-window-tests.js,10628,7b7f3ab3bfd801bbdaedcfc1388b1b1d84b339b09d84794c1ce380948e0373f4,KEEP_PENDING_REBUILD_PROOF__GENERATED_RUNTIME,true,generated from canonical source but test/runtime currently consumes dist
dist/w6-b-note-binding-browser.js,3469,60b28b023d4858ec846dde951edddddb85c8566717364659806d3c4036c2c2c2,KEEP_PENDING_REBUILD_PROOF__GENERATED_RUNTIME,true,generated from canonical source but test/runtime currently consumes dist
dist/w6-b-note-binding-correction-tests.js,7796,511a3c77c8300e8538756ddf212eaf18471b5ef60753d72617473df9bc339fb9,KEEP_PENDING_REBUILD_PROOF__GENERATED_RUNTIME,true,generated from canonical source but test/runtime currently consumes dist
dist/w6-b-note-binding-tests.js,17361,27528a6244f8dd1cf504059169d846b0ac052846296b2ec5484e420a5b9d62af,KEEP_PENDING_REBUILD_PROOF__GENERATED_RUNTIME,true,generated from canonical source but test/runtime currently consumes dist
dist/w6-c-structured-note-content-browser.js,8535,4c5eba08588079341995a8b48f1146be7558b2cce3e2594c7aae0dc1b916f939,KEEP_PENDING_REBUILD_PROOF__GENERATED_RUNTIME,true,generated from canonical source but test/runtime currently consumes dist
dist/w6-c-structured-note-content-correction-browser.js,5456,e880b161bbb1f29cf1841bc5c9fdd8a1a6f6c0922d3d0eb4ca2a710cb245f18a,KEEP_PENDING_REBUILD_PROOF__GENERATED_RUNTIME,true,generated from canonical source but test/runtime currently consumes dist
dist/w6-c-structured-note-content-correction-tests.js,9830,c9114a91d93012a20b44b1ec51fcfc2123422afc9d2ce8b905199a215caf7b6e,KEEP_PENDING_REBUILD_PROOF__GENERATED_RUNTIME,true,generated from canonical source but test/runtime currently consumes dist
dist/w6-c-structured-note-content-tests.js,38150,9d5cbd6cfcdc1943ed3b9323a872e6e8b18cafaaa0cf4f343c7597253854fb3a,KEEP_PENDING_REBUILD_PROOF__GENERATED_RUNTIME,true,generated from canonical source but test/runtime currently consumes dist
package-lock.json,1482,70984beff0f13100102eca9c9ce01798ff0896d88b5b4793dede949d1a936480,KEEP_CORE_BUILD_TEST,false,core/source/build/test/tooling
package.json,1527,1eed1bfeaed534bff44a3c69d88ea48fb6764b599a326499f6fe18e2c0aef470,KEEP_CORE_BUILD_TEST,false,core/source/build/test/tooling
profiles/audit.json,15037,2dd9b1a0c288a2ae89298e4746e2520e0102a8adcddbb228d972f5c8ecd0f1d8,KEEP_CORE_BUILD_TEST,true,core/source/build/test/tooling
profiles/backup.json,15430,5acdc3be037d1011a5fe773f6ed874979f973e650d95b669a32ef34aef416ff9,KEEP_CORE_BUILD_TEST,true,core/source/build/test/tooling
profiles/configuration.json,15373,bac00d463a9123e9e76e4cc65b1abab7d1d97ef44764e986b9fe56412134d9b9,KEEP_CORE_BUILD_TEST,true,core/source/build/test/tooling
profiles/enterprise.json,15348,3f669fb5f5e01b8dacbde15ee638d7c06c9937205d11e6510bb65928b772f265,KEEP_CORE_BUILD_TEST,true,core/source/build/test/tooling
profiles/evidence.json,15520,83fd326da0256c6ed811d9d2b24f3e0c880f872e601932b54461c58c00f34e8d,KEEP_CORE_BUILD_TEST,true,core/source/build/test/tooling
profiles/health.json,15014,76c36e6552af243de9d10ab7581f584a5c0431f1ebfd3c4d1f9d6a652baf8906,KEEP_CORE_BUILD_TEST,true,core/source/build/test/tooling
profiles/labs.json,15222,bcabde29a53dec035d42d1c19e0b14b0be40d9677e3d38b04f2e112a21a2227d,KEEP_CORE_BUILD_TEST,true,core/source/build/test/tooling
profiles/learn.json,15267,eb7a68fe92b50e5417e619e67a37c7fbbb9abfdfe47dd7587f0a435d6b909e77,KEEP_CORE_BUILD_TEST,true,core/source/build/test/tooling
profiles/library.json,15292,7cc7391effd80c646998008318b24f4c7c9d97234d7e9fb16e906dc718fe6e97,KEEP_CORE_BUILD_TEST,true,core/source/build/test/tooling
profiles/manual_ai.json,15104,5904dda04fd872c9548783fc330d66bd1891f6a20f32a5ca1390405f9edb230c,KEEP_CORE_BUILD_TEST,true,core/source/build/test/tooling
profiles/mastery.json,15347,f9fee1ef62af1a09f2cc4aa6d136e8a601c8af32c97a1a416fd17fed43a219d2,KEEP_CORE_BUILD_TEST,true,core/source/build/test/tooling
profiles/portfolio.json,15160,810c80d264e9504e6d19c0206f3e26236cee3034ff2fe9db26e6ca15c4be0178,KEEP_CORE_BUILD_TEST,true,core/source/build/test/tooling
profiles/processing.json,15320,92de5c6bcfcc0614aff29fcf302c1d5791f7a38fdd9731f80a9ca2d32c7bdb7e,KEEP_CORE_BUILD_TEST,true,core/source/build/test/tooling
profiles/releases.json,15214,12a53316bac01dde550b61cd5f91787227c765fccfa68db296f9e2878037d856,KEEP_CORE_BUILD_TEST,true,core/source/build/test/tooling
profiles/results.json,15545,8cf6d56a35a2e86b108199b6cb7e5735c4713eca04cf6451db4ddba2e8687dbc,KEEP_CORE_BUILD_TEST,true,core/source/build/test/tooling
profiles/reviews.json,15350,04bdc297a6ea9cfa16bc3c86ef8842f4e9a079168bb76f79f84831ce442e6a44,KEEP_CORE_BUILD_TEST,true,core/source/build/test/tooling
profiles/rq.json,15351,4f6f8cc7c5055473e9636748f263683889d61f599daeac2f20fc2eea11c9ae7f,KEEP_CORE_BUILD_TEST,true,core/source/build/test/tooling
profiles/runs.json,15715,ea0f833761d4e3fb0f0c0a6771c6f54b7a9398fae2ba59f7d54267dc21019a58,KEEP_CORE_BUILD_TEST,true,core/source/build/test/tooling
profiles/scenarios.json,15255,ad21a7cf6feaaece4d842a26ec0026bb3a15d3b54c0947f0efbf43bcaf3dc1de,KEEP_CORE_BUILD_TEST,true,core/source/build/test/tooling
profiles/shell.json,15066,e615da6b0ffb963dd3222e64f167a262e72e8a6d9b4065c235aedb87bfe3d1e1,KEEP_CORE_BUILD_TEST,true,core/source/build/test/tooling
profiles/today.json,15131,a9313a4c8d429ada7f76224df9192e3de750ac46f21be1da8034c96677bce47c,KEEP_CORE_BUILD_TEST,true,core/source/build/test/tooling
profiles/validation.json,14926,c74b6145940bece4fd8b6c33073039412e6c8ebb7d77003b997c4cd4bbbe1330,KEEP_CORE_BUILD_TEST,true,core/source/build/test/tooling
profiles/visualize.json,15415,18b47d9de8adc39fc9a3a10011e5b7570a835726b1618245990858b62cfeb915,KEEP_CORE_BUILD_TEST,true,core/source/build/test/tooling
stack/DEPENDENCY_INVENTORY.csv,628,e9b2400eb62fc8d71ba2828cd4f4488888b0f91f1bdae2a7c459abf66164db40,KEEP_CORE_BUILD_TEST,true,core/source/build/test/tooling
stack/IMPLEMENTATION_GLUE_LOC.csv,828,818eae02206a0ec19687adbd2cf53f714f6ad6899e62e856060fc9a418945143,KEEP_CORE_BUILD_TEST,true,core/source/build/test/tooling
stack/MEASURED_COMPARISON.json,43007,2afa0275d8578119b95669b1e04e402341614f5a2c742d462aa2939e74ed78b0,KEEP_CORE_BUILD_TEST,true,core/source/build/test/tooling
stack/RECOMMENDATION.md,3157,a1010dcc101b7d5440b2ba7f0613092bc7388cb26a7eb3588dbc90f84d538aa0,KEEP_CORE_BUILD_TEST,true,core/source/build/test/tooling
stack/local-runtime/audit/audit-event-provider.mjs,6454,8331702ce7b9d5b0713d60fe204f0c0d55ed8b5897a4736f638fb24f51ca2025,KEEP_CORE_BUILD_TEST,false,core/source/build/test/tooling
stack/local-runtime/backup/backup-restore-capability.mjs,25705,27cf37e923575cc7f3ed15b7bc99b75923690b1914af321172ed13cf42b88b6e,KEEP_CORE_BUILD_TEST,true,core/source/build/test/tooling
stack/local-runtime/health/health-capability.mjs,3854,5d289e1bd801ecf8c487e54fe986c44693eecef12ae1832c7238f999cc7bc999,KEEP_CORE_BUILD_TEST,true,core/source/build/test/tooling
stack/local-runtime/persistence/acceptance-seed/balanced6/BALANCED6_SEED_MANIFEST.json,3369,4dcdc593786a0fd888831c29dc2ee6365568e63072ef565ec10cd91e72f4fcbf,KEEP_CORE_BUILD_TEST,false,core/source/build/test/tooling
stack/local-runtime/persistence/acceptance-seed/balanced6/seed.mjs,5020,24e1e5e829f54c0b75568f127a2b924d564f55d64f67932b8c600b7688f645e7,KEEP_CORE_BUILD_TEST,true,core/source/build/test/tooling
stack/local-runtime/persistence/acceptance-seed/balanced6/source/KU-D03-0001.md,9163,7ece516475509a4a8538f3f3af64ee6d3a694204e4c38b6509f784db776b3fc4,KEEP_CORE_BUILD_TEST,true,core/source/build/test/tooling
stack/local-runtime/persistence/acceptance-seed/balanced6/source/KU-D03-0004.md,8477,b3e8fa607bee92321841365f5f73547d95a1fa86d6e53290801042c0f88170b4,KEEP_CORE_BUILD_TEST,false,core/source/build/test/tooling
stack/local-runtime/persistence/acceptance-seed/balanced6/source/KU-D03-0011.md,10099,ad2ec2ccbde9a3682e0015b7ed07f39cbb6e76f64e47dbb7bfab0d47e2c06eb3,KEEP_CORE_BUILD_TEST,false,core/source/build/test/tooling
stack/local-runtime/persistence/acceptance-seed/balanced6/source/KU-D05-0021.md,5907,8f9b5ebdf4e887aa6fee711369c81a0633de2621bef7533903c4f8113434a07f,KEEP_CORE_BUILD_TEST,false,core/source/build/test/tooling
stack/local-runtime/persistence/acceptance-seed/balanced6/source/KU-D05-0023.md,5290,04741ab0b3f76d45f16190d8284b4dbe06987531b3ec2c8163da6f955bae328d,KEEP_CORE_BUILD_TEST,false,core/source/build/test/tooling
stack/local-runtime/persistence/acceptance-seed/balanced6/source/KU-D09-0002.md,36376,e7bb52c7bd0a1dc32b25adde49cd312ebdb9f9365b4917bf5dfd81677a15c8d8,KEEP_CORE_BUILD_TEST,false,core/source/build/test/tooling
stack/local-runtime/persistence/schema-v1.sql,2406,7486017cfee6caadb8569794d2fb48d3e0f2637d7208d70bd48092403d65572a,KEEP_CORE_BUILD_TEST,false,core/source/build/test/tooling
stack/local-runtime/persistence/sqlite-connection-adapter.mjs,1170,ff5258f9068eab52b3c561faddfda568b418784cc8da5e7fe0f1410daee990c9,KEEP_CORE_BUILD_TEST,false,core/source/build/test/tooling
stack/local-runtime/persistence/sqlite-persistence-provider.mjs,13544,8e3c8146a8b7f6704600603bbc3024a15ada13a7ae6322a7eabb5767ee53186b,KEEP_CORE_BUILD_TEST,true,core/source/build/test/tooling
stack/local-runtime/platform/windows-sidecar.mjs,2604,610a9dcb124e3dfdfc21c9c0894a9624d9e3deb53b17ab3b5c9ced6bdf697e2e,KEEP_CORE_BUILD_TEST,true,core/source/build/test/tooling
stack/local-runtime/processing/processing-capability.mjs,17113,4beca47a823c1988721cf2d42d509d83d08a8b6d4ce12a4491b51d8e01ef862d,KEEP_CORE_BUILD_TEST,true,core/source/build/test/tooling
stack/local-runtime/server.mjs,20630,89b69e9083b84a70eff6a6d72e63798fa2747b4214e73f43b66f7432be4bd8d9,KEEP_CORE_BUILD_TEST,true,core/source/build/test/tooling
stack/local-runtime/terminal/conpty-terminal-manager.mjs,7206,1b63bcc89038f35321e5f1ac84cd98b260ddc9dd689c079425af473a8f01b210,KEEP_CORE_BUILD_TEST,true,core/source/build/test/tooling
stack/native-typescript/adapters/analytical/results-compare-provider.ts,4814,76b17a403017ea7914c93e9183df455ae585d1220a0d96727e9d04ff688816bb,KEEP_CORE_BUILD_TEST,true,core/source/build/test/tooling
stack/native-typescript/adapters/analytical/rq-compare-provider.ts,4046,31d348c6f31000184955e7a771865c02599a245059754215cee1e52cef6aa253,KEEP_CORE_BUILD_TEST,true,core/source/build/test/tooling
stack/native-typescript/adapters/audit.ts,13444,0decc1a27cb3e899121994bd09535d5f12976544239f4ff7909d1a2e4d36e370,KEEP_CORE_BUILD_TEST,true,core/source/build/test/tooling
stack/native-typescript/adapters/backup-runtime.ts,13867,3e21c6a4c5a76d625811503ccc1ac57e680dcff5fc43aa1443a0995bd456797f,KEEP_CORE_BUILD_TEST,true,core/source/build/test/tooling
stack/native-typescript/adapters/balanced6-acceptance-data.ts,296234,93d69011f597eeb34c8469da4a5173cb1910195e9f8ecab6b52f276f7f8e1942,KEEP_CORE_BUILD_TEST,true,core/source/build/test/tooling
stack/native-typescript/adapters/configuration/domain-adapter.ts,9824,de3159d45bec0e150d5f18db9ccc7cc1ef626017a5de82f3edd509c08b4f9a48,KEEP_CORE_BUILD_TEST,true,core/source/build/test/tooling
stack/native-typescript/adapters/context-learn-structured.ts,4268,1181225434b9d661ee1772bef780966fb6035c5f0e5225cc2134f9659288a55f,KEEP_CORE_BUILD_TEST,false,core/source/build/test/tooling
stack/native-typescript/adapters/context-library-structured.ts,6865,c64ab9a41a0cf326da21e6b9cd6cf5855cf591b0fba438b98fd91d50edcde8f3,KEEP_CORE_BUILD_TEST,true,core/source/build/test/tooling
stack/native-typescript/adapters/context-spatial.ts,2561,cc95945a7bd1de4527523a0d14406615abe9328c45c27cf6144925ff511cdd7c,KEEP_CORE_BUILD_TEST,true,core/source/build/test/tooling
stack/native-typescript/adapters/enterprise/domain.ts,13161,715ab38b37c692d32bde5e649286679a710e914a81e006e3c2185eafbd534dfe,KEEP_CORE_BUILD_TEST,true,core/source/build/test/tooling
stack/native-typescript/adapters/evidence/domain.ts,31960,e3346eeb15b8f1e43e8c3a7e47079ce0dcfd40ea77ad1740903b84d77f5dca7f,KEEP_CORE_BUILD_TEST,true,core/source/build/test/tooling
stack/native-typescript/adapters/health-runtime.ts,13447,0807e1f77a1517275ac72a57f0494f73daefe215142dbc300cb2e9c6faf63c6a,KEEP_CORE_BUILD_TEST,true,core/source/build/test/tooling
stack/native-typescript/adapters/labs/domain.ts,11700,6f805c8332a2549122f5acec287e821c569b369ce7d43eaa80110efe801f5983,KEEP_CORE_BUILD_TEST,true,core/source/build/test/tooling
stack/native-typescript/adapters/learn.ts,10524,887d48efd9b2b66d035b0c408a29223ee68cc4d0d6bc34b995786e01eaddca9c,KEEP_CORE_BUILD_TEST,true,core/source/build/test/tooling
stack/native-typescript/adapters/library-chrome.ts,4728,e94dcd29e580db015a769a62725346a2a15e60c8aec4f18daf3c58246b9efbce,KEEP_CORE_BUILD_TEST,false,core/source/build/test/tooling
stack/native-typescript/adapters/library-fixtures.ts,1755,d80debf7b64387182a1ad4704ac6876704ac6ef0960c6973f8b2a79d71a45c80,KEEP_CORE_BUILD_TEST,true,core/source/build/test/tooling
stack/native-typescript/adapters/library-note-runtime-composition.ts,8657,b1998d5e2a9d131e25a09a0a20716eb1f1b7c89c877e0e80bcec70be735d6ea0,KEEP_CORE_BUILD_TEST,true,core/source/build/test/tooling
stack/native-typescript/adapters/library-outline-descriptor.ts,4062,3b395d52610c8635b6131d03e444bb154d153890017f2767401c39e121413472,KEEP_CORE_BUILD_TEST,false,core/source/build/test/tooling
stack/native-typescript/adapters/manual_ai/domain-adapter.ts,12315,c2fa56a8e8f3b02ebabe7fa67020267d16fa6c5ae9838a799990462dde88973d,KEEP_CORE_BUILD_TEST,true,core/source/build/test/tooling
stack/native-typescript/adapters/mastery/domain.ts,10709,508b683865275ab1bbf6246b345403678ea8eb681cb6a9f7db7a85aae3dc350a,KEEP_CORE_BUILD_TEST,true,core/source/build/test/tooling
stack/native-typescript/adapters/note-binding-domains.ts,3098,daa20a9dacd236b259a1d398094b0d0f146829025f4c3aaf89b715b805d7406c,KEEP_CORE_BUILD_TEST,true,core/source/build/test/tooling
stack/native-typescript/adapters/note-content-direction-fixture.ts,717,c8a77cf20b4fd393484bf262e69461b0f07d7da8ddeefce0be1e00ef5ac49921,KEEP_CORE_BUILD_TEST,true,core/source/build/test/tooling
stack/native-typescript/adapters/operational-bottom-provider.ts,2288,15413dcc4626447455454623b96c03802251b50e518a265b7fe0b95c3a227c3d,KEEP_CORE_BUILD_TEST,true,core/source/build/test/tooling
stack/native-typescript/adapters/persistence/local-persistence-client.ts,4149,3c5e174a23c62634c80aca607dc0be8674ce5c2627499c5e2af658d30dbeb436,KEEP_CORE_BUILD_TEST,false,core/source/build/test/tooling
stack/native-typescript/adapters/portfolio/domain.ts,13002,397897b2c71ca465af2cc4f99996f0832d63125fc59c27191616536172751755,KEEP_CORE_BUILD_TEST,true,core/source/build/test/tooling
stack/native-typescript/adapters/processing-runtime.ts,15807,84bb4ae75fc817cac22971127ef9a6edfa7fb58c29187b2534368b7d3b748a4b,KEEP_CORE_BUILD_TEST,true,core/source/build/test/tooling
stack/native-typescript/adapters/releases/domain-adapter.ts,10831,bf23f40f36c8d277f3a7d7df463712597ece4c57dff5d7943a2c6ec8c7158f02,KEEP_CORE_BUILD_TEST,true,core/source/build/test/tooling
stack/native-typescript/adapters/releases/release-compare-provider.ts,3454,3e6df40ad267a63f34cfab4c1d8a0f11d02ba8c3887afb083ecd766b48a5b99f,KEEP_CORE_BUILD_TEST,false,core/source/build/test/tooling
stack/native-typescript/adapters/results/domain.ts,8902,ad77d372dcf45b546ce6b962a2a3cef9f255cf9cb3c8ee62a840d5fee3792ea6,KEEP_CORE_BUILD_TEST,true,core/source/build/test/tooling
stack/native-typescript/adapters/results/timeline-replay-provider.ts,3406,3a7aece17a96079dce7c0a3cc4d0ea5ad6eea29291507eba0f3908a6ce157181,KEEP_CORE_BUILD_TEST,false,core/source/build/test/tooling
stack/native-typescript/adapters/reviews/domain.ts,22680,38b892f5fac5e717c3e25d65f04df1f797c1e785fb0747fc4056bdfe610a599f,KEEP_CORE_BUILD_TEST,true,core/source/build/test/tooling
stack/native-typescript/adapters/rq/domain.ts,9047,2c85f51170418bd43074b0cf3a0e19a5cb829e0ec3f8cc1ad7f32fba2cc4fc78,KEEP_CORE_BUILD_TEST,true,core/source/build/test/tooling
stack/native-typescript/adapters/runs/domain.ts,4812,1dc8bee9c0f27e2c4740711756899cd90e6918725daacefcff733441aa54e59d,KEEP_CORE_BUILD_TEST,true,core/source/build/test/tooling
stack/native-typescript/adapters/runtime/local-runtime-transport.ts,1987,9ccc9ffd3d7aeffe6d3caafb07df73f81c27912e06454aa65dd7fa689207e5c6,KEEP_CORE_BUILD_TEST,true,core/source/build/test/tooling
stack/native-typescript/adapters/scenarios/domain.ts,12873,1f57cc1d9a3d642b73d2bdab7b979fa611a4dfe3750c1eddf60360bec634b577,KEEP_CORE_BUILD_TEST,true,core/source/build/test/tooling
stack/native-typescript/adapters/simulation.ts,6199,57d6dcd74b5d855522ec760137a2a5dad1ee3b4c812eed7b4c9f478508431fa8,KEEP_CORE_BUILD_TEST,true,core/source/build/test/tooling
stack/native-typescript/adapters/structured-bottom-provider.ts,1837,7895edb1e77e5ac50000c76433542803fac971805d449fe8eada484c84e2c67a,KEEP_CORE_BUILD_TEST,true,core/source/build/test/tooling
stack/native-typescript/adapters/structured-documents.ts,5408,a12805a76a92b45bb96f49e4e32a6c333f6a1d452ddf593fd2bbf7b02a658a2d,KEEP_CORE_BUILD_TEST,true,core/source/build/test/tooling
stack/native-typescript/adapters/structured-note-content-compatibility.ts,2207,a61f68cc839a46e3f01be6423ef7e5f6a2d50ff6fa0415c37af27063398c4bf5,KEEP_CORE_BUILD_TEST,true,core/source/build/test/tooling
stack/native-typescript/adapters/structured-note-content.ts,15240,af9f321f857513047192fbd1d9aa1bc22d99322ac5e6e0b6a1c5c1e6930b54b8,KEEP_CORE_BUILD_TEST,true,core/source/build/test/tooling
stack/native-typescript/adapters/today/acceptance-data.ts,8360,8a5b29475652d91f3faef594ff910682e172ef1ff09f24b37f7bc1dd287c0778,KEEP_CORE_BUILD_TEST,true,core/source/build/test/tooling
stack/native-typescript/adapters/today/domain.ts,16825,22e8413602197d90fd2132e173478b9c5c3927752d00cc2364d840aacc304098,KEEP_CORE_BUILD_TEST,true,core/source/build/test/tooling
stack/native-typescript/adapters/validation.ts,12055,c11f8b3a456805c12415c1cc406d2159ee53070e874e5d2f0351838e75f4c476,KEEP_CORE_BUILD_TEST,true,core/source/build/test/tooling
stack/native-typescript/adapters/visualize/domain.ts,36114,58290b18c6c99ea54a51a962195a5dd6309a6d7ed5859586b5f79acc5151c7c8,KEEP_CORE_BUILD_TEST,true,core/source/build/test/tooling
stack/native-typescript/adapters/w03-enterprise.ts,2048,58cd4504d335830eeec8763c1a80bf75dc6d4580487a7ef61a80c49752049b17,KEEP_CORE_BUILD_TEST,true,core/source/build/test/tooling
stack/native-typescript/adapters/w03-runs.ts,10450,1c9a634cf16d471561967f961a61fbd869ba4789435cd85c1e205a22f80616ce,KEEP_CORE_BUILD_TEST,true,core/source/build/test/tooling
stack/native-typescript/adapters/w03-v34/domain-kernel.ts,9514,4f306fd89463e5c7c4df2b8bdcdf02b0226c16c3e4ce0cfa75bcc7b5701aa3de,KEEP_CORE_BUILD_TEST,true,core/source/build/test/tooling
stack/native-typescript/adapters/w03-v34/enterprise-fixture.ts,2292,76720c5ea9d05fc5926d5445aec162c7e3fb24aa8c704ee86b864c231be0de0b,KEEP_CORE_BUILD_TEST,true,core/source/build/test/tooling
stack/native-typescript/adapters/w03-v34/runs-fixture.ts,5253,8f5be1ad9d0f8274ca9e3cafe7245b8fa45102f80aeb2ab56dfabf3e20db9c1e,KEEP_CORE_BUILD_TEST,true,core/source/build/test/tooling
stack/native-typescript/adapters/windows-terminal-runtime.ts,5830,5e01d4176d329610036f234057f5e04c8c7eaa95933871ae64dafdee8fc69425,KEEP_CORE_BUILD_TEST,true,core/source/build/test/tooling
stack/native-typescript/analytical-compare-browser.ts,5478,566fda2ce354489a5e6c0792253122293c36e095f3d86d5e90f702967d43c7d3,KEEP_CORE_BUILD_TEST,true,core/source/build/test/tooling
stack/native-typescript/analytical-compare-correction-tests.ts,9383,2b5680e42179db86581f86dc1c793c86832cb21aa329718b6a47a572a295742a,KEEP_CORE_BUILD_TEST,true,core/source/build/test/tooling
stack/native-typescript/analytical-compare-tests.ts,21633,ea0057165c6e29278830fbc588fdedb6e4e8f89a20f1f3402a7b2eeb101b4fe6,KEEP_CORE_BUILD_TEST,true,core/source/build/test/tooling
stack/native-typescript/fixtures/w4-f-runtime-contract-fixture.ts,1200,79efdcb0750d8f1cc71a57fcc6f1a81362e8aeea33f9d40b82810a5a498390d3,KEEP_CORE_BUILD_TEST,true,core/source/build/test/tooling
stack/native-typescript/foundation/accepted-runtime.ts,350441,862ffc7a741ea5774608d66bb7669a8942478c06e1cd0f625353dae8825bf0d9,KEEP_CORE_BUILD_TEST,true,core/source/build/test/tooling
stack/native-typescript/foundation/analytical/compare-host.ts,13045,5c819e21a48f440c62ccc2c2f7c4aa4231d34395decbe78005e22b08492eae47,KEEP_CORE_BUILD_TEST,true,core/source/build/test/tooling
stack/native-typescript/foundation/analytical/compare.ts,17065,ce45507d1a133af0a3261b7a33e9e4aefc8aada08c66ae032ed11e949b93dfbd,KEEP_CORE_BUILD_TEST,true,core/source/build/test/tooling
stack/native-typescript/foundation/audit/provenance-host.ts,14482,f2416cdd185a28ff867226252064dd60955a038133c60465502d85dd68689d3e,KEEP_CORE_BUILD_TEST,false,core/source/build/test/tooling
stack/native-typescript/foundation/audit/provenance.ts,10870,b88934016778080ca8d8ce8441f0d6514a89a443c4ae7d4dad328691cd5d97a1,KEEP_CORE_BUILD_TEST,false,core/source/build/test/tooling
stack/native-typescript/foundation/collection/table-matrix-host.ts,19811,87a8aeb23c49f3a5d3adda6101fddf7831ca728645855c0eb846d1773f68860c,KEEP_CORE_BUILD_TEST,false,core/source/build/test/tooling
stack/native-typescript/foundation/collection/table-matrix.ts,8315,ea3faaedb15aede39e2b1c2e931c9cb5db65174f3f12bf5505a8e81612b532f2,KEEP_CORE_BUILD_TEST,false,core/source/build/test/tooling
stack/native-typescript/foundation/contracts/analysis-provider.ts,10439,6a5024ec2577d2f0b3cca4d01a08414e0b2dd49648a3f302eb531d1c60343d8a,KEEP_CORE_BUILD_TEST,true,core/source/build/test/tooling
stack/native-typescript/foundation/contracts/epistemic-state.ts,13259,1415e0bfa5415ac73e0daad40fe5d1087f0cd9d36bae0914b125ceabca64801d,KEEP_CORE_BUILD_TEST,true,core/source/build/test/tooling
stack/native-typescript/foundation/contracts/platform-input-direction-bridge.ts,2609,48144486f6fb47635f155986c9c07f910e03d88cac609e19f07954b2f26bcbc2,KEEP_CORE_BUILD_TEST,true,core/source/build/test/tooling
stack/native-typescript/foundation/contracts/platform-window-capability.ts,8497,f59140256281a9c531ded661688ae9b6a2d01cff48165b0bc87cd973c89671b8,KEEP_CORE_BUILD_TEST,true,core/source/build/test/tooling
stack/native-typescript/foundation/contracts/runtime-adapter.ts,3110,48c1c1887660f0e7e64e84417b241b8b6f18915bbb0651c970dc34bd5cc375d9,KEEP_CORE_BUILD_TEST,true,core/source/build/test/tooling
stack/native-typescript/foundation/extensions.css,37328,bef636eb969c09f18148dbbcebfdf09c67949c4fd95b935ce7393985acaa1437,KEEP_CORE_BUILD_TEST,true,core/source/build/test/tooling
stack/native-typescript/foundation/global/bottom-provider-contract.ts,2208,2b00bc4e4bb0a88222ee0c0ae4a3e50b6cee04063ee4dc383a86b7902144e4b0,KEEP_CORE_BUILD_TEST,true,core/source/build/test/tooling
stack/native-typescript/foundation/global/bottom-shelf.ts,16604,0f96da844ed34633cb07f337a5d9b6550f1d1b8e56b427374cbc356eb2b8b78e,KEEP_CORE_BUILD_TEST,true,core/source/build/test/tooling
stack/native-typescript/foundation/global/commands.ts,4306,19b36a35625418543305e84b2354a218348fcd47162acfe07ec1d8aaaa262ac4,KEEP_CORE_BUILD_TEST,true,core/source/build/test/tooling
stack/native-typescript/foundation/global/confirmation-host.ts,8380,3efef2de674314608b12c8ec5b6713216d15ecbc3b2c00bb9a10d5cd7bd36330,KEEP_CORE_BUILD_TEST,true,core/source/build/test/tooling
stack/native-typescript/foundation/global/context-descriptor-contract.ts,5539,d80f84abd81189c72b79a228205f9eef228d986d0ba59f5826d25411766cf0b1,KEEP_CORE_BUILD_TEST,true,core/source/build/test/tooling
stack/native-typescript/foundation/global/context-inspector.ts,16657,09daff2282e06602c22e8bbc702280614eeb4479dd546d09c5780d53dad7e8cd,KEEP_CORE_BUILD_TEST,true,core/source/build/test/tooling
stack/native-typescript/foundation/global/feedback-contract.ts,4463,79b04f7fffc03900ef6a4b4346b41f5c8b4c59a453399253298b595f58858364,KEEP_CORE_BUILD_TEST,true,core/source/build/test/tooling
stack/native-typescript/foundation/global/feedback.ts,19939,08322e658ce1af230b82d2181a97aef59258e083953c1d5eea97f7da6044d248,KEEP_CORE_BUILD_TEST,true,core/source/build/test/tooling
stack/native-typescript/foundation/global/input-direction.ts,3941,b1d1fb9bdd13dcca1ace54bd157f5a590400762b0deb312a764ac788cc7a1bad,KEEP_CORE_BUILD_TEST,true,core/source/build/test/tooling
stack/native-typescript/foundation/global/input-keymap.ts,8311,c43d649c9ccd09771f92e6c5f94c4cff3eaa3479ff3530dabc4047b1541ecc44,KEEP_CORE_BUILD_TEST,true,core/source/build/test/tooling
stack/native-typescript/foundation/global/input-ownership-contract.ts,5169,558ca5c75983f3e1d132cf2aeee79ff87419454a0442832ec9bbc9f5ba8084f5,KEEP_CORE_BUILD_TEST,true,core/source/build/test/tooling
stack/native-typescript/foundation/global/pane-layout.ts,13334,e051a54e1d7d7db2c0ca76d88e9efa6bd2586379d35a6fc343a8d4f13158c637,KEEP_CORE_BUILD_TEST,true,core/source/build/test/tooling
stack/native-typescript/foundation/global/preferences/schema.ts,3149,8ef02f16aaa9a6caf39b0a7b1f7de923441695285eab6c824f34bda7492e2583,KEEP_CORE_BUILD_TEST,true,core/source/build/test/tooling
stack/native-typescript/foundation/global/preferences/store.ts,5746,8ae3a06b11dcce2c7ec4825da622ca01761d8b9d2a83af8d008a4c1eeb97e934,KEEP_CORE_BUILD_TEST,true,core/source/build/test/tooling
stack/native-typescript/foundation/global/preferences/ui-scale.ts,7310,f7ff0b5689e959c28b322e96cafd3c7946ab59c1b4d6836bc14deb2e21f04a4f,KEEP_CORE_BUILD_TEST,true,core/source/build/test/tooling
stack/native-typescript/foundation/global/region-contract.ts,2130,25288104cd2b217b1070c9cbc0794c86046efaca761b927d81ead9f1f9f914e8,KEEP_CORE_BUILD_TEST,true,core/source/build/test/tooling
stack/native-typescript/foundation/global/region-cycle.ts,5552,b5a183bf98468478e3ee26ae752368b10b151a9172c595e374de2ae235a1ab77,KEEP_CORE_BUILD_TEST,true,core/source/build/test/tooling
stack/native-typescript/foundation/global/responsive-layout.ts,1584,e7f2559f389f286f6fda85533ef510a5929ad3799af9c13b9d2626d4a7330092,KEEP_CORE_BUILD_TEST,true,core/source/build/test/tooling
stack/native-typescript/foundation/global/settings/center.ts,14975,edd21d6a0a23c5126d37c2c64c817ff70da7eccf5642408422aee1112fa8f941,KEEP_CORE_BUILD_TEST,true,core/source/build/test/tooling
stack/native-typescript/foundation/global/settings/search.ts,2628,df09f4d3d488f29642794c7743fd83513f781cccbb426d3e499c61b61798bdac,KEEP_CORE_BUILD_TEST,true,core/source/build/test/tooling
stack/native-typescript/foundation/global/settings/sections.ts,10740,443e76068e27abc6c58b7298ffdeda7ea058a95f0968b6eae2282ad341f84c96,KEEP_CORE_BUILD_TEST,true,core/source/build/test/tooling
stack/native-typescript/foundation/global/shell/cep-destinations.ts,3719,0e9953a7b6ec29ab92f4ed854a8465d0a1dbed2b52bef47c692e26084b1d2ecb,KEEP_CORE_BUILD_TEST,true,core/source/build/test/tooling
stack/native-typescript/foundation/global/shell/destination-registry.ts,7048,0092b02c1336ebfd712d2d25ab8fcf07ae1eaa8ea472d13a7927ea5e36d449fe,KEEP_CORE_BUILD_TEST,false,core/source/build/test/tooling
stack/native-typescript/foundation/global/shell/navigation.ts,25108,f7017065f121a7c730591bad31804cb74bf2fa64cae21f3e01611196c4534229,KEEP_CORE_BUILD_TEST,false,core/source/build/test/tooling
stack/native-typescript/foundation/global/tokens/scale.css,1157,6e9d24c329c86b0595c956cbf6897c4bc11181c73fb7412c0fe5f20ef5664dda,KEEP_CORE_BUILD_TEST,true,core/source/build/test/tooling
stack/native-typescript/foundation/global/toolbar-template.ts,7133,08df29aac239c73fbb95fa84caf0b911c27e5a7aff378642738483cc6b710246,KEEP_CORE_BUILD_TEST,true,core/source/build/test/tooling
stack/native-typescript/foundation/global/top-region.ts,4847,02cf363333c24803cac6bff3d9f35ac758b29c40c56d077230c58b06077ab0e5,KEEP_CORE_BUILD_TEST,false,core/source/build/test/tooling
stack/native-typescript/foundation/global/transient-focus.ts,10978,d7c111ee7dace136f96033c26fdcea16155b07f1e7e0ba3c2130521c44e9843e,KEEP_CORE_BUILD_TEST,true,core/source/build/test/tooling
stack/native-typescript/foundation/global/transient-host.ts,1889,d1a819c0cdf4fed40487cc617ff0507443627ea9377dc33e9ac977c31df46c4e,KEEP_CORE_BUILD_TEST,false,core/source/build/test/tooling
stack/native-typescript/foundation/global/workspace-host-kernel.ts,1984,f9be7a0738c2daca4463a5c2668fe7b327732a302dcbcf82055019b728cbfbd0,KEEP_CORE_BUILD_TEST,true,core/source/build/test/tooling
stack/native-typescript/foundation/models.ts,12584,3ed9e7a9022fb85cad1b6f55594d079396603f51b1004a69286c558029efea7b,KEEP_CORE_BUILD_TEST,true,core/source/build/test/tooling
stack/native-typescript/foundation/notes/note-binding.ts,12496,ab4f79c8b6fd85457c7ed8bf8cf8b5cb170bb5bc2fb1b4d73530e426b625da4f,KEEP_CORE_BUILD_TEST,true,core/source/build/test/tooling
stack/native-typescript/foundation/notes/sticky-note-window.ts,23233,172bca8ce9741c84c0616723fd9eef099e3187758c3ca16596f57fadac440396,KEEP_CORE_BUILD_TEST,true,core/source/build/test/tooling
stack/native-typescript/foundation/operational.ts,10105,1622d526897ab2332641f9c6a0c018c1d458234ef96e91444753e9892bd981b5,KEEP_CORE_BUILD_TEST,true,core/source/build/test/tooling
stack/native-typescript/foundation/operational/presentation.ts,2302,b75adb07dad07ffd3fa0ae1a365442b422dcafcc51440ef3970f3d3ff9b123a6,KEEP_CORE_BUILD_TEST,false,core/source/build/test/tooling
stack/native-typescript/foundation/operational/session-owner.ts,16684,d91ebbeb6c126cb6dfc883f31bd3b5ba1ccab204e6e273c1e9a968f8c719a656,KEEP_CORE_BUILD_TEST,true,core/source/build/test/tooling
stack/native-typescript/foundation/operational/terminal-host.ts,17161,380acee4fac9253bdbc020b3e8e0d915693a903ac9ad8bc60313375a5452acab,KEEP_CORE_BUILD_TEST,true,core/source/build/test/tooling
stack/native-typescript/foundation/operational/terminal-renderer-port.ts,242,4365f870ad10a6e6146a920049b8f5c3878b716a76de17c766ee4f043d1a05fa,KEEP_CORE_BUILD_TEST,true,core/source/build/test/tooling
stack/native-typescript/foundation/operational/xterm-renderer.ts,5933,e4f825838825d727e9a923725f2fe59c42489e6b355c43c4929dac57a9361748,KEEP_CORE_BUILD_TEST,true,core/source/build/test/tooling
stack/native-typescript/foundation/operational/xterm-runtime-assets.mjs,1189,1cf3dfd23259e058ceb63e97e0ec59654ecbabe0ec42d5456ace0c2bb955fbea,KEEP_CORE_BUILD_TEST,true,core/source/build/test/tooling
stack/native-typescript/foundation/presentation-carrier/CEP_LIBRARY_EDITOR_EXECUTABLE_BLUEPRINT_v1.2.17_ACCEPTED_DESIGN_REFERENCE.html,672893,ea66b58ef122bf2f8ca23fd0aa9e461b07da11ea7390c451902e4b1592d396fd,KEEP_CORE_BUILD_TEST,true,core/source/build/test/tooling
stack/native-typescript/foundation/relations.ts,6138,86e2281ac42dfbec3317e62df35fbdb552ed6d85d26711747a85533fcbdc3db5,KEEP_CORE_BUILD_TEST,true,core/source/build/test/tooling
stack/native-typescript/foundation/review/decision-host.ts,14254,99364f0ee3219b0b9353dc96506cb96906ea2ecc61c4f55972dfd8f75d139c19,KEEP_CORE_BUILD_TEST,false,core/source/build/test/tooling
stack/native-typescript/foundation/review/decision.ts,9087,f6676961a98b611fd111e2f3335b1ed345fb96e560bb25ef4c8ba794b70ce191,KEEP_CORE_BUILD_TEST,true,core/source/build/test/tooling
stack/native-typescript/foundation/review/family-admission.ts,3164,56fee04f6ff204569b4ac5e9947f83e22ce7670058fd698ea2f29e9836d0883f,KEEP_CORE_BUILD_TEST,true,core/source/build/test/tooling
stack/native-typescript/foundation/review/family-host.ts,6119,9639fa3b30123834180e7b609b90330ba881037aebaf1eac72237f7eb4f3da2f,KEEP_CORE_BUILD_TEST,true,core/source/build/test/tooling
stack/native-typescript/foundation/spatial.ts,15967,bbbe8964a6b12dea665b61cc595846a537df6ef900daf6f12a7ac3994e0b09ab,KEEP_CORE_BUILD_TEST,true,core/source/build/test/tooling
stack/native-typescript/foundation/spatial/accessible-navigator.ts,2225,33bea44ddb5663d71cf361ffdf55fae2a263c7389d6b5fc139d666f7e6af47b5,KEEP_CORE_BUILD_TEST,true,core/source/build/test/tooling
stack/native-typescript/foundation/spatial/focus-contract.ts,939,bfa0752313b6b9728ab9f4aea54557c3f8bf08933b83a78ff3d3b988b3ff2926,KEEP_CORE_BUILD_TEST,true,core/source/build/test/tooling
stack/native-typescript/foundation/spatial/interaction-kernel.ts,10011,856c2d55845c4b46c2707eb0dd303430d10dfb753692aa5c4940b0e4ca5c1591,KEEP_CORE_BUILD_TEST,true,core/source/build/test/tooling
stack/native-typescript/foundation/spatial/presentation.ts,6726,2cf979f3451076e375e9724ca99387cc1e511fa2d09bc7aec5df13757272f663,KEEP_CORE_BUILD_TEST,false,core/source/build/test/tooling
stack/native-typescript/foundation/spatial/relation-interaction.ts,14014,f03dc23a50bbee318f5cd91c8e745bac2cdc3b563a89a4e776935f4213a77b72,KEEP_CORE_BUILD_TEST,true,core/source/build/test/tooling
stack/native-typescript/foundation/spatial/selection-kernel.ts,7733,2a39792a4a264091dc18cb8d7c26d3028e8b5bb645506992828b6697a8d47129,KEEP_CORE_BUILD_TEST,true,core/source/build/test/tooling
stack/native-typescript/foundation/structured.ts,80657,cf58e34b4c3d21a8b7269070fffcfdfbd36d812afbbc781446f4755f19d42aa9,KEEP_CORE_BUILD_TEST,true,core/source/build/test/tooling
stack/native-typescript/foundation/structured/action-descriptors.ts,10041,21452c42fdef3b3f73f0eba31dbc504016575a705fac651cba34b7a25e438714,KEEP_CORE_BUILD_TEST,true,core/source/build/test/tooling
stack/native-typescript/foundation/structured/action-surfaces/presentation-host.ts,10438,3b406a5050b5d190986b6e3b22548c8d68f379e93e74286ccb1883714e64c3db,KEEP_CORE_BUILD_TEST,true,core/source/build/test/tooling
stack/native-typescript/foundation/structured/block-renderer.ts,6781,1d6a794fa8a82ecb35891839c2320e7a90fb71375978bbcb2a0295450529b6bc,KEEP_CORE_BUILD_TEST,true,core/source/build/test/tooling
stack/native-typescript/foundation/structured/caret-bridge.ts,4748,0b494fbef2530e71a2b3c8e8201efbafcfd7c643cdf48bdad49456cf9690d5a1,KEEP_CORE_BUILD_TEST,true,core/source/build/test/tooling
stack/native-typescript/foundation/structured/clipboard-contract.ts,546,f24ef6f8129f3aacfa51fc20f44e1e8ea656cc3fcca35a3f983d14ec10febce2,KEEP_CORE_BUILD_TEST,true,core/source/build/test/tooling
stack/native-typescript/foundation/structured/clipboard-owner.ts,16223,871b204ed28961ab101ef5946d0f5d97d5ed97294cd6bd268613e47a877025be,KEEP_CORE_BUILD_TEST,true,core/source/build/test/tooling
stack/native-typescript/foundation/structured/code-block.ts,1744,050a762d29fae15a092aec935bd60e73434a200d3db2960f753041be59332faf,KEEP_CORE_BUILD_TEST,true,core/source/build/test/tooling
stack/native-typescript/foundation/structured/direction-adapter.ts,1005,dedbcd68a3959f70d4c5f61ddb81a2dd613e6c48fdce5c33f940ceaa21804687,KEEP_CORE_BUILD_TEST,true,core/source/build/test/tooling
stack/native-typescript/foundation/structured/drag-drop.ts,7691,c029a395666cc8b77d4c56d95e629e0251e963f34200e8b32be2174923c39d3c,KEEP_CORE_BUILD_TEST,true,core/source/build/test/tooling
stack/native-typescript/foundation/structured/drop-target.ts,8038,cb1d58b10d6e22d79432c61a9236641af8923c87c91b236a69514bd9efcb0b53,KEEP_CORE_BUILD_TEST,true,core/source/build/test/tooling
stack/native-typescript/foundation/structured/input-keymap.ts,18711,bf4f1cad5bf05fb00be755cfe38da28ef4772fb010925126a8ac1df9974190bd,KEEP_CORE_BUILD_TEST,true,core/source/build/test/tooling
stack/native-typescript/foundation/structured/insertion-targets.ts,4610,4893b15b731d3d7122589fbedd0a1113d75dda62c351e6e9193e462f8cfad89c,KEEP_CORE_BUILD_TEST,true,core/source/build/test/tooling
stack/native-typescript/foundation/structured/outline-descriptor.ts,16780,f89b75936f27c822dc8fa8583a2215d805384752f77e05a2ecff288e6c4b7e61,KEEP_CORE_BUILD_TEST,true,core/source/build/test/tooling
stack/native-typescript/foundation/structured/outline-host.ts,8132,28baa735069925a3237d67e00e7a3bf3c603245555ec21338d22776ff4c39df0,KEEP_CORE_BUILD_TEST,false,core/source/build/test/tooling
stack/native-typescript/foundation/structured/presentation-bridge.ts,28977,5e00e2e686f132777c17c37988d7116bb0942875514eff2a25754283107bb20a,KEEP_CORE_BUILD_TEST,true,core/source/build/test/tooling
stack/native-typescript/foundation/structured/read-inspection.ts,6753,6ded261816bd2a6d35078cd42fc0f2300f16a4d4004899eede6acf07ebd91255,KEEP_CORE_BUILD_TEST,true,core/source/build/test/tooling
stack/native-typescript/foundation/structured/rich-content.ts,6571,2849980da547cadb981574ba4f6cd3257cbb013b5d82f093fabcac4303007480,KEEP_CORE_BUILD_TEST,true,core/source/build/test/tooling
stack/native-typescript/foundation/structured/sanitization-policy.ts,3282,1e873e2e5ca1fc976202927e2c5e574f9c45a1b647dace450df459cb4b5d6de4,KEEP_CORE_BUILD_TEST,true,core/source/build/test/tooling
stack/native-typescript/foundation/structured/selection-contract.ts,592,93c77df617f5148568082e368ad9366897f15c14c76c5dd8474d30ebfbe26960,KEEP_CORE_BUILD_TEST,true,core/source/build/test/tooling
stack/native-typescript/foundation/structured/selection-dom-bridge.ts,2249,452360f40d2ff34659f396672ed24f83df3deaf658a8102613e7a899db346f7c,KEEP_CORE_BUILD_TEST,true,core/source/build/test/tooling
stack/native-typescript/foundation/structured/selection-kernel.ts,13375,82016a5984164e2422c79e60372dc150f8eba176600707b11e2028e522e24a37,KEEP_CORE_BUILD_TEST,true,core/source/build/test/tooling
stack/native-typescript/foundation/structured/shorthand.ts,1341,de256ed6c75bb069a0d90fa2989fdfe2a61c07a278c00e61e8b4de43c2528e69,KEEP_CORE_BUILD_TEST,true,core/source/build/test/tooling
stack/native-typescript/foundation/structured/surface-host.ts,42104,ff1151591982c2652af984d6ab4a9ab2a5e632cff317fc9c01e5c32e608cf701,KEEP_CORE_BUILD_TEST,true,core/source/build/test/tooling
stack/native-typescript/foundation/timeline/replay-host.ts,13933,63f8ac62bcacbe47d63a0a6cb1dc3664de4bf315642e419d48c68615f3aec58d,KEEP_CORE_BUILD_TEST,false,core/source/build/test/tooling
stack/native-typescript/foundation/timeline/replay.ts,13874,41e85e99b5bbca667062e772e2da0bfdf30e5fdeb315299fc1939a476b75ed40,KEEP_CORE_BUILD_TEST,false,core/source/build/test/tooling
stack/native-typescript/foundation/wave3-assembly.ts,16748,e7762c08ba2f932ed9b436b693c17be62f993672799960f321c33fecd4d55ed5,KEEP_CORE_BUILD_TEST,true,core/source/build/test/tooling
stack/native-typescript/foundation/wave4-assembly.ts,12829,45be412079bde05676d35bc7e7612dd9c2bb8efdd86d17e40c6eca59a82337d5,KEEP_CORE_BUILD_TEST,true,core/source/build/test/tooling
stack/native-typescript/foundation/window-motion.ts,7700,41b2489bf4e334e39bf0732a15d8c198496b62f11347effae79dac1f2c11b6f8,KEEP_CORE_BUILD_TEST,true,core/source/build/test/tooling
stack/native-typescript/foundation/workspace-host.ts,29245,ed2a3196d3f7b07f12aaacdb78e14ffaa1f9bfcef5e6065d70c4ccb853877d28,KEEP_CORE_BUILD_TEST,true,core/source/build/test/tooling
stack/native-typescript/foundation/workspace.ts,20901,14d0d84cd13859b9cc6f6830db99a5cb7196bad447cf93ff5f0ea59e34ae6136,KEEP_CORE_BUILD_TEST,true,core/source/build/test/tooling
stack/native-typescript/main.ts,55036,2a4d648c7b68e3e95cb684b7bcf28da3304a2a36a76119edc9101a8d167c6083,KEEP_CORE_BUILD_TEST,true,core/source/build/test/tooling
stack/native-typescript/model-tests.ts,173652,5b53459b09ea1bf4603f01ac2862502d5bfa963c35a38467fb4ee70d23e2e419,KEEP_CORE_BUILD_TEST,true,core/source/build/test/tooling
stack/native-typescript/ps02-spatial-finite-atomicity-tests.ts,10308,f01e12d9b789daae14ff04ea2b07b939c034572d82a624ad91a444843fcfc9db,KEEP_CORE_BUILD_TEST,false,core/source/build/test/tooling
stack/native-typescript/pw08-structured-action-surfaces-tests.ts,7930,53f0728be11793a555813f01e2f76fc7e86b11381995d66c41eceba22ecf029b,KEEP_CORE_BUILD_TEST,false,core/source/build/test/tooling
stack/native-typescript/pw11-sticky-note-window-tests.ts,6120,d937f8a09e6b1e5cf620b838510df5c9a2992ffe05bd0c36d6b6425b60ee5692,KEEP_CORE_BUILD_TEST,false,core/source/build/test/tooling
stack/native-typescript/surfaces/audit/index.ts,9629,138869df3a030f1fb89396acb8922e0514b89c8a73540152bc886ca1bf267469,KEEP_CORE_BUILD_TEST,true,core/source/build/test/tooling
stack/native-typescript/surfaces/backup/index.ts,7324,af5321234d525b29e74383f55e1c4d7bb028f38a8d690c2b2072de0362292f77,KEEP_CORE_BUILD_TEST,true,core/source/build/test/tooling
stack/native-typescript/surfaces/composition/w01-w02-rescue.ts,4599,118cee72cbc8f3679ad368f1a2443710be05c25ca142d57fa3b1166e8c560e8d,KEEP_CORE_BUILD_TEST,false,core/source/build/test/tooling
stack/native-typescript/surfaces/composition/w03-rescue.ts,7808,6c0042fbb1cad9232cef8f9bb7058da168d2e338da09e172b8b985d6088d47e9,KEEP_CORE_BUILD_TEST,true,core/source/build/test/tooling
stack/native-typescript/surfaces/composition/w04-rescue.ts,8156,bd755b1b4334c8a939da33e374ac07f71e6da6032653810ecc25b9f7deecefff,KEEP_CORE_BUILD_TEST,true,core/source/build/test/tooling
stack/native-typescript/surfaces/composition/w05-rescue.ts,2819,8c582e872eb6399f9d41aaed7e694b8af2093a67eb4a93a4c73b7d13e8f2f5e3,KEEP_CORE_BUILD_TEST,true,core/source/build/test/tooling
stack/native-typescript/surfaces/configuration/composition.ts,4306,f9396a39ff826e9dd31eca6b0bb8ce6312248de0a74158d353c11d041c560be4,KEEP_CORE_BUILD_TEST,true,core/source/build/test/tooling
stack/native-typescript/surfaces/enterprise/index.ts,2485,858dc558b6020a8064a56880463211b6efacd812d82e7b59c464a46fd01e5106,KEEP_CORE_BUILD_TEST,true,core/source/build/test/tooling
stack/native-typescript/surfaces/enterprise/presentation.ts,20033,9998c372864950951b0118360ae91957480705868f9fa4ed2043f50669864714,KEEP_CORE_BUILD_TEST,true,core/source/build/test/tooling
stack/native-typescript/surfaces/evidence/index.ts,8792,b6fc0464bb61062c87cdd7d31b4621832296d014d82b31fbc55af2f83ddc6e00,KEEP_CORE_BUILD_TEST,true,core/source/build/test/tooling
stack/native-typescript/surfaces/labs/index.ts,2479,2c174a8da2ed4c76f000a04d9587f9441624b6bbeaad48bb85b8ddbdb74d3fb1,KEEP_CORE_BUILD_TEST,true,core/source/build/test/tooling
stack/native-typescript/surfaces/labs/presentation.ts,15044,fba3c66f9910e153b7e54d09a14415570f5bbf55d78101e44230d8affd66ca50,KEEP_CORE_BUILD_TEST,true,core/source/build/test/tooling
stack/native-typescript/surfaces/learn/surface.ts,2152,5d83d9bfaa2998165ae48b37558acc023d830ae0240f1cab6349b92dd9f28fa5,KEEP_CORE_BUILD_TEST,true,core/source/build/test/tooling
stack/native-typescript/surfaces/library/runtime-composition.ts,3762,40d17219e65e222f06fa98a447e9835aa176e8edc383638c08cca50334698641,KEEP_CORE_BUILD_TEST,false,core/source/build/test/tooling
stack/native-typescript/surfaces/library/surface.ts,3038,1789f1fd6b26a40703202e417f970b6ed591b4487962be81e850859098874ca7,KEEP_CORE_BUILD_TEST,true,core/source/build/test/tooling
stack/native-typescript/surfaces/m0-controller-composition.ts,63336,60ed100e5b658021c2bbf44be3029282c4f891dfc53a1866d22b823c8676c61e,KEEP_CORE_BUILD_TEST,true,core/source/build/test/tooling
stack/native-typescript/surfaces/manual_ai/composition.ts,3886,dc8225664475bc10aa37590eb4fe30567977b0dfc1bc237421a7384925b9619a,KEEP_CORE_BUILD_TEST,true,core/source/build/test/tooling
stack/native-typescript/surfaces/mastery/composition.ts,4308,3ab207fed527cd64fc657cf9814e3b32e1afdd4cf514decd36caa89c904898f2,KEEP_CORE_BUILD_TEST,true,core/source/build/test/tooling
stack/native-typescript/surfaces/portfolio/composition.ts,4323,9dd804ee056b2b691088b22950aba45ea72c48f89c37c3ad36ca6e63dd84c7a0,KEEP_CORE_BUILD_TEST,true,core/source/build/test/tooling
stack/native-typescript/surfaces/releases/composition.ts,4372,23bf5063a3a2aa50428522d46d6144c276d40e154e4434a0ce72854d349179f2,KEEP_CORE_BUILD_TEST,true,core/source/build/test/tooling
stack/native-typescript/surfaces/results/index.ts,3406,6998f2d2eca9b81663325609be4418018fecc622b16b63ff01c24c9b0bc36d40,KEEP_CORE_BUILD_TEST,true,core/source/build/test/tooling
stack/native-typescript/surfaces/results/presentation.ts,20170,9a04c510e6320ee5d2b71c8b2f31f027f064591e1d14062e646dd4003fd6562a,KEEP_CORE_BUILD_TEST,true,core/source/build/test/tooling
stack/native-typescript/surfaces/reviews/index.ts,7844,ff94750ff20274d1d1f875a8efc95006ecfbd7db56beb94f7524c1ea4c959fcb,KEEP_CORE_BUILD_TEST,true,core/source/build/test/tooling
stack/native-typescript/surfaces/rq/surface.ts,2134,90f931b32fee191b7688f3331ae1d263a7a132b911fef8055a244a4e64b95b59,KEEP_CORE_BUILD_TEST,true,core/source/build/test/tooling
stack/native-typescript/surfaces/runs/index.ts,4532,512ad137c606df79b157ffcfca9fc5fbfc1407e8660378a10dc9ce6fcd8baa76,KEEP_CORE_BUILD_TEST,true,core/source/build/test/tooling
stack/native-typescript/surfaces/runs/presentation.ts,16723,14bd90c391cb708e63e1290fbfb63ed0516da0ff5b35ce90321cd257d950228f,KEEP_CORE_BUILD_TEST,true,core/source/build/test/tooling
stack/native-typescript/surfaces/scenarios/index.ts,2664,81edb9707d6a937e5dd60708893dfa971ee32dea08753a3cd65d1c95cac80959,KEEP_CORE_BUILD_TEST,true,core/source/build/test/tooling
stack/native-typescript/surfaces/scenarios/presentation.ts,14758,24b1a2937ff3c1e6ca2637fe751a7e2d239239e17fb1993591c30a1a6281342f,KEEP_CORE_BUILD_TEST,true,core/source/build/test/tooling
stack/native-typescript/surfaces/shell/surface.ts,6444,8c92567618ad2f0ad747fd18647f588eee35f95d351790c755b5230f71e33665,KEEP_CORE_BUILD_TEST,true,core/source/build/test/tooling
stack/native-typescript/surfaces/today/presentation.ts,34582,1caf1a1844704d4b3d3c77524a8bb17c7c1f0080c114a62ecf4cfcf65de7c357,KEEP_CORE_BUILD_TEST,true,core/source/build/test/tooling
stack/native-typescript/surfaces/today/surface.ts,4017,64ca8edd05620f321c323c34f648e3414d24db34ee587facf08a44b6aace17c6,KEEP_CORE_BUILD_TEST,true,core/source/build/test/tooling
stack/native-typescript/surfaces/validation/index.ts,8536,39c0c1cf1433fc31b0ca3a236b1d838a40a54d55a636ecc322bc9e2f20d4509d,KEEP_CORE_BUILD_TEST,true,core/source/build/test/tooling
stack/native-typescript/surfaces/visualize/surface.ts,27740,bf41e3c023834c0893bb8730c93a22c6b4506d57edbb665d3988dc77c46bfc75,KEEP_CORE_BUILD_TEST,true,core/source/build/test/tooling
stack/native-typescript/tests/rescue/CG1_CORR01_OD054_ACCEPTED_RUNTIME_SECONDARY_ROUTE/browser_product_route_proof.py,14757,548631574434dba8ec81fcc2646fdb602443427ad72ffa08f4f213bc07e0dea8,KEEP_CORE_BUILD_TEST,false,core/source/build/test/tooling
stack/native-typescript/tests/rescue/CG1_CORR01_OD054_ACCEPTED_RUNTIME_SECONDARY_ROUTE/cg1-corr01-od054-source-contract.test.mjs,3284,3aba2a8c295a5177f1d6e7024b5d3c74770cbfe7f443d4586630500304517b22,KEEP_CORE_BUILD_TEST,false,core/source/build/test/tooling
stack/native-typescript/tests/rescue/CG1_CORR01_OD054_ACCEPTED_RUNTIME_SECONDARY_ROUTE/evidence/CG1_CORR01_OD054_1024x900_PRODUCT_ROUTE.png,151797,66b763e907294f35d70d892edf47e5350d78de7073bb6ea929d7736bf9614b74,KEEP_CORE_BUILD_TEST,false,core/source/build/test/tooling
stack/native-typescript/tests/rescue/CG1_CORR01_OD054_ACCEPTED_RUNTIME_SECONDARY_ROUTE/evidence/CG1_CORR01_OD054_1440x1000_CHOOSER.png,240498,ecfbc0d30c01796bc178431084206fff56bb0bdb03357ca0b943acd7710c0e29,KEEP_CORE_BUILD_TEST,false,core/source/build/test/tooling
stack/native-typescript/tests/rescue/CG1_CORR01_OD054_ACCEPTED_RUNTIME_SECONDARY_ROUTE/evidence/CG1_CORR01_OD054_1440x1000_PRODUCT_ROUTE.png,207515,08554f668c1321d26f7881c3bf9b2a9b0fd5ee9fdeb06a89c5cc39c100e5805a,KEEP_CORE_BUILD_TEST,false,core/source/build/test/tooling
stack/native-typescript/tests/rescue/CG1_CORR01_OD054_ACCEPTED_RUNTIME_SECONDARY_ROUTE/evidence/CG1_CORR01_OD054_BROWSER_PRODUCT_ROUTE_PROOF.json,4417,95b22b6695eeff4d80426172a780d4f56020f3e5f9663c450cffeebdb91ce1c1,KEEP_CORE_BUILD_TEST,false,core/source/build/test/tooling
stack/native-typescript/tests/rescue/CG2_SHARED_FAMILIES_COVERAGE/shared-family-coverage.test.ts,5661,c0133e68c50110bd6560a6ef0220a4362144ca1fea4776fdede722202d9ca8ed,KEEP_CORE_BUILD_TEST,false,core/source/build/test/tooling
stack/native-typescript/tests/rescue/CG2_SHARED_FAMILIES_COVERAGE/visual-harness.html,4889,eefa077c5f894e0d3d8d6d598eb401637debc2be0629c003c276412f67d4fbe6,KEEP_CORE_BUILD_TEST,false,core/source/build/test/tooling
stack/native-typescript/tests/rescue/CG3_CONTROLLER_CORR01_LEARN_RQ_TRUTH/controller-corr01.test.ts,2081,56681313ee83362deb644fc099eb7384fb73444e6ca88f220e974bcb19a04a9d,KEEP_CORE_BUILD_TEST,false,core/source/build/test/tooling
stack/native-typescript/tests/rescue/CG3_W01_W02_COVERAGE/cg3-w01-w02-coverage.test.ts,6373,c4a3adf6b2e4a5a5b93e4a69ac5f29d38887ac68587d9bee5f28f2b1e99ce609,KEEP_CORE_BUILD_TEST,false,core/source/build/test/tooling
stack/native-typescript/tests/rescue/CG4_W03_COVERAGE/controller-corr01-w03-lifecycle-truth.test.ts,5119,572f2593062e2fadd6993b84221bc03414a7feb19ed63d9d0641b057668dbc65,KEEP_CORE_BUILD_TEST,false,core/source/build/test/tooling
stack/native-typescript/tests/rescue/CG4_W03_COVERAGE/group-composition.test.ts,4882,1054d1af234d0c290c14afaaf4da9ca77c0b1be9761e0bbdba8cd04039017090,KEEP_CORE_BUILD_TEST,false,core/source/build/test/tooling
stack/native-typescript/tests/rescue/CG4_W03_COVERAGE/group-falsification.test.ts,3714,ec60b8bcf512f61fc20f508bb644b9ab6def4712477256220d43de0ab91ea689,KEEP_CORE_BUILD_TEST,false,core/source/build/test/tooling
stack/native-typescript/tests/rescue/CG5_CONTROLLER_CORR01_A03_DOMAIN_INTEGRITY/controller-corr01.test.ts,5578,1a195cf4ed5fb5494c64390d0c590d4a77e8a5b16a2a76afb5c9ee04d7763b8e,KEEP_CORE_BUILD_TEST,false,core/source/build/test/tooling
stack/native-typescript/tests/rescue/CG5_W04_COVERAGE/w04-convergence.test.ts,3908,8ef497819e442e2f8ccb9ec7e7a9106fe5dc450783e3f493bd745458277f3623,KEEP_CORE_BUILD_TEST,false,core/source/build/test/tooling
stack/native-typescript/tests/rescue/CG6_W05_COVERAGE/cg6-w05-coverage.test.ts,6141,a068e0eee890cf53f3612b4c79e5a38dea022460e1f7f753826cc627174a53f6,KEEP_CORE_BUILD_TEST,false,core/source/build/test/tooling
stack/native-typescript/tests/rescue/CG6_W05_COVERAGE/controller-corr01-w05-truth.test.ts,4370,4a8dd8f38af6bd5cc752f6e3981da940da7d5cb8da3f43ab280867fdd0984b5d,KEEP_CORE_BUILD_TEST,false,core/source/build/test/tooling
stack/native-typescript/tests/rescue/PC1_W05_PROVIDER_PERSISTENCE/provider-persistence-falsification.mjs,15706,1903aa50e16e1fc94030d4c48baff92b61e587280d549c68417ec8a78074da83,KEEP_CORE_BUILD_TEST,false,core/source/build/test/tooling
stack/native-typescript/tests/rescue/PC1_W05_PROVIDER_PERSISTENCE/server-provider-seam-smoke.mjs,5891,48b80306c9c9fe3d980c780a6aa2b8e14ad7b2b224ba566ff6737233b416b87e,KEEP_CORE_BUILD_TEST,false,core/source/build/test/tooling
stack/native-typescript/tests/rescue/S01_SHARED_STRUCTURED_EDITOR/s01-browser-proof.ts,4437,8feecccb7d13c8db0a768bf246efb03b766d7b3daa3cba5c6c3a6cc1f156ec4d,KEEP_CORE_BUILD_TEST,false,core/source/build/test/tooling
stack/native-typescript/tests/rescue/S01_SHARED_STRUCTURED_EDITOR/s01-structured-editor-core-tests.ts,14004,a09d844750746e25b9b0b9f622aae27094e6fea34ababab3471a261d849e669b,KEEP_CORE_BUILD_TEST,false,core/source/build/test/tooling
stack/native-typescript/tests/rescue/S02_SHARED_WORKSPACE_CHROME/browser_workspace_chrome_regression.py,8577,7cf5a2ca6da1fd2a4900b113fab05f8b8e8ced7eca4038196c88e54f3177346e,KEEP_CORE_BUILD_TEST,false,core/source/build/test/tooling
stack/native-typescript/tests/rescue/S03_SHARED_SETTINGS_TRANSIENT/s03-shared-settings-transient-tests.ts,14720,4a60e5bf64df12291a1bcb2e7b114b7d6769446bc17b35f8199ac6110c39f44d,KEEP_CORE_BUILD_TEST,false,core/source/build/test/tooling
stack/native-typescript/tests/rescue/S04_SHARED_NOTES_OPERATIONAL/s04-shared-notes-operational-tests.ts,9618,5487a8b9df591e2ab826ade125fd2b21a56116ce66bd34c6080e96d3e9a70d65,KEEP_CORE_BUILD_TEST,false,core/source/build/test/tooling
stack/native-typescript/tests/rescue/S06_SHARED_COLLECTION_AUDIT_REVIEW/adapter-compatibility.test.ts,1499,d1a0a2cfb7a132610892136a917f6f5cf2e675cdb2f0fd14b5ca8a4eeb793713,KEEP_CORE_BUILD_TEST,false,core/source/build/test/tooling
stack/native-typescript/tests/rescue/S06_SHARED_COLLECTION_AUDIT_REVIEW/audit-provenance-core.test.ts,1667,6ce1242f503eecdab0e8ec6a3265cb3d9f06a129eec4a577f451a714d7ca3bbb,KEEP_CORE_BUILD_TEST,false,core/source/build/test/tooling
stack/native-typescript/tests/rescue/S06_SHARED_COLLECTION_AUDIT_REVIEW/collection-core.test.ts,1852,4757bd589a92d5dc09d8c38b08302878ec578e5083e5e845a04627be35937a2b,KEEP_CORE_BUILD_TEST,false,core/source/build/test/tooling
stack/native-typescript/tests/rescue/S06_SHARED_COLLECTION_AUDIT_REVIEW/review-decision-family.test.ts,3300,09221d4cdeb420ed2d65b9ff085d49bb16b4577df47c9a3dff8480b22e3b568e,KEEP_CORE_BUILD_TEST,false,core/source/build/test/tooling
stack/native-typescript/tests/rescue/S06_SHARED_COLLECTION_AUDIT_REVIEW/source-boundary.test.ts,861,a0de2bb76f9cd62e7057ea7ce6f32beef4ca922bd0c931d58c4473a18b653969,KEEP_CORE_BUILD_TEST,false,core/source/build/test/tooling
stack/native-typescript/tests/rescue/S06_SHARED_COLLECTION_AUDIT_REVIEW/visual-harness.html,4902,3e10c264e62048fb52cb053ee542ae9b042c133702e5f7d281da168f41e57027,KEEP_CORE_BUILD_TEST,false,core/source/build/test/tooling
stack/native-typescript/tests/rescue/S07_W01_W02_SHELL_TODAY/s07-contracts.test.ts,8598,ddd21305b53e09f14e8a5d53683869180c48728ff752bf0ce38354a127cf8fef,KEEP_CORE_BUILD_TEST,false,core/source/build/test/tooling
stack/native-typescript/tests/rescue/S08_W01_W02_LIBRARY_LEARN/s08-falsification.ts,13867,417921928abb694cb811a6d81e328a926e89a38f011698e388eb9edbade0b062,KEEP_CORE_BUILD_TEST,false,core/source/build/test/tooling
stack/native-typescript/tests/rescue/S09_W01_W02_RQ_VISUALIZE/s09-reexecution-tests.ts,10420,f68b8f5d832a2ce9007a162f4d8e79e6e8550a1de9d043989430f12167c1e608,KEEP_CORE_BUILD_TEST,false,core/source/build/test/tooling
stack/native-typescript/tests/rescue/S10_W03_ENTERPRISE/domain-and-lifecycle.test.ts,5324,d2615b20ded460fc8da70b375a1b5e441a6a2bd857828fdb842b718367d141b0,KEEP_CORE_BUILD_TEST,false,core/source/build/test/tooling
stack/native-typescript/tests/rescue/S10_W03_ENTERPRISE/source-duplicate-owner.test.ts,1074,7a62545becc6308156687495830d65de5332f5496ff93017871d55800feff467,KEEP_CORE_BUILD_TEST,false,core/source/build/test/tooling
stack/native-typescript/tests/rescue/S11_W03_SCENARIOS_LABS/lab-task-graph.test.ts,4717,028363246a0f4034d289d7dfacda782a9d6ea7bb0acd4944352b9ab2b6d343b7,KEEP_CORE_BUILD_TEST,false,core/source/build/test/tooling
stack/native-typescript/tests/rescue/S11_W03_SCENARIOS_LABS/scenario-studio.test.ts,4841,90b9e4765552ec21b5c538f30cef951e938def42d53ce19491e4ab621cb82bd0,KEEP_CORE_BUILD_TEST,false,core/source/build/test/tooling
stack/native-typescript/tests/rescue/S12_W03_RUNS/runs-operational-workspace.test.ts,7025,8c3632850dd99744ca5b29141c89065e985f12d5fd3b3baf0a26a425c887c062,KEEP_CORE_BUILD_TEST,false,core/source/build/test/tooling
stack/native-typescript/tests/rescue/S13_W03_RESULTS/results-rescue.test.ts,4666,27566cfdb49b69774d102560720e346ba36489d02d2ed54c1afe6abef0685dc1,KEEP_CORE_BUILD_TEST,false,core/source/build/test/tooling
stack/native-typescript/tests/rescue/S14_W04_EVIDENCE_REVIEWS/domain-lifecycle.test.ts,9494,6ec6ffb2c618ea2846d802cf01e83b35bbf90264064f2a2d680ca096a61b9d6e,KEEP_CORE_BUILD_TEST,false,core/source/build/test/tooling
stack/native-typescript/tests/rescue/S14_W04_EVIDENCE_REVIEWS/surface-contract.test.ts,2480,75b7c7313fe34a400d1fda47bc9b80ee662d79d08f91d3676f41c118dd73228c,KEEP_CORE_BUILD_TEST,false,core/source/build/test/tooling
stack/native-typescript/tests/rescue/S15_W04_MASTERY_PORTFOLIO/domain-authority.test.ts,8698,ba945028a16f3381f6ac90e07e518098fc75dc0a00bae33f89cd292f7a3e187b,KEEP_CORE_BUILD_TEST,false,core/source/build/test/tooling
stack/native-typescript/tests/rescue/S16_W05_HEALTH_PROCESSING/s16-health-processing-tests.ts,9316,471fc4ff9517e02ef49a98b8977d2ff69071922a70d55f12ac2d1685fef12869,KEEP_CORE_BUILD_TEST,false,core/source/build/test/tooling
stack/native-typescript/tests/rescue/S17_W05_VALIDATION_MANUAL_AI/s17-tests.ts,6191,e8a645a43d19408ecf739298302fa380a0459c4cf62c48a7df9afc7f277f78a6,KEEP_CORE_BUILD_TEST,false,core/source/build/test/tooling
stack/native-typescript/tests/rescue/S18_W05_BACKUP_AUDIT/domain-tests.ts,6042,70fc9acd7193473af8409d20b1abde9116db81aec38ebec1afe0c8f191c8d604,KEEP_CORE_BUILD_TEST,false,core/source/build/test/tooling
stack/native-typescript/tests/rescue/S18_W05_BACKUP_AUDIT/source-boundary-tests.ts,2099,611555abf20df76f28d3d7ce1b3afd5fe0539c859bebc3edea71ccfc70fa6a1c,KEEP_CORE_BUILD_TEST,false,core/source/build/test/tooling
stack/native-typescript/tests/rescue/S19_W05_RELEASES_CONFIGURATION/s19-tests.ts,8650,06b55a7656fbd862fceaf5eac21fef679f1c24a11d3f6d4d4f6e4bf0b3b244f9,KEEP_CORE_BUILD_TEST,false,core/source/build/test/tooling
stack/native-typescript/tests/surfaces/configuration/configuration-tests.ts,4432,384e9cc7c9c46feb8aaf1c83e7da57c53995d0c91197e627f528f0fd722a4070,KEEP_CORE_BUILD_TEST,true,core/source/build/test/tooling
stack/native-typescript/tests/surfaces/enterprise/domain.test.ts,1290,1adc9bd0b68d45ba24b658bee15b047103a3e7b74fb5d5affc312dc54436f406,KEEP_CORE_BUILD_TEST,true,core/source/build/test/tooling
stack/native-typescript/tests/surfaces/evidence/domain.test.ts,1355,2dbb748342e44fcee9b2503236117b186edca8a2734e17fa4f012934daac2c91,KEEP_CORE_BUILD_TEST,true,core/source/build/test/tooling
stack/native-typescript/tests/surfaces/labs/domain.test.ts,1384,f79cf2b789c14aa8c56abfd54f454cd39a81c7fd787de7ff9cf6fa934cab8337,KEEP_CORE_BUILD_TEST,true,core/source/build/test/tooling
stack/native-typescript/tests/surfaces/manual_ai/manual-ai-tests.ts,4239,2db3a7ae93716d1b9700f1ccd41e1b40757f68b5c9c77226879f61f781f72b95,KEEP_CORE_BUILD_TEST,true,core/source/build/test/tooling
stack/native-typescript/tests/surfaces/mastery/domain.test.ts,2266,eb2896155f34d9c6984ec8f2356f717ce7c4071714530c5030b13c569367cb54,KEEP_CORE_BUILD_TEST,true,core/source/build/test/tooling
stack/native-typescript/tests/surfaces/portfolio/domain.test.ts,1811,08094004c01a7ded9c8030767963fd268e3042767089ffec829fe2f1409fbd11,KEEP_CORE_BUILD_TEST,true,core/source/build/test/tooling
stack/native-typescript/tests/surfaces/releases/releases-tests.ts,4108,0146719ff8eb52dec45050505f9391c2dbcd6350991469d1325171a0657e3801,KEEP_CORE_BUILD_TEST,true,core/source/build/test/tooling
stack/native-typescript/tests/surfaces/results/domain.test.ts,2008,c7bcb2b09557095b163ffdfbfa731e7a3082be3045c0a21427ca7fad158ece53,KEEP_CORE_BUILD_TEST,true,core/source/build/test/tooling
stack/native-typescript/tests/surfaces/reviews/domain.test.ts,1516,1ceccda8a990739a1bd96d70990a42e047961296d27c94c5a95472b79762f798,KEEP_CORE_BUILD_TEST,true,core/source/build/test/tooling
stack/native-typescript/tests/surfaces/runs/domain.test.ts,1638,2a3ef7de6256434b23552423b236e4c58b50976f7067f5c4f299ba6dae7f814b,KEEP_CORE_BUILD_TEST,true,core/source/build/test/tooling
stack/native-typescript/tests/surfaces/runs/group-regression.test.ts,1884,cda065b3343d34f4b0aebef11fe5521b9cacbffb7c613b326dabea1f2b81c0f9,KEEP_CORE_BUILD_TEST,true,core/source/build/test/tooling
stack/native-typescript/tests/surfaces/scenarios/domain.test.ts,1468,d4233766c879e1c476edbe0826f28932a6307e1e1c8375692da57a7d3c4f721e,KEEP_CORE_BUILD_TEST,true,core/source/build/test/tooling
stack/native-typescript/w3-d-bottom-deep-work-tests.ts,15810,7d6a3ee0ab68862d42eba7acfe75b04ba37354770408b100e42405d81def65dc,KEEP_CORE_BUILD_TEST,true,core/source/build/test/tooling
stack/native-typescript/w4-c-direction-rich-content-tests.ts,13070,b1adbf1d0e12b341ea5698f284e819f94d7156f953770093b055138e11b96251,KEEP_CORE_BUILD_TEST,true,core/source/build/test/tooling
stack/native-typescript/w4-d-structured-drag-drop-tests.ts,7739,6cce627e614f6883e0d7b718386ee4cb716d7e4731fc5446d576d0ffc628b92f,KEEP_CORE_BUILD_TEST,true,core/source/build/test/tooling
stack/native-typescript/w4-e-settings-center-tests.ts,19105,2c8c5c3a6ee3ad037254867463841944da7fa1d0c6a8a6518690aee9659e1308,KEEP_CORE_BUILD_TEST,true,core/source/build/test/tooling
stack/native-typescript/w4-f-operational-session-tests.ts,8439,8139a9c43310900e9f8f475db76cd018a81f40c327f540c3e1faffe48814a680,KEEP_CORE_BUILD_TEST,true,core/source/build/test/tooling
stack/native-typescript/w4-g-epistemic-confirmation-tests.ts,16849,2643ddb93130ca6f942b63157ff32093be240a8663d0063d73ea185af0a56074,KEEP_CORE_BUILD_TEST,true,core/source/build/test/tooling
stack/native-typescript/w5-a-structured-surface-host-browser.ts,9072,f9ffd345dec2551a3f5bc78c15d2422358f4a59713ee139d94ce382e84eae1fd,KEEP_CORE_BUILD_TEST,true,core/source/build/test/tooling
stack/native-typescript/w5-a-structured-surface-host-tests.ts,44410,f22ac348ecafe47c7252824d556e72aba563dab664c7d5de039c765e4d8c8480,KEEP_CORE_BUILD_TEST,true,core/source/build/test/tooling
stack/native-typescript/w5-b-structured-navigation-browser-harness.ts,2394,5fdf52dc32a4c0a9012a9cb12c82404b5a3e831242b372e6e490c5c31078abcf,KEEP_CORE_BUILD_TEST,true,core/source/build/test/tooling
stack/native-typescript/w5-b-structured-navigation-correction-tests.ts,9097,625e0353e4b157f3de73a411179c0335acecbbcd6d61af241b583639ff0435da,KEEP_CORE_BUILD_TEST,true,core/source/build/test/tooling
stack/native-typescript/w5-b-structured-navigation-delta2-tests.ts,11343,7650ed0b69181d843695eab7d2699f9c5f908f808c9733c341224347481e2b84,KEEP_CORE_BUILD_TEST,true,core/source/build/test/tooling
stack/native-typescript/w5-b-structured-navigation-micro3-tests.ts,4909,6e0a32150550918c971bb6a443adc78a4a9316ddae9792cf8bd4fb1f03473bb7,KEEP_CORE_BUILD_TEST,true,core/source/build/test/tooling
stack/native-typescript/w5-b-structured-navigation-tests.ts,10660,3bd0ae85d188c864011e87ed599ef6b25055181007a7019a9721ff3d358a71bd,KEEP_CORE_BUILD_TEST,true,core/source/build/test/tooling
stack/native-typescript/w5-c-structured-consumer-parity-browser.ts,11121,9568cf9343a790ca9387b547761f3857c7a480825e9786d63b486e247e1d79bc,KEEP_CORE_BUILD_TEST,true,core/source/build/test/tooling
stack/native-typescript/w5-c-structured-consumer-parity-tests.ts,25310,ebf72e374e2510d9cfef8e58f6c3e668877716d18b196fa75297c70a9b736d3d,KEEP_CORE_BUILD_TEST,true,core/source/build/test/tooling
stack/native-typescript/w6-a-sticky-note-window-browser.ts,2808,4623c02fb4896c334f62d3cfcf6ad3345422ae2b7237f453571600bb05fda6f2,KEEP_CORE_BUILD_TEST,true,core/source/build/test/tooling
stack/native-typescript/w6-a-sticky-note-window-tests.ts,10628,7b7f3ab3bfd801bbdaedcfc1388b1b1d84b339b09d84794c1ce380948e0373f4,KEEP_CORE_BUILD_TEST,true,core/source/build/test/tooling
stack/native-typescript/w6-b-note-binding-browser.ts,3469,60b28b023d4858ec846dde951edddddb85c8566717364659806d3c4036c2c2c2,KEEP_CORE_BUILD_TEST,true,core/source/build/test/tooling
stack/native-typescript/w6-b-note-binding-correction-tests.ts,7796,511a3c77c8300e8538756ddf212eaf18471b5ef60753d72617473df9bc339fb9,KEEP_CORE_BUILD_TEST,true,core/source/build/test/tooling
stack/native-typescript/w6-b-note-binding-tests.ts,17361,27528a6244f8dd1cf504059169d846b0ac052846296b2ec5484e420a5b9d62af,KEEP_CORE_BUILD_TEST,true,core/source/build/test/tooling
stack/native-typescript/w6-c-structured-note-content-browser.ts,8535,4c5eba08588079341995a8b48f1146be7558b2cce3e2594c7aae0dc1b916f939,KEEP_CORE_BUILD_TEST,true,core/source/build/test/tooling
stack/native-typescript/w6-c-structured-note-content-correction-browser.ts,5456,e880b161bbb1f29cf1841bc5c9fdd8a1a6f6c0922d3d0eb4ca2a710cb245f18a,KEEP_CORE_BUILD_TEST,true,core/source/build/test/tooling
stack/native-typescript/w6-c-structured-note-content-correction-tests.ts,9830,c9114a91d93012a20b44b1ec51fcfc2123422afc9d2ce8b905199a215caf7b6e,KEEP_CORE_BUILD_TEST,true,core/source/build/test/tooling
stack/native-typescript/w6-c-structured-note-content-tests.ts,38150,9d5cbd6cfcdc1943ed3b9323a872e6e8b18cafaaa0cf4f343c7597253854fb3a,KEEP_CORE_BUILD_TEST,true,core/source/build/test/tooling
stack/windows-platform/bin/cep-win-sidecar.exe,393728,a42b53817715ff3e24ecfc317577262bad464d0439f5fe33581be73ba629ac18,KEEP_CORE_BUILD_TEST,true,core/source/build/test/tooling
stack/windows-platform/build-windows.ps1,641,c155e94c86bb804bafc58840b2d1672f68d95eff950c1456b8e9cdccda3f3bda,KEEP_CORE_BUILD_TEST,true,core/source/build/test/tooling
stack/windows-platform/descriptor.json,576,2b72180a38c266123981b2ec769819b0f478989dd36f30e85d0a6de2b26c3d24,KEEP_CORE_BUILD_TEST,true,core/source/build/test/tooling
stack/windows-platform/proof/EXPECTED_BINARY_SHA256.txt,65,77b8df3d70818e724ac30942ef168482c0e2b86e2bd01ec7ab546df705529f93,KEEP_CORE_BUILD_TEST,true,core/source/build/test/tooling
stack/windows-platform/proof/README_OWNER_WINDOWS_PROOF.md,2683,e60bb25a674ce1d3dae5b6c10425d4bb8ecda478ff0a965e9461eff116cb7a81,KEEP_CORE_BUILD_TEST,true,core/source/build/test/tooling
stack/windows-platform/proof/Run-OwnerWindowsProof.ps1,8979,5fbbfaec1342727999c01342c50106ea72145dc5ab7b840532faa63679c5d974,KEEP_CORE_BUILD_TEST,true,core/source/build/test/tooling
stack/windows-platform/proof/START_PLATFORM_PROOF.cmd,238,848a8d570c2837f77101bf7a9017718a9a65b67a713e8f5145891499d895f711,KEEP_CORE_BUILD_TEST,true,core/source/build/test/tooling
stack/windows-platform/src/main.cpp,16728,316865a6c1694e5eb397a9e30fc9cdc2a7929f13c98ad993d402412694c07b4b,KEEP_CORE_BUILD_TEST,true,core/source/build/test/tooling
stack/windows-platform/vendor/xterm/LICENSE,1261,b569f629d00f2626a8100df2a1798210535621e42164dfd426a6fe5aac7b0ccd,KEEP_CORE_BUILD_TEST,true,core/source/build/test/tooling
stack/windows-platform/vendor/xterm/package.json,4348,f5a0dde40a146d6c7a86b22daf6e5740517e5d708ec1d162197e0445431d8f4f,KEEP_CORE_BUILD_TEST,true,core/source/build/test/tooling
stack/windows-platform/vendor/xterm/xterm.css,7112,854a7c0fb70e8b1a083c16797ab827299fb18744f5ad34f227b48337e33293c6,KEEP_CORE_BUILD_TEST,true,core/source/build/test/tooling
stack/windows-platform/vendor/xterm/xterm.mjs,344970,b336ec65a086c056d4804b3d4c2347da5663d3f23c3f25be866467bd8857ad59,KEEP_CORE_BUILD_TEST,true,core/source/build/test/tooling
tests/surfaces/learn/surface.test.mjs,1042,99accf42aebe94cd31f711fe8e053f0b59ec5b9ee49234ed21c3a3734e3c95be,KEEP_CORE_BUILD_TEST,true,core/source/build/test/tooling
tests/surfaces/library/surface.test.mjs,1213,db213195fb3763885ba7952ef6abffd214cf2ec8ade74fc771c3c4c19e22f0d6,KEEP_CORE_BUILD_TEST,true,core/source/build/test/tooling
tests/surfaces/rq/surface.test.mjs,1953,da44db56ec6d477ec19097402c679cf8fd1001a7c83dbe1b4c9c851df47ac816,KEEP_CORE_BUILD_TEST,true,core/source/build/test/tooling
tests/surfaces/shell/surface.test.mjs,1097,65fbf90be27926fb0fc071e50d29bfd573ccfbc4d337d0d2d843173f8058c38c,KEEP_CORE_BUILD_TEST,true,core/source/build/test/tooling
tests/surfaces/today/surface.test.mjs,1507,9708f8e8b4fc92e03b09c1f80d2c44b257429e6e570fda616aeb598ed6155f61,KEEP_CORE_BUILD_TEST,true,core/source/build/test/tooling
tests/surfaces/visualize/surface.test.mjs,1438,7be6ced142a8d2ecbab92e0a5b52ca80a3e11c81aef6c275504fc73c1d217b77,KEEP_CORE_BUILD_TEST,true,core/source/build/test/tooling
tools/b3r-rq-visualize/capture_b3r_corr02_candidate.py,13944,15684e994fbbb4f2790247d4467e52bbffc265ecf49d17022169a26bfb161535,KEEP_CORE_BUILD_TEST,false,core/source/build/test/tooling
tools/b3r-rq-visualize/capture_b3r_corr02_parent.py,7682,092fbe8e9914c60870ec8d8358500f8c14c69cd299d9320f24fe6d8954167add,KEEP_CORE_BUILD_TEST,true,core/source/build/test/tooling
tools/b3r-rq-visualize/capture_b3r_corr03_candidate.py,26066,62835702ead7b1ae8304fc574584a4cf8df1cb9730151a1450d38ba88a0a25ac,KEEP_CORE_BUILD_TEST,false,core/source/build/test/tooling
tools/b3r-rq-visualize/capture_b3r_parent.py,7056,a810ac4bded252d3063aa5ae333d74005cd045874daac768419f2dd7275efe51,KEEP_CORE_BUILD_TEST,true,core/source/build/test/tooling
tools/b3r-rq-visualize/falsify-b3r-corr03.mjs,27603,c0f25230d832735f670d2922a2fafb55d70c00a3880b732f16f5a2ed5994088a,KEEP_CORE_BUILD_TEST,false,core/source/build/test/tooling
tools/b3r-rq-visualize/falsify-b3r.mjs,17544,ccd09ff09b2b0b8722a0cea468e2e8371066c54f741066f410f7781c54f3ec59,KEEP_CORE_BUILD_TEST,true,core/source/build/test/tooling
tools/balanced6-acceptance-tests.mjs,9727,12493d03fc4bb69af27dc548360282d51d306a6cb5552aee1b8cac2271d34bc9,KEEP_CORE_BUILD_TEST,true,core/source/build/test/tooling
tools/browser-conformance.mjs,25602,c1edb3cda13ab70ac4d6a3c2614388e0b947a58dad13fd93ab9a7899742fe425,KEEP_CORE_BUILD_TEST,true,core/source/build/test/tooling
tools/build-correction-registers.py,14799,203177102379b6b74c8b6f2f2342e5c5af6ccd269464495fb36b0be465e0debd,KEEP_CORE_BUILD_TEST,true,core/source/build/test/tooling
tools/build-runtime.mjs,2924,a21c7c46d214f3c5507928c03f0dfa166aafdca4534a85baa3a623fae081b140,KEEP_CORE_BUILD_TEST,true,core/source/build/test/tooling
tools/build-writer-contracts.py,42681,280209bb09879c0ff1494a2e2a19a19479b3e8712d6db9520fbb3b0f2439a4d3,KEEP_CORE_BUILD_TEST,true,core/source/build/test/tooling
tools/c2-capsule/capture-w04-baseline.mjs,6610,cf56caab7be3baddce0d103d62df78158365d1e4fda70b7e9d50f90de1a14bb9,KEEP_CORE_BUILD_TEST,true,core/source/build/test/tooling
tools/c2-w04-truth/browser-w04-c2-cdp.py,16861,25ebdae2506b0ddcfb4a38348a370a378e68f8f5e813769a24cfb7085a5dda4b,KEEP_CORE_BUILD_TEST,false,core/source/build/test/tooling
tools/c2-w04-truth/falsify-w04-truth.mjs,7929,0feb5d2a2af2494d60e093c83246dfabf97858e429f53d50cb19f56e38298cf3,KEEP_CORE_BUILD_TEST,true,core/source/build/test/tooling
tools/c3-capsule/capture_today_baseline.py,7394,6236cd53a14921ea7babf5770eda6a8cd1b121650c2f6c13c8fbdb6f3f259fe0,KEEP_CORE_BUILD_TEST,true,core/source/build/test/tooling
tools/c3-today-truth/capture_today_candidate.py,11197,d082cbcc5eaca68c314448301d78e022e9f6a3c28eae88cf18b9e6d9eaaaa707,KEEP_CORE_BUILD_TEST,false,core/source/build/test/tooling
tools/c3-today-truth/falsify-today-truth.mjs,12005,6028928b3c2d8951431ab78e482c5e17b5c48a8dafcbfed39e37e459198bc0f1,KEEP_CORE_BUILD_TEST,true,core/source/build/test/tooling
tools/check-authority-intake.mjs,2060,2b614255ba4d1dd21049eb2778a17affcf0493f47a5ebdf3bfa3714265e712a0,KEEP_CORE_BUILD_TEST,true,core/source/build/test/tooling
tools/check-build-authority.mjs,4912,f3ddaecce3a322d708ac93f0a07b88f67af1f835cde78235bdf125dcc140f95a,KEEP_CORE_BUILD_TEST,true,core/source/build/test/tooling
tools/check-contracts.mjs,39238,c45c95b98f13579f74dbb3393e7c3811c998214ed9280be35e280bd6bac08496,KEEP_CORE_BUILD_TEST,true,core/source/build/test/tooling
tools/check-deferred-boundary.mjs,2863,77fc765f733b60afb3296d761a73ca6f8880639687b8eff6a069a8be4f63668c,KEEP_CORE_BUILD_TEST,true,core/source/build/test/tooling
tools/check-duplicate-mechanics.mjs,12170,97ae3f27ee4fc4e1e6f766110f6595caed5c882be9a7f3927f0640b494cdab9f,KEEP_CORE_BUILD_TEST,true,core/source/build/test/tooling
tools/check-vs05-command-ownership.mjs,8692,3acf4dd954e509065c94fed8ac87a9c305a4362c27107d0fd9ea7a400c65da32,KEEP_CORE_BUILD_TEST,true,core/source/build/test/tooling
tools/check-w03-semantic-ownership.py,7732,a340820d649331b59f6f6471ac514ebb1294d03c84a407bbe7a3be9635edefef,KEEP_CORE_BUILD_TEST,true,core/source/build/test/tooling
tools/compile-contracts.py,29325,10b60be35ff8508db6053c45218f5ea0626f117dd26663a2670d6a42d083bbd3,KEEP_CORE_BUILD_TEST,true,core/source/build/test/tooling
tools/controller-wave3-browser.py,23653,4b8f6354219913b9d7d694ec61d93307385d2e3fb932874e1d5092e08ecaea44,KEEP_CORE_BUILD_TEST,true,core/source/build/test/tooling
tools/controller-wave4-browser.py,13121,6810b625cb80d66c256e4b9092a28acaae1b769653f0694cb8babb9a44cb4bdd,KEEP_CORE_BUILD_TEST,true,core/source/build/test/tooling
tools/debug-wave3-integration.py,3640,d1caa55bc3ee10bd28d1686b9ca7663f60a436270d4859d2dabc73b22a06edee,KEEP_CORE_BUILD_TEST,true,core/source/build/test/tooling
tools/diag-final-g19-g22.py,5349,66724249914b35e23228ad752f75f682ff18dc521e454bf4cd84a98bc107b17a,KEEP_CORE_BUILD_TEST,true,core/source/build/test/tooling
tools/e17-analytical-compare-browser.py,8905,b22251c13498010efd7be11cb47a0895e536de1b9602bac913536e7e557c6449,KEEP_CORE_BUILD_TEST,true,core/source/build/test/tooling
tools/e17-analytical-compare-correction-proof.mjs,2491,48be5498e4a6c5a81d0e681bd0f4a6e7c05220dca34ff069253f8fcc40950aaa,KEEP_CORE_BUILD_TEST,true,core/source/build/test/tooling
tools/e17-analytical-compare-current-candidate-check.py,3361,824f2c43d1412745c23e9bceb0398cebe311b79b4832d9f0852ff2d0ab009235,KEEP_CORE_BUILD_TEST,true,core/source/build/test/tooling
tools/e17-analytical-compare-proof.mjs,1188,1532479e6091f7a6cef9e23318e9733521254722e7566f69157174e64e948d15,KEEP_CORE_BUILD_TEST,true,core/source/build/test/tooling
tools/export-registries.mjs,4539,85f560b882a416bc486c2ac73701d3b173d2aea4aa63fa867773584be1634244,KEEP_CORE_BUILD_TEST,true,core/source/build/test/tooling
tools/extract-w03-v34.py,2972,84b53a8ec9d486804fd75e063b414921850cbcf01343c5a8be8d6e70059a9a8b,KEEP_CORE_BUILD_TEST,true,core/source/build/test/tooling
tools/extract_donor.py,3868,b21b203b638bb2c3d7c910823dde5d7d7a3fbb5192da5384ac6e7b80233852a6,KEEP_CORE_BUILD_TEST,true,core/source/build/test/tooling
tools/final-foundation-falsification.py,7288,4c754c8073059d27cc66d2a543fd9f8817fbb58c882aceb72e83eefe90d245a6,KEEP_CORE_BUILD_TEST,true,core/source/build/test/tooling
tools/final-foundation-legacy-current.py,13991,2061358624ef70562d817cddce92b5f15ead4df8c627af50465f878a00419e93,KEEP_CORE_BUILD_TEST,true,core/source/build/test/tooling
tools/final-foundation-r3-gate.py,22721,cb13a13c5d31f9c48cef06edbf2f8da13c7cb51afc30761c6c9379a062ca8b75,KEEP_CORE_BUILD_TEST,true,core/source/build/test/tooling
tools/final-foundation-r3-last3.py,11803,b9ecc2f201234ee44477280f69635f54d931957e50d5c354e95543bf5408485c,KEEP_CORE_BUILD_TEST,true,core/source/build/test/tooling
tools/final-foundation-r3-repair.py,10243,00ae31593478a4f2aaa22277f8d21cc4af1ff72d8869435f9193c5d09f88e839,KEEP_CORE_BUILD_TEST,true,core/source/build/test/tooling
tools/finalize-candidate.py,13059,31db07ced9cfec572d3f2714c807f6193bc7882b32a24ac51a86988c6c5d56a2,KEEP_CORE_BUILD_TEST,true,core/source/build/test/tooling
tools/finalize-v021a-historical.py,14089,9746463fcbc5fd1b4e3bea4cd6a5bbe6ffe85c7ac2a3dce2598b9007f529507c,KEEP_CORE_BUILD_TEST,true,core/source/build/test/tooling
tools/fw-a-browser-proof.mjs,14298,4cf8add58001c4a2266f87abf6d7fd6533efa2f7689f3662e011abd6b5d2a124,KEEP_CORE_BUILD_TEST,true,core/source/build/test/tooling
tools/fw-a-workspace-panes.mjs,12849,7a38d1befc0f78bb7e7da47ef94e9a8e35b402c1eeee275dc09028e800e18dca,KEEP_CORE_BUILD_TEST,true,core/source/build/test/tooling
tools/fw-b-browser-support.mjs,3498,e200cb01061ce90f8879cb44982e3bc26afcc68a492eeff4c98fa6214fd834f7,KEEP_CORE_BUILD_TEST,true,core/source/build/test/tooling
tools/fw-b-range-probe.mjs,1406,1f67ec2f7f4b302948eb38c8640b11b0d5ffc0fe714a064db43ae0764e194c8f,KEEP_CORE_BUILD_TEST,true,core/source/build/test/tooling
tools/fw-b-selection-browser.mjs,13765,5dd5847cf13ecdaeb4f4de38c7797331dc15271703ef289fdaed9e14bf3a114e,KEEP_CORE_BUILD_TEST,true,core/source/build/test/tooling
tools/fw-b-selection-correction-browser.mjs,3451,6880ad0ba162005a422a8300813c099fc784504b0c10ab774541b5db4cd4189f,KEEP_CORE_BUILD_TEST,true,core/source/build/test/tooling
tools/fw-b-selection-gates.mjs,4666,7199603a30a31cbe5a0becfc44949721494b18310c8add27103630b9f656b925,KEEP_CORE_BUILD_TEST,true,core/source/build/test/tooling
tools/fw-c-browser-proof.mjs,16032,635614bb751caea7f537d438de8336abb30f583dcfc28b0e3f2d8992c7d83cd5,KEEP_CORE_BUILD_TEST,true,core/source/build/test/tooling
tools/fw-c-central-policy-probe.mjs,5241,95d64fd3c1f5c74892c75ebd37da78198b79c3aac17d466c79eada824905d2c2,KEEP_CORE_BUILD_TEST,true,core/source/build/test/tooling
tools/fw-c-consumer-proof.mjs,6100,4b279b6086d15c56a417de2b77d35d34e7b7b6c7a7300d6cf280bec57af00b7f,KEEP_CORE_BUILD_TEST,true,core/source/build/test/tooling
tools/fw-c-negative-scan.mjs,2972,309032e9015a1091063bcb24172db32f95d25adda23d8593b2ca4739f3a04368,KEEP_CORE_BUILD_TEST,true,core/source/build/test/tooling
tools/fw-c-recorded-mode-correction-proof.mjs,5734,8ad6c9445a355a790cbef71a2a35045aaff845caa66ab89aaf9b8355248a8b90,KEEP_CORE_BUILD_TEST,true,core/source/build/test/tooling
tools/generate-writer-scaffold.mjs,9146,073a12ad3917fb83762d98cf846be82564b3a2b129485c49883436f2f063097e,KEEP_CORE_BUILD_TEST,true,core/source/build/test/tooling
tools/inspect-b2-browser.mjs,5217,f9b5d93c77214d4fe3b4ee01e0362daaf24f93be141484c57a83b4b63abc9da2,KEEP_CORE_BUILD_TEST,true,core/source/build/test/tooling
tools/lane1-windows-native-terminal-falsification.mjs,4959,680a186a6f0384cf5297fe134cbadec016b6c8698ac3262412d6c43a3da4690b,KEEP_CORE_BUILD_TEST,true,core/source/build/test/tooling
tools/lane1-xterm-browser-proof.mjs,6050,c208326731ce11c8103adf4a8481a81b156b11f8b8967a19d9d8a623a7aad7d5,KEEP_CORE_BUILD_TEST,true,core/source/build/test/tooling
tools/merge-final-foundation-r3-chunks.py,1889,808d40bab0cb8a7b01b82310520299c5c8fdeb30f3b82e6ad4d2ffed28ef27f0,KEEP_CORE_BUILD_TEST,true,core/source/build/test/tooling
tools/normalized-tree.mjs,2057,6ca7a41055b490242512e91a2e400d74e3accadfd80cbfb53fd094dfd2bbdc2a,KEEP_CORE_BUILD_TEST,true,core/source/build/test/tooling
tools/psc-final-browser-gates.py,29447,0af1497af4c7488887c95738c9b0b2f36a302c38bfbef1d46455b3eaaa258dd5,KEEP_CORE_BUILD_TEST,true,core/source/build/test/tooling
tools/psc-ps01-browser-conformance-cdp.py,23458,5086c75da9c7535c3662a31a6f52830683837e2e786fd09cd6cfb49b0521e8dc,KEEP_CORE_BUILD_TEST,false,core/source/build/test/tooling
tools/psc-ps01-focus-layering-browser-cdp.py,14289,08b8ffe138f9e7ce47edc34f167ba577eabb0fc667cc29fbe2ad9b0321dfe761,KEEP_CORE_BUILD_TEST,false,core/source/build/test/tooling
tools/psc-ps01-shell-focus-layering.mjs,4696,39b1896c08aec154cca8509d5ef4d62358dad3457bf3e65bea7b4cad074f08a2,KEEP_CORE_BUILD_TEST,false,core/source/build/test/tooling
tools/psc-ps04-operational-browser-proof.py,17791,9ecbd3e1fdd1b7f231aac0d117d9242df344ad6605335de8ec84c5520a6386b6,KEEP_CORE_BUILD_TEST,false,core/source/build/test/tooling
tools/psc-ps04-operational-convergence.mjs,7496,8bb16b520cf37c3bb8f7a6825e12f24f1dd9e22669a33f94cd7e14e73de4d239,KEEP_CORE_BUILD_TEST,false,core/source/build/test/tooling
tools/psc-runtime-falsification.mjs,13095,fcc55c985fa72dd7dfa1fe4f74d0ffe30da8a43587e4755c8387b801220d765d,KEEP_CORE_BUILD_TEST,true,core/source/build/test/tooling
tools/r6-23-surface-browser-audit.py,15778,4c805ced853226becfe3571a031896872afb000df9c02a96b4c62a1b53cc3de8,KEEP_CORE_BUILD_TEST,false,core/source/build/test/tooling
tools/r6-browser-conformance-cdp.py,24952,0dff56733a8437f8c3dd9115fb1ca2dc6e06d51ecad1523a8060477341b4878b,KEEP_CORE_BUILD_TEST,true,core/source/build/test/tooling
tools/r6-corr01-http-browser-audit.py,17577,68dd772e60890f5929285adaed457986342dae47345cc1778fdf16b25257a9c0,KEEP_CORE_BUILD_TEST,false,core/source/build/test/tooling
tools/r6-corr01-targeted-tests.mjs,3324,5c938244fe7b34f50bbc28c561b918d7b1e9dc93bfe4ad3636d54802baddb59d,KEEP_CORE_BUILD_TEST,true,core/source/build/test/tooling
tools/r6-http-browser-temp.py,23197,c84f73e7723552b4dd1d22024d1d38a866025648bfe877014ae37e908d84dbc7,KEEP_CORE_BUILD_TEST,false,core/source/build/test/tooling
tools/reconcile-current-owner-registries.py,77750,24bbd505ec084e21a751194d601a7373b62c1b7772d506ba18b79ed04f49f14e,KEEP_CORE_BUILD_TEST,true,core/source/build/test/tooling
tools/reconcile-final-foundation-intake.py,13354,6dd32992b4233974a3378eaa11d2f6a06c7b4ec516a5c47187fca0c200f60752,KEEP_CORE_BUILD_TEST,true,core/source/build/test/tooling
tools/serve.mjs,1384,33451b63160e54323745d350f7e834bf6c7376a654ec7200f801fc2cc89afbca,KEEP_CORE_BUILD_TEST,true,core/source/build/test/tooling
tools/source-tree-identity.mjs,1008,263d928ffc0c6833f4ab960fd6f560a91a7dd2866c5375f1462cec4d42479f6d,KEEP_CORE_BUILD_TEST,true,core/source/build/test/tooling
tools/stack-proof.mjs,4271,61c46b72bd39fc9aa01e3a4cde1a2bd0c00060409a5efcc4671575a9ca4de1c9,KEEP_CORE_BUILD_TEST,true,core/source/build/test/tooling
tools/test-models.mjs,479,7f14bd9d728d14fe0370e5ed41fe613ab38fd25297f10cb79937ce005cdbdd78,KEEP_CORE_BUILD_TEST,true,core/source/build/test/tooling
tools/test-writer-scaffold.mjs,3504,a7c260ce2e1a0f0598fccb2e9fc228b3bec1329632857b4ebdfdd40cad6a3091,KEEP_CORE_BUILD_TEST,true,core/source/build/test/tooling
tools/update-browser-environment-receipt.mjs,2169,06b90b3fa799f602efab17306d2a80ff653850a40c1829d0ddd21a0a4f4c765e,KEEP_CORE_BUILD_TEST,true,core/source/build/test/tooling
tools/vs03-browser-golden.mjs,16344,98ff3147e2ebb32ee31e3d52c812e938603f78c15802bf6c5d9ea822a37b7edb,KEEP_CORE_BUILD_TEST,true,core/source/build/test/tooling
tools/vs04-browser-golden.mjs,16528,27a6f7cf219ce8c94728ace651c0f225d257f2a0e6ee371e6299db7ed1669366,KEEP_CORE_BUILD_TEST,true,core/source/build/test/tooling
tools/vs04-policy-probe.mjs,3590,89e40315afe359dacf03f75ea5d1f4184f05365c30ab0c428ab865cffe60b2dd,KEEP_CORE_BUILD_TEST,true,core/source/build/test/tooling
tools/vs05-browser-golden.mjs,13743,7ebb7fd634a798ffe3be02dcbca32e27acf177dd5848b2be3501be0149b0601d,KEEP_CORE_BUILD_TEST,true,core/source/build/test/tooling
tools/vs05-policy-probe.mjs,5489,49f401683d2606eaf16a3e2c751deb2002077cc112bf4b1c634f61ff5af61cc9,KEEP_CORE_BUILD_TEST,true,core/source/build/test/tooling
tools/vs05-read-mode-correction-browser.mjs,11030,fcdf15b059568eab07d24fc95594289880bc1deb9ab34f1897ea4a653a8491e6,KEEP_CORE_BUILD_TEST,true,core/source/build/test/tooling
tools/vs05-read-mode-matrix.mjs,8039,61ddfd62e7c7d930e666371a018d81c7031c249ebb15594aebde023af54cf158,KEEP_CORE_BUILD_TEST,true,core/source/build/test/tooling
tools/w05-backup-capability-proof.mjs,4203,859db0b256c7bf78b9d0a2364b617533ceb5faf7e8c692e41d3218e8dca9f747,KEEP_CORE_BUILD_TEST,true,core/source/build/test/tooling
tools/w05-health-capability-proof.mjs,2806,abfe890b39ec1c956cdb14143a968325cc01d34e3a6b105fe7444fa14e626a46,KEEP_CORE_BUILD_TEST,true,core/source/build/test/tooling
tools/w05-processing-capability-proof.mjs,4618,1d24df26517501e666115dc06db9e6619e91680557fe46f89bb20aaa68ac0302,KEEP_CORE_BUILD_TEST,true,core/source/build/test/tooling
tools/w05-runtime-http-integration.mjs,7114,44c265ca50378c7f348653a5b3c727b17676b2f26ea3b844680ad05c2338ef70,KEEP_CORE_BUILD_TEST,true,core/source/build/test/tooling
tools/w2a-central-modification-proof.mjs,7268,497bfabbf77ac7a37641516e46148f349603382c6193048d960d28e61bbf7a5b,KEEP_CORE_BUILD_TEST,true,core/source/build/test/tooling
tools/w2a-global-owner-browser-proof.mjs,15175,02b682d8dbdbe5eccd9b11c276b73f33ae2eed5740f51a94a30ec86c11d6a445,KEEP_CORE_BUILD_TEST,true,core/source/build/test/tooling
tools/w2a-negative-scan.mjs,6306,0296271f1e4464d2167271de826e23cb2aa8b0a6d178de0a8cf1bfdd29d65dab,KEEP_CORE_BUILD_TEST,true,core/source/build/test/tooling
tools/w5-a-browser-proof.py,6007,ed9a8a791ebce0dfe18c51556129e8a9639f424e6a964e4bd82130716f561c79,KEEP_CORE_BUILD_TEST,true,core/source/build/test/tooling
tools/w5-a-correction-proof.py,2609,7fd40c1beb9c7f846b578e0556c1965ba025c3eb28191eca9528cc285bd3072d,KEEP_CORE_BUILD_TEST,true,core/source/build/test/tooling
tools/w5-a-current-regression-browser.py,17122,c65ebbb5de081bac337bb001c36c369467c030e5b96671c70bdb16e9a8505fbc,KEEP_CORE_BUILD_TEST,true,core/source/build/test/tooling
tools/w5-a-post-correction-delta-proof.py,5162,f9c80fde7af65326c9d70d12f351636e4339aaa02609d2280955e04c3671dc61,KEEP_CORE_BUILD_TEST,true,core/source/build/test/tooling
tools/w5-a-proof.mjs,7662,005143d71b98b72b7f4af9208edd4025ab116c73334418d0fc94eb0b4228d05c,KEEP_CORE_BUILD_TEST,true,core/source/build/test/tooling
tools/w5-b-delta2-negative-scan.mjs,4023,4b71ac045b617e9d8fa536b5cef5b7308f77c491f0ba86224e1bda5c98c993d9,KEEP_CORE_BUILD_TEST,true,core/source/build/test/tooling
tools/w5-b-negative-scan.mjs,4427,a374f95a59e2d4e7625c2b6976042417970b4df39cd5b1f8a056d37bb54d0085,KEEP_CORE_BUILD_TEST,true,core/source/build/test/tooling
tools/w5-b-structured-navigation-browser.py,6947,ce2f5febf805757af554cabb034264ea02c6ba84142062eb7827b0a33241cee2,KEEP_CORE_BUILD_TEST,true,core/source/build/test/tooling
tools/w5-b-structured-navigation-correction-proof.mjs,943,00d8e8dd1b4a8c3b2e856d74869761b1a8791715b0432852c81b7edf724c6c7e,KEEP_CORE_BUILD_TEST,true,core/source/build/test/tooling
tools/w5-b-structured-navigation-delta2-proof.mjs,1601,268040a36c17c5032fd818ac20a8f3810b8504825b346ed020d1eb847799b974,KEEP_CORE_BUILD_TEST,true,core/source/build/test/tooling
tools/w5-b-structured-navigation-micro3-proof.mjs,1772,2e867666dff741179fd5d77505916eb5fd1b6bca60f88abce62a85fb99b11350,KEEP_CORE_BUILD_TEST,true,core/source/build/test/tooling
tools/w5-b-structured-navigation-proof.mjs,923,f8f4f5919924728c231c551d054e8e621dc3e7baee59cfdcaef5750d572c0bb5,KEEP_CORE_BUILD_TEST,true,core/source/build/test/tooling
tools/w5-c-browser-proof.py,6300,b055b1d131461496ce4734dbedd6771af6400a9c907d62780d29e1bb75ce6e3c,KEEP_CORE_BUILD_TEST,true,core/source/build/test/tooling
tools/w5-c-donor-retirement-inventory.mjs,38256,ab8a7403b6036c09362648fc76c541980f2a677073c424b18cd6bc42a1ad3c00,KEEP_CORE_BUILD_TEST,true,core/source/build/test/tooling
tools/w5-c-donor-retirement-truth-validator.mjs,10748,aa374f284db6bf4af1acda2768aa575f3daa7831534863824a553c05c86c9ce6,KEEP_CORE_BUILD_TEST,true,core/source/build/test/tooling
tools/w5-c-structured-consumer-parity-proof.mjs,3963,42c1d5234f8e56c50ed2cfe6f24d3e5b6033d4c94b74ea6d3006c375ed60ff6b,KEEP_CORE_BUILD_TEST,true,core/source/build/test/tooling
tools/w6-a-browser-proof.py,11775,0458ab5ca9df9993d662a789ea1754868c74f988f85e4cc1aa4cd501f9a87856,KEEP_CORE_BUILD_TEST,true,core/source/build/test/tooling
tools/w6-a-correction-proof.mjs,8559,f5954d121595e532dcbd0f32fb1e5420e0cbc4ab186bcfd864d814c476cd3dd1,KEEP_CORE_BUILD_TEST,true,core/source/build/test/tooling
tools/w6-a-proof.mjs,4541,f8ba4e3a0c0ac850452b0dc3ae7fe9f0b5325ff965d3441af6be904c2e5329e2,KEEP_CORE_BUILD_TEST,true,core/source/build/test/tooling
tools/w6-b-note-binding-browser.py,5267,a59784d210cba8d69365adc52beb411f60e83a1464699f82ab0225d5cbfe9929,KEEP_CORE_BUILD_TEST,true,core/source/build/test/tooling
tools/w6-b-note-binding-correction-proof.mjs,1169,d5434941a774441b58a47eb206d23d00e8a745ed7ea1ef4205cfcbfb55f69524,KEEP_CORE_BUILD_TEST,true,core/source/build/test/tooling
tools/w6-b-note-binding-proof.mjs,3684,d1837bb55951990f328be86c12918a95f55079d1fb0bf7cf211456128d1a2487,KEEP_CORE_BUILD_TEST,true,core/source/build/test/tooling
tools/w6-c-structured-note-content-browser.py,5465,946cb8c57a99499109865835e5fc27a6a7a4cd7471cd531b5ded3de5af6ed46f,KEEP_CORE_BUILD_TEST,true,core/source/build/test/tooling
tools/w6-c-structured-note-content-correction-browser.py,4314,043cebc77df357c7554edd9caf2285c60abcb9058d0d0ffa65fc338582980e50,KEEP_CORE_BUILD_TEST,true,core/source/build/test/tooling
tools/w6-c-structured-note-content-correction-proof.mjs,2313,fdf5f710242ad082f849a8cf95e8dff118fdc3397a86b25bcce19cdafaa37935,KEEP_CORE_BUILD_TEST,true,core/source/build/test/tooling
tools/w6-c-structured-note-content-proof.mjs,4124,8d314c45cf6fe0d36fc1fdaad07c92194dc091e951cb8600c1119ac27cab5330,KEEP_CORE_BUILD_TEST,true,core/source/build/test/tooling
tools/w6-controller-donor-adjudication.mjs,5829,5b2af6fa0b268b20aa1bf791faac9e0debd587d77479fa71d8ce174b498e823f,KEEP_CORE_BUILD_TEST,true,core/source/build/test/tooling
tools/w6-controller-final-browser-regression.py,23969,ed4e7a9611d4e1eb53dbd58e28ce6123897c3d7242f949a565ff89583cfd2a3b,KEEP_CORE_BUILD_TEST,true,core/source/build/test/tooling
tools/w6-controller-final-legacy-wave3.py,19001,7306a7491f4362c12d3a3fbda366bd1a53cd99e79aa802a90121e0a077f894a4,KEEP_CORE_BUILD_TEST,true,core/source/build/test/tooling
tools/w6-controller-notes-integration-browser.py,10362,aee242c356d7c1e84b5b34b6abb242337ab1beeabbd085d9f920d75d83c5e213,KEEP_CORE_BUILD_TEST,true,core/source/build/test/tooling
tools/writer-capsule/README.md,3453,47eb1a2b70ac6664e1994b50303b7788d1ea7fd29c654d7f6b6bfc19e506f255,KEEP_CORE_BUILD_TEST,true,core/source/build/test/tooling
tools/writer-capsule/build_capsule.py,8363,ab1bb96644e39be3bdb1a2b54b2e2259921b4b98ecf1415d2302473424c8e07c,KEEP_CORE_BUILD_TEST,true,core/source/build/test/tooling
tools/writer-capsule/prepare_visual_bootstrap.py,7824,2e9b4545c7ec59efa9cd459259357a6c7f98da79b1259c63e549c9095c1a045a,KEEP_CORE_BUILD_TEST,true,core/source/build/test/tooling
tools/writer-capsule/verify_capsule.py,3226,6edf1fadf53f1841163f82de0b4cd18ccdf5c5b1d1e76ef45ede7d4f860f04ae,KEEP_CORE_BUILD_TEST,true,core/source/build/test/tooling
writer-output/presentation-corr02-b3r-corr03/B3R_CORRECTION03_CANDIDATE_HANDOFF.md,3595,f81fcc90a1f6232e465b17e1bbc03b15ef2e93b222057f75f522f3b13b0880b9,ARCHIVE_CANDIDATE_WRITER_OUTPUT,false,historical Writer output; inspect current use/custody
writer-output/presentation-corr02-b3r/B3R_CANDIDATE_HANDOFF.md,3429,2810ddb14b8cfe3ed2dddb45e166f76f90ea9fea4c298962a726680ec5c4e5f8,ARCHIVE_CANDIDATE_WRITER_OUTPUT,false,historical Writer output; inspect current use/custody
writer-output/presentation-corr02-b3r/B3R_CORRECTION02_CANDIDATE_HANDOFF.md,2620,85a7df340b21b09b6f5c1323abdb01cb56f32371ff461654c4184ad389df6273,ARCHIVE_CANDIDATE_WRITER_OUTPUT,false,historical Writer output; inspect current use/custody
writer-output/presentation-corr02/CONTINUITY_CHECKPOINT.json,3229,7c8f0623961db513b9796edf3b28bfb8115329b5b8b6b5d6ba4135ad168b8bb8,KEEP_REFERENCED_WRITER_OUTPUT,true,still referenced
writer-output/presentation-corr02/CONTINUITY_CHECKPOINT.md,5063,401f76a9b6cfe20c7f420ecec26db6b94526eba0a38edf37e1e7acb71849c3f9,KEEP_REFERENCED_WRITER_OUTPUT,true,still referenced
writer-output/presentation-corr02/DEPENDENCY_DIFF.json,282,2d70f619e63c47ae32b7f39f8cdd24e4b7f6af67de5f5e14e667b3add9b645fe,ARCHIVE_CANDIDATE_WRITER_OUTPUT,false,historical Writer output; inspect current use/custody
writer-output/presentation-corr02/FINAL_WRITER_STATUS.json,2094,3bb42610c255f921af4e72c6de394b6bb926ee7e0be124ee17124050c91e7d4c,ARCHIVE_CANDIDATE_WRITER_OUTPUT,false,historical Writer output; inspect current use/custody
writer-output/presentation-corr02/PRESENTATION_STATE_MATCHED_PARITY_MATRIX.json,11137,22a5f3d459947659a4d352f7d08370a034d400bdff2882b1707c7b66661a00aa,ARCHIVE_CANDIDATE_WRITER_OUTPUT,false,historical Writer output; inspect current use/custody
writer-output/presentation-corr02/PRODUCT_DELTA_MANIFEST.json,1626,b9dd91ad1e352bb84513b15fda275b10bc86fab045db8014e62147eeffc31289,ARCHIVE_CANDIDATE_WRITER_OUTPUT,false,historical Writer output; inspect current use/custody
writer-output/presentation-corr02/README.md,409,86a087e2875f9430937a894fce50103b48c80b231d6c6e36e3b617aba96293aa,ARCHIVE_CANDIDATE_WRITER_OUTPUT,false,historical Writer output; inspect current use/custody
writer-output/presentation-corr02/TEST_RESULTS.json,5231,7b2c2c312a5a1d9587168a1d438d61bbc85070f2f57ea2d9753767a670e150a7,ARCHIVE_CANDIDATE_WRITER_OUTPUT,false,historical Writer output; inspect current use/custody
writer-output/presentation-corr02/WRITER_HANDOFF.md,4495,d345731aa5128e888d41f18cfd380860ad235e51651622020366a2233bd4ce5d,ARCHIVE_CANDIDATE_WRITER_OUTPUT,false,historical Writer output; inspect current use/custody
writer/AMBIGUITY_LINT_AND_SURFACE_CHECKLIST.md,1788,384d2a2805bd3694a8c272444fabe59f4f2aaedf31e7d6f364ec4567b23ab9b1,REVIEW_UNCLASSIFIED,false,requires content inspection
writer/DEVIATION_REQUEST.json,396,10b1c044fa72aff34635d1f09735c170704bc14dec9caad099a304b12f287204,REVIEW_UNCLASSIFIED,false,requires content inspection
writer/WRITER_CAPSULE_TEMPLATE.md,1456,7caa3c0327d48b0b78a345b270b996f04e9ac4d2a68e418130bf9c4cee3be3e8,REVIEW_UNCLASSIFIED,false,requires content inspection
writer/WRITER_INTAKE_TEMPLATE.json,3812,08fee1d1a7ffffe0b927c2b4c993f752ec8d67608e3e7c8cf9fc7530825befc3,REVIEW_UNCLASSIFIED,false,requires content inspection
