OWNER_REQUIREMENT_ID,SOURCE_DONOR,BLUEPRINT_REQUIREMENT_ID,BLUEPRINT_SELECTOR_FUNCTION_INTERACTION_ID,OWNER_REQUIREMENT_TEXT,SEMANTIC_OWNER,STATE_OWNER,COMMAND_OWNER,PRESENTATION_STYLE_OWNER,SHARED_CORE_OR_DOMAIN_ADAPTER,CURRENT_PRODUCTION_BRANCH,CURRENT_PRODUCTION_SHA,PRODUCTION_FILE,PRODUCTION_COMPONENT_SYMBOL,API_SERVICE_PERSISTENCE_OWNER,ROUTE_DATA_CONTRACT,WRITE_SCOPE,COLLISION_LEGACY_OWNER_NOTES,STATIC_PROOF,SEMANTIC_PROOF,TEST_PROOF,RUNTIME_PROOF,BROWSER_PROOF,VISUAL_PROOF,RESPONSIVE_PROOF,A11Y_PROOF,BIDI_PROOF,MAPPING_STATUS,VERDICT,SEVERITY,DISPOSITION,NOTES,WRITER_IMPLEMENTATION_STATUS,WRITER_IMPLEMENTATION_EVIDENCE,HISTORICAL_CONTROLLER_PRE_IMPLEMENTATION_NOTES,WRITER_VERSION,WRITER_SOURCE_TREE_SHA,WRITER_SOURCE_MANIFEST_SHA256
LIB-001,CEP_LIBRARY_EDITOR_FINAL_REQUIREMENT_PRESERVATION_CROSSWALK_v1.2.17_ACCEPTED.json + CEP_LIBRARY_EDITOR_EXECUTABLE_BLUEPRINT_v1.2.17_ACCEPTED_DESIGN_REFERENCE.html,LIB-001,script#requirement-reconciliation-ledger :: LIB-001 :: PRESERVE-001; QUALITY-001,"Preserve document dominance, compact LEFT and unique RIGHT.",Value preservation evidence; Writer assurance evidence,Review evidence,none,not product-facing,GOVERNANCE,LOCAL_WRITER_COPY same-lineage; Writer-B v1.1.5_PRE_COLAB_SOURCE_COMPLETE_CANDIDATE; sole baseline v1.1.4 preserved; no GitHub/governed-Drive mutation,writer_source_tree=e59c0378da507faa4cc5eebcf5996e194fbb1fb3; source_manifest_sha256=95be84b206fff97b95665b8192ce6f99f193f1299d79e4997ee719fe596f0008; baseline_v1.1.4_zip_sha256=5954e55db93411293cacb28b4082f54cf53fe8fc3950e9e56ad36cf97b82d636,CEP_W01_W02_ASTRA1_DEEP_CORRECTION_AUDIT_v1.0.md; CEP_LIBRARY_EDITOR_EXECUTABLE_BLUEPRINT_v1.2.17_ACCEPTED_DESIGN_REFERENCE.html,audit + requirement reconciliation; writer receipts + review ledgers,N/A,governance/evidence,evidence only,NONE_IDENTIFIED_IN_CURRENT_CONTROLLER_MAPPING,STATIC_PROVEN for owner/path/symbol statements listed; local source re-inspected after corrections; see static/test receipt.,SEMANTIC_PROVEN only where behavior was directly reasoned/executed in safe harness; otherwise PARTIAL/UNPROVEN as reflected by verdict/notes.,See CEP_W01_W02_STATIC_AND_RUNTIME_TEST_RECEIPT_v1.1.1.json; no unexecuted suite is promoted to TEST_PROVEN. Writer-B v1.1.5 anti-loss regression harness 11/11 PASS on baseline and 11/11 PASS on successor; PHP syntax 215/215 PASS. Full project Vitest/Vite/Laravel/PostgreSQL/browser suite remains environment-gated where applicable.,Selective safe-harness runtime only; Laravel/PostgreSQL framework runtime NOT_RUN.,NOT_RUN_REAL_AUTHENTICATED_BROWSER,NOT_RUN_CURRENT_CORRECTED_CANDIDATE_VISUAL_REFERENCE_GATE,STATIC_PROVEN_PARTIAL; browser responsive/200% proof NOT_RUN.,STATIC_PROVEN_PARTIAL; focus/AT/browser proof NOT_RUN.,STATIC_PROVEN_PARTIAL; mixed-caret/browser matrix NOT_RUN.,EXACT_CURRENT_OWNER_OR_GOVERNANCE_ROW,NOT_APPLICABLE_JUSTIFIED,P0,NOT_APPLICABLE_JUSTIFIED,NO_ADDITIONAL_NOTES,NOT_IN_CURRENT_67_ROW_IMPLEMENTATION_WAVE__CONTROLLER_DISPOSITION_PRESERVED,Preserved from Controller-adjudicated v1.1.2; no Writer promotion beyond evidence.,NOT_APPLICABLE__ROW_NOT_IN_67_ROW_IMPLEMENTATION_WAVE,v1.1.5_PRE_COLAB_SOURCE_COMPLETE_CANDIDATE,e59c0378da507faa4cc5eebcf5996e194fbb1fb3,95be84b206fff97b95665b8192ce6f99f193f1299d79e4997ee719fe596f0008
LIB-002,CEP_LIBRARY_EDITOR_FINAL_REQUIREMENT_PRESERVATION_CROSSWALK_v1.2.17_ACCEPTED.json + CEP_LIBRARY_EDITOR_EXECUTABLE_BLUEPRINT_v1.2.17_ACCEPTED_DESIGN_REFERENCE.html,LIB-002,script#requirement-reconciliation-ledger :: LIB-002 :: PANE-003; BANNER-001; FOCUS-001,At ~1024 LEFT+CENTER stable; RIGHT same-owner on-demand overlay/drawer; no page overflow; focus returns.,Preferred/effective responsive panes; Library document identity/banner; Workspace focus presentation,WorkspaceLayoutCore + overlay refs; Library surface presentation; WorkspaceLayoutCore + transient focus,pane.toggle/reveal; Library toolbar/banner actions; focus enter/exit,WorkspaceFrame; LibraryWorkspace .document-banner; WorkspaceFrame/Workbench,SHARED_CORE; DOMAIN_ADAPTER,LOCAL_WRITER_COPY same-lineage; Writer-B v1.1.5_PRE_COLAB_SOURCE_COMPLETE_CANDIDATE; sole baseline v1.1.4 preserved; no GitHub/governed-Drive mutation,writer_source_tree=e59c0378da507faa4cc5eebcf5996e194fbb1fb3; source_manifest_sha256=95be84b206fff97b95665b8192ce6f99f193f1299d79e4997ee719fe596f0008; baseline_v1.1.4_zip_sha256=5954e55db93411293cacb28b4082f54cf53fe8fc3950e9e56ad36cf97b82d636,resources/js/workbench/WorkspaceFrame.vue; resources/js/shared/WorkspaceLayoutCore.ts; resources/css/workbench.css; resources/js/workbench/LibraryWorkspace.vue; resources/js/workbench/Workbench.vue,preferredLeftOpen/rightOpen; leftOverlay/rightOverlay; structure-overlay/context-overlay; template .document-banner; workbench-heading; WorkspaceLayoutCore; WorkspaceFrame pane owners; Workbench focus handlers,N/A,W02 Library/Learn workbench,bounded local candidate only,NONE_IDENTIFIED_IN_CURRENT_CONTROLLER_MAPPING,WRITER_v1.1.4_STATIC_PROVEN; exact mapped Production paths/symbol owners re-inspected; writer_source_tree=acd14514dddbd5e45aeb2fc25fed22560511d8ca; source_manifest_sha256=b5de82d4cb83534bab55de52cf7b2f64fec952e9b97062a294338ed21691edf5; changed-file scope audit=18/18 within Controller-mapped 67-row write scopes; full-matrix file-path existence audit=296/296.,WRITER_v1.1.4_SEMANTIC_REVIEW_EXECUTED against Controller-adjudicated owner graph; no alternate semantic/state/command/style/API owner introduced; Node semantic harness 34/34 PASS where applicable.,Strict TypeScript shared-core compile PASS; strict changed-SFC-script compile PASS; ProductionForgeCore.spec.ts source typecheck PASS; Node semantic harness 34/34 PASS; PHP syntax 211/211 PASS; public/workbench-bootstrap.js syntax PASS; full Vitest/Vite/vue-tsc/ESLint/Prettier suite NOT_RUN_TO_PASS because npm ci timed out and local Node/npm do not match declared engines. Writer-B v1.1.5 anti-loss regression harness 11/11 PASS on baseline and 11/11 PASS on successor; PHP syntax 215/215 PASS. Full project Vitest/Vite/Laravel/PostgreSQL/browser suite remains environment-gated where applicable.,SELECTIVE_NODE_SEMANTIC_RUNTIME_34_34_PASS_WHERE_APPLICABLE; FULL_VUE_LARAVEL_POSTGRESQL_RUNTIME_UNPROVEN,UNPROVEN_EXACT_ROUTE; system Chromium 144 headless smoke test timed out even on a minimal data URL; Playwright browser binary unavailable; no browser PASS promoted,UNPROVEN_POST_CHANGE_VISUAL; system Chromium harness and minimal smoke both timed out; no candidate-bound screenshot PASS promoted,STATIC_SOURCE_PROVEN; mapped wide/~1024/narrow policies inspected; real browser responsive/200% proof remains UNPROVEN,STATIC_SOURCE_PROVEN_PARTIAL; keyboard/focus owners and SFC scripts compile; real browser/assistive-technology proof remains UNPROVEN,STATIC_SOURCE_PROVEN_PARTIAL; logical properties/direction owners inspected; real mixed Arabic/LTR caret/selection browser matrix remains UNPROVEN,EXACT_CURRENT_OWNER_OR_GOVERNANCE_ROW,RUNTIME_UNPROVEN,P0,RUNTIME_UNPROVEN,WRITER_v1.1.4: mapped source implementation is present and static/semantic checks pass; required framework or real-browser runtime evidence remains open and is not promoted.,SOURCE_IMPLEMENTED_RUNTIME_PROOF_OPEN,Writer-B post-zero-orphan bounded parity successor; source manifest ec9d022617f1a88c6f39ea175407a68d77fe5d2f65effb457f73755f0465f3e6; patch 95b109a121a44a72121ae659a7fe084995674dc31b9f2e315d8e2168c682a6ff; 31/31 semantic harness; strict TS core/SFC scripts PASS; PHP syntax 211/211; no GitHub/Drive mutation.,Exact current destination owner exists; EXPANDED/COMPACT/HIDDEN state is not implemented.; One-action Focus Mode state is absent; exact layout/focus owners are established.,v1.1.5_PRE_COLAB_SOURCE_COMPLETE_CANDIDATE,e59c0378da507faa4cc5eebcf5996e194fbb1fb3,95be84b206fff97b95665b8192ce6f99f193f1299d79e4997ee719fe596f0008
LIB-003,CEP_LIBRARY_EDITOR_FINAL_REQUIREMENT_PRESERVATION_CROSSWALK_v1.2.17_ACCEPTED.json + CEP_LIBRARY_EDITOR_EXECUTABLE_BLUEPRINT_v1.2.17_ACCEPTED_DESIGN_REFERENCE.html,LIB-003,script#requirement-reconciliation-ledger :: LIB-003 :: EDITOR-002; GUTTER-001,Insert before/after/gap/caret with exact split semantics and no data loss.,Structured insertion; Block gutter/insertion,StructuredDocument; StructuredEditor transient insertion,block.insert / insertion.open; insertion.open -> block.insert,StructuredEditor; StructuredEditor block-gutter,SHARED_CORE; DOMAIN_ADAPTER,LOCAL_WRITER_COPY same-lineage; Writer-B v1.1.5_PRE_COLAB_SOURCE_COMPLETE_CANDIDATE; sole baseline v1.1.4 preserved; no GitHub/governed-Drive mutation,writer_source_tree=e59c0378da507faa4cc5eebcf5996e194fbb1fb3; source_manifest_sha256=95be84b206fff97b95665b8192ce6f99f193f1299d79e4997ee719fe596f0008; baseline_v1.1.4_zip_sha256=5954e55db93411293cacb28b4082f54cf53fe8fc3950e9e56ad36cf97b82d636,resources/js/shared/StructuredContentCore.ts; resources/js/workbench/StructuredEditor.vue,StructuredDocument.insert; insert; openInsertion; block-gutter,N/A,W02 Library/Learn workbench,bounded local candidate only,NONE_IDENTIFIED_IN_CURRENT_CONTROLLER_MAPPING,WRITER_v1.1.4_STATIC_PROVEN; exact mapped Production paths/symbol owners re-inspected; writer_source_tree=acd14514dddbd5e45aeb2fc25fed22560511d8ca; source_manifest_sha256=b5de82d4cb83534bab55de52cf7b2f64fec952e9b97062a294338ed21691edf5; changed-file scope audit=18/18 within Controller-mapped 67-row write scopes; full-matrix file-path existence audit=296/296.,WRITER_v1.1.4_SEMANTIC_REVIEW_EXECUTED against Controller-adjudicated owner graph; no alternate semantic/state/command/style/API owner introduced; Node semantic harness 34/34 PASS where applicable.,Strict TypeScript shared-core compile PASS; strict changed-SFC-script compile PASS; ProductionForgeCore.spec.ts source typecheck PASS; Node semantic harness 34/34 PASS; PHP syntax 211/211 PASS; public/workbench-bootstrap.js syntax PASS; full Vitest/Vite/vue-tsc/ESLint/Prettier suite NOT_RUN_TO_PASS because npm ci timed out and local Node/npm do not match declared engines. Writer-B v1.1.5 anti-loss regression harness 11/11 PASS on baseline and 11/11 PASS on successor; PHP syntax 215/215 PASS. Full project Vitest/Vite/Laravel/PostgreSQL/browser suite remains environment-gated where applicable.,SELECTIVE_NODE_SEMANTIC_RUNTIME_34_34_PASS_WHERE_APPLICABLE; FULL_VUE_LARAVEL_POSTGRESQL_RUNTIME_UNPROVEN,UNPROVEN_EXACT_ROUTE; system Chromium 144 headless smoke test timed out even on a minimal data URL; Playwright browser binary unavailable; no browser PASS promoted,UNPROVEN_POST_CHANGE_VISUAL; system Chromium harness and minimal smoke both timed out; no candidate-bound screenshot PASS promoted,STATIC_SOURCE_PROVEN; mapped wide/~1024/narrow policies inspected; real browser responsive/200% proof remains UNPROVEN,STATIC_SOURCE_PROVEN_PARTIAL; keyboard/focus owners and SFC scripts compile; real browser/assistive-technology proof remains UNPROVEN,STATIC_SOURCE_PROVEN_PARTIAL; logical properties/direction owners inspected; real mixed Arabic/LTR caret/selection browser matrix remains UNPROVEN,EXACT_CURRENT_OWNER_OR_GOVERNANCE_ROW,TRANSFERRED_WITH_PRODUCTION_ADAPTATION,P1,TRANSFERRED_WITH_PRODUCTION_ADAPTATION,WRITER_v1.1.4: mapped capability source implementation is present under the exact Controller owner graph; available static/semantic tests pass; no broader runtime/browser claim is implied.,SOURCE_IMPLEMENTED_AVAILABLE_ASSURANCE_PASS,Writer-B post-zero-orphan bounded parity successor; source manifest ec9d022617f1a88c6f39ea175407a68d77fe5d2f65effb457f73755f0465f3e6; patch 95b109a121a44a72121ae659a7fe084995674dc31b9f2e315d8e2168c682a6ff; 31/31 semantic harness; strict TS core/SFC scripts PASS; PHP syntax 211/211; no GitHub/Drive mutation.,NO_HISTORICAL_CONTROLLER_NOTES,v1.1.5_PRE_COLAB_SOURCE_COMPLETE_CANDIDATE,e59c0378da507faa4cc5eebcf5996e194fbb1fb3,95be84b206fff97b95665b8192ce6f99f193f1299d79e4997ee719fe596f0008
LIB-004,CEP_LIBRARY_EDITOR_FINAL_REQUIREMENT_PRESERVATION_CROSSWALK_v1.2.17_ACCEPTED.json + CEP_LIBRARY_EDITOR_EXECUTABLE_BLUEPRINT_v1.2.17_ACCEPTED_DESIGN_REFERENCE.html,LIB-004,script#requirement-reconciliation-ledger :: LIB-004 :: EDITOR-001,"Enter/backspace/delete/paragraph↔list operations deterministic, one transaction, correct caret.",Structured boundary editing,StructuredDocument,enter/text/metadata,StructuredEditor keyboard,SHARED_CORE,LOCAL_WRITER_COPY same-lineage; Writer-B v1.1.5_PRE_COLAB_SOURCE_COMPLETE_CANDIDATE; sole baseline v1.1.4 preserved; no GitHub/governed-Drive mutation,writer_source_tree=e59c0378da507faa4cc5eebcf5996e194fbb1fb3; source_manifest_sha256=95be84b206fff97b95665b8192ce6f99f193f1299d79e4997ee719fe596f0008; baseline_v1.1.4_zip_sha256=5954e55db93411293cacb28b4082f54cf53fe8fc3950e9e56ad36cf97b82d636,resources/js/shared/StructuredContentCore.ts; resources/js/workbench/StructuredEditor.vue,StructuredDocument.enter; key,N/A,W02 Library/Learn workbench,bounded local candidate only,NONE_IDENTIFIED_IN_CURRENT_CONTROLLER_MAPPING,WRITER_v1.1.4_STATIC_PROVEN; exact mapped Production paths/symbol owners re-inspected; writer_source_tree=acd14514dddbd5e45aeb2fc25fed22560511d8ca; source_manifest_sha256=b5de82d4cb83534bab55de52cf7b2f64fec952e9b97062a294338ed21691edf5; changed-file scope audit=18/18 within Controller-mapped 67-row write scopes; full-matrix file-path existence audit=296/296.,WRITER_v1.1.4_SEMANTIC_REVIEW_EXECUTED against Controller-adjudicated owner graph; no alternate semantic/state/command/style/API owner introduced; Node semantic harness 34/34 PASS where applicable.,Strict TypeScript shared-core compile PASS; strict changed-SFC-script compile PASS; ProductionForgeCore.spec.ts source typecheck PASS; Node semantic harness 34/34 PASS; PHP syntax 211/211 PASS; public/workbench-bootstrap.js syntax PASS; full Vitest/Vite/vue-tsc/ESLint/Prettier suite NOT_RUN_TO_PASS because npm ci timed out and local Node/npm do not match declared engines. Writer-B v1.1.5 anti-loss regression harness 11/11 PASS on baseline and 11/11 PASS on successor; PHP syntax 215/215 PASS. Full project Vitest/Vite/Laravel/PostgreSQL/browser suite remains environment-gated where applicable.,SELECTIVE_NODE_SEMANTIC_RUNTIME_34_34_PASS_WHERE_APPLICABLE; FULL_VUE_LARAVEL_POSTGRESQL_RUNTIME_UNPROVEN,UNPROVEN_EXACT_ROUTE; system Chromium 144 headless smoke test timed out even on a minimal data URL; Playwright browser binary unavailable; no browser PASS promoted,UNPROVEN_POST_CHANGE_VISUAL; system Chromium harness and minimal smoke both timed out; no candidate-bound screenshot PASS promoted,STATIC_SOURCE_PROVEN; mapped wide/~1024/narrow policies inspected; real browser responsive/200% proof remains UNPROVEN,STATIC_SOURCE_PROVEN_PARTIAL; keyboard/focus owners and SFC scripts compile; real browser/assistive-technology proof remains UNPROVEN,STATIC_SOURCE_PROVEN_PARTIAL; logical properties/direction owners inspected; real mixed Arabic/LTR caret/selection browser matrix remains UNPROVEN,EXACT_CURRENT_OWNER_OR_GOVERNANCE_ROW,TRANSFERRED_WITH_PRODUCTION_ADAPTATION,P1,TRANSFERRED_WITH_PRODUCTION_ADAPTATION,WRITER_v1.1.4: mapped capability source implementation is present under the exact Controller owner graph; available static/semantic tests pass; no broader runtime/browser claim is implied.,SOURCE_IMPLEMENTED_AVAILABLE_ASSURANCE_PASS,Writer-B post-zero-orphan bounded parity successor; source manifest ec9d022617f1a88c6f39ea175407a68d77fe5d2f65effb457f73755f0465f3e6; patch 95b109a121a44a72121ae659a7fe084995674dc31b9f2e315d8e2168c682a6ff; 31/31 semantic harness; strict TS core/SFC scripts PASS; PHP syntax 211/211; no GitHub/Drive mutation.,Backspace/Delete structural merge matrix remains C019.,v1.1.5_PRE_COLAB_SOURCE_COMPLETE_CANDIDATE,e59c0378da507faa4cc5eebcf5996e194fbb1fb3,95be84b206fff97b95665b8192ce6f99f193f1299d79e4997ee719fe596f0008
LIB-005,CEP_LIBRARY_EDITOR_FINAL_REQUIREMENT_PRESERVATION_CROSSWALK_v1.2.17_ACCEPTED.json + CEP_LIBRARY_EDITOR_EXECUTABLE_BLUEPRINT_v1.2.17_ACCEPTED_DESIGN_REFERENCE.html,LIB-005,script#requirement-reconciliation-ledger :: LIB-005 :: DRAG-001; NEST-001; TOGGLE-001,No orphan depth; subtree atomic; accurate target/depth preview; Escape lossless; one undo.,Structural movement; Block nesting; Toggle/container semantics,StructuredDocument; StructuredDocument + contract,block.move; indent/outdent; toggle/open/body/indent,StructuredEditor block rows; StructuredEditor,SHARED_CORE,LOCAL_WRITER_COPY same-lineage; Writer-B v1.1.5_PRE_COLAB_SOURCE_COMPLETE_CANDIDATE; sole baseline v1.1.4 preserved; no GitHub/governed-Drive mutation,writer_source_tree=e59c0378da507faa4cc5eebcf5996e194fbb1fb3; source_manifest_sha256=95be84b206fff97b95665b8192ce6f99f193f1299d79e4997ee719fe596f0008; baseline_v1.1.4_zip_sha256=5954e55db93411293cacb28b4082f54cf53fe8fc3950e9e56ad36cf97b82d636,resources/js/shared/StructuredContentCore.ts; resources/js/workbench/StructuredEditor.vue; app/Modules/Knowledge/Content/LessonContentContract.php,StructuredDocument.move; block-row; StructuredDocument.indent; childAdmittingBlockTypes; StructuredDocument.enter/indent/insert; toggle; CHILD_ADMITTING_TYPES,N/A,W02 Library/Learn workbench,bounded local candidate only,NONE_IDENTIFIED_IN_CURRENT_CONTROLLER_MAPPING,WRITER_v1.1.4_STATIC_PROVEN; exact mapped Production paths/symbol owners re-inspected; writer_source_tree=acd14514dddbd5e45aeb2fc25fed22560511d8ca; source_manifest_sha256=b5de82d4cb83534bab55de52cf7b2f64fec952e9b97062a294338ed21691edf5; changed-file scope audit=18/18 within Controller-mapped 67-row write scopes; full-matrix file-path existence audit=296/296.,WRITER_v1.1.4_SEMANTIC_REVIEW_EXECUTED against Controller-adjudicated owner graph; no alternate semantic/state/command/style/API owner introduced; Node semantic harness 34/34 PASS where applicable.,Strict TypeScript shared-core compile PASS; strict changed-SFC-script compile PASS; ProductionForgeCore.spec.ts source typecheck PASS; Node semantic harness 34/34 PASS; PHP syntax 211/211 PASS; public/workbench-bootstrap.js syntax PASS; full Vitest/Vite/vue-tsc/ESLint/Prettier suite NOT_RUN_TO_PASS because npm ci timed out and local Node/npm do not match declared engines. Writer-B v1.1.5 anti-loss regression harness 11/11 PASS on baseline and 11/11 PASS on successor; PHP syntax 215/215 PASS. Full project Vitest/Vite/Laravel/PostgreSQL/browser suite remains environment-gated where applicable.,SELECTIVE_NODE_SEMANTIC_RUNTIME_34_34_PASS_WHERE_APPLICABLE; FULL_VUE_LARAVEL_POSTGRESQL_RUNTIME_UNPROVEN,UNPROVEN_EXACT_ROUTE; system Chromium 144 headless smoke test timed out even on a minimal data URL; Playwright browser binary unavailable; no browser PASS promoted,UNPROVEN_POST_CHANGE_VISUAL; system Chromium harness and minimal smoke both timed out; no candidate-bound screenshot PASS promoted,STATIC_SOURCE_PROVEN; mapped wide/~1024/narrow policies inspected; real browser responsive/200% proof remains UNPROVEN,STATIC_SOURCE_PROVEN_PARTIAL; keyboard/focus owners and SFC scripts compile; real browser/assistive-technology proof remains UNPROVEN,STATIC_SOURCE_PROVEN_PARTIAL; logical properties/direction owners inspected; real mixed Arabic/LTR caret/selection browser matrix remains UNPROVEN,EXACT_CURRENT_OWNER_OR_GOVERNANCE_ROW,RUNTIME_UNPROVEN,P1,RUNTIME_UNPROVEN,WRITER_v1.1.4: mapped source implementation is present and static/semantic checks pass; required framework or real-browser runtime evidence remains open and is not promoted.,SOURCE_IMPLEMENTED_RUNTIME_PROOF_OPEN,Writer-B post-zero-orphan bounded parity successor; source manifest ec9d022617f1a88c6f39ea175407a68d77fe5d2f65effb457f73755f0465f3e6; patch 95b109a121a44a72121ae659a7fe084995674dc31b9f2e315d8e2168c682a6ff; 31/31 semantic harness; strict TS core/SFC scripts PASS; PHP syntax 211/211; no GitHub/Drive mutation.,Pointer drag/reorder/autoscroll/cancel adapter missing.,v1.1.5_PRE_COLAB_SOURCE_COMPLETE_CANDIDATE,e59c0378da507faa4cc5eebcf5996e194fbb1fb3,95be84b206fff97b95665b8192ce6f99f193f1299d79e4997ee719fe596f0008
LIB-006,CEP_LIBRARY_EDITOR_FINAL_REQUIREMENT_PRESERVATION_CROSSWALK_v1.2.17_ACCEPTED.json + CEP_LIBRARY_EDITOR_EXECUTABLE_BLUEPRINT_v1.2.17_ACCEPTED_DESIGN_REFERENCE.html,LIB-006,script#requirement-reconciliation-ledger :: LIB-006 :: DRAG-001; NEST-001,Keyboard reorder/nest/outdent produces equivalent semantic structure and preserves focus.,Structural movement; Block nesting,StructuredDocument,block.move; indent/outdent,StructuredEditor block rows; StructuredEditor,SHARED_CORE,LOCAL_WRITER_COPY same-lineage; Writer-B v1.1.5_PRE_COLAB_SOURCE_COMPLETE_CANDIDATE; sole baseline v1.1.4 preserved; no GitHub/governed-Drive mutation,writer_source_tree=e59c0378da507faa4cc5eebcf5996e194fbb1fb3; source_manifest_sha256=95be84b206fff97b95665b8192ce6f99f193f1299d79e4997ee719fe596f0008; baseline_v1.1.4_zip_sha256=5954e55db93411293cacb28b4082f54cf53fe8fc3950e9e56ad36cf97b82d636,resources/js/shared/StructuredContentCore.ts; resources/js/workbench/StructuredEditor.vue,StructuredDocument.move; block-row; StructuredDocument.indent; childAdmittingBlockTypes,N/A,W02 Library/Learn workbench,bounded local candidate only,NONE_IDENTIFIED_IN_CURRENT_CONTROLLER_MAPPING,WRITER_v1.1.4_STATIC_PROVEN; exact mapped Production paths/symbol owners re-inspected; writer_source_tree=acd14514dddbd5e45aeb2fc25fed22560511d8ca; source_manifest_sha256=b5de82d4cb83534bab55de52cf7b2f64fec952e9b97062a294338ed21691edf5; changed-file scope audit=18/18 within Controller-mapped 67-row write scopes; full-matrix file-path existence audit=296/296.,WRITER_v1.1.4_SEMANTIC_REVIEW_EXECUTED against Controller-adjudicated owner graph; no alternate semantic/state/command/style/API owner introduced; Node semantic harness 34/34 PASS where applicable.,Strict TypeScript shared-core compile PASS; strict changed-SFC-script compile PASS; ProductionForgeCore.spec.ts source typecheck PASS; Node semantic harness 34/34 PASS; PHP syntax 211/211 PASS; public/workbench-bootstrap.js syntax PASS; full Vitest/Vite/vue-tsc/ESLint/Prettier suite NOT_RUN_TO_PASS because npm ci timed out and local Node/npm do not match declared engines. Writer-B v1.1.5 anti-loss regression harness 11/11 PASS on baseline and 11/11 PASS on successor; PHP syntax 215/215 PASS. Full project Vitest/Vite/Laravel/PostgreSQL/browser suite remains environment-gated where applicable.,SELECTIVE_NODE_SEMANTIC_RUNTIME_34_34_PASS_WHERE_APPLICABLE; FULL_VUE_LARAVEL_POSTGRESQL_RUNTIME_UNPROVEN,UNPROVEN_EXACT_ROUTE; system Chromium 144 headless smoke test timed out even on a minimal data URL; Playwright browser binary unavailable; no browser PASS promoted,UNPROVEN_POST_CHANGE_VISUAL; system Chromium harness and minimal smoke both timed out; no candidate-bound screenshot PASS promoted,STATIC_SOURCE_PROVEN; mapped wide/~1024/narrow policies inspected; real browser responsive/200% proof remains UNPROVEN,STATIC_SOURCE_PROVEN_PARTIAL; keyboard/focus owners and SFC scripts compile; real browser/assistive-technology proof remains UNPROVEN,STATIC_SOURCE_PROVEN_PARTIAL; logical properties/direction owners inspected; real mixed Arabic/LTR caret/selection browser matrix remains UNPROVEN,EXACT_CURRENT_OWNER_OR_GOVERNANCE_ROW,TRANSFERRED_WITH_PRODUCTION_ADAPTATION,P1,TRANSFERRED_WITH_PRODUCTION_ADAPTATION,WRITER_v1.1.4: mapped capability source implementation is present under the exact Controller owner graph; available static/semantic tests pass; no broader runtime/browser claim is implied.,SOURCE_IMPLEMENTED_AVAILABLE_ASSURANCE_PASS,Writer-B post-zero-orphan bounded parity successor; source manifest ec9d022617f1a88c6f39ea175407a68d77fe5d2f65effb457f73755f0465f3e6; patch 95b109a121a44a72121ae659a7fe084995674dc31b9f2e315d8e2168c682a6ff; 31/31 semantic harness; strict TS core/SFC scripts PASS; PHP syntax 211/211; no GitHub/Drive mutation.,Pointer drag/reorder/autoscroll/cancel adapter missing.,v1.1.5_PRE_COLAB_SOURCE_COMPLETE_CANDIDATE,e59c0378da507faa4cc5eebcf5996e194fbb1fb3,95be84b206fff97b95665b8192ce6f99f193f1299d79e4997ee719fe596f0008
LIB-007,CEP_LIBRARY_EDITOR_FINAL_REQUIREMENT_PRESERVATION_CROSSWALK_v1.2.17_ACCEPTED.json + CEP_LIBRARY_EDITOR_EXECUTABLE_BLUEPRINT_v1.2.17_ACCEPTED_DESIGN_REFERENCE.html,LIB-007,script#requirement-reconciliation-ledger :: LIB-007 :: HIST-001,History restores semantic block and deterministic caret boundary through structural edits.,Structured history,StructuredDocument history/cursor,history undo/redo,StructuredEditor toolbar/keyboard,SHARED_CORE,LOCAL_WRITER_COPY same-lineage; Writer-B v1.1.5_PRE_COLAB_SOURCE_COMPLETE_CANDIDATE; sole baseline v1.1.4 preserved; no GitHub/governed-Drive mutation,writer_source_tree=e59c0378da507faa4cc5eebcf5996e194fbb1fb3; source_manifest_sha256=95be84b206fff97b95665b8192ce6f99f193f1299d79e4997ee719fe596f0008; baseline_v1.1.4_zip_sha256=5954e55db93411293cacb28b4082f54cf53fe8fc3950e9e56ad36cf97b82d636,resources/js/shared/StructuredContentCore.ts; resources/js/workbench/StructuredEditor.vue,StructuredDocument.transact/undo/redo; key,N/A,W02 Library/Learn workbench,bounded local candidate only,NONE_IDENTIFIED_IN_CURRENT_CONTROLLER_MAPPING,WRITER_v1.1.4_STATIC_PROVEN; exact mapped Production paths/symbol owners re-inspected; writer_source_tree=acd14514dddbd5e45aeb2fc25fed22560511d8ca; source_manifest_sha256=b5de82d4cb83534bab55de52cf7b2f64fec952e9b97062a294338ed21691edf5; changed-file scope audit=18/18 within Controller-mapped 67-row write scopes; full-matrix file-path existence audit=296/296.,WRITER_v1.1.4_SEMANTIC_REVIEW_EXECUTED against Controller-adjudicated owner graph; no alternate semantic/state/command/style/API owner introduced; Node semantic harness 34/34 PASS where applicable.,Strict TypeScript shared-core compile PASS; strict changed-SFC-script compile PASS; ProductionForgeCore.spec.ts source typecheck PASS; Node semantic harness 34/34 PASS; PHP syntax 211/211 PASS; public/workbench-bootstrap.js syntax PASS; full Vitest/Vite/vue-tsc/ESLint/Prettier suite NOT_RUN_TO_PASS because npm ci timed out and local Node/npm do not match declared engines. Writer-B v1.1.5 anti-loss regression harness 11/11 PASS on baseline and 11/11 PASS on successor; PHP syntax 215/215 PASS. Full project Vitest/Vite/Laravel/PostgreSQL/browser suite remains environment-gated where applicable.,SELECTIVE_NODE_SEMANTIC_RUNTIME_34_34_PASS_WHERE_APPLICABLE; FULL_VUE_LARAVEL_POSTGRESQL_RUNTIME_UNPROVEN,UNPROVEN_EXACT_ROUTE; system Chromium 144 headless smoke test timed out even on a minimal data URL; Playwright browser binary unavailable; no browser PASS promoted,UNPROVEN_POST_CHANGE_VISUAL; system Chromium harness and minimal smoke both timed out; no candidate-bound screenshot PASS promoted,STATIC_SOURCE_PROVEN; mapped wide/~1024/narrow policies inspected; real browser responsive/200% proof remains UNPROVEN,STATIC_SOURCE_PROVEN_PARTIAL; keyboard/focus owners and SFC scripts compile; real browser/assistive-technology proof remains UNPROVEN,STATIC_SOURCE_PROVEN_PARTIAL; logical properties/direction owners inspected; real mixed Arabic/LTR caret/selection browser matrix remains UNPROVEN,EXACT_CURRENT_OWNER_OR_GOVERNANCE_ROW,TRANSFERRED_WITH_PRODUCTION_ADAPTATION,P1,TRANSFERRED_WITH_PRODUCTION_ADAPTATION,WRITER_v1.1.4: mapped capability source implementation is present under the exact Controller owner graph; available static/semantic tests pass; no broader runtime/browser claim is implied.,SOURCE_IMPLEMENTED_AVAILABLE_ASSURANCE_PASS,Writer-B post-zero-orphan bounded parity successor; source manifest ec9d022617f1a88c6f39ea175407a68d77fe5d2f65effb457f73755f0465f3e6; patch 95b109a121a44a72121ae659a7fe084995674dc31b9f2e315d8e2168c682a6ff; 31/31 semantic harness; strict TS core/SFC scripts PASS; PHP syntax 211/211; no GitHub/Drive mutation.,Logical content restoration exists; caret bookmark restoration is missing.,v1.1.5_PRE_COLAB_SOURCE_COMPLETE_CANDIDATE,e59c0378da507faa4cc5eebcf5996e194fbb1fb3,95be84b206fff97b95665b8192ce6f99f193f1299d79e4997ee719fe596f0008
LIB-008,CEP_LIBRARY_EDITOR_FINAL_REQUIREMENT_PRESERVATION_CROSSWALK_v1.2.17_ACCEPTED.json + CEP_LIBRARY_EDITOR_EXECUTABLE_BLUEPRINT_v1.2.17_ACCEPTED_DESIGN_REFERENCE.html,LIB-008,script#requirement-reconciliation-ledger :: LIB-008 :: SEL-001; ACTION-001,"Captured semantic range is valid, focus/caret returns, link/citation actions target exact text.",Inline selection semantics; Semantic command availability,StructuredEditor inlineRange + active block; command registry + editor selection,selection formatting/link/reference; SemanticCommandCore + StructuredEditor.run,StructuredEditor; Workbench/StructuredEditor,DOMAIN_ADAPTER; SHARED_CORE,LOCAL_WRITER_COPY same-lineage; Writer-B v1.1.5_PRE_COLAB_SOURCE_COMPLETE_CANDIDATE; sole baseline v1.1.4 preserved; no GitHub/governed-Drive mutation,writer_source_tree=e59c0378da507faa4cc5eebcf5996e194fbb1fb3; source_manifest_sha256=95be84b206fff97b95665b8192ce6f99f193f1299d79e4997ee719fe596f0008; baseline_v1.1.4_zip_sha256=5954e55db93411293cacb28b4082f54cf53fe8fc3950e9e56ad36cf97b82d636,resources/js/workbench/StructuredEditor.vue; resources/js/shared/SemanticCommandCore.ts,inlineRange; wrap; openInline; applyInline; SemanticCommandCore; run; active,N/A,W02 Library/Learn workbench,bounded local candidate only,NONE_IDENTIFIED_IN_CURRENT_CONTROLLER_MAPPING,WRITER_v1.1.4_STATIC_PROVEN; exact mapped Production paths/symbol owners re-inspected; writer_source_tree=acd14514dddbd5e45aeb2fc25fed22560511d8ca; source_manifest_sha256=b5de82d4cb83534bab55de52cf7b2f64fec952e9b97062a294338ed21691edf5; changed-file scope audit=18/18 within Controller-mapped 67-row write scopes; full-matrix file-path existence audit=296/296.,WRITER_v1.1.4_SEMANTIC_REVIEW_EXECUTED against Controller-adjudicated owner graph; no alternate semantic/state/command/style/API owner introduced; Node semantic harness 34/34 PASS where applicable.,Strict TypeScript shared-core compile PASS; strict changed-SFC-script compile PASS; ProductionForgeCore.spec.ts source typecheck PASS; Node semantic harness 34/34 PASS; PHP syntax 211/211 PASS; public/workbench-bootstrap.js syntax PASS; full Vitest/Vite/vue-tsc/ESLint/Prettier suite NOT_RUN_TO_PASS because npm ci timed out and local Node/npm do not match declared engines. Writer-B v1.1.5 anti-loss regression harness 11/11 PASS on baseline and 11/11 PASS on successor; PHP syntax 215/215 PASS. Full project Vitest/Vite/Laravel/PostgreSQL/browser suite remains environment-gated where applicable.,SELECTIVE_NODE_SEMANTIC_RUNTIME_34_34_PASS_WHERE_APPLICABLE; FULL_VUE_LARAVEL_POSTGRESQL_RUNTIME_UNPROVEN,UNPROVEN_EXACT_ROUTE; system Chromium 144 headless smoke test timed out even on a minimal data URL; Playwright browser binary unavailable; no browser PASS promoted,UNPROVEN_POST_CHANGE_VISUAL; system Chromium harness and minimal smoke both timed out; no candidate-bound screenshot PASS promoted,STATIC_SOURCE_PROVEN; mapped wide/~1024/narrow policies inspected; real browser responsive/200% proof remains UNPROVEN,STATIC_SOURCE_PROVEN_PARTIAL; keyboard/focus owners and SFC scripts compile; real browser/assistive-technology proof remains UNPROVEN,STATIC_SOURCE_PROVEN_PARTIAL; logical properties/direction owners inspected; real mixed Arabic/LTR caret/selection browser matrix remains UNPROVEN,EXACT_CURRENT_OWNER_OR_GOVERNANCE_ROW,RUNTIME_UNPROVEN,P1,RUNTIME_UNPROVEN,WRITER_v1.1.4: mapped source implementation is present and static/semantic checks pass; required framework or real-browser runtime evidence remains open and is not promoted.,SOURCE_IMPLEMENTED_RUNTIME_PROOF_OPEN,Writer-B post-zero-orphan bounded parity successor; source manifest ec9d022617f1a88c6f39ea175407a68d77fe5d2f65effb457f73755f0465f3e6; patch 95b109a121a44a72121ae659a7fe084995674dc31b9f2e315d8e2168c682a6ff; 31/31 semantic harness; strict TS core/SFC scripts PASS; PHP syntax 211/211; no GitHub/Drive mutation.,Captured range helpers exist; selection-adjacent toolbar UI and full actions are incomplete.; Shell registry exists; editor action surfaces are not yet fully converged.,v1.1.5_PRE_COLAB_SOURCE_COMPLETE_CANDIDATE,e59c0378da507faa4cc5eebcf5996e194fbb1fb3,95be84b206fff97b95665b8192ce6f99f193f1299d79e4997ee719fe596f0008
LIB-009,CEP_LIBRARY_EDITOR_FINAL_REQUIREMENT_PRESERVATION_CROSSWALK_v1.2.17_ACCEPTED.json + CEP_LIBRARY_EDITOR_EXECUTABLE_BLUEPRINT_v1.2.17_ACCEPTED_DESIGN_REFERENCE.html,LIB-009,script#requirement-reconciliation-ledger :: LIB-009 :: CTX-001; SEL-001,Explicit context scope; selected-block metadata follows selection atomically or pane clearly remains KU-scoped.,One Library context owner; Inline selection semantics,selected/inspected block projection; StructuredEditor inlineRange + active block,context inspect actions; selection formatting/link/reference,LibraryWorkspace #right via WorkspaceFrame; StructuredEditor,DOMAIN_ADAPTER,LOCAL_WRITER_COPY same-lineage; Writer-B v1.1.5_PRE_COLAB_SOURCE_COMPLETE_CANDIDATE; sole baseline v1.1.4 preserved; no GitHub/governed-Drive mutation,writer_source_tree=e59c0378da507faa4cc5eebcf5996e194fbb1fb3; source_manifest_sha256=95be84b206fff97b95665b8192ce6f99f193f1299d79e4997ee719fe596f0008; baseline_v1.1.4_zip_sha256=5954e55db93411293cacb28b4082f54cf53fe8fc3950e9e56ad36cf97b82d636,resources/js/workbench/LibraryWorkspace.vue; resources/js/workbench/WorkspaceFrame.vue; resources/js/workbench/StructuredEditor.vue,template #right; selected; inspectedBlockId; contextPanel; inlineRange; wrap; openInline; applyInline,N/A,W02 Library/Learn workbench,bounded local candidate only,NONE_IDENTIFIED_IN_CURRENT_CONTROLLER_MAPPING,WRITER_v1.1.4_STATIC_PROVEN; exact mapped Production paths/symbol owners re-inspected; writer_source_tree=acd14514dddbd5e45aeb2fc25fed22560511d8ca; source_manifest_sha256=b5de82d4cb83534bab55de52cf7b2f64fec952e9b97062a294338ed21691edf5; changed-file scope audit=18/18 within Controller-mapped 67-row write scopes; full-matrix file-path existence audit=296/296.,WRITER_v1.1.4_SEMANTIC_REVIEW_EXECUTED against Controller-adjudicated owner graph; no alternate semantic/state/command/style/API owner introduced; Node semantic harness 34/34 PASS where applicable.,Strict TypeScript shared-core compile PASS; strict changed-SFC-script compile PASS; ProductionForgeCore.spec.ts source typecheck PASS; Node semantic harness 34/34 PASS; PHP syntax 211/211 PASS; public/workbench-bootstrap.js syntax PASS; full Vitest/Vite/vue-tsc/ESLint/Prettier suite NOT_RUN_TO_PASS because npm ci timed out and local Node/npm do not match declared engines. Writer-B v1.1.5 anti-loss regression harness 11/11 PASS on baseline and 11/11 PASS on successor; PHP syntax 215/215 PASS. Full project Vitest/Vite/Laravel/PostgreSQL/browser suite remains environment-gated where applicable.,SELECTIVE_NODE_SEMANTIC_RUNTIME_34_34_PASS_WHERE_APPLICABLE; FULL_VUE_LARAVEL_POSTGRESQL_RUNTIME_UNPROVEN,UNPROVEN_EXACT_ROUTE; system Chromium 144 headless smoke test timed out even on a minimal data URL; Playwright browser binary unavailable; no browser PASS promoted,UNPROVEN_POST_CHANGE_VISUAL; system Chromium harness and minimal smoke both timed out; no candidate-bound screenshot PASS promoted,STATIC_SOURCE_PROVEN; mapped wide/~1024/narrow policies inspected; real browser responsive/200% proof remains UNPROVEN,STATIC_SOURCE_PROVEN_PARTIAL; keyboard/focus owners and SFC scripts compile; real browser/assistive-technology proof remains UNPROVEN,STATIC_SOURCE_PROVEN_PARTIAL; logical properties/direction owners inspected; real mixed Arabic/LTR caret/selection browser matrix remains UNPROVEN,EXACT_CURRENT_OWNER_OR_GOVERNANCE_ROW,RUNTIME_UNPROVEN,P1,RUNTIME_UNPROVEN,WRITER_v1.1.4: mapped source implementation is present and static/semantic checks pass; required framework or real-browser runtime evidence remains open and is not promoted.,SOURCE_IMPLEMENTED_RUNTIME_PROOF_OPEN,Writer-B post-zero-orphan bounded parity successor; source manifest ec9d022617f1a88c6f39ea175407a68d77fe5d2f65effb457f73755f0465f3e6; patch 95b109a121a44a72121ae659a7fe084995674dc31b9f2e315d8e2168c682a6ff; 31/31 semantic harness; strict TS core/SFC scripts PASS; PHP syntax 211/211; no GitHub/Drive mutation.,Exact one-owner location exists; full lens host/tabs are incomplete.; Captured range helpers exist; selection-adjacent toolbar UI and full actions are incomplete.,v1.1.5_PRE_COLAB_SOURCE_COMPLETE_CANDIDATE,e59c0378da507faa4cc5eebcf5996e194fbb1fb3,95be84b206fff97b95665b8192ce6f99f193f1299d79e4997ee719fe596f0008
LIB-010,CEP_LIBRARY_EDITOR_FINAL_REQUIREMENT_PRESERVATION_CROSSWALK_v1.2.17_ACCEPTED.json + CEP_LIBRARY_EDITOR_EXECUTABLE_BLUEPRINT_v1.2.17_ACCEPTED_DESIGN_REFERENCE.html,LIB-010,script#requirement-reconciliation-ledger :: LIB-010 :: READ-001; ACTION-001,Commands expose truthful enabled/disabled/pressed state from one command model; no silent no-op.,Read/Edit capability projection; Semantic command availability,LibraryWorkspace.editing + revision.editable; command registry + editor selection,mode/action availability; SemanticCommandCore + StructuredEditor.run,StructuredEditor/LibraryWorkspace; Workbench/StructuredEditor,DOMAIN_ADAPTER; SHARED_CORE,LOCAL_WRITER_COPY same-lineage; Writer-B v1.1.5_PRE_COLAB_SOURCE_COMPLETE_CANDIDATE; sole baseline v1.1.4 preserved; no GitHub/governed-Drive mutation,writer_source_tree=e59c0378da507faa4cc5eebcf5996e194fbb1fb3; source_manifest_sha256=95be84b206fff97b95665b8192ce6f99f193f1299d79e4997ee719fe596f0008; baseline_v1.1.4_zip_sha256=5954e55db93411293cacb28b4082f54cf53fe8fc3950e9e56ad36cf97b82d636,resources/js/workbench/LibraryWorkspace.vue; resources/js/workbench/StructuredEditor.vue; resources/js/shared/SemanticCommandCore.ts,editing; editable prop; read inspect; SemanticCommandCore; run; active,N/A,W02 Library/Learn workbench,bounded local candidate only,NONE_IDENTIFIED_IN_CURRENT_CONTROLLER_MAPPING,WRITER_v1.1.4_STATIC_PROVEN; exact mapped Production paths/symbol owners re-inspected; writer_source_tree=acd14514dddbd5e45aeb2fc25fed22560511d8ca; source_manifest_sha256=b5de82d4cb83534bab55de52cf7b2f64fec952e9b97062a294338ed21691edf5; changed-file scope audit=18/18 within Controller-mapped 67-row write scopes; full-matrix file-path existence audit=296/296.,WRITER_v1.1.4_SEMANTIC_REVIEW_EXECUTED against Controller-adjudicated owner graph; no alternate semantic/state/command/style/API owner introduced; Node semantic harness 34/34 PASS where applicable.,Strict TypeScript shared-core compile PASS; strict changed-SFC-script compile PASS; ProductionForgeCore.spec.ts source typecheck PASS; Node semantic harness 34/34 PASS; PHP syntax 211/211 PASS; public/workbench-bootstrap.js syntax PASS; full Vitest/Vite/vue-tsc/ESLint/Prettier suite NOT_RUN_TO_PASS because npm ci timed out and local Node/npm do not match declared engines. Writer-B v1.1.5 anti-loss regression harness 11/11 PASS on baseline and 11/11 PASS on successor; PHP syntax 215/215 PASS. Full project Vitest/Vite/Laravel/PostgreSQL/browser suite remains environment-gated where applicable.,SELECTIVE_NODE_SEMANTIC_RUNTIME_34_34_PASS_WHERE_APPLICABLE; FULL_VUE_LARAVEL_POSTGRESQL_RUNTIME_UNPROVEN,UNPROVEN_EXACT_ROUTE; system Chromium 144 headless smoke test timed out even on a minimal data URL; Playwright browser binary unavailable; no browser PASS promoted,UNPROVEN_POST_CHANGE_VISUAL; system Chromium harness and minimal smoke both timed out; no candidate-bound screenshot PASS promoted,STATIC_SOURCE_PROVEN; mapped wide/~1024/narrow policies inspected; real browser responsive/200% proof remains UNPROVEN,STATIC_SOURCE_PROVEN_PARTIAL; keyboard/focus owners and SFC scripts compile; real browser/assistive-technology proof remains UNPROVEN,STATIC_SOURCE_PROVEN_PARTIAL; logical properties/direction owners inspected; real mixed Arabic/LTR caret/selection browser matrix remains UNPROVEN,EXACT_CURRENT_OWNER_OR_GOVERNANCE_ROW,TRANSFERRED_WITH_PRODUCTION_ADAPTATION,P1,TRANSFERRED_WITH_PRODUCTION_ADAPTATION,WRITER_v1.1.4: mapped capability source implementation is present under the exact Controller owner graph; available static/semantic tests pass; no broader runtime/browser claim is implied.,SOURCE_IMPLEMENTED_AVAILABLE_ASSURANCE_PASS,Writer-B post-zero-orphan bounded parity successor; source manifest ec9d022617f1a88c6f39ea175407a68d77fe5d2f65effb457f73755f0465f3e6; patch 95b109a121a44a72121ae659a7fe084995674dc31b9f2e315d8e2168c682a6ff; 31/31 semantic harness; strict TS core/SFC scripts PASS; PHP syntax 211/211; no GitHub/Drive mutation.,Accepted Read Mode formatting/style action matrix is not complete.; Shell registry exists; editor action surfaces are not yet fully converged.,v1.1.5_PRE_COLAB_SOURCE_COMPLETE_CANDIDATE,e59c0378da507faa4cc5eebcf5996e194fbb1fb3,95be84b206fff97b95665b8192ce6f99f193f1299d79e4997ee719fe596f0008
LIB-011,CEP_LIBRARY_EDITOR_FINAL_REQUIREMENT_PRESERVATION_CROSSWALK_v1.2.17_ACCEPTED.json + CEP_LIBRARY_EDITOR_EXECUTABLE_BLUEPRINT_v1.2.17_ACCEPTED_DESIGN_REFERENCE.html,LIB-011,script#requirement-reconciliation-ledger :: LIB-011 :: CLIP-001; CLIP-002; CLIP-003; TRUST-001; CONVERT-001,Plain text safe; unsupported HTML inert; internal structure preserved where allowed; destructive impact explicit and reversible.,Clipboard policy; External rich-input trust boundary; Clipboard operation surface; Rich-input trust boundary; Block type conversion,GlobalPreferenceCore.clipboard + browser selection; transient clipboard data; selection/document working state; clipboard input only; StructuredDocument working state,paste/copy family; paste; copy/cut/paste; metadata/type conversion,StructuredEditor; ClipboardTrustCore; StructuredEditor type selector,SHARED_CORE,LOCAL_WRITER_COPY same-lineage; Writer-B v1.1.5_PRE_COLAB_SOURCE_COMPLETE_CANDIDATE; sole baseline v1.1.4 preserved; no GitHub/governed-Drive mutation,writer_source_tree=e59c0378da507faa4cc5eebcf5996e194fbb1fb3; source_manifest_sha256=95be84b206fff97b95665b8192ce6f99f193f1299d79e4997ee719fe596f0008; baseline_v1.1.4_zip_sha256=5954e55db93411293cacb28b4082f54cf53fe8fc3950e9e56ad36cf97b82d636,resources/js/shared/ClipboardTrustCore.ts; resources/js/shared/GlobalPreferenceCore.ts; resources/js/workbench/StructuredEditor.vue; resources/js/shared/StructuredContentCore.ts,sanitizePaste; preferences.clipboard; paste; current browser selection; StructuredDocument.metadata; block type select,N/A,W02 Library/Learn workbench,bounded local candidate only,NONE_IDENTIFIED_IN_CURRENT_CONTROLLER_MAPPING,WRITER_v1.1.4_STATIC_PROVEN; exact mapped Production paths/symbol owners re-inspected; writer_source_tree=acd14514dddbd5e45aeb2fc25fed22560511d8ca; source_manifest_sha256=b5de82d4cb83534bab55de52cf7b2f64fec952e9b97062a294338ed21691edf5; changed-file scope audit=18/18 within Controller-mapped 67-row write scopes; full-matrix file-path existence audit=296/296.,WRITER_v1.1.4_SEMANTIC_REVIEW_EXECUTED against Controller-adjudicated owner graph; no alternate semantic/state/command/style/API owner introduced; Node semantic harness 34/34 PASS where applicable.,Strict TypeScript shared-core compile PASS; strict changed-SFC-script compile PASS; ProductionForgeCore.spec.ts source typecheck PASS; Node semantic harness 34/34 PASS; PHP syntax 211/211 PASS; public/workbench-bootstrap.js syntax PASS; full Vitest/Vite/vue-tsc/ESLint/Prettier suite NOT_RUN_TO_PASS because npm ci timed out and local Node/npm do not match declared engines. Writer-B v1.1.5 anti-loss regression harness 11/11 PASS on baseline and 11/11 PASS on successor; PHP syntax 215/215 PASS. Full project Vitest/Vite/Laravel/PostgreSQL/browser suite remains environment-gated where applicable.,SELECTIVE_NODE_SEMANTIC_RUNTIME_34_34_PASS_WHERE_APPLICABLE; FULL_VUE_LARAVEL_POSTGRESQL_RUNTIME_UNPROVEN,UNPROVEN_EXACT_ROUTE; system Chromium 144 headless smoke test timed out even on a minimal data URL; Playwright browser binary unavailable; no browser PASS promoted,UNPROVEN_POST_CHANGE_VISUAL; system Chromium harness and minimal smoke both timed out; no candidate-bound screenshot PASS promoted,STATIC_SOURCE_PROVEN; mapped wide/~1024/narrow policies inspected; real browser responsive/200% proof remains UNPROVEN,STATIC_SOURCE_PROVEN_PARTIAL; keyboard/focus owners and SFC scripts compile; real browser/assistive-technology proof remains UNPROVEN,STATIC_SOURCE_PROVEN_PARTIAL; logical properties/direction owners inspected; real mixed Arabic/LTR caret/selection browser matrix remains UNPROVEN,EXACT_CURRENT_OWNER_OR_GOVERNANCE_ROW,RUNTIME_UNPROVEN,P1,RUNTIME_UNPROVEN,WRITER_v1.1.4: mapped source implementation is present and static/semantic checks pass; required framework or real-browser runtime evidence remains open and is not promoted.,SOURCE_IMPLEMENTED_RUNTIME_PROOF_OPEN,Writer-B post-zero-orphan bounded parity successor; source manifest ec9d022617f1a88c6f39ea175407a68d77fe5d2f65effb457f73755f0465f3e6; patch 95b109a121a44a72121ae659a7fe084995674dc31b9f2e315d8e2168c682a6ff; 31/31 semantic harness; strict TS core/SFC scripts PASS; PHP syntax 211/211; no GitHub/Drive mutation.,"Paste policy exists; complete structured Copy/Cut remains C019.; Copy/Cut atomic/result paths are incomplete, but destination owner is exact.; Safe conversion matrix remains incomplete.",v1.1.5_PRE_COLAB_SOURCE_COMPLETE_CANDIDATE,e59c0378da507faa4cc5eebcf5996e194fbb1fb3,95be84b206fff97b95665b8192ce6f99f193f1299d79e4997ee719fe596f0008
LIB-012,CEP_LIBRARY_EDITOR_FINAL_REQUIREMENT_PRESERVATION_CROSSWALK_v1.2.17_ACCEPTED.json + CEP_LIBRARY_EDITOR_EXECUTABLE_BLUEPRINT_v1.2.17_ACCEPTED_DESIGN_REFERENCE.html,LIB-012,script#requirement-reconciliation-ledger :: LIB-012 :: SAVE-001; SAVE-002; PROD-001,Blueprint simulates states truthfully; production conversion implements exact revision/recovery contract before product acceptance.,Canonical draft save boundary; Local Recovery boundary; Production integration boundary,Library dirty/saving/conflict + revision lock; Library recovery state keyed by revision; canonical production services external to UI,document.save; recovery.restore; authoritative save/notes/identity only when authorized,LibraryWorkspace + LessonRevisionWorkflow; LibraryWorkspace; N/A,DOMAIN_ADAPTER; DOMAIN_BOUNDARY,LOCAL_WRITER_COPY same-lineage; Writer-B v1.1.5_PRE_COLAB_SOURCE_COMPLETE_CANDIDATE; sole baseline v1.1.4 preserved; no GitHub/governed-Drive mutation,writer_source_tree=e59c0378da507faa4cc5eebcf5996e194fbb1fb3; source_manifest_sha256=95be84b206fff97b95665b8192ce6f99f193f1299d79e4997ee719fe596f0008; baseline_v1.1.4_zip_sha256=5954e55db93411293cacb28b4082f54cf53fe8fc3950e9e56ad36cf97b82d636,resources/js/workbench/LibraryWorkspace.vue; app/Modules/Knowledge/Publication/LessonRevisionWorkflow.php; app/Http/Controllers/KnowledgeLearning/WorkbenchController.php,save; lock_version; updateDraft; recoveryKey; changed; restoreRecovery; LessonRevisionWorkflow; WorkbenchController,PATCH /api/cep/v1/library/revisions/{revision}; localStorage recovery only; Existing Library revision API; durable Notes/identity remap not authorized,W02 Library/Learn workbench,bounded local candidate only; NO_WRITE_OUTSIDE_EXISTING_AUTHORIZED_SERVICE_CONTRACT,Recovery != canonical save/autosave; no durable recovery claim.; Do not invent durable Notes/schema/remap/OS topmost authority.,STATIC_PROVEN for owner/path/symbol statements listed; local source re-inspected after corrections; see static/test receipt.,SEMANTIC_PROVEN only where behavior was directly reasoned/executed in safe harness; otherwise PARTIAL/UNPROVEN as reflected by verdict/notes.,See CEP_W01_W02_STATIC_AND_RUNTIME_TEST_RECEIPT_v1.1.1.json; no unexecuted suite is promoted to TEST_PROVEN. Writer-B v1.1.5 anti-loss regression harness 11/11 PASS on baseline and 11/11 PASS on successor; PHP syntax 215/215 PASS. Full project Vitest/Vite/Laravel/PostgreSQL/browser suite remains environment-gated where applicable.,Selective safe-harness runtime only; Laravel/PostgreSQL framework runtime NOT_RUN.,NOT_RUN_REAL_AUTHENTICATED_BROWSER,NOT_RUN_CURRENT_CORRECTED_CANDIDATE_VISUAL_REFERENCE_GATE,STATIC_PROVEN_PARTIAL; browser responsive/200% proof NOT_RUN.,STATIC_PROVEN_PARTIAL; focus/AT/browser proof NOT_RUN.,STATIC_PROVEN_PARTIAL; mixed-caret/browser matrix NOT_RUN.,EXACT_BOUNDARY_GATED,AUTHORITY_GATED,P0,AUTHORITY_GATED,"Autosave preference/scheduler absent, but canonical save/conflict destination is exact.; Boundary is exact; absent providers remain explicitly authority/provider-gated, not guessed.",NOT_IN_CURRENT_67_ROW_IMPLEMENTATION_WAVE__CONTROLLER_DISPOSITION_PRESERVED,Preserved from Controller-adjudicated v1.1.2; no Writer promotion beyond evidence.,NOT_APPLICABLE__ROW_NOT_IN_67_ROW_IMPLEMENTATION_WAVE,v1.1.5_PRE_COLAB_SOURCE_COMPLETE_CANDIDATE,e59c0378da507faa4cc5eebcf5996e194fbb1fb3,95be84b206fff97b95665b8192ce6f99f193f1299d79e4997ee719fe596f0008
LIB-013,CEP_LIBRARY_EDITOR_FINAL_REQUIREMENT_PRESERVATION_CROSSWALK_v1.2.17_ACCEPTED.json + CEP_LIBRARY_EDITOR_EXECUTABLE_BLUEPRINT_v1.2.17_ACCEPTED_DESIGN_REFERENCE.html,LIB-013,script#requirement-reconciliation-ledger :: LIB-013 :: BOTTOM-001,Closed shelf contains no Compare/History/Recovery internal tabs; expanded only on invocation.,Bottom deep-work visibility,WorkspaceLayoutCore.bottomOpen,layout.set bottomOpen,WorkspaceFrame #bottom + Library deep work,SHARED_CORE,LOCAL_WRITER_COPY same-lineage; Writer-B v1.1.5_PRE_COLAB_SOURCE_COMPLETE_CANDIDATE; sole baseline v1.1.4 preserved; no GitHub/governed-Drive mutation,writer_source_tree=e59c0378da507faa4cc5eebcf5996e194fbb1fb3; source_manifest_sha256=95be84b206fff97b95665b8192ce6f99f193f1299d79e4997ee719fe596f0008; baseline_v1.1.4_zip_sha256=5954e55db93411293cacb28b4082f54cf53fe8fc3950e9e56ad36cf97b82d636,resources/js/shared/WorkspaceLayoutCore.ts; resources/js/workbench/WorkspaceFrame.vue; resources/js/workbench/LibraryWorkspace.vue,bottomOpen; preferredBottomOpen; template #bottom,N/A,W02 Library/Learn workbench,bounded local candidate only,NONE_IDENTIFIED_IN_CURRENT_CONTROLLER_MAPPING,STATIC_PROVEN for owner/path/symbol statements listed; local source re-inspected after corrections; see static/test receipt.,SEMANTIC_PROVEN only where behavior was directly reasoned/executed in safe harness; otherwise PARTIAL/UNPROVEN as reflected by verdict/notes.,See CEP_W01_W02_STATIC_AND_RUNTIME_TEST_RECEIPT_v1.1.1.json; no unexecuted suite is promoted to TEST_PROVEN. Writer-B v1.1.5 anti-loss regression harness 11/11 PASS on baseline and 11/11 PASS on successor; PHP syntax 215/215 PASS. Full project Vitest/Vite/Laravel/PostgreSQL/browser suite remains environment-gated where applicable.,Selective safe-harness runtime only; Laravel/PostgreSQL framework runtime NOT_RUN.,NOT_RUN_REAL_AUTHENTICATED_BROWSER,NOT_RUN_CURRENT_CORRECTED_CANDIDATE_VISUAL_REFERENCE_GATE,STATIC_PROVEN_PARTIAL; browser responsive/200% proof NOT_RUN.,STATIC_PROVEN_PARTIAL; focus/AT/browser proof NOT_RUN.,STATIC_PROVEN_PARTIAL; mixed-caret/browser matrix NOT_RUN.,EXACT_CURRENT_OWNER_OR_GOVERNANCE_ROW,TRANSFERRED_WITH_PRODUCTION_ADAPTATION,P1,TRANSFERRED_WITH_PRODUCTION_ADAPTATION,Persistent presentation owner separated from semantic preferences; browser inertness proof pending.,NOT_IN_CURRENT_67_ROW_IMPLEMENTATION_WAVE__CONTROLLER_DISPOSITION_PRESERVED,Preserved from Controller-adjudicated v1.1.2; no Writer promotion beyond evidence.,NOT_APPLICABLE__ROW_NOT_IN_67_ROW_IMPLEMENTATION_WAVE,v1.1.5_PRE_COLAB_SOURCE_COMPLETE_CANDIDATE,e59c0378da507faa4cc5eebcf5996e194fbb1fb3,95be84b206fff97b95665b8192ce6f99f193f1299d79e4997ee719fe596f0008
LIB-014,CEP_LIBRARY_EDITOR_FINAL_REQUIREMENT_PRESERVATION_CROSSWALK_v1.2.17_ACCEPTED.json + CEP_LIBRARY_EDITOR_EXECUTABLE_BLUEPRINT_v1.2.17_ACCEPTED_DESIGN_REFERENCE.html,LIB-014,script#requirement-reconciliation-ledger :: LIB-014 :: BIDI-001; BIDI-002; A11Y-001,Execute approved editor/Bidi matrix with Arabic prose + LTR IDs/URL/path/code/punctuation before final freeze.,Chrome/block direction; Block direction/alignment; Accessibility interaction,GlobalPreferenceCore + block metadata; block metadata + global preference; DOM focus + transient UI,preference.set / block metadata; StructuredDocument.metadata; focus/skip/modal/menu commands,Workbench + StructuredEditor + CSS; StructuredEditor + Library Context controls; Workbench/WorkspaceFrame/workbench.css,SHARED_CORE,LOCAL_WRITER_COPY same-lineage; Writer-B v1.1.5_PRE_COLAB_SOURCE_COMPLETE_CANDIDATE; sole baseline v1.1.4 preserved; no GitHub/governed-Drive mutation,writer_source_tree=e59c0378da507faa4cc5eebcf5996e194fbb1fb3; source_manifest_sha256=95be84b206fff97b95665b8192ce6f99f193f1299d79e4997ee719fe596f0008; baseline_v1.1.4_zip_sha256=5954e55db93411293cacb28b4082f54cf53fe8fc3950e9e56ad36cf97b82d636,resources/js/shared/GlobalPreferenceCore.ts; resources/js/shared/StructuredContentCore.ts; resources/js/workbench/StructuredEditor.vue; resources/css/workbench.css; resources/js/workbench/LibraryWorkspace.vue; resources/js/workbench/Workbench.vue; resources/js/workbench/WorkspaceFrame.vue,chromeDirection; StructuredDocument.metadata; textarea :dir; selected.dir/align controls; keydown; focusWorkspace; trap; closeOverlay; .skip-link,N/A,W02 Library/Learn workbench,bounded local candidate only,NONE_IDENTIFIED_IN_CURRENT_CONTROLLER_MAPPING,WRITER_v1.1.4_STATIC_PROVEN; exact mapped Production paths/symbol owners re-inspected; writer_source_tree=acd14514dddbd5e45aeb2fc25fed22560511d8ca; source_manifest_sha256=b5de82d4cb83534bab55de52cf7b2f64fec952e9b97062a294338ed21691edf5; changed-file scope audit=18/18 within Controller-mapped 67-row write scopes; full-matrix file-path existence audit=296/296.,WRITER_v1.1.4_SEMANTIC_REVIEW_EXECUTED against Controller-adjudicated owner graph; no alternate semantic/state/command/style/API owner introduced; Node semantic harness 34/34 PASS where applicable.,Strict TypeScript shared-core compile PASS; strict changed-SFC-script compile PASS; ProductionForgeCore.spec.ts source typecheck PASS; Node semantic harness 34/34 PASS; PHP syntax 211/211 PASS; public/workbench-bootstrap.js syntax PASS; full Vitest/Vite/vue-tsc/ESLint/Prettier suite NOT_RUN_TO_PASS because npm ci timed out and local Node/npm do not match declared engines. Writer-B v1.1.5 anti-loss regression harness 11/11 PASS on baseline and 11/11 PASS on successor; PHP syntax 215/215 PASS. Full project Vitest/Vite/Laravel/PostgreSQL/browser suite remains environment-gated where applicable.,SELECTIVE_NODE_SEMANTIC_RUNTIME_34_34_PASS_WHERE_APPLICABLE; FULL_VUE_LARAVEL_POSTGRESQL_RUNTIME_UNPROVEN,UNPROVEN_EXACT_ROUTE; system Chromium 144 headless smoke test timed out even on a minimal data URL; Playwright browser binary unavailable; no browser PASS promoted,UNPROVEN_POST_CHANGE_VISUAL; system Chromium harness and minimal smoke both timed out; no candidate-bound screenshot PASS promoted,STATIC_SOURCE_PROVEN; mapped wide/~1024/narrow policies inspected; real browser responsive/200% proof remains UNPROVEN,STATIC_SOURCE_PROVEN_PARTIAL; keyboard/focus owners and SFC scripts compile; real browser/assistive-technology proof remains UNPROVEN,STATIC_SOURCE_PROVEN_PARTIAL; logical properties/direction owners inspected; real mixed Arabic/LTR caret/selection browser matrix remains UNPROVEN,EXACT_CURRENT_OWNER_OR_GOVERNANCE_ROW,RUNTIME_UNPROVEN,P0/P1,RUNTIME_UNPROVEN,WRITER_v1.1.4: mapped source implementation is present and static/semantic checks pass; required framework or real-browser runtime evidence remains open and is not promoted.,SOURCE_IMPLEMENTED_RUNTIME_PROOF_OPEN,Writer-B post-zero-orphan bounded parity successor; source manifest ec9d022617f1a88c6f39ea175407a68d77fe5d2f65effb457f73755f0465f3e6; patch 95b109a121a44a72121ae659a7fe084995674dc31b9f2e315d8e2168c682a6ff; 31/31 semantic harness; strict TS core/SFC scripts PASS; PHP syntax 211/211; no GitHub/Drive mutation.,Static logic present; mixed-caret browser matrix unproven.; Static owner exact; browser/focus runtime remains C026.,v1.1.5_PRE_COLAB_SOURCE_COMPLETE_CANDIDATE,e59c0378da507faa4cc5eebcf5996e194fbb1fb3,95be84b206fff97b95665b8192ce6f99f193f1299d79e4997ee719fe596f0008
LIB-015,CEP_LIBRARY_EDITOR_FINAL_REQUIREMENT_PRESERVATION_CROSSWALK_v1.2.17_ACCEPTED.json + CEP_LIBRARY_EDITOR_EXECUTABLE_BLUEPRINT_v1.2.17_ACCEPTED_DESIGN_REFERENCE.html,LIB-015,script#requirement-reconciliation-ledger :: LIB-015 :: PANE-001; PANE-002; PANE-003; PANE-004,"Preserve wide-mode mechanics, clamped widths and separator semantics while adding medium RIGHT transition.",Pane geometry; Pane keyboard geometry; Preferred/effective responsive panes; Pane preference persistence,WorkspaceLayoutCore; WorkspaceLayoutCore + overlay refs,pane.resize; pane.resize keyboard; pane.toggle/reveal; layout.set/import/export,WorkspaceFrame; WorkspaceLayoutCore,SHARED_CORE,LOCAL_WRITER_COPY same-lineage; Writer-B v1.1.5_PRE_COLAB_SOURCE_COMPLETE_CANDIDATE; sole baseline v1.1.4 preserved; no GitHub/governed-Drive mutation,writer_source_tree=e59c0378da507faa4cc5eebcf5996e194fbb1fb3; source_manifest_sha256=95be84b206fff97b95665b8192ce6f99f193f1299d79e4997ee719fe596f0008; baseline_v1.1.4_zip_sha256=5954e55db93411293cacb28b4082f54cf53fe8fc3950e9e56ad36cf97b82d636,resources/js/workbench/WorkspaceFrame.vue; resources/js/shared/WorkspaceLayoutCore.ts; resources/css/workbench.css,drag; setWidth; WorkspaceLayoutCore; resizeByKeyboard; preferredLeftOpen/rightOpen; leftOverlay/rightOverlay; structure-overlay/context-overlay; WorkspaceLayoutCore.resolve/set/import/export,N/A,W02 Library/Learn workbench,bounded local candidate only,NONE_IDENTIFIED_IN_CURRENT_CONTROLLER_MAPPING,WRITER_v1.1.4_STATIC_PROVEN; exact mapped Production paths/symbol owners re-inspected; writer_source_tree=acd14514dddbd5e45aeb2fc25fed22560511d8ca; source_manifest_sha256=b5de82d4cb83534bab55de52cf7b2f64fec952e9b97062a294338ed21691edf5; changed-file scope audit=18/18 within Controller-mapped 67-row write scopes; full-matrix file-path existence audit=296/296.,WRITER_v1.1.4_SEMANTIC_REVIEW_EXECUTED against Controller-adjudicated owner graph; no alternate semantic/state/command/style/API owner introduced; Node semantic harness 34/34 PASS where applicable.,Strict TypeScript shared-core compile PASS; strict changed-SFC-script compile PASS; ProductionForgeCore.spec.ts source typecheck PASS; Node semantic harness 34/34 PASS; PHP syntax 211/211 PASS; public/workbench-bootstrap.js syntax PASS; full Vitest/Vite/vue-tsc/ESLint/Prettier suite NOT_RUN_TO_PASS because npm ci timed out and local Node/npm do not match declared engines. Writer-B v1.1.5 anti-loss regression harness 11/11 PASS on baseline and 11/11 PASS on successor; PHP syntax 215/215 PASS. Full project Vitest/Vite/Laravel/PostgreSQL/browser suite remains environment-gated where applicable.,SELECTIVE_NODE_SEMANTIC_RUNTIME_34_34_PASS_WHERE_APPLICABLE; FULL_VUE_LARAVEL_POSTGRESQL_RUNTIME_UNPROVEN,UNPROVEN_EXACT_ROUTE; system Chromium 144 headless smoke test timed out even on a minimal data URL; Playwright browser binary unavailable; no browser PASS promoted,UNPROVEN_POST_CHANGE_VISUAL; system Chromium harness and minimal smoke both timed out; no candidate-bound screenshot PASS promoted,STATIC_SOURCE_PROVEN; mapped wide/~1024/narrow policies inspected; real browser responsive/200% proof remains UNPROVEN,STATIC_SOURCE_PROVEN_PARTIAL; keyboard/focus owners and SFC scripts compile; real browser/assistive-technology proof remains UNPROVEN,STATIC_SOURCE_PROVEN_PARTIAL; logical properties/direction owners inspected; real mixed Arabic/LTR caret/selection browser matrix remains UNPROVEN,EXACT_CURRENT_OWNER_OR_GOVERNANCE_ROW,RUNTIME_UNPROVEN,P1,RUNTIME_UNPROVEN,WRITER_v1.1.4: mapped source implementation is present and static/semantic checks pass; required framework or real-browser runtime evidence remains open and is not promoted.,SOURCE_IMPLEMENTED_RUNTIME_PROOF_OPEN,Writer-B post-zero-orphan bounded parity successor; source manifest ec9d022617f1a88c6f39ea175407a68d77fe5d2f65effb457f73755f0465f3e6; patch 95b109a121a44a72121ae659a7fe084995674dc31b9f2e315d8e2168c682a6ff; 31/31 semantic harness; strict TS core/SFC scripts PASS; PHP syntax 211/211; no GitHub/Drive mutation.,NO_HISTORICAL_CONTROLLER_NOTES,v1.1.5_PRE_COLAB_SOURCE_COMPLETE_CANDIDATE,e59c0378da507faa4cc5eebcf5996e194fbb1fb3,95be84b206fff97b95665b8192ce6f99f193f1299d79e4997ee719fe596f0008
LIB-016,CEP_LIBRARY_EDITOR_FINAL_REQUIREMENT_PRESERVATION_CROSSWALK_v1.2.17_ACCEPTED.json + CEP_LIBRARY_EDITOR_EXECUTABLE_BLUEPRINT_v1.2.17_ACCEPTED_DESIGN_REFERENCE.html,LIB-016,script#requirement-reconciliation-ledger :: LIB-016 :: CSS-001; STR-001; CTX-001; MENU-001; GUTTER-001; QUALITY-001,"Target a Notion-class professional interaction-quality benchmark without copying external visual identity: cohesive direct editing, low friction, reversible operations, strong keyboard/pointer parity, accessible focus behavior, responsive workspace, no toy/demo feel.",Workbench presentation grammar; Library hierarchy representation; One Library context owner; Block command surface; Block gutter/insertion; Writer assurance evidence,presentation only; LibraryHierarchyProjector + route selection; selected/inspected block projection; StructuredEditor transient target + selection; StructuredEditor transient insertion; Review evidence,N/A; tree navigation/search; context inspect actions; block.* via StructuredDocument; insertion.open -> block.insert; none,workbench.css/app.css; LibraryHierarchyTree + LibraryWorkspace LEFT; LibraryWorkspace #right via WorkspaceFrame; StructuredEditor contextmenu surface; StructuredEditor block-gutter; not product-facing,SHARED_CORE; DOMAIN_ADAPTER; GOVERNANCE,LOCAL_WRITER_COPY same-lineage; Writer-B v1.1.5_PRE_COLAB_SOURCE_COMPLETE_CANDIDATE; sole baseline v1.1.4 preserved; no GitHub/governed-Drive mutation,writer_source_tree=e59c0378da507faa4cc5eebcf5996e194fbb1fb3; source_manifest_sha256=95be84b206fff97b95665b8192ce6f99f193f1299d79e4997ee719fe596f0008; baseline_v1.1.4_zip_sha256=5954e55db93411293cacb28b4082f54cf53fe8fc3950e9e56ad36cf97b82d636,resources/css/workbench.css; resources/css/app.css; app/Modules/Knowledge/Application/Library/LibraryHierarchyProjector.php; resources/js/pages/KnowledgeLearning/components/library/LibraryHierarchyTree.vue; resources/js/workbench/LibraryWorkspace.vue; resources/js/workbench/WorkspaceFrame.vue; resources/js/workbench/StructuredEditor.vue; resources/js/shared/StructuredContentCore.ts; CEP_LIBRARY_EDITOR_EXECUTABLE_BLUEPRINT_v1.2.17_ACCEPTED_DESIGN_REFERENCE.html,workbench layer; legacy-shell scope; LibraryHierarchyProjector.project; LibraryHierarchyTree; template #left; template #right; selected; inspectedBlockId; contextPanel; @contextmenu; document.select; run; StructuredDocument methods; block-gutter; openInsertion; insert; writer receipts + review ledgers,N/A,W02 Library/Learn workbench; governance/evidence,bounded local candidate only; evidence only,NONE_IDENTIFIED_IN_CURRENT_CONTROLLER_MAPPING,WRITER_v1.1.4_STATIC_PROVEN; exact mapped Production paths/symbol owners re-inspected; writer_source_tree=acd14514dddbd5e45aeb2fc25fed22560511d8ca; source_manifest_sha256=b5de82d4cb83534bab55de52cf7b2f64fec952e9b97062a294338ed21691edf5; changed-file scope audit=18/18 within Controller-mapped 67-row write scopes; full-matrix file-path existence audit=296/296.,WRITER_v1.1.4_SEMANTIC_REVIEW_EXECUTED against Controller-adjudicated owner graph; no alternate semantic/state/command/style/API owner introduced; Node semantic harness 34/34 PASS where applicable.,Strict TypeScript shared-core compile PASS; strict changed-SFC-script compile PASS; ProductionForgeCore.spec.ts source typecheck PASS; Node semantic harness 34/34 PASS; PHP syntax 211/211 PASS; public/workbench-bootstrap.js syntax PASS; full Vitest/Vite/vue-tsc/ESLint/Prettier suite NOT_RUN_TO_PASS because npm ci timed out and local Node/npm do not match declared engines. Writer-B v1.1.5 anti-loss regression harness 11/11 PASS on baseline and 11/11 PASS on successor; PHP syntax 215/215 PASS. Full project Vitest/Vite/Laravel/PostgreSQL/browser suite remains environment-gated where applicable.,SELECTIVE_NODE_SEMANTIC_RUNTIME_34_34_PASS_WHERE_APPLICABLE; FULL_VUE_LARAVEL_POSTGRESQL_RUNTIME_UNPROVEN,UNPROVEN_EXACT_ROUTE; system Chromium 144 headless smoke test timed out even on a minimal data URL; Playwright browser binary unavailable; no browser PASS promoted,UNPROVEN_POST_CHANGE_VISUAL; system Chromium harness and minimal smoke both timed out; no candidate-bound screenshot PASS promoted,STATIC_SOURCE_PROVEN; mapped wide/~1024/narrow policies inspected; real browser responsive/200% proof remains UNPROVEN,STATIC_SOURCE_PROVEN_PARTIAL; keyboard/focus owners and SFC scripts compile; real browser/assistive-technology proof remains UNPROVEN,STATIC_SOURCE_PROVEN_PARTIAL; logical properties/direction owners inspected; real mixed Arabic/LTR caret/selection browser matrix remains UNPROVEN,EXACT_CURRENT_OWNER_OR_GOVERNANCE_ROW,VISUAL_UNPROVEN,P0,VISUAL_UNPROVEN,WRITER_v1.1.4: mapped source implementation is present; source/responsive semantics are statically inspected; fresh post-change visual proof remains unavailable because the browser renderer is environment-blocked.,SOURCE_IMPLEMENTED_VISUAL_PROOF_OPEN,Writer-B post-zero-orphan bounded parity successor; source manifest ec9d022617f1a88c6f39ea175407a68d77fe5d2f65effb457f73755f0465f3e6; patch 95b109a121a44a72121ae659a7fe084995674dc31b9f2e315d8e2168c682a6ff; 31/31 semantic harness; strict TS core/SFC scripts PASS; PHP syntax 211/211; no GitHub/Drive mutation.,"Missing hierarchy context remains explicit unresolved technical fallback, not fabricated localized title.; Exact one-owner location exists; full lens host/tabs are incomplete.; True grouped BlockContextMenu UI is missing; current semantic destination owner is exact.",v1.1.5_PRE_COLAB_SOURCE_COMPLETE_CANDIDATE,e59c0378da507faa4cc5eebcf5996e194fbb1fb3,95be84b206fff97b95665b8192ce6f99f193f1299d79e4997ee719fe596f0008
LIB-017,CEP_LIBRARY_EDITOR_FINAL_REQUIREMENT_PRESERVATION_CROSSWALK_v1.2.17_ACCEPTED.json + CEP_LIBRARY_EDITOR_EXECUTABLE_BLUEPRINT_v1.2.17_ACCEPTED_DESIGN_REFERENCE.html,LIB-017,script#requirement-reconciliation-ledger :: LIB-017 :: ACTION-001; MENU-001; SEL-001; GUTTER-001,Block handle/left-edge affordance opens anchored block menu; text selection opens lightweight inline toolbar; caret opens insertion/slash palette; persistent editor toolbar owns high-value global/document commands; command palette accelerates broader actions. All routes converge on one semantic command owner and truthful action state.,Semantic command availability; Block command surface; Inline selection semantics; Block gutter/insertion,command registry + editor selection; StructuredEditor transient target + selection; StructuredEditor inlineRange + active block; StructuredEditor transient insertion,SemanticCommandCore + StructuredEditor.run; block.* via StructuredDocument; selection formatting/link/reference; insertion.open -> block.insert,Workbench/StructuredEditor; StructuredEditor contextmenu surface; StructuredEditor; StructuredEditor block-gutter,SHARED_CORE; DOMAIN_ADAPTER,LOCAL_WRITER_COPY same-lineage; Writer-B v1.1.5_PRE_COLAB_SOURCE_COMPLETE_CANDIDATE; sole baseline v1.1.4 preserved; no GitHub/governed-Drive mutation,writer_source_tree=e59c0378da507faa4cc5eebcf5996e194fbb1fb3; source_manifest_sha256=95be84b206fff97b95665b8192ce6f99f193f1299d79e4997ee719fe596f0008; baseline_v1.1.4_zip_sha256=5954e55db93411293cacb28b4082f54cf53fe8fc3950e9e56ad36cf97b82d636,resources/js/shared/SemanticCommandCore.ts; resources/js/workbench/StructuredEditor.vue; resources/js/shared/StructuredContentCore.ts,SemanticCommandCore; run; active; @contextmenu; document.select; StructuredDocument methods; inlineRange; wrap; openInline; applyInline; block-gutter; openInsertion; insert,N/A,W02 Library/Learn workbench,bounded local candidate only,NONE_IDENTIFIED_IN_CURRENT_CONTROLLER_MAPPING,WRITER_v1.1.4_STATIC_PROVEN; exact mapped Production paths/symbol owners re-inspected; writer_source_tree=acd14514dddbd5e45aeb2fc25fed22560511d8ca; source_manifest_sha256=b5de82d4cb83534bab55de52cf7b2f64fec952e9b97062a294338ed21691edf5; changed-file scope audit=18/18 within Controller-mapped 67-row write scopes; full-matrix file-path existence audit=296/296.,WRITER_v1.1.4_SEMANTIC_REVIEW_EXECUTED against Controller-adjudicated owner graph; no alternate semantic/state/command/style/API owner introduced; Node semantic harness 34/34 PASS where applicable.,Strict TypeScript shared-core compile PASS; strict changed-SFC-script compile PASS; ProductionForgeCore.spec.ts source typecheck PASS; Node semantic harness 34/34 PASS; PHP syntax 211/211 PASS; public/workbench-bootstrap.js syntax PASS; full Vitest/Vite/vue-tsc/ESLint/Prettier suite NOT_RUN_TO_PASS because npm ci timed out and local Node/npm do not match declared engines. Writer-B v1.1.5 anti-loss regression harness 11/11 PASS on baseline and 11/11 PASS on successor; PHP syntax 215/215 PASS. Full project Vitest/Vite/Laravel/PostgreSQL/browser suite remains environment-gated where applicable.,SELECTIVE_NODE_SEMANTIC_RUNTIME_34_34_PASS_WHERE_APPLICABLE; FULL_VUE_LARAVEL_POSTGRESQL_RUNTIME_UNPROVEN,UNPROVEN_EXACT_ROUTE; system Chromium 144 headless smoke test timed out even on a minimal data URL; Playwright browser binary unavailable; no browser PASS promoted,UNPROVEN_POST_CHANGE_VISUAL; system Chromium harness and minimal smoke both timed out; no candidate-bound screenshot PASS promoted,STATIC_SOURCE_PROVEN; mapped wide/~1024/narrow policies inspected; real browser responsive/200% proof remains UNPROVEN,STATIC_SOURCE_PROVEN_PARTIAL; keyboard/focus owners and SFC scripts compile; real browser/assistive-technology proof remains UNPROVEN,STATIC_SOURCE_PROVEN_PARTIAL; logical properties/direction owners inspected; real mixed Arabic/LTR caret/selection browser matrix remains UNPROVEN,EXACT_CURRENT_OWNER_OR_GOVERNANCE_ROW,RUNTIME_UNPROVEN,P1,RUNTIME_UNPROVEN,WRITER_v1.1.4: mapped source implementation is present and static/semantic checks pass; required framework or real-browser runtime evidence remains open and is not promoted.,SOURCE_IMPLEMENTED_RUNTIME_PROOF_OPEN,Writer-B post-zero-orphan bounded parity successor; source manifest ec9d022617f1a88c6f39ea175407a68d77fe5d2f65effb457f73755f0465f3e6; patch 95b109a121a44a72121ae659a7fe084995674dc31b9f2e315d8e2168c682a6ff; 31/31 semantic harness; strict TS core/SFC scripts PASS; PHP syntax 211/211; no GitHub/Drive mutation.,Shell registry exists; editor action surfaces are not yet fully converged.; True grouped BlockContextMenu UI is missing; current semantic destination owner is exact.; Captured range helpers exist; selection-adjacent toolbar UI and full actions are incomplete.,v1.1.5_PRE_COLAB_SOURCE_COMPLETE_CANDIDATE,e59c0378da507faa4cc5eebcf5996e194fbb1fb3,95be84b206fff97b95665b8192ce6f99f193f1299d79e4997ee719fe596f0008
LIB-018,CEP_LIBRARY_EDITOR_FINAL_REQUIREMENT_PRESERVATION_CROSSWALK_v1.2.17_ACCEPTED.json + CEP_LIBRARY_EDITOR_EXECUTABLE_BLUEPRINT_v1.2.17_ACCEPTED_DESIGN_REFERENCE.html,LIB-018,script#requirement-reconciliation-ledger :: LIB-018 :: BANNER-001,"Model it as TOP_BANNER with EXPANDED/COMPACT/HIDDEN presentation states. Hiding it preserves persistent editor toolbar, active KU orientation, critical dirty/save/conflict state and required navigation.",Library document identity/banner,Library surface presentation,Library toolbar/banner actions,LibraryWorkspace .document-banner,DOMAIN_ADAPTER,LOCAL_WRITER_COPY same-lineage; Writer-B v1.1.5_PRE_COLAB_SOURCE_COMPLETE_CANDIDATE; sole baseline v1.1.4 preserved; no GitHub/governed-Drive mutation,writer_source_tree=e59c0378da507faa4cc5eebcf5996e194fbb1fb3; source_manifest_sha256=95be84b206fff97b95665b8192ce6f99f193f1299d79e4997ee719fe596f0008; baseline_v1.1.4_zip_sha256=5954e55db93411293cacb28b4082f54cf53fe8fc3950e9e56ad36cf97b82d636,resources/js/workbench/LibraryWorkspace.vue,template .document-banner; workbench-heading,N/A,W02 Library/Learn workbench,bounded local candidate only,NONE_IDENTIFIED_IN_CURRENT_CONTROLLER_MAPPING,WRITER_v1.1.4_STATIC_PROVEN; exact mapped Production paths/symbol owners re-inspected; writer_source_tree=acd14514dddbd5e45aeb2fc25fed22560511d8ca; source_manifest_sha256=b5de82d4cb83534bab55de52cf7b2f64fec952e9b97062a294338ed21691edf5; changed-file scope audit=18/18 within Controller-mapped 67-row write scopes; full-matrix file-path existence audit=296/296.,WRITER_v1.1.4_SEMANTIC_REVIEW_EXECUTED against Controller-adjudicated owner graph; no alternate semantic/state/command/style/API owner introduced; Node semantic harness 34/34 PASS where applicable.,Strict TypeScript shared-core compile PASS; strict changed-SFC-script compile PASS; ProductionForgeCore.spec.ts source typecheck PASS; Node semantic harness 34/34 PASS; PHP syntax 211/211 PASS; public/workbench-bootstrap.js syntax PASS; full Vitest/Vite/vue-tsc/ESLint/Prettier suite NOT_RUN_TO_PASS because npm ci timed out and local Node/npm do not match declared engines. Writer-B v1.1.5 anti-loss regression harness 11/11 PASS on baseline and 11/11 PASS on successor; PHP syntax 215/215 PASS. Full project Vitest/Vite/Laravel/PostgreSQL/browser suite remains environment-gated where applicable.,SELECTIVE_NODE_SEMANTIC_RUNTIME_34_34_PASS_WHERE_APPLICABLE; FULL_VUE_LARAVEL_POSTGRESQL_RUNTIME_UNPROVEN,UNPROVEN_EXACT_ROUTE; system Chromium 144 headless smoke test timed out even on a minimal data URL; Playwright browser binary unavailable; no browser PASS promoted,UNPROVEN_POST_CHANGE_VISUAL; system Chromium harness and minimal smoke both timed out; no candidate-bound screenshot PASS promoted,STATIC_SOURCE_PROVEN; mapped wide/~1024/narrow policies inspected; real browser responsive/200% proof remains UNPROVEN,STATIC_SOURCE_PROVEN_PARTIAL; keyboard/focus owners and SFC scripts compile; real browser/assistive-technology proof remains UNPROVEN,STATIC_SOURCE_PROVEN_PARTIAL; logical properties/direction owners inspected; real mixed Arabic/LTR caret/selection browser matrix remains UNPROVEN,EXACT_CURRENT_OWNER_OR_GOVERNANCE_ROW,TRANSFERRED_WITH_PRODUCTION_ADAPTATION,P1,TRANSFERRED_WITH_PRODUCTION_ADAPTATION,WRITER_v1.1.4: mapped capability source implementation is present under the exact Controller owner graph; available static/semantic tests pass; no broader runtime/browser claim is implied.,SOURCE_IMPLEMENTED_AVAILABLE_ASSURANCE_PASS,Writer-B post-zero-orphan bounded parity successor; source manifest ec9d022617f1a88c6f39ea175407a68d77fe5d2f65effb457f73755f0465f3e6; patch 95b109a121a44a72121ae659a7fe084995674dc31b9f2e315d8e2168c682a6ff; 31/31 semantic harness; strict TS core/SFC scripts PASS; PHP syntax 211/211; no GitHub/Drive mutation.,Exact current destination owner exists; EXPANDED/COMPACT/HIDDEN state is not implemented.,v1.1.5_PRE_COLAB_SOURCE_COMPLETE_CANDIDATE,e59c0378da507faa4cc5eebcf5996e194fbb1fb3,95be84b206fff97b95665b8192ce6f99f193f1299d79e4997ee719fe596f0008
LIB-019,CEP_LIBRARY_EDITOR_FINAL_REQUIREMENT_PRESERVATION_CROSSWALK_v1.2.17_ACCEPTED.json + CEP_LIBRARY_EDITOR_EXECUTABLE_BLUEPRINT_v1.2.17_ACCEPTED_DESIGN_REFERENCE.html,LIB-019,script#requirement-reconciliation-ledger :: LIB-019 :: WORKSPACE-001,"Add one polished central Workspace View / Focus control for LEFT, RIGHT, BOTTOM and TOP_BANNER, plus one-action Focus Mode. Preserve local reveal affordances and prior valid region state so the central control is not a single point of failure.",Workspace presentation control,WorkspaceLayoutCore,pane/banner/bottom/focus presentation commands,WorkspaceFrame/Workbench,SHARED_CORE,LOCAL_WRITER_COPY same-lineage; Writer-B v1.1.5_PRE_COLAB_SOURCE_COMPLETE_CANDIDATE; sole baseline v1.1.4 preserved; no GitHub/governed-Drive mutation,writer_source_tree=e59c0378da507faa4cc5eebcf5996e194fbb1fb3; source_manifest_sha256=95be84b206fff97b95665b8192ce6f99f193f1299d79e4997ee719fe596f0008; baseline_v1.1.4_zip_sha256=5954e55db93411293cacb28b4082f54cf53fe8fc3950e9e56ad36cf97b82d636,resources/js/shared/WorkspaceLayoutCore.ts; resources/js/workbench/WorkspaceFrame.vue; resources/js/workbench/Workbench.vue,WorkspaceLayoutCore; pane controls; shell action surface,N/A,W02 Library/Learn workbench,bounded local candidate only,NONE_IDENTIFIED_IN_CURRENT_CONTROLLER_MAPPING,WRITER_v1.1.4_STATIC_PROVEN; exact mapped Production paths/symbol owners re-inspected; writer_source_tree=acd14514dddbd5e45aeb2fc25fed22560511d8ca; source_manifest_sha256=b5de82d4cb83534bab55de52cf7b2f64fec952e9b97062a294338ed21691edf5; changed-file scope audit=18/18 within Controller-mapped 67-row write scopes; full-matrix file-path existence audit=296/296.,WRITER_v1.1.4_SEMANTIC_REVIEW_EXECUTED against Controller-adjudicated owner graph; no alternate semantic/state/command/style/API owner introduced; Node semantic harness 34/34 PASS where applicable.,Strict TypeScript shared-core compile PASS; strict changed-SFC-script compile PASS; ProductionForgeCore.spec.ts source typecheck PASS; Node semantic harness 34/34 PASS; PHP syntax 211/211 PASS; public/workbench-bootstrap.js syntax PASS; full Vitest/Vite/vue-tsc/ESLint/Prettier suite NOT_RUN_TO_PASS because npm ci timed out and local Node/npm do not match declared engines. Writer-B v1.1.5 anti-loss regression harness 11/11 PASS on baseline and 11/11 PASS on successor; PHP syntax 215/215 PASS. Full project Vitest/Vite/Laravel/PostgreSQL/browser suite remains environment-gated where applicable.,SELECTIVE_NODE_SEMANTIC_RUNTIME_34_34_PASS_WHERE_APPLICABLE; FULL_VUE_LARAVEL_POSTGRESQL_RUNTIME_UNPROVEN,UNPROVEN_EXACT_ROUTE; system Chromium 144 headless smoke test timed out even on a minimal data URL; Playwright browser binary unavailable; no browser PASS promoted,UNPROVEN_POST_CHANGE_VISUAL; system Chromium harness and minimal smoke both timed out; no candidate-bound screenshot PASS promoted,STATIC_SOURCE_PROVEN; mapped wide/~1024/narrow policies inspected; real browser responsive/200% proof remains UNPROVEN,STATIC_SOURCE_PROVEN_PARTIAL; keyboard/focus owners and SFC scripts compile; real browser/assistive-technology proof remains UNPROVEN,STATIC_SOURCE_PROVEN_PARTIAL; logical properties/direction owners inspected; real mixed Arabic/LTR caret/selection browser matrix remains UNPROVEN,EXACT_CURRENT_OWNER_OR_GOVERNANCE_ROW,RUNTIME_UNPROVEN,P1,RUNTIME_UNPROVEN,WRITER_v1.1.4: mapped source implementation is present and static/semantic checks pass; required framework or real-browser runtime evidence remains open and is not promoted.,SOURCE_IMPLEMENTED_RUNTIME_PROOF_OPEN,Writer-B post-zero-orphan bounded parity successor; source manifest ec9d022617f1a88c6f39ea175407a68d77fe5d2f65effb457f73755f0465f3e6; patch 95b109a121a44a72121ae659a7fe084995674dc31b9f2e315d8e2168c682a6ff; 31/31 semantic harness; strict TS core/SFC scripts PASS; PHP syntax 211/211; no GitHub/Drive mutation.,Central Workspace View/Focus control is missing; underlying exact layout/action owners are established.,v1.1.5_PRE_COLAB_SOURCE_COMPLETE_CANDIDATE,e59c0378da507faa4cc5eebcf5996e194fbb1fb3,95be84b206fff97b95665b8192ce6f99f193f1299d79e4997ee719fe596f0008
LIB-020,CEP_LIBRARY_EDITOR_FINAL_REQUIREMENT_PRESERVATION_CROSSWALK_v1.2.17_ACCEPTED.json + CEP_LIBRARY_EDITOR_EXECUTABLE_BLUEPRINT_v1.2.17_ACCEPTED_DESIGN_REFERENCE.html,LIB-020,script#requirement-reconciliation-ledger :: LIB-020 :: FOCUS-001,"Focus Mode collapses/minimizes supporting regions safely, meaningfully expands CENTER, preserves selection/caret/dirty work/active KU, and losslessly restores the prior valid layout.",Workspace focus presentation,WorkspaceLayoutCore + transient focus,focus enter/exit,WorkspaceFrame/Workbench,SHARED_CORE,LOCAL_WRITER_COPY same-lineage; Writer-B v1.1.5_PRE_COLAB_SOURCE_COMPLETE_CANDIDATE; sole baseline v1.1.4 preserved; no GitHub/governed-Drive mutation,writer_source_tree=e59c0378da507faa4cc5eebcf5996e194fbb1fb3; source_manifest_sha256=95be84b206fff97b95665b8192ce6f99f193f1299d79e4997ee719fe596f0008; baseline_v1.1.4_zip_sha256=5954e55db93411293cacb28b4082f54cf53fe8fc3950e9e56ad36cf97b82d636,resources/js/shared/WorkspaceLayoutCore.ts; resources/js/workbench/WorkspaceFrame.vue; resources/js/workbench/Workbench.vue,WorkspaceLayoutCore; WorkspaceFrame pane owners; Workbench focus handlers,N/A,W02 Library/Learn workbench,bounded local candidate only,NONE_IDENTIFIED_IN_CURRENT_CONTROLLER_MAPPING,WRITER_v1.1.4_STATIC_PROVEN; exact mapped Production paths/symbol owners re-inspected; writer_source_tree=acd14514dddbd5e45aeb2fc25fed22560511d8ca; source_manifest_sha256=b5de82d4cb83534bab55de52cf7b2f64fec952e9b97062a294338ed21691edf5; changed-file scope audit=18/18 within Controller-mapped 67-row write scopes; full-matrix file-path existence audit=296/296.,WRITER_v1.1.4_SEMANTIC_REVIEW_EXECUTED against Controller-adjudicated owner graph; no alternate semantic/state/command/style/API owner introduced; Node semantic harness 34/34 PASS where applicable.,Strict TypeScript shared-core compile PASS; strict changed-SFC-script compile PASS; ProductionForgeCore.spec.ts source typecheck PASS; Node semantic harness 34/34 PASS; PHP syntax 211/211 PASS; public/workbench-bootstrap.js syntax PASS; full Vitest/Vite/vue-tsc/ESLint/Prettier suite NOT_RUN_TO_PASS because npm ci timed out and local Node/npm do not match declared engines. Writer-B v1.1.5 anti-loss regression harness 11/11 PASS on baseline and 11/11 PASS on successor; PHP syntax 215/215 PASS. Full project Vitest/Vite/Laravel/PostgreSQL/browser suite remains environment-gated where applicable.,SELECTIVE_NODE_SEMANTIC_RUNTIME_34_34_PASS_WHERE_APPLICABLE; FULL_VUE_LARAVEL_POSTGRESQL_RUNTIME_UNPROVEN,UNPROVEN_EXACT_ROUTE; system Chromium 144 headless smoke test timed out even on a minimal data URL; Playwright browser binary unavailable; no browser PASS promoted,UNPROVEN_POST_CHANGE_VISUAL; system Chromium harness and minimal smoke both timed out; no candidate-bound screenshot PASS promoted,STATIC_SOURCE_PROVEN; mapped wide/~1024/narrow policies inspected; real browser responsive/200% proof remains UNPROVEN,STATIC_SOURCE_PROVEN_PARTIAL; keyboard/focus owners and SFC scripts compile; real browser/assistive-technology proof remains UNPROVEN,STATIC_SOURCE_PROVEN_PARTIAL; logical properties/direction owners inspected; real mixed Arabic/LTR caret/selection browser matrix remains UNPROVEN,EXACT_CURRENT_OWNER_OR_GOVERNANCE_ROW,RUNTIME_UNPROVEN,P1,RUNTIME_UNPROVEN,WRITER_v1.1.4: mapped source implementation is present and static/semantic checks pass; required framework or real-browser runtime evidence remains open and is not promoted.,SOURCE_IMPLEMENTED_RUNTIME_PROOF_OPEN,Writer-B post-zero-orphan bounded parity successor; source manifest ec9d022617f1a88c6f39ea175407a68d77fe5d2f65effb457f73755f0465f3e6; patch 95b109a121a44a72121ae659a7fe084995674dc31b9f2e315d8e2168c682a6ff; 31/31 semantic harness; strict TS core/SFC scripts PASS; PHP syntax 211/211; no GitHub/Drive mutation.,One-action Focus Mode state is absent; exact layout/focus owners are established.,v1.1.5_PRE_COLAB_SOURCE_COMPLETE_CANDIDATE,e59c0378da507faa4cc5eebcf5996e194fbb1fb3,95be84b206fff97b95665b8192ce6f99f193f1299d79e4997ee719fe596f0008
LIB-021,CEP_LIBRARY_EDITOR_FINAL_REQUIREMENT_PRESERVATION_CROSSWALK_v1.2.17_ACCEPTED.json + CEP_LIBRARY_EDITOR_EXECUTABLE_BLUEPRINT_v1.2.17_ACCEPTED_DESIGN_REFERENCE.html,LIB-021,script#requirement-reconciliation-ledger :: LIB-021 :: EDITAUTH-001; ACTION-001,"All user-owned semantically editable content receives direct in-place editing or equally direct editing paths; authority-owned/system metadata, provenance and immutable identifiers remain intentionally read-only and visually clear.",Library editability authority; Semantic command availability,revision.editable + editing; command registry + editor selection,mode/edit actions; SemanticCommandCore + StructuredEditor.run,LibraryWorkspace/StructuredEditor; Workbench/StructuredEditor,DOMAIN_ADAPTER; SHARED_CORE,LOCAL_WRITER_COPY same-lineage; Writer-B v1.1.5_PRE_COLAB_SOURCE_COMPLETE_CANDIDATE; sole baseline v1.1.4 preserved; no GitHub/governed-Drive mutation,writer_source_tree=e59c0378da507faa4cc5eebcf5996e194fbb1fb3; source_manifest_sha256=95be84b206fff97b95665b8192ce6f99f193f1299d79e4997ee719fe596f0008; baseline_v1.1.4_zip_sha256=5954e55db93411293cacb28b4082f54cf53fe8fc3950e9e56ad36cf97b82d636,resources/js/workbench/LibraryWorkspace.vue; resources/js/workbench/StructuredEditor.vue; resources/js/shared/SemanticCommandCore.ts,editing; revision.editable; editable prop; SemanticCommandCore; run; active,N/A,W02 Library/Learn workbench,bounded local candidate only,NONE_IDENTIFIED_IN_CURRENT_CONTROLLER_MAPPING,WRITER_v1.1.4_STATIC_PROVEN; exact mapped Production paths/symbol owners re-inspected; writer_source_tree=acd14514dddbd5e45aeb2fc25fed22560511d8ca; source_manifest_sha256=b5de82d4cb83534bab55de52cf7b2f64fec952e9b97062a294338ed21691edf5; changed-file scope audit=18/18 within Controller-mapped 67-row write scopes; full-matrix file-path existence audit=296/296.,WRITER_v1.1.4_SEMANTIC_REVIEW_EXECUTED against Controller-adjudicated owner graph; no alternate semantic/state/command/style/API owner introduced; Node semantic harness 34/34 PASS where applicable.,Strict TypeScript shared-core compile PASS; strict changed-SFC-script compile PASS; ProductionForgeCore.spec.ts source typecheck PASS; Node semantic harness 34/34 PASS; PHP syntax 211/211 PASS; public/workbench-bootstrap.js syntax PASS; full Vitest/Vite/vue-tsc/ESLint/Prettier suite NOT_RUN_TO_PASS because npm ci timed out and local Node/npm do not match declared engines. Writer-B v1.1.5 anti-loss regression harness 11/11 PASS on baseline and 11/11 PASS on successor; PHP syntax 215/215 PASS. Full project Vitest/Vite/Laravel/PostgreSQL/browser suite remains environment-gated where applicable.,SELECTIVE_NODE_SEMANTIC_RUNTIME_34_34_PASS_WHERE_APPLICABLE; FULL_VUE_LARAVEL_POSTGRESQL_RUNTIME_UNPROVEN,UNPROVEN_EXACT_ROUTE; system Chromium 144 headless smoke test timed out even on a minimal data URL; Playwright browser binary unavailable; no browser PASS promoted,UNPROVEN_POST_CHANGE_VISUAL; system Chromium harness and minimal smoke both timed out; no candidate-bound screenshot PASS promoted,STATIC_SOURCE_PROVEN; mapped wide/~1024/narrow policies inspected; real browser responsive/200% proof remains UNPROVEN,STATIC_SOURCE_PROVEN_PARTIAL; keyboard/focus owners and SFC scripts compile; real browser/assistive-technology proof remains UNPROVEN,STATIC_SOURCE_PROVEN_PARTIAL; logical properties/direction owners inspected; real mixed Arabic/LTR caret/selection browser matrix remains UNPROVEN,EXACT_CURRENT_OWNER_OR_GOVERNANCE_ROW,TRANSFERRED_WITH_PRODUCTION_ADAPTATION,P1,TRANSFERRED_WITH_PRODUCTION_ADAPTATION,WRITER_v1.1.4: mapped capability source implementation is present under the exact Controller owner graph; available static/semantic tests pass; no broader runtime/browser claim is implied.,SOURCE_IMPLEMENTED_AVAILABLE_ASSURANCE_PASS,Writer-B post-zero-orphan bounded parity successor; source manifest ec9d022617f1a88c6f39ea175407a68d77fe5d2f65effb457f73755f0465f3e6; patch 95b109a121a44a72121ae659a7fe084995674dc31b9f2e315d8e2168c682a6ff; 31/31 semantic harness; strict TS core/SFC scripts PASS; PHP syntax 211/211; no GitHub/Drive mutation.,Shell registry exists; editor action surfaces are not yet fully converged.,v1.1.5_PRE_COLAB_SOURCE_COMPLETE_CANDIDATE,e59c0378da507faa4cc5eebcf5996e194fbb1fb3,95be84b206fff97b95665b8192ce6f99f193f1299d79e4997ee719fe596f0008
LIB-022,CEP_LIBRARY_EDITOR_FINAL_REQUIREMENT_PRESERVATION_CROSSWALK_v1.2.17_ACCEPTED.json + CEP_LIBRARY_EDITOR_EXECUTABLE_BLUEPRINT_v1.2.17_ACCEPTED_DESIGN_REFERENCE.html,LIB-022,script#requirement-reconciliation-ledger :: LIB-022 :: TOGGLE-001; NEST-001; PROD-001,"Introduce a production-mappable Block tree or equivalent parentId/order model with explicit leaf/container capabilities, stable identity, ordered children, subtree history and type-safe nesting. Toggle is a true insertable/editable container and nested Toggles are supported recursively.",Toggle/container semantics; Block nesting; Production integration boundary,StructuredDocument + contract; StructuredDocument; canonical production services external to UI,toggle/open/body/indent; indent/outdent; authoritative save/notes/identity only when authorized,StructuredEditor; N/A,SHARED_CORE; DOMAIN_BOUNDARY,LOCAL_WRITER_COPY same-lineage; Writer-B v1.1.5_PRE_COLAB_SOURCE_COMPLETE_CANDIDATE; sole baseline v1.1.4 preserved; no GitHub/governed-Drive mutation,writer_source_tree=e59c0378da507faa4cc5eebcf5996e194fbb1fb3; source_manifest_sha256=95be84b206fff97b95665b8192ce6f99f193f1299d79e4997ee719fe596f0008; baseline_v1.1.4_zip_sha256=5954e55db93411293cacb28b4082f54cf53fe8fc3950e9e56ad36cf97b82d636,resources/js/shared/StructuredContentCore.ts; resources/js/workbench/StructuredEditor.vue; app/Modules/Knowledge/Content/LessonContentContract.php; app/Modules/Knowledge/Publication/LessonRevisionWorkflow.php; app/Http/Controllers/KnowledgeLearning/WorkbenchController.php,childAdmittingBlockTypes; StructuredDocument.enter/indent/insert; toggle; CHILD_ADMITTING_TYPES; StructuredDocument.indent; LessonRevisionWorkflow; WorkbenchController,N/A; Existing Library revision API; durable Notes/identity remap not authorized,W02 Library/Learn workbench,bounded local candidate only; NO_WRITE_OUTSIDE_EXISTING_AUTHORIZED_SERVICE_CONTRACT,Do not invent durable Notes/schema/remap/OS topmost authority.,STATIC_PROVEN for owner/path/symbol statements listed; local source re-inspected after corrections; see static/test receipt.,SEMANTIC_PROVEN only where behavior was directly reasoned/executed in safe harness; otherwise PARTIAL/UNPROVEN as reflected by verdict/notes.,See CEP_W01_W02_STATIC_AND_RUNTIME_TEST_RECEIPT_v1.1.1.json; no unexecuted suite is promoted to TEST_PROVEN. Writer-B v1.1.5 anti-loss regression harness 11/11 PASS on baseline and 11/11 PASS on successor; PHP syntax 215/215 PASS. Full project Vitest/Vite/Laravel/PostgreSQL/browser suite remains environment-gated where applicable.,Selective safe-harness runtime only; Laravel/PostgreSQL framework runtime NOT_RUN.,NOT_RUN_REAL_AUTHENTICATED_BROWSER,NOT_RUN_CURRENT_CORRECTED_CANDIDATE_VISUAL_REFERENCE_GATE,STATIC_PROVEN_PARTIAL; browser responsive/200% proof NOT_RUN.,STATIC_PROVEN_PARTIAL; focus/AT/browser proof NOT_RUN.,STATIC_PROVEN_PARTIAL; mixed-caret/browser matrix NOT_RUN.,EXACT_BOUNDARY_GATED,AUTHORITY_GATED,P0,AUTHORITY_GATED,"Boundary is exact; absent providers remain explicitly authority/provider-gated, not guessed.",NOT_IN_CURRENT_67_ROW_IMPLEMENTATION_WAVE__CONTROLLER_DISPOSITION_PRESERVED,Preserved from Controller-adjudicated v1.1.2; no Writer promotion beyond evidence.,NOT_APPLICABLE__ROW_NOT_IN_67_ROW_IMPLEMENTATION_WAVE,v1.1.5_PRE_COLAB_SOURCE_COMPLETE_CANDIDATE,e59c0378da507faa4cc5eebcf5996e194fbb1fb3,95be84b206fff97b95665b8192ce6f99f193f1299d79e4997ee719fe596f0008
LIB-023,CEP_LIBRARY_EDITOR_FINAL_REQUIREMENT_PRESERVATION_CROSSWALK_v1.2.17_ACCEPTED.json + CEP_LIBRARY_EDITOR_EXECUTABLE_BLUEPRINT_v1.2.17_ACCEPTED_DESIGN_REFERENCE.html,LIB-023,script#requirement-reconciliation-ledger :: LIB-023 :: GUTTER-001,"Move the visible + to the leading-edge/gutter lane for the exact root/nested depth, keep the rail aligned to the boundary, preserve a forgiving invisible hit target, and never create fake gaps inside wrapped text/code lines.",Block gutter/insertion,StructuredEditor transient insertion,insertion.open -> block.insert,StructuredEditor block-gutter,DOMAIN_ADAPTER,LOCAL_WRITER_COPY same-lineage; Writer-B v1.1.5_PRE_COLAB_SOURCE_COMPLETE_CANDIDATE; sole baseline v1.1.4 preserved; no GitHub/governed-Drive mutation,writer_source_tree=e59c0378da507faa4cc5eebcf5996e194fbb1fb3; source_manifest_sha256=95be84b206fff97b95665b8192ce6f99f193f1299d79e4997ee719fe596f0008; baseline_v1.1.4_zip_sha256=5954e55db93411293cacb28b4082f54cf53fe8fc3950e9e56ad36cf97b82d636,resources/js/workbench/StructuredEditor.vue,block-gutter; openInsertion; insert,N/A,W02 Library/Learn workbench,bounded local candidate only,NONE_IDENTIFIED_IN_CURRENT_CONTROLLER_MAPPING,WRITER_v1.1.4_STATIC_PROVEN; exact mapped Production paths/symbol owners re-inspected; writer_source_tree=acd14514dddbd5e45aeb2fc25fed22560511d8ca; source_manifest_sha256=b5de82d4cb83534bab55de52cf7b2f64fec952e9b97062a294338ed21691edf5; changed-file scope audit=18/18 within Controller-mapped 67-row write scopes; full-matrix file-path existence audit=296/296.,WRITER_v1.1.4_SEMANTIC_REVIEW_EXECUTED against Controller-adjudicated owner graph; no alternate semantic/state/command/style/API owner introduced; Node semantic harness 34/34 PASS where applicable.,Strict TypeScript shared-core compile PASS; strict changed-SFC-script compile PASS; ProductionForgeCore.spec.ts source typecheck PASS; Node semantic harness 34/34 PASS; PHP syntax 211/211 PASS; public/workbench-bootstrap.js syntax PASS; full Vitest/Vite/vue-tsc/ESLint/Prettier suite NOT_RUN_TO_PASS because npm ci timed out and local Node/npm do not match declared engines. Writer-B v1.1.5 anti-loss regression harness 11/11 PASS on baseline and 11/11 PASS on successor; PHP syntax 215/215 PASS. Full project Vitest/Vite/Laravel/PostgreSQL/browser suite remains environment-gated where applicable.,SELECTIVE_NODE_SEMANTIC_RUNTIME_34_34_PASS_WHERE_APPLICABLE; FULL_VUE_LARAVEL_POSTGRESQL_RUNTIME_UNPROVEN,UNPROVEN_EXACT_ROUTE; system Chromium 144 headless smoke test timed out even on a minimal data URL; Playwright browser binary unavailable; no browser PASS promoted,UNPROVEN_POST_CHANGE_VISUAL; system Chromium harness and minimal smoke both timed out; no candidate-bound screenshot PASS promoted,STATIC_SOURCE_PROVEN; mapped wide/~1024/narrow policies inspected; real browser responsive/200% proof remains UNPROVEN,STATIC_SOURCE_PROVEN_PARTIAL; keyboard/focus owners and SFC scripts compile; real browser/assistive-technology proof remains UNPROVEN,STATIC_SOURCE_PROVEN_PARTIAL; logical properties/direction owners inspected; real mixed Arabic/LTR caret/selection browser matrix remains UNPROVEN,EXACT_CURRENT_OWNER_OR_GOVERNANCE_ROW,VISUAL_UNPROVEN,P1,VISUAL_UNPROVEN,WRITER_v1.1.4: mapped source implementation is present; source/responsive semantics are statically inspected; fresh post-change visual proof remains unavailable because the browser renderer is environment-blocked.,SOURCE_IMPLEMENTED_VISUAL_PROOF_OPEN,Writer-B post-zero-orphan bounded parity successor; source manifest ec9d022617f1a88c6f39ea175407a68d77fe5d2f65effb457f73755f0465f3e6; patch 95b109a121a44a72121ae659a7fe084995674dc31b9f2e315d8e2168c682a6ff; 31/31 semantic harness; strict TS core/SFC scripts PASS; PHP syntax 211/211; no GitHub/Drive mutation.,NO_HISTORICAL_CONTROLLER_NOTES,v1.1.5_PRE_COLAB_SOURCE_COMPLETE_CANDIDATE,e59c0378da507faa4cc5eebcf5996e194fbb1fb3,95be84b206fff97b95665b8192ce6f99f193f1299d79e4997ee719fe596f0008
LIB-024,CEP_LIBRARY_EDITOR_FINAL_REQUIREMENT_PRESERVATION_CROSSWALK_v1.2.17_ACCEPTED.json + CEP_LIBRARY_EDITOR_EXECUTABLE_BLUEPRINT_v1.2.17_ACCEPTED_DESIGN_REFERENCE.html,LIB-024,script#requirement-reconciliation-ledger :: LIB-024 :: LAYOUT-001,"Separate CENTER geometry from document measure. CENTER uses all remaining workspace width; document width becomes UserPreferenceState with Compact/Comfortable/Wide/Full presets and optional bounded custom slider, responsively clamped to available CENTER and automatically restored when space returns.",Document measure presentation,WorkspaceLayoutCore,layout preference,LibraryWorkspace document surface + workbench.css,SHARED_CORE,LOCAL_WRITER_COPY same-lineage; Writer-B v1.1.5_PRE_COLAB_SOURCE_COMPLETE_CANDIDATE; sole baseline v1.1.4 preserved; no GitHub/governed-Drive mutation,writer_source_tree=e59c0378da507faa4cc5eebcf5996e194fbb1fb3; source_manifest_sha256=95be84b206fff97b95665b8192ce6f99f193f1299d79e4997ee719fe596f0008; baseline_v1.1.4_zip_sha256=5954e55db93411293cacb28b4082f54cf53fe8fc3950e9e56ad36cf97b82d636,resources/js/shared/WorkspaceLayoutCore.ts; resources/js/workbench/LibraryWorkspace.vue; resources/css/workbench.css,WorkspaceLayoutCore; .document-banner/StructuredEditor center surface,N/A,W02 Library/Learn workbench,bounded local candidate only,NONE_IDENTIFIED_IN_CURRENT_CONTROLLER_MAPPING,WRITER_v1.1.4_STATIC_PROVEN; exact mapped Production paths/symbol owners re-inspected; writer_source_tree=acd14514dddbd5e45aeb2fc25fed22560511d8ca; source_manifest_sha256=b5de82d4cb83534bab55de52cf7b2f64fec952e9b97062a294338ed21691edf5; changed-file scope audit=18/18 within Controller-mapped 67-row write scopes; full-matrix file-path existence audit=296/296.,WRITER_v1.1.4_SEMANTIC_REVIEW_EXECUTED against Controller-adjudicated owner graph; no alternate semantic/state/command/style/API owner introduced; Node semantic harness 34/34 PASS where applicable.,Strict TypeScript shared-core compile PASS; strict changed-SFC-script compile PASS; ProductionForgeCore.spec.ts source typecheck PASS; Node semantic harness 34/34 PASS; PHP syntax 211/211 PASS; public/workbench-bootstrap.js syntax PASS; full Vitest/Vite/vue-tsc/ESLint/Prettier suite NOT_RUN_TO_PASS because npm ci timed out and local Node/npm do not match declared engines. Writer-B v1.1.5 anti-loss regression harness 11/11 PASS on baseline and 11/11 PASS on successor; PHP syntax 215/215 PASS. Full project Vitest/Vite/Laravel/PostgreSQL/browser suite remains environment-gated where applicable.,SELECTIVE_NODE_SEMANTIC_RUNTIME_34_34_PASS_WHERE_APPLICABLE; FULL_VUE_LARAVEL_POSTGRESQL_RUNTIME_UNPROVEN,UNPROVEN_EXACT_ROUTE; system Chromium 144 headless smoke test timed out even on a minimal data URL; Playwright browser binary unavailable; no browser PASS promoted,UNPROVEN_POST_CHANGE_VISUAL; system Chromium harness and minimal smoke both timed out; no candidate-bound screenshot PASS promoted,STATIC_SOURCE_PROVEN; mapped wide/~1024/narrow policies inspected; real browser responsive/200% proof remains UNPROVEN,STATIC_SOURCE_PROVEN_PARTIAL; keyboard/focus owners and SFC scripts compile; real browser/assistive-technology proof remains UNPROVEN,STATIC_SOURCE_PROVEN_PARTIAL; logical properties/direction owners inspected; real mixed Arabic/LTR caret/selection browser matrix remains UNPROVEN,EXACT_CURRENT_OWNER_OR_GOVERNANCE_ROW,VISUAL_UNPROVEN,P1,VISUAL_UNPROVEN,WRITER_v1.1.4: mapped source implementation is present; source/responsive semantics are statically inspected; fresh post-change visual proof remains unavailable because the browser renderer is environment-blocked.,SOURCE_IMPLEMENTED_VISUAL_PROOF_OPEN,Writer-B post-zero-orphan bounded parity successor; source manifest ec9d022617f1a88c6f39ea175407a68d77fe5d2f65effb457f73755f0465f3e6; patch 95b109a121a44a72121ae659a7fe084995674dc31b9f2e315d8e2168c682a6ff; 31/31 semantic harness; strict TS core/SFC scripts PASS; PHP syntax 211/211; no GitHub/Drive mutation.,Document width presets/custom preference absent; exact workspace layout owner is established.,v1.1.5_PRE_COLAB_SOURCE_COMPLETE_CANDIDATE,e59c0378da507faa4cc5eebcf5996e194fbb1fb3,95be84b206fff97b95665b8192ce6f99f193f1299d79e4997ee719fe596f0008
LIB-025,CEP_LIBRARY_EDITOR_FINAL_REQUIREMENT_PRESERVATION_CROSSWALK_v1.2.17_ACCEPTED.json + CEP_LIBRARY_EDITOR_EXECUTABLE_BLUEPRINT_v1.2.17_ACCEPTED_DESIGN_REFERENCE.html,LIB-025,script#requirement-reconciliation-ledger :: LIB-025 :: DENSITY-001,Add Compact/Comfortable/Relaxed Editor Density presentation states controlling block spacing/padding and bounded line-height without semantic mutation.,Editor density preference,GlobalPreferenceCore presentation preference,preference.set,StructuredEditor/workbench.css,SHARED_CORE,LOCAL_WRITER_COPY same-lineage; Writer-B v1.1.5_PRE_COLAB_SOURCE_COMPLETE_CANDIDATE; sole baseline v1.1.4 preserved; no GitHub/governed-Drive mutation,writer_source_tree=e59c0378da507faa4cc5eebcf5996e194fbb1fb3; source_manifest_sha256=95be84b206fff97b95665b8192ce6f99f193f1299d79e4997ee719fe596f0008; baseline_v1.1.4_zip_sha256=5954e55db93411293cacb28b4082f54cf53fe8fc3950e9e56ad36cf97b82d636,resources/js/shared/GlobalPreferenceCore.ts; resources/js/workbench/StructuredEditor.vue; resources/css/workbench.css,GlobalPreferenceCore preference registry; .structured-editor,N/A,W02 Library/Learn workbench,bounded local candidate only,NONE_IDENTIFIED_IN_CURRENT_CONTROLLER_MAPPING,WRITER_v1.1.4_STATIC_PROVEN; exact mapped Production paths/symbol owners re-inspected; writer_source_tree=acd14514dddbd5e45aeb2fc25fed22560511d8ca; source_manifest_sha256=b5de82d4cb83534bab55de52cf7b2f64fec952e9b97062a294338ed21691edf5; changed-file scope audit=18/18 within Controller-mapped 67-row write scopes; full-matrix file-path existence audit=296/296.,WRITER_v1.1.4_SEMANTIC_REVIEW_EXECUTED against Controller-adjudicated owner graph; no alternate semantic/state/command/style/API owner introduced; Node semantic harness 34/34 PASS where applicable.,Strict TypeScript shared-core compile PASS; strict changed-SFC-script compile PASS; ProductionForgeCore.spec.ts source typecheck PASS; Node semantic harness 34/34 PASS; PHP syntax 211/211 PASS; public/workbench-bootstrap.js syntax PASS; full Vitest/Vite/vue-tsc/ESLint/Prettier suite NOT_RUN_TO_PASS because npm ci timed out and local Node/npm do not match declared engines. Writer-B v1.1.5 anti-loss regression harness 11/11 PASS on baseline and 11/11 PASS on successor; PHP syntax 215/215 PASS. Full project Vitest/Vite/Laravel/PostgreSQL/browser suite remains environment-gated where applicable.,SELECTIVE_NODE_SEMANTIC_RUNTIME_34_34_PASS_WHERE_APPLICABLE; FULL_VUE_LARAVEL_POSTGRESQL_RUNTIME_UNPROVEN,UNPROVEN_EXACT_ROUTE; system Chromium 144 headless smoke test timed out even on a minimal data URL; Playwright browser binary unavailable; no browser PASS promoted,UNPROVEN_POST_CHANGE_VISUAL; system Chromium harness and minimal smoke both timed out; no candidate-bound screenshot PASS promoted,STATIC_SOURCE_PROVEN; mapped wide/~1024/narrow policies inspected; real browser responsive/200% proof remains UNPROVEN,STATIC_SOURCE_PROVEN_PARTIAL; keyboard/focus owners and SFC scripts compile; real browser/assistive-technology proof remains UNPROVEN,STATIC_SOURCE_PROVEN_PARTIAL; logical properties/direction owners inspected; real mixed Arabic/LTR caret/selection browser matrix remains UNPROVEN,EXACT_CURRENT_OWNER_OR_GOVERNANCE_ROW,VISUAL_UNPROVEN,P2,VISUAL_UNPROVEN,WRITER_v1.1.4: mapped source implementation is present; source/responsive semantics are statically inspected; fresh post-change visual proof remains unavailable because the browser renderer is environment-blocked.,SOURCE_IMPLEMENTED_VISUAL_PROOF_OPEN,Writer-B post-zero-orphan bounded parity successor; source manifest ec9d022617f1a88c6f39ea175407a68d77fe5d2f65effb457f73755f0465f3e6; patch 95b109a121a44a72121ae659a7fe084995674dc31b9f2e315d8e2168c682a6ff; 31/31 semantic harness; strict TS core/SFC scripts PASS; PHP syntax 211/211; no GitHub/Drive mutation.,Density option absent; preference and render owners are already established.,v1.1.5_PRE_COLAB_SOURCE_COMPLETE_CANDIDATE,e59c0378da507faa4cc5eebcf5996e194fbb1fb3,95be84b206fff97b95665b8192ce6f99f193f1299d79e4997ee719fe596f0008
LIB-026,CEP_LIBRARY_EDITOR_FINAL_REQUIREMENT_PRESERVATION_CROSSWALK_v1.2.17_ACCEPTED.json + CEP_LIBRARY_EDITOR_EXECUTABLE_BLUEPRINT_v1.2.17_ACCEPTED_DESIGN_REFERENCE.html,LIB-026,script#requirement-reconciliation-ledger :: LIB-026 :: BIDI-002; SEL-001; PREF-001,"Add compact Color + Highlight + Clear Style, plus logical START/CENTER/END alignment and AUTO/RTL/LTR direction where type-valid; test mixed Arabic/English caret/order/technical atoms and contrast.",CEP_W02_STRUCTURED_CONTENT_V4 canonical inline range marks + existing block direction/alignment/selection semantics,LessonBlock.inline_marks in canonical StructuredDocument working state; persisted in existing lesson_revisions.blocks JSONB; selection state remains transient,StructuredDocument.inlineMark/clearInlineMarks/text mutation transforms + StructuredEditor selection commands; existing SemanticCommandCore routing preserved,StructuredEditor Selection Toolbar + LessonContentRenderer + theme-safe token CSS,EXISTING_SHARED_CORE + EXISTING_W02_DOMAIN_ADAPTER,LOCAL_WRITER_COPY same-lineage; Writer-B v1.1.5_PRE_COLAB_SOURCE_COMPLETE_CANDIDATE; sole baseline v1.1.4 preserved; no GitHub/governed-Drive mutation,writer_source_tree=e59c0378da507faa4cc5eebcf5996e194fbb1fb3; source_manifest_sha256=95be84b206fff97b95665b8192ce6f99f193f1299d79e4997ee719fe596f0008; baseline_v1.1.4_zip_sha256=5954e55db93411293cacb28b4082f54cf53fe8fc3950e9e56ad36cf97b82d636,app/Modules/Knowledge/Content/LessonContentContract.php; resources/js/pages/KnowledgeLearning/components/content/lessonContent.ts; resources/js/shared/StructuredContentCore.ts; resources/js/workbench/StructuredEditor.vue; resources/js/pages/KnowledgeLearning/components/content/LessonContentRenderer.vue; resources/js/shared/ClipboardTrustCore.ts; resources/js/workbench/LibraryWorkspace.vue; resources/css/workbench.css,LessonContentContract V4 normalize/validate; normalizeInlineMarks/applyInlineMark/transformInlineMarksForTextEdit; StructuredDocument inlineMark/clearInlineMarks/replaceRange; StructuredEditor applyInlineStyle; inlineMarkedLessonTokens,"Existing lesson_revisions.blocks JSONB; no new DB column/table; persistent canonical state is inline_marks, never HTML",CEP_W02_STRUCTURED_CONTENT_V4; half-open Unicode code-point offsets; max 256 marks; bounded token palettes; V3 omission backward compatible,Controller adjudication PRECOLAB-001/002/004 exact existing owners only,No second editor model or hidden persistent HTML. VS001/VS002 marked revisions are blocked from legacy mutation under C002-safe boundary.,WRITER_v1.1.5_SOURCE_PROVEN: PRE-COLAB static contract 48/48 PASS; V4 owners/persistence/legacy boundaries present; changed-file scope 35/35 authorized; no alternate persistence architecture.,V4 TypeScript golden vectors 12/12 PASS; PHP V4 golden/invalid/bounds vectors 15/15 PASS; state/history/text-edit harness 10 transitions PASS with exact inline_marks round-trip.,Strict TypeScript V4 core compile PASS; PHP syntax 215/215 PASS; v1.1.4 anti-loss regression 11/11 baseline and 11/11 successor; project framework/browser suites remain separately gated.,SELECTIVE_STANDALONE_SOURCE_RUNTIME_PROVEN for canonical normalization/state transforms; Laravel/PostgreSQL/Vue application runtime remains C025/NODE environment-gated.,UNPROVEN_EXACT_ROUTE / C026,UNPROVEN_POST_CHANGE_CANDIDATE_BROWSER / C026,STATIC_SOURCE_PROVEN; mapped wide/~1024/narrow policies inspected; real browser responsive/200% proof remains UNPROVEN,STATIC_SOURCE_PROVEN_PARTIAL; keyboard/focus owners and SFC scripts compile; real browser/assistive-technology proof remains UNPROVEN,STATIC_SOURCE_PROVEN_PARTIAL; logical properties/direction owners inspected; real mixed Arabic/LTR caret/selection browser matrix remains UNPROVEN,EXACT_CURRENT_OWNER_OR_GOVERNANCE_ROW,RUNTIME_UNPROVEN,P1,RUNTIME_UNPROVEN,Writer v1.1.5 closes the former persistent Color/Highlight/Underline SOURCE CONTRACT through canonical V4 inline_marks. Remaining uncertainty is runtime/browser/DB evidence only; no source/semantic PARTIAL remains for this family.,SOURCE_CONTRACT_IMPLEMENTED_RUNTIME_BROWSER_PROOF_OPEN,PRECOLAB-001/002/004; 48/48 static; TS 12/12; PHP 15/15; state/history 10 PASS; strict tsc PASS; PHP lint 215/215; source_tree=e59c0378da507faa4cc5eebcf5996e194fbb1fb3; manifest=95be84b206fff97b95665b8192ce6f99f193f1299d79e4997ee719fe596f0008,Captured range helpers exist; selection-adjacent toolbar UI and full actions are incomplete.,v1.1.5_PRE_COLAB_SOURCE_COMPLETE_CANDIDATE,e59c0378da507faa4cc5eebcf5996e194fbb1fb3,95be84b206fff97b95665b8192ce6f99f193f1299d79e4997ee719fe596f0008
LIB-027,CEP_LIBRARY_EDITOR_FINAL_REQUIREMENT_PRESERVATION_CROSSWALK_v1.2.17_ACCEPTED.json + CEP_LIBRARY_EDITOR_EXECUTABLE_BLUEPRINT_v1.2.17_ACCEPTED_DESIGN_REFERENCE.html,LIB-027,script#requirement-reconciliation-ledger :: LIB-027 :: PANE-005,"Replace with one professional semantic panel-control family: LEFT always Structure, RIGHT always Context; constrained widths may enforce one-at-a-time support pane while wide mode may allow both.",Semantic pane controls,WorkspaceLayoutCore,pane.toggle,WorkspaceFrame,SHARED_CORE,LOCAL_WRITER_COPY same-lineage; Writer-B v1.1.5_PRE_COLAB_SOURCE_COMPLETE_CANDIDATE; sole baseline v1.1.4 preserved; no GitHub/governed-Drive mutation,writer_source_tree=e59c0378da507faa4cc5eebcf5996e194fbb1fb3; source_manifest_sha256=95be84b206fff97b95665b8192ce6f99f193f1299d79e4997ee719fe596f0008; baseline_v1.1.4_zip_sha256=5954e55db93411293cacb28b4082f54cf53fe8fc3950e9e56ad36cf97b82d636,resources/js/workbench/WorkspaceFrame.vue,structure-toggle; context-toggle; toggleLeft; toggleRight,N/A,W02 Library/Learn workbench,bounded local candidate only,NONE_IDENTIFIED_IN_CURRENT_CONTROLLER_MAPPING,WRITER_v1.1.4_STATIC_PROVEN; exact mapped Production paths/symbol owners re-inspected; writer_source_tree=acd14514dddbd5e45aeb2fc25fed22560511d8ca; source_manifest_sha256=b5de82d4cb83534bab55de52cf7b2f64fec952e9b97062a294338ed21691edf5; changed-file scope audit=18/18 within Controller-mapped 67-row write scopes; full-matrix file-path existence audit=296/296.,WRITER_v1.1.4_SEMANTIC_REVIEW_EXECUTED against Controller-adjudicated owner graph; no alternate semantic/state/command/style/API owner introduced; Node semantic harness 34/34 PASS where applicable.,Strict TypeScript shared-core compile PASS; strict changed-SFC-script compile PASS; ProductionForgeCore.spec.ts source typecheck PASS; Node semantic harness 34/34 PASS; PHP syntax 211/211 PASS; public/workbench-bootstrap.js syntax PASS; full Vitest/Vite/vue-tsc/ESLint/Prettier suite NOT_RUN_TO_PASS because npm ci timed out and local Node/npm do not match declared engines. Writer-B v1.1.5 anti-loss regression harness 11/11 PASS on baseline and 11/11 PASS on successor; PHP syntax 215/215 PASS. Full project Vitest/Vite/Laravel/PostgreSQL/browser suite remains environment-gated where applicable.,SELECTIVE_NODE_SEMANTIC_RUNTIME_34_34_PASS_WHERE_APPLICABLE; FULL_VUE_LARAVEL_POSTGRESQL_RUNTIME_UNPROVEN,UNPROVEN_EXACT_ROUTE; system Chromium 144 headless smoke test timed out even on a minimal data URL; Playwright browser binary unavailable; no browser PASS promoted,UNPROVEN_POST_CHANGE_VISUAL; system Chromium harness and minimal smoke both timed out; no candidate-bound screenshot PASS promoted,STATIC_SOURCE_PROVEN; mapped wide/~1024/narrow policies inspected; real browser responsive/200% proof remains UNPROVEN,STATIC_SOURCE_PROVEN_PARTIAL; keyboard/focus owners and SFC scripts compile; real browser/assistive-technology proof remains UNPROVEN,STATIC_SOURCE_PROVEN_PARTIAL; logical properties/direction owners inspected; real mixed Arabic/LTR caret/selection browser matrix remains UNPROVEN,EXACT_CURRENT_OWNER_OR_GOVERNANCE_ROW,VISUAL_UNPROVEN,P1,VISUAL_UNPROVEN,WRITER_v1.1.4: mapped source implementation is present; source/responsive semantics are statically inspected; fresh post-change visual proof remains unavailable because the browser renderer is environment-blocked.,SOURCE_IMPLEMENTED_VISUAL_PROOF_OPEN,Writer-B post-zero-orphan bounded parity successor; source manifest ec9d022617f1a88c6f39ea175407a68d77fe5d2f65effb457f73755f0465f3e6; patch 95b109a121a44a72121ae659a7fe084995674dc31b9f2e315d8e2168c682a6ff; 31/31 semantic harness; strict TS core/SFC scripts PASS; PHP syntax 211/211; no GitHub/Drive mutation.,NO_HISTORICAL_CONTROLLER_NOTES,v1.1.5_PRE_COLAB_SOURCE_COMPLETE_CANDIDATE,e59c0378da507faa4cc5eebcf5996e194fbb1fb3,95be84b206fff97b95665b8192ce6f99f193f1299d79e4997ee719fe596f0008
LIB-028,CEP_LIBRARY_EDITOR_FINAL_REQUIREMENT_PRESERVATION_CROSSWALK_v1.2.17_ACCEPTED.json + CEP_LIBRARY_EDITOR_EXECUTABLE_BLUEPRINT_v1.2.17_ACCEPTED_DESIGN_REFERENCE.html,LIB-028,script#requirement-reconciliation-ledger :: LIB-028 :: MENU-001; NOTE-ADD-001; CONVERT-001,"Keep one compact anchored menu family with grouped commands, optional search/filter where useful, Style/Turn Into submenu, alignment/direction, color/background, clear style, move/duplicate/copy/copy-link/insert and separated destructive action; no second command engine.",Block command surface + Linked Sticky Note creation,StructuredEditor transient selection + LinkedStickyNoteCore.NoteWorkingState/NoteContextBinding,Existing SemanticCommandCore instance: block.* + note.new(context=selected block); StructuredDocument remains block semantic owner,BlockContextMenu + StickyNoteHost invocation adapter,EXISTING_SHARED_CORE: StructuredContentCore/SemanticCommandCore + NEW_SHARED_NOTE_CORE: LinkedStickyNoteCore + Library domain adapter,LOCAL_WRITER_COPY same-lineage; Writer-B v1.1.5_PRE_COLAB_SOURCE_COMPLETE_CANDIDATE; sole baseline v1.1.4 preserved; no GitHub/governed-Drive mutation,writer_source_tree=e59c0378da507faa4cc5eebcf5996e194fbb1fb3; source_manifest_sha256=95be84b206fff97b95665b8192ce6f99f193f1299d79e4997ee719fe596f0008; baseline_v1.1.4_zip_sha256=5954e55db93411293cacb28b4082f54cf53fe8fc3950e9e56ad36cf97b82d636,resources/js/workbench/StructuredEditor.vue; resources/js/workbench/BlockContextMenu.vue; resources/js/shared/StructuredContentCore.ts; resources/js/shared/SemanticCommandCore.ts; resources/js/shared/LinkedStickyNoteCore.ts; resources/js/workbench/LibraryWorkspace.vue; resources/js/workbench/context.ts; resources/js/workbench/Workbench.vue,StructuredEditor selected-block/contextmenu adapter; BlockContextMenu; StructuredDocument; SemanticCommandCore; LinkedStickyNoteCore.create/open; WorkbenchContext.commands,LinkedStickyNoteCore local/browser working-state storage only; durable server Notes API/schema AUTHORITY_GATED; OS always-on-top PLATFORM_GATED,W02 Library route: active object/revision + selected block/selection → immutable NoteContextBinding; no canonical Notes backend route is invented,resources/js/shared/LinkedStickyNoteCore.ts; resources/js/workbench/LibraryNotesLens.vue; resources/js/workbench/StickyNoteHost.vue; resources/js/workbench/StickyNoteEditorSurface.vue; resources/js/workbench/BlockContextMenu.vue; resources/js/workbench/LibraryWorkspace.vue; resources/js/workbench/StructuredEditor.vue; resources/js/workbench/context.ts; resources/js/workbench/Workbench.vue; resources/js/tests/ProductionForgeCore.spec.ts; resources/js/tests/ProductionForgeIntegration.spec.ts,OWNER-ADJ-PROD-NOTES-001: Do not repurpose WorkspaceMemoryCore.note; do not fork StructuredContentCore/StructuredDocument; do not create a second SemanticCommandCore; do not invent durable Notes schema/API; keep W04 Review/Evidence/Mastery separate.,WRITER_v1.1.4_STATIC_PROVEN; exact mapped Production paths/symbol owners re-inspected; writer_source_tree=acd14514dddbd5e45aeb2fc25fed22560511d8ca; source_manifest_sha256=b5de82d4cb83534bab55de52cf7b2f64fec952e9b97062a294338ed21691edf5; changed-file scope audit=18/18 within Controller-mapped 67-row write scopes; full-matrix file-path existence audit=296/296.,WRITER_v1.1.4_SEMANTIC_REVIEW_EXECUTED against Controller-adjudicated owner graph; no alternate semantic/state/command/style/API owner introduced; Node semantic harness 34/34 PASS where applicable.,Strict TypeScript shared-core compile PASS; strict changed-SFC-script compile PASS; ProductionForgeCore.spec.ts source typecheck PASS; Node semantic harness 34/34 PASS; PHP syntax 211/211 PASS; public/workbench-bootstrap.js syntax PASS; full Vitest/Vite/vue-tsc/ESLint/Prettier suite NOT_RUN_TO_PASS because npm ci timed out and local Node/npm do not match declared engines. Writer-B v1.1.5 anti-loss regression harness 11/11 PASS on baseline and 11/11 PASS on successor; PHP syntax 215/215 PASS. Full project Vitest/Vite/Laravel/PostgreSQL/browser suite remains environment-gated where applicable.,SELECTIVE_NODE_SEMANTIC_RUNTIME_34_34_PASS_WHERE_APPLICABLE; FULL_VUE_LARAVEL_POSTGRESQL_RUNTIME_UNPROVEN,UNPROVEN_EXACT_ROUTE; system Chromium 144 headless smoke test timed out even on a minimal data URL; Playwright browser binary unavailable; no browser PASS promoted,UNPROVEN_POST_CHANGE_VISUAL; system Chromium harness and minimal smoke both timed out; no candidate-bound screenshot PASS promoted,STATIC_SOURCE_PROVEN; mapped wide/~1024/narrow policies inspected; real browser responsive/200% proof remains UNPROVEN,STATIC_SOURCE_PROVEN_PARTIAL; keyboard/focus owners and SFC scripts compile; real browser/assistive-technology proof remains UNPROVEN,STATIC_SOURCE_PROVEN_PARTIAL; logical properties/direction owners inspected; real mixed Arabic/LTR caret/selection browser matrix remains UNPROVEN,EXACT_PLANNED_OWNER_CONTROLLER_ADJUDICATED,RUNTIME_UNPROVEN,P1,RUNTIME_UNPROVEN,WRITER_v1.1.4: mapped source implementation is present and static/semantic checks pass; required framework or real-browser runtime evidence remains open and is not promoted.,SOURCE_IMPLEMENTED_RUNTIME_PROOF_OPEN,Writer-B post-zero-orphan bounded parity successor; source manifest ec9d022617f1a88c6f39ea175407a68d77fe5d2f65effb457f73755f0465f3e6; patch 95b109a121a44a72121ae659a7fe084995674dc31b9f2e315d8e2168c682a6ff; 31/31 semantic harness; strict TS core/SFC scripts PASS; PHP syntax 211/211; no GitHub/Drive mutation.,"True grouped BlockContextMenu UI is missing; current semantic destination owner is exact.; Accepted Blueprint names note.new + NoteContextBinding/StickyNoteHost, but current Production has no exact linked-note owner/file/symbol.; Safe conversion matrix remains incomplete. | Destination ownership resolved by OWNER-ADJ-PROD-NOTES-001. Mapping gate may pass; capability remains unimplemented/partial until bounded Writer execution.",v1.1.5_PRE_COLAB_SOURCE_COMPLETE_CANDIDATE,e59c0378da507faa4cc5eebcf5996e194fbb1fb3,95be84b206fff97b95665b8192ce6f99f193f1299d79e4997ee719fe596f0008
LIB-029,CEP_LIBRARY_EDITOR_FINAL_REQUIREMENT_PRESERVATION_CROSSWALK_v1.2.17_ACCEPTED.json + CEP_LIBRARY_EDITOR_EXECUTABLE_BLUEPRINT_v1.2.17_ACCEPTED_DESIGN_REFERENCE.html,LIB-029,script#requirement-reconciliation-ledger :: LIB-029 :: TOGGLE-001,Define deterministic Toggle title/body/collapse behavior: Enter at end of non-empty title may create sibling Toggle; explicit body-entry path; collapsed body entry opens/focuses first child; empty-title boundaries deterministic; `/toggle` mandatory; text shorthands conflict-free.,Toggle/container semantics,StructuredDocument + contract,toggle/open/body/indent,StructuredEditor,SHARED_CORE,LOCAL_WRITER_COPY same-lineage; Writer-B v1.1.5_PRE_COLAB_SOURCE_COMPLETE_CANDIDATE; sole baseline v1.1.4 preserved; no GitHub/governed-Drive mutation,writer_source_tree=e59c0378da507faa4cc5eebcf5996e194fbb1fb3; source_manifest_sha256=95be84b206fff97b95665b8192ce6f99f193f1299d79e4997ee719fe596f0008; baseline_v1.1.4_zip_sha256=5954e55db93411293cacb28b4082f54cf53fe8fc3950e9e56ad36cf97b82d636,resources/js/shared/StructuredContentCore.ts; resources/js/workbench/StructuredEditor.vue; app/Modules/Knowledge/Content/LessonContentContract.php,childAdmittingBlockTypes; StructuredDocument.enter/indent/insert; toggle; CHILD_ADMITTING_TYPES,N/A,W02 Library/Learn workbench,bounded local candidate only,NONE_IDENTIFIED_IN_CURRENT_CONTROLLER_MAPPING,WRITER_v1.1.4_STATIC_PROVEN; exact mapped Production paths/symbol owners re-inspected; writer_source_tree=acd14514dddbd5e45aeb2fc25fed22560511d8ca; source_manifest_sha256=b5de82d4cb83534bab55de52cf7b2f64fec952e9b97062a294338ed21691edf5; changed-file scope audit=18/18 within Controller-mapped 67-row write scopes; full-matrix file-path existence audit=296/296.,WRITER_v1.1.4_SEMANTIC_REVIEW_EXECUTED against Controller-adjudicated owner graph; no alternate semantic/state/command/style/API owner introduced; Node semantic harness 34/34 PASS where applicable.,Strict TypeScript shared-core compile PASS; strict changed-SFC-script compile PASS; ProductionForgeCore.spec.ts source typecheck PASS; Node semantic harness 34/34 PASS; PHP syntax 211/211 PASS; public/workbench-bootstrap.js syntax PASS; full Vitest/Vite/vue-tsc/ESLint/Prettier suite NOT_RUN_TO_PASS because npm ci timed out and local Node/npm do not match declared engines. Writer-B v1.1.5 anti-loss regression harness 11/11 PASS on baseline and 11/11 PASS on successor; PHP syntax 215/215 PASS. Full project Vitest/Vite/Laravel/PostgreSQL/browser suite remains environment-gated where applicable.,SELECTIVE_NODE_SEMANTIC_RUNTIME_34_34_PASS_WHERE_APPLICABLE; FULL_VUE_LARAVEL_POSTGRESQL_RUNTIME_UNPROVEN,UNPROVEN_EXACT_ROUTE; system Chromium 144 headless smoke test timed out even on a minimal data URL; Playwright browser binary unavailable; no browser PASS promoted,UNPROVEN_POST_CHANGE_VISUAL; system Chromium harness and minimal smoke both timed out; no candidate-bound screenshot PASS promoted,STATIC_SOURCE_PROVEN; mapped wide/~1024/narrow policies inspected; real browser responsive/200% proof remains UNPROVEN,STATIC_SOURCE_PROVEN_PARTIAL; keyboard/focus owners and SFC scripts compile; real browser/assistive-technology proof remains UNPROVEN,STATIC_SOURCE_PROVEN_PARTIAL; logical properties/direction owners inspected; real mixed Arabic/LTR caret/selection browser matrix remains UNPROVEN,EXACT_CURRENT_OWNER_OR_GOVERNANCE_ROW,TRANSFERRED_WITH_PRODUCTION_ADAPTATION,P1,TRANSFERRED_WITH_PRODUCTION_ADAPTATION,WRITER_v1.1.4: mapped capability source implementation is present under the exact Controller owner graph; available static/semantic tests pass; no broader runtime/browser claim is implied.,SOURCE_IMPLEMENTED_AVAILABLE_ASSURANCE_PASS,Writer-B post-zero-orphan bounded parity successor; source manifest ec9d022617f1a88c6f39ea175407a68d77fe5d2f65effb457f73755f0465f3e6; patch 95b109a121a44a72121ae659a7fe084995674dc31b9f2e315d8e2168c682a6ff; 31/31 semantic harness; strict TS core/SFC scripts PASS; PHP syntax 211/211; no GitHub/Drive mutation.,NO_HISTORICAL_CONTROLLER_NOTES,v1.1.5_PRE_COLAB_SOURCE_COMPLETE_CANDIDATE,e59c0378da507faa4cc5eebcf5996e194fbb1fb3,95be84b206fff97b95665b8192ce6f99f193f1299d79e4997ee719fe596f0008
LIB-030,CEP_LIBRARY_EDITOR_FINAL_REQUIREMENT_PRESERVATION_CROSSWALK_v1.2.17_ACCEPTED.json + CEP_LIBRARY_EDITOR_EXECUTABLE_BLUEPRINT_v1.2.17_ACCEPTED_DESIGN_REFERENCE.html,LIB-030,script#requirement-reconciliation-ledger :: LIB-030 :: CONVERT-001,Add a conversion compatibility matrix and preserve marks/children where valid; lossy conversion requires preview/warning or explicit safe transformation.,Block type conversion,StructuredDocument working state,metadata/type conversion,StructuredEditor type selector,SHARED_CORE,LOCAL_WRITER_COPY same-lineage; Writer-B v1.1.5_PRE_COLAB_SOURCE_COMPLETE_CANDIDATE; sole baseline v1.1.4 preserved; no GitHub/governed-Drive mutation,writer_source_tree=e59c0378da507faa4cc5eebcf5996e194fbb1fb3; source_manifest_sha256=95be84b206fff97b95665b8192ce6f99f193f1299d79e4997ee719fe596f0008; baseline_v1.1.4_zip_sha256=5954e55db93411293cacb28b4082f54cf53fe8fc3950e9e56ad36cf97b82d636,resources/js/shared/StructuredContentCore.ts; resources/js/workbench/StructuredEditor.vue,StructuredDocument.metadata; block type select,N/A,W02 Library/Learn workbench,bounded local candidate only,NONE_IDENTIFIED_IN_CURRENT_CONTROLLER_MAPPING,WRITER_v1.1.4_STATIC_PROVEN; exact mapped Production paths/symbol owners re-inspected; writer_source_tree=acd14514dddbd5e45aeb2fc25fed22560511d8ca; source_manifest_sha256=b5de82d4cb83534bab55de52cf7b2f64fec952e9b97062a294338ed21691edf5; changed-file scope audit=18/18 within Controller-mapped 67-row write scopes; full-matrix file-path existence audit=296/296.,WRITER_v1.1.4_SEMANTIC_REVIEW_EXECUTED against Controller-adjudicated owner graph; no alternate semantic/state/command/style/API owner introduced; Node semantic harness 34/34 PASS where applicable.,Strict TypeScript shared-core compile PASS; strict changed-SFC-script compile PASS; ProductionForgeCore.spec.ts source typecheck PASS; Node semantic harness 34/34 PASS; PHP syntax 211/211 PASS; public/workbench-bootstrap.js syntax PASS; full Vitest/Vite/vue-tsc/ESLint/Prettier suite NOT_RUN_TO_PASS because npm ci timed out and local Node/npm do not match declared engines. Writer-B v1.1.5 anti-loss regression harness 11/11 PASS on baseline and 11/11 PASS on successor; PHP syntax 215/215 PASS. Full project Vitest/Vite/Laravel/PostgreSQL/browser suite remains environment-gated where applicable.,SELECTIVE_NODE_SEMANTIC_RUNTIME_34_34_PASS_WHERE_APPLICABLE; FULL_VUE_LARAVEL_POSTGRESQL_RUNTIME_UNPROVEN,UNPROVEN_EXACT_ROUTE; system Chromium 144 headless smoke test timed out even on a minimal data URL; Playwright browser binary unavailable; no browser PASS promoted,UNPROVEN_POST_CHANGE_VISUAL; system Chromium harness and minimal smoke both timed out; no candidate-bound screenshot PASS promoted,STATIC_SOURCE_PROVEN; mapped wide/~1024/narrow policies inspected; real browser responsive/200% proof remains UNPROVEN,STATIC_SOURCE_PROVEN_PARTIAL; keyboard/focus owners and SFC scripts compile; real browser/assistive-technology proof remains UNPROVEN,STATIC_SOURCE_PROVEN_PARTIAL; logical properties/direction owners inspected; real mixed Arabic/LTR caret/selection browser matrix remains UNPROVEN,EXACT_CURRENT_OWNER_OR_GOVERNANCE_ROW,TRANSFERRED_WITH_PRODUCTION_ADAPTATION,P1,TRANSFERRED_WITH_PRODUCTION_ADAPTATION,WRITER_v1.1.4: mapped capability source implementation is present under the exact Controller owner graph; available static/semantic tests pass; no broader runtime/browser claim is implied.,SOURCE_IMPLEMENTED_AVAILABLE_ASSURANCE_PASS,Writer-B post-zero-orphan bounded parity successor; source manifest ec9d022617f1a88c6f39ea175407a68d77fe5d2f65effb457f73755f0465f3e6; patch 95b109a121a44a72121ae659a7fe084995674dc31b9f2e315d8e2168c682a6ff; 31/31 semantic harness; strict TS core/SFC scripts PASS; PHP syntax 211/211; no GitHub/Drive mutation.,Safe conversion matrix remains incomplete.,v1.1.5_PRE_COLAB_SOURCE_COMPLETE_CANDIDATE,e59c0378da507faa4cc5eebcf5996e194fbb1fb3,95be84b206fff97b95665b8192ce6f99f193f1299d79e4997ee719fe596f0008
LIB-031,CEP_LIBRARY_EDITOR_FINAL_REQUIREMENT_PRESERVATION_CROSSWALK_v1.2.17_ACCEPTED.json + CEP_LIBRARY_EDITOR_EXECUTABLE_BLUEPRINT_v1.2.17_ACCEPTED_DESIGN_REFERENCE.html,LIB-031,script#requirement-reconciliation-ledger :: LIB-031 :: MENU-001; DRAG-001,Direct browser test required: left-click handle opens exact Block Menu; click editable text does not; drag starts only after threshold; keyboard Shift+F10/Menu path reaches same commands; resolve any event/focus conflict before closure.,Block command surface; Structural movement,StructuredEditor transient target + selection; StructuredDocument,block.* via StructuredDocument; block.move,StructuredEditor contextmenu surface; StructuredEditor block rows,DOMAIN_ADAPTER; SHARED_CORE,LOCAL_WRITER_COPY same-lineage; Writer-B v1.1.5_PRE_COLAB_SOURCE_COMPLETE_CANDIDATE; sole baseline v1.1.4 preserved; no GitHub/governed-Drive mutation,writer_source_tree=e59c0378da507faa4cc5eebcf5996e194fbb1fb3; source_manifest_sha256=95be84b206fff97b95665b8192ce6f99f193f1299d79e4997ee719fe596f0008; baseline_v1.1.4_zip_sha256=5954e55db93411293cacb28b4082f54cf53fe8fc3950e9e56ad36cf97b82d636,resources/js/workbench/StructuredEditor.vue; resources/js/shared/StructuredContentCore.ts,@contextmenu; document.select; run; StructuredDocument methods; StructuredDocument.move; block-row,N/A,W02 Library/Learn workbench,bounded local candidate only,NONE_IDENTIFIED_IN_CURRENT_CONTROLLER_MAPPING,WRITER_v1.1.4_STATIC_PROVEN; exact mapped Production paths/symbol owners re-inspected; writer_source_tree=acd14514dddbd5e45aeb2fc25fed22560511d8ca; source_manifest_sha256=b5de82d4cb83534bab55de52cf7b2f64fec952e9b97062a294338ed21691edf5; changed-file scope audit=18/18 within Controller-mapped 67-row write scopes; full-matrix file-path existence audit=296/296.,WRITER_v1.1.4_SEMANTIC_REVIEW_EXECUTED against Controller-adjudicated owner graph; no alternate semantic/state/command/style/API owner introduced; Node semantic harness 34/34 PASS where applicable.,Strict TypeScript shared-core compile PASS; strict changed-SFC-script compile PASS; ProductionForgeCore.spec.ts source typecheck PASS; Node semantic harness 34/34 PASS; PHP syntax 211/211 PASS; public/workbench-bootstrap.js syntax PASS; full Vitest/Vite/vue-tsc/ESLint/Prettier suite NOT_RUN_TO_PASS because npm ci timed out and local Node/npm do not match declared engines. Writer-B v1.1.5 anti-loss regression harness 11/11 PASS on baseline and 11/11 PASS on successor; PHP syntax 215/215 PASS. Full project Vitest/Vite/Laravel/PostgreSQL/browser suite remains environment-gated where applicable.,SELECTIVE_NODE_SEMANTIC_RUNTIME_34_34_PASS_WHERE_APPLICABLE; FULL_VUE_LARAVEL_POSTGRESQL_RUNTIME_UNPROVEN,UNPROVEN_EXACT_ROUTE; system Chromium 144 headless smoke test timed out even on a minimal data URL; Playwright browser binary unavailable; no browser PASS promoted,UNPROVEN_POST_CHANGE_VISUAL; system Chromium harness and minimal smoke both timed out; no candidate-bound screenshot PASS promoted,STATIC_SOURCE_PROVEN; mapped wide/~1024/narrow policies inspected; real browser responsive/200% proof remains UNPROVEN,STATIC_SOURCE_PROVEN_PARTIAL; keyboard/focus owners and SFC scripts compile; real browser/assistive-technology proof remains UNPROVEN,STATIC_SOURCE_PROVEN_PARTIAL; logical properties/direction owners inspected; real mixed Arabic/LTR caret/selection browser matrix remains UNPROVEN,EXACT_CURRENT_OWNER_OR_GOVERNANCE_ROW,RUNTIME_UNPROVEN,P0,RUNTIME_UNPROVEN,WRITER_v1.1.4: mapped source implementation is present and static/semantic checks pass; required framework or real-browser runtime evidence remains open and is not promoted.,SOURCE_IMPLEMENTED_RUNTIME_PROOF_OPEN,Writer-B post-zero-orphan bounded parity successor; source manifest ec9d022617f1a88c6f39ea175407a68d77fe5d2f65effb457f73755f0465f3e6; patch 95b109a121a44a72121ae659a7fe084995674dc31b9f2e315d8e2168c682a6ff; 31/31 semantic harness; strict TS core/SFC scripts PASS; PHP syntax 211/211; no GitHub/Drive mutation.,True grouped BlockContextMenu UI is missing; current semantic destination owner is exact.; Pointer drag/reorder/autoscroll/cancel adapter missing.,v1.1.5_PRE_COLAB_SOURCE_COMPLETE_CANDIDATE,e59c0378da507faa4cc5eebcf5996e194fbb1fb3,95be84b206fff97b95665b8192ce6f99f193f1299d79e4997ee719fe596f0008
LIB-032,CEP_LIBRARY_EDITOR_FINAL_REQUIREMENT_PRESERVATION_CROSSWALK_v1.2.17_ACCEPTED.json + CEP_LIBRARY_EDITOR_EXECUTABLE_BLUEPRINT_v1.2.17_ACCEPTED_DESIGN_REFERENCE.html,LIB-032,script#requirement-reconciliation-ledger :: LIB-032 :: MENU-001; A11Y-001,Preserve Escape + outside click; hover leave never dismisses; larger popovers may expose an accessible clickable close/Esc button without cluttering the tiny Selection Toolbar; focus/caret returns logically.,Block command surface; Accessibility interaction,StructuredEditor transient target + selection; DOM focus + transient UI,block.* via StructuredDocument; focus/skip/modal/menu commands,StructuredEditor contextmenu surface; Workbench/WorkspaceFrame/workbench.css,DOMAIN_ADAPTER; SHARED_CORE,LOCAL_WRITER_COPY same-lineage; Writer-B v1.1.5_PRE_COLAB_SOURCE_COMPLETE_CANDIDATE; sole baseline v1.1.4 preserved; no GitHub/governed-Drive mutation,writer_source_tree=e59c0378da507faa4cc5eebcf5996e194fbb1fb3; source_manifest_sha256=95be84b206fff97b95665b8192ce6f99f193f1299d79e4997ee719fe596f0008; baseline_v1.1.4_zip_sha256=5954e55db93411293cacb28b4082f54cf53fe8fc3950e9e56ad36cf97b82d636,resources/js/workbench/StructuredEditor.vue; resources/js/shared/StructuredContentCore.ts; resources/js/workbench/Workbench.vue; resources/js/workbench/WorkspaceFrame.vue; resources/css/workbench.css,@contextmenu; document.select; run; StructuredDocument methods; keydown; focusWorkspace; trap; closeOverlay; .skip-link,N/A,W02 Library/Learn workbench,bounded local candidate only,NONE_IDENTIFIED_IN_CURRENT_CONTROLLER_MAPPING,WRITER_v1.1.4_STATIC_PROVEN; exact mapped Production paths/symbol owners re-inspected; writer_source_tree=acd14514dddbd5e45aeb2fc25fed22560511d8ca; source_manifest_sha256=b5de82d4cb83534bab55de52cf7b2f64fec952e9b97062a294338ed21691edf5; changed-file scope audit=18/18 within Controller-mapped 67-row write scopes; full-matrix file-path existence audit=296/296.,WRITER_v1.1.4_SEMANTIC_REVIEW_EXECUTED against Controller-adjudicated owner graph; no alternate semantic/state/command/style/API owner introduced; Node semantic harness 34/34 PASS where applicable.,Strict TypeScript shared-core compile PASS; strict changed-SFC-script compile PASS; ProductionForgeCore.spec.ts source typecheck PASS; Node semantic harness 34/34 PASS; PHP syntax 211/211 PASS; public/workbench-bootstrap.js syntax PASS; full Vitest/Vite/vue-tsc/ESLint/Prettier suite NOT_RUN_TO_PASS because npm ci timed out and local Node/npm do not match declared engines. Writer-B v1.1.5 anti-loss regression harness 11/11 PASS on baseline and 11/11 PASS on successor; PHP syntax 215/215 PASS. Full project Vitest/Vite/Laravel/PostgreSQL/browser suite remains environment-gated where applicable.,SELECTIVE_NODE_SEMANTIC_RUNTIME_34_34_PASS_WHERE_APPLICABLE; FULL_VUE_LARAVEL_POSTGRESQL_RUNTIME_UNPROVEN,UNPROVEN_EXACT_ROUTE; system Chromium 144 headless smoke test timed out even on a minimal data URL; Playwright browser binary unavailable; no browser PASS promoted,UNPROVEN_POST_CHANGE_VISUAL; system Chromium harness and minimal smoke both timed out; no candidate-bound screenshot PASS promoted,STATIC_SOURCE_PROVEN; mapped wide/~1024/narrow policies inspected; real browser responsive/200% proof remains UNPROVEN,STATIC_SOURCE_PROVEN_PARTIAL; keyboard/focus owners and SFC scripts compile; real browser/assistive-technology proof remains UNPROVEN,STATIC_SOURCE_PROVEN_PARTIAL; logical properties/direction owners inspected; real mixed Arabic/LTR caret/selection browser matrix remains UNPROVEN,EXACT_CURRENT_OWNER_OR_GOVERNANCE_ROW,RUNTIME_UNPROVEN,P1,RUNTIME_UNPROVEN,WRITER_v1.1.4: mapped source implementation is present and static/semantic checks pass; required framework or real-browser runtime evidence remains open and is not promoted.,SOURCE_IMPLEMENTED_RUNTIME_PROOF_OPEN,Writer-B post-zero-orphan bounded parity successor; source manifest ec9d022617f1a88c6f39ea175407a68d77fe5d2f65effb457f73755f0465f3e6; patch 95b109a121a44a72121ae659a7fe084995674dc31b9f2e315d8e2168c682a6ff; 31/31 semantic harness; strict TS core/SFC scripts PASS; PHP syntax 211/211; no GitHub/Drive mutation.,True grouped BlockContextMenu UI is missing; current semantic destination owner is exact.; Static owner exact; browser/focus runtime remains C026.,v1.1.5_PRE_COLAB_SOURCE_COMPLETE_CANDIDATE,e59c0378da507faa4cc5eebcf5996e194fbb1fb3,95be84b206fff97b95665b8192ce6f99f193f1299d79e4997ee719fe596f0008
LIB-033,CEP_LIBRARY_EDITOR_FINAL_REQUIREMENT_PRESERVATION_CROSSWALK_v1.2.17_ACCEPTED.json + CEP_LIBRARY_EDITOR_EXECUTABLE_BLUEPRINT_v1.2.17_ACCEPTED_DESIGN_REFERENCE.html,LIB-033,script#requirement-reconciliation-ledger :: LIB-033 :: GUTTER-001; NEST-001; CSS-001,Gutter rail/handle identifies exact selected subtree; hover remains restrained; selection uses subtle non-color-only treatment; parent/child hierarchy remains readable without full-block visual noise or toy-like animation.,Block gutter/insertion; Block nesting; Workbench presentation grammar,StructuredEditor transient insertion; StructuredDocument; presentation only,insertion.open -> block.insert; indent/outdent; N/A,StructuredEditor block-gutter; StructuredEditor; workbench.css/app.css,DOMAIN_ADAPTER; SHARED_CORE,LOCAL_WRITER_COPY same-lineage; Writer-B v1.1.5_PRE_COLAB_SOURCE_COMPLETE_CANDIDATE; sole baseline v1.1.4 preserved; no GitHub/governed-Drive mutation,writer_source_tree=e59c0378da507faa4cc5eebcf5996e194fbb1fb3; source_manifest_sha256=95be84b206fff97b95665b8192ce6f99f193f1299d79e4997ee719fe596f0008; baseline_v1.1.4_zip_sha256=5954e55db93411293cacb28b4082f54cf53fe8fc3950e9e56ad36cf97b82d636,resources/js/workbench/StructuredEditor.vue; resources/js/shared/StructuredContentCore.ts; resources/css/workbench.css; resources/css/app.css,block-gutter; openInsertion; insert; StructuredDocument.indent; childAdmittingBlockTypes; workbench layer; legacy-shell scope,N/A,W02 Library/Learn workbench,bounded local candidate only,NONE_IDENTIFIED_IN_CURRENT_CONTROLLER_MAPPING,WRITER_v1.1.4_STATIC_PROVEN; exact mapped Production paths/symbol owners re-inspected; writer_source_tree=acd14514dddbd5e45aeb2fc25fed22560511d8ca; source_manifest_sha256=b5de82d4cb83534bab55de52cf7b2f64fec952e9b97062a294338ed21691edf5; changed-file scope audit=18/18 within Controller-mapped 67-row write scopes; full-matrix file-path existence audit=296/296.,WRITER_v1.1.4_SEMANTIC_REVIEW_EXECUTED against Controller-adjudicated owner graph; no alternate semantic/state/command/style/API owner introduced; Node semantic harness 34/34 PASS where applicable.,Strict TypeScript shared-core compile PASS; strict changed-SFC-script compile PASS; ProductionForgeCore.spec.ts source typecheck PASS; Node semantic harness 34/34 PASS; PHP syntax 211/211 PASS; public/workbench-bootstrap.js syntax PASS; full Vitest/Vite/vue-tsc/ESLint/Prettier suite NOT_RUN_TO_PASS because npm ci timed out and local Node/npm do not match declared engines. Writer-B v1.1.5 anti-loss regression harness 11/11 PASS on baseline and 11/11 PASS on successor; PHP syntax 215/215 PASS. Full project Vitest/Vite/Laravel/PostgreSQL/browser suite remains environment-gated where applicable.,SELECTIVE_NODE_SEMANTIC_RUNTIME_34_34_PASS_WHERE_APPLICABLE; FULL_VUE_LARAVEL_POSTGRESQL_RUNTIME_UNPROVEN,UNPROVEN_EXACT_ROUTE; system Chromium 144 headless smoke test timed out even on a minimal data URL; Playwright browser binary unavailable; no browser PASS promoted,UNPROVEN_POST_CHANGE_VISUAL; system Chromium harness and minimal smoke both timed out; no candidate-bound screenshot PASS promoted,STATIC_SOURCE_PROVEN; mapped wide/~1024/narrow policies inspected; real browser responsive/200% proof remains UNPROVEN,STATIC_SOURCE_PROVEN_PARTIAL; keyboard/focus owners and SFC scripts compile; real browser/assistive-technology proof remains UNPROVEN,STATIC_SOURCE_PROVEN_PARTIAL; logical properties/direction owners inspected; real mixed Arabic/LTR caret/selection browser matrix remains UNPROVEN,EXACT_CURRENT_OWNER_OR_GOVERNANCE_ROW,VISUAL_UNPROVEN,P1,VISUAL_UNPROVEN,WRITER_v1.1.4: mapped source implementation is present; source/responsive semantics are statically inspected; fresh post-change visual proof remains unavailable because the browser renderer is environment-blocked.,SOURCE_IMPLEMENTED_VISUAL_PROOF_OPEN,Writer-B post-zero-orphan bounded parity successor; source manifest ec9d022617f1a88c6f39ea175407a68d77fe5d2f65effb457f73755f0465f3e6; patch 95b109a121a44a72121ae659a7fe084995674dc31b9f2e315d8e2168c682a6ff; 31/31 semantic harness; strict TS core/SFC scripts PASS; PHP syntax 211/211; no GitHub/Drive mutation.,NO_HISTORICAL_CONTROLLER_NOTES,v1.1.5_PRE_COLAB_SOURCE_COMPLETE_CANDIDATE,e59c0378da507faa4cc5eebcf5996e194fbb1fb3,95be84b206fff97b95665b8192ce6f99f193f1299d79e4997ee719fe596f0008
LIB-034,CEP_LIBRARY_EDITOR_FINAL_REQUIREMENT_PRESERVATION_CROSSWALK_v1.2.17_ACCEPTED.json + CEP_LIBRARY_EDITOR_EXECUTABLE_BLUEPRINT_v1.2.17_ACCEPTED_DESIGN_REFERENCE.html,LIB-034,script#requirement-reconciliation-ledger :: LIB-034 :: STR-001,"Recover a production-mappable expandable nested tree with representative multi-level hierarchy, active path, search ancestor retention, calm guide rails, typed metadata only where valid, and keyboard tree semantics. Structure remains navigation/representation; no canonical hierarchy mutation is authorized by the UI alone.",Library hierarchy representation,LibraryHierarchyProjector + route selection,tree navigation/search,LibraryHierarchyTree + LibraryWorkspace LEFT,DOMAIN_ADAPTER,LOCAL_WRITER_COPY same-lineage; Writer-B v1.1.5_PRE_COLAB_SOURCE_COMPLETE_CANDIDATE; sole baseline v1.1.4 preserved; no GitHub/governed-Drive mutation,writer_source_tree=e59c0378da507faa4cc5eebcf5996e194fbb1fb3; source_manifest_sha256=95be84b206fff97b95665b8192ce6f99f193f1299d79e4997ee719fe596f0008; baseline_v1.1.4_zip_sha256=5954e55db93411293cacb28b4082f54cf53fe8fc3950e9e56ad36cf97b82d636,app/Modules/Knowledge/Application/Library/LibraryHierarchyProjector.php; resources/js/pages/KnowledgeLearning/components/library/LibraryHierarchyTree.vue; resources/js/workbench/LibraryWorkspace.vue,LibraryHierarchyProjector.project; LibraryHierarchyTree; template #left,N/A,W02 Library/Learn workbench,bounded local candidate only,NONE_IDENTIFIED_IN_CURRENT_CONTROLLER_MAPPING,WRITER_v1.1.4_STATIC_PROVEN; exact mapped Production paths/symbol owners re-inspected; writer_source_tree=acd14514dddbd5e45aeb2fc25fed22560511d8ca; source_manifest_sha256=b5de82d4cb83534bab55de52cf7b2f64fec952e9b97062a294338ed21691edf5; changed-file scope audit=18/18 within Controller-mapped 67-row write scopes; full-matrix file-path existence audit=296/296.,WRITER_v1.1.4_SEMANTIC_REVIEW_EXECUTED against Controller-adjudicated owner graph; no alternate semantic/state/command/style/API owner introduced; Node semantic harness 34/34 PASS where applicable.,Strict TypeScript shared-core compile PASS; strict changed-SFC-script compile PASS; ProductionForgeCore.spec.ts source typecheck PASS; Node semantic harness 34/34 PASS; PHP syntax 211/211 PASS; public/workbench-bootstrap.js syntax PASS; full Vitest/Vite/vue-tsc/ESLint/Prettier suite NOT_RUN_TO_PASS because npm ci timed out and local Node/npm do not match declared engines. Writer-B v1.1.5 anti-loss regression harness 11/11 PASS on baseline and 11/11 PASS on successor; PHP syntax 215/215 PASS. Full project Vitest/Vite/Laravel/PostgreSQL/browser suite remains environment-gated where applicable.,SELECTIVE_NODE_SEMANTIC_RUNTIME_34_34_PASS_WHERE_APPLICABLE; FULL_VUE_LARAVEL_POSTGRESQL_RUNTIME_UNPROVEN,UNPROVEN_EXACT_ROUTE; system Chromium 144 headless smoke test timed out even on a minimal data URL; Playwright browser binary unavailable; no browser PASS promoted,UNPROVEN_POST_CHANGE_VISUAL; system Chromium harness and minimal smoke both timed out; no candidate-bound screenshot PASS promoted,STATIC_SOURCE_PROVEN; mapped wide/~1024/narrow policies inspected; real browser responsive/200% proof remains UNPROVEN,STATIC_SOURCE_PROVEN_PARTIAL; keyboard/focus owners and SFC scripts compile; real browser/assistive-technology proof remains UNPROVEN,STATIC_SOURCE_PROVEN_PARTIAL; logical properties/direction owners inspected; real mixed Arabic/LTR caret/selection browser matrix remains UNPROVEN,EXACT_CURRENT_OWNER_OR_GOVERNANCE_ROW,RUNTIME_UNPROVEN,P1,RUNTIME_UNPROVEN,WRITER_v1.1.4: mapped source implementation is present and static/semantic checks pass; required framework or real-browser runtime evidence remains open and is not promoted.,SOURCE_IMPLEMENTED_RUNTIME_PROOF_OPEN,Writer-B post-zero-orphan bounded parity successor; source manifest ec9d022617f1a88c6f39ea175407a68d77fe5d2f65effb457f73755f0465f3e6; patch 95b109a121a44a72121ae659a7fe084995674dc31b9f2e315d8e2168c682a6ff; 31/31 semantic harness; strict TS core/SFC scripts PASS; PHP syntax 211/211; no GitHub/Drive mutation.,"Missing hierarchy context remains explicit unresolved technical fallback, not fabricated localized title.",v1.1.5_PRE_COLAB_SOURCE_COMPLETE_CANDIDATE,e59c0378da507faa4cc5eebcf5996e194fbb1fb3,95be84b206fff97b95665b8192ce6f99f193f1299d79e4997ee719fe596f0008
LIB-035,CEP_LIBRARY_EDITOR_FINAL_REQUIREMENT_PRESERVATION_CROSSWALK_v1.2.17_ACCEPTED.json + CEP_LIBRARY_EDITOR_EXECUTABLE_BLUEPRINT_v1.2.17_ACCEPTED_DESIGN_REFERENCE.html,LIB-035,script#requirement-reconciliation-ledger :: LIB-035 :: CTX-001,"Recover ContextInspector lenses such as Overview/Sources/Relations/Labs/Projects/Evidence/Notes/History-summary or a directly equivalent current-contract fit; one active detailed lens, atomic KU/Block scope, no stale context, and Bottom retains full Compare/History/Recovery ownership.",One Library context owner,selected/inspected block projection,context inspect actions,LibraryWorkspace #right via WorkspaceFrame,DOMAIN_ADAPTER,LOCAL_WRITER_COPY same-lineage; Writer-B v1.1.5_PRE_COLAB_SOURCE_COMPLETE_CANDIDATE; sole baseline v1.1.4 preserved; no GitHub/governed-Drive mutation,writer_source_tree=e59c0378da507faa4cc5eebcf5996e194fbb1fb3; source_manifest_sha256=95be84b206fff97b95665b8192ce6f99f193f1299d79e4997ee719fe596f0008; baseline_v1.1.4_zip_sha256=5954e55db93411293cacb28b4082f54cf53fe8fc3950e9e56ad36cf97b82d636,resources/js/workbench/LibraryWorkspace.vue; resources/js/workbench/WorkspaceFrame.vue,template #right; selected; inspectedBlockId; contextPanel,N/A,W02 Library/Learn workbench,bounded local candidate only,NONE_IDENTIFIED_IN_CURRENT_CONTROLLER_MAPPING,WRITER_v1.1.4_STATIC_PROVEN; exact mapped Production paths/symbol owners re-inspected; writer_source_tree=acd14514dddbd5e45aeb2fc25fed22560511d8ca; source_manifest_sha256=b5de82d4cb83534bab55de52cf7b2f64fec952e9b97062a294338ed21691edf5; changed-file scope audit=18/18 within Controller-mapped 67-row write scopes; full-matrix file-path existence audit=296/296.,WRITER_v1.1.4_SEMANTIC_REVIEW_EXECUTED against Controller-adjudicated owner graph; no alternate semantic/state/command/style/API owner introduced; Node semantic harness 34/34 PASS where applicable.,Strict TypeScript shared-core compile PASS; strict changed-SFC-script compile PASS; ProductionForgeCore.spec.ts source typecheck PASS; Node semantic harness 34/34 PASS; PHP syntax 211/211 PASS; public/workbench-bootstrap.js syntax PASS; full Vitest/Vite/vue-tsc/ESLint/Prettier suite NOT_RUN_TO_PASS because npm ci timed out and local Node/npm do not match declared engines. Writer-B v1.1.5 anti-loss regression harness 11/11 PASS on baseline and 11/11 PASS on successor; PHP syntax 215/215 PASS. Full project Vitest/Vite/Laravel/PostgreSQL/browser suite remains environment-gated where applicable.,SELECTIVE_NODE_SEMANTIC_RUNTIME_34_34_PASS_WHERE_APPLICABLE; FULL_VUE_LARAVEL_POSTGRESQL_RUNTIME_UNPROVEN,UNPROVEN_EXACT_ROUTE; system Chromium 144 headless smoke test timed out even on a minimal data URL; Playwright browser binary unavailable; no browser PASS promoted,UNPROVEN_POST_CHANGE_VISUAL; system Chromium harness and minimal smoke both timed out; no candidate-bound screenshot PASS promoted,STATIC_SOURCE_PROVEN; mapped wide/~1024/narrow policies inspected; real browser responsive/200% proof remains UNPROVEN,STATIC_SOURCE_PROVEN_PARTIAL; keyboard/focus owners and SFC scripts compile; real browser/assistive-technology proof remains UNPROVEN,STATIC_SOURCE_PROVEN_PARTIAL; logical properties/direction owners inspected; real mixed Arabic/LTR caret/selection browser matrix remains UNPROVEN,EXACT_CURRENT_OWNER_OR_GOVERNANCE_ROW,RUNTIME_UNPROVEN,P1,RUNTIME_UNPROVEN,WRITER_v1.1.4: mapped source implementation is present and static/semantic checks pass; required framework or real-browser runtime evidence remains open and is not promoted.,SOURCE_IMPLEMENTED_RUNTIME_PROOF_OPEN,Writer-B post-zero-orphan bounded parity successor; source manifest ec9d022617f1a88c6f39ea175407a68d77fe5d2f65effb457f73755f0465f3e6; patch 95b109a121a44a72121ae659a7fe084995674dc31b9f2e315d8e2168c682a6ff; 31/31 semantic harness; strict TS core/SFC scripts PASS; PHP syntax 211/211; no GitHub/Drive mutation.,Exact one-owner location exists; full lens host/tabs are incomplete.,v1.1.5_PRE_COLAB_SOURCE_COMPLETE_CANDIDATE,e59c0378da507faa4cc5eebcf5996e194fbb1fb3,95be84b206fff97b95665b8192ce6f99f193f1299d79e4997ee719fe596f0008
LIB-036,CEP_LIBRARY_EDITOR_FINAL_REQUIREMENT_PRESERVATION_CROSSWALK_v1.2.17_ACCEPTED.json + CEP_LIBRARY_EDITOR_EXECUTABLE_BLUEPRINT_v1.2.17_ACCEPTED_DESIGN_REFERENCE.html,LIB-036,script#requirement-reconciliation-ledger :: LIB-036 :: NOTES-001; NOTE-ADD-001,Restore a first-class Notes projection/lens and New Note path without creating a competing canonical object store or silently inventing durable persistence.,Linked Sticky Notes system,LinkedStickyNoteCore.NoteWorkingState + NoteContextBinding + StickyNoteWindowState,Existing SemanticCommandCore instance: note.new/note.open/note.close/note.pin/note.unpin/note.move/note.resize/note.source.focus,LibraryNotesLens + StickyNoteHost + StickyNoteEditorSurface,NEW_SHARED_CORE_OWNER: LinkedStickyNoteCore; Library domain adapter; existing StructuredContentCore for note body semantics,LOCAL_WRITER_COPY same-lineage; Writer-B v1.1.5_PRE_COLAB_SOURCE_COMPLETE_CANDIDATE; sole baseline v1.1.4 preserved; no GitHub/governed-Drive mutation,writer_source_tree=e59c0378da507faa4cc5eebcf5996e194fbb1fb3; source_manifest_sha256=95be84b206fff97b95665b8192ce6f99f193f1299d79e4997ee719fe596f0008; baseline_v1.1.4_zip_sha256=5954e55db93411293cacb28b4082f54cf53fe8fc3950e9e56ad36cf97b82d636,resources/js/shared/LinkedStickyNoteCore.ts; resources/js/workbench/LibraryNotesLens.vue; resources/js/workbench/StickyNoteHost.vue; resources/js/workbench/StickyNoteEditorSurface.vue; resources/js/workbench/LibraryWorkspace.vue; resources/js/shared/StructuredContentCore.ts; resources/js/shared/SemanticCommandCore.ts; resources/js/workbench/context.ts; resources/js/workbench/Workbench.vue,LinkedStickyNoteCore; LibraryNotesLens; StickyNoteHost; StickyNoteEditorSurface; StructuredDocument compact adapter; WorkbenchContext.commands,LinkedStickyNoteCore local/browser working-state storage only; durable server Notes API/schema AUTHORITY_GATED; OS always-on-top PLATFORM_GATED,W02 Library route: active object/revision + selected block/selection → immutable NoteContextBinding; no canonical Notes backend route is invented,resources/js/shared/LinkedStickyNoteCore.ts; resources/js/workbench/LibraryNotesLens.vue; resources/js/workbench/StickyNoteHost.vue; resources/js/workbench/StickyNoteEditorSurface.vue; resources/js/workbench/BlockContextMenu.vue; resources/js/workbench/LibraryWorkspace.vue; resources/js/workbench/StructuredEditor.vue; resources/js/workbench/context.ts; resources/js/workbench/Workbench.vue; resources/js/tests/ProductionForgeCore.spec.ts; resources/js/tests/ProductionForgeIntegration.spec.ts,OWNER-ADJ-PROD-NOTES-001: Do not repurpose WorkspaceMemoryCore.note; do not fork StructuredContentCore/StructuredDocument; do not create a second SemanticCommandCore; do not invent durable Notes schema/API; keep W04 Review/Evidence/Mastery separate.,WRITER_v1.1.4_STATIC_PROVEN; exact mapped Production paths/symbol owners re-inspected; writer_source_tree=acd14514dddbd5e45aeb2fc25fed22560511d8ca; source_manifest_sha256=b5de82d4cb83534bab55de52cf7b2f64fec952e9b97062a294338ed21691edf5; changed-file scope audit=18/18 within Controller-mapped 67-row write scopes; full-matrix file-path existence audit=296/296.,WRITER_v1.1.4_SEMANTIC_REVIEW_EXECUTED against Controller-adjudicated owner graph; no alternate semantic/state/command/style/API owner introduced; Node semantic harness 34/34 PASS where applicable.,Strict TypeScript shared-core compile PASS; strict changed-SFC-script compile PASS; ProductionForgeCore.spec.ts source typecheck PASS; Node semantic harness 34/34 PASS; PHP syntax 211/211 PASS; public/workbench-bootstrap.js syntax PASS; full Vitest/Vite/vue-tsc/ESLint/Prettier suite NOT_RUN_TO_PASS because npm ci timed out and local Node/npm do not match declared engines. Writer-B v1.1.5 anti-loss regression harness 11/11 PASS on baseline and 11/11 PASS on successor; PHP syntax 215/215 PASS. Full project Vitest/Vite/Laravel/PostgreSQL/browser suite remains environment-gated where applicable.,SELECTIVE_NODE_SEMANTIC_RUNTIME_34_34_PASS_WHERE_APPLICABLE; FULL_VUE_LARAVEL_POSTGRESQL_RUNTIME_UNPROVEN,UNPROVEN_EXACT_ROUTE; system Chromium 144 headless smoke test timed out even on a minimal data URL; Playwright browser binary unavailable; no browser PASS promoted,UNPROVEN_POST_CHANGE_VISUAL; system Chromium harness and minimal smoke both timed out; no candidate-bound screenshot PASS promoted,STATIC_SOURCE_PROVEN; mapped wide/~1024/narrow policies inspected; real browser responsive/200% proof remains UNPROVEN,STATIC_SOURCE_PROVEN_PARTIAL; keyboard/focus owners and SFC scripts compile; real browser/assistive-technology proof remains UNPROVEN,STATIC_SOURCE_PROVEN_PARTIAL; logical properties/direction owners inspected; real mixed Arabic/LTR caret/selection browser matrix remains UNPROVEN,EXACT_PLANNED_OWNER_CONTROLLER_ADJUDICATED,RUNTIME_UNPROVEN,P0/P1,RUNTIME_UNPROVEN,WRITER_v1.1.4: mapped source implementation is present and static/semantic checks pass; required framework or real-browser runtime evidence remains open and is not promoted.,SOURCE_IMPLEMENTED_RUNTIME_PROOF_OPEN,Writer-B post-zero-orphan bounded parity successor; source manifest ec9d022617f1a88c6f39ea175407a68d77fe5d2f65effb457f73755f0465f3e6; patch 95b109a121a44a72121ae659a7fe084995674dc31b9f2e315d8e2168c682a6ff; 31/31 semantic harness; strict TS core/SFC scripts PASS; PHP syntax 211/211; no GitHub/Drive mutation.,"Current note owner is a different local revision annotation; exact new destination architecture is not adjudicated.; Accepted Blueprint names note.new + NoteContextBinding/StickyNoteHost, but current Production has no exact linked-note owner/file/symbol. | Destination ownership resolved by OWNER-ADJ-PROD-NOTES-001. Mapping gate may pass; capability remains unimplemented/partial until bounded Writer execution.",v1.1.5_PRE_COLAB_SOURCE_COMPLETE_CANDIDATE,e59c0378da507faa4cc5eebcf5996e194fbb1fb3,95be84b206fff97b95665b8192ce6f99f193f1299d79e4997ee719fe596f0008
LIB-037,CEP_LIBRARY_EDITOR_FINAL_REQUIREMENT_PRESERVATION_CROSSWALK_v1.2.17_ACCEPTED.json + CEP_LIBRARY_EDITOR_EXECUTABLE_BLUEPRINT_v1.2.17_ACCEPTED_DESIGN_REFERENCE.html,LIB-037,script#requirement-reconciliation-ledger :: LIB-037 :: NOTES-001; PROD-001,"Add StickyNoteEditorSurface as a compact adapter over the same BlockDocumentCore / UnifiedEditorCore used by the main document. Reuse applicable Block schema, inline marks, Toggle/list semantics, Color/Highlight, insertion, Block Menu, Selection Toolbar, Bidi alignment/direction, Undo/Redo and semantic command/action-state owners; capability-filter rather than fork.",Linked Sticky Notes system + same CEP_W02_STRUCTURED_CONTENT_V4 / StructuredDocument semantics,LinkedStickyNoteCore.NoteWorkingState + same StructuredDocument blocks/inline_marks; no durable server Notes state invented,Existing SemanticCommandCore note.* + same StructuredDocument selection/text/history/inline-mark commands,StickyNoteEditorSurface capability-filtered adapter + StructuredEditor/renderer token presentation,NEW_SHARED_CORE_OWNER: LinkedStickyNoteCore + EXISTING_SHARED_CORE: StructuredContentCore/SemanticCommandCore,LOCAL_WRITER_COPY same-lineage; Writer-B v1.1.5_PRE_COLAB_SOURCE_COMPLETE_CANDIDATE; sole baseline v1.1.4 preserved; no GitHub/governed-Drive mutation,writer_source_tree=e59c0378da507faa4cc5eebcf5996e194fbb1fb3; source_manifest_sha256=95be84b206fff97b95665b8192ce6f99f193f1299d79e4997ee719fe596f0008; baseline_v1.1.4_zip_sha256=5954e55db93411293cacb28b4082f54cf53fe8fc3950e9e56ad36cf97b82d636,resources/js/shared/LinkedStickyNoteCore.ts; resources/js/workbench/StickyNoteEditorSurface.vue; resources/js/workbench/StickyNoteHost.vue; app/Modules/Knowledge/Content/LessonContentContract.php; resources/js/pages/KnowledgeLearning/components/content/lessonContent.ts; resources/js/shared/StructuredContentCore.ts; resources/js/workbench/StructuredEditor.vue; resources/js/pages/KnowledgeLearning/components/content/LessonContentRenderer.vue; resources/js/shared/ClipboardTrustCore.ts; resources/js/workbench/LibraryWorkspace.vue; resources/css/workbench.css,LinkedStickyNoteCore; StickyNoteEditorSurface; StructuredDocument V4 inline marks; StructuredEditor canonical selection formatting,Local/browser NoteWorkingState only for Notes; canonical block inline_marks persist where canonical LessonRevision owner applies; durable server Notes API/schema remains AUTHORITY_GATED,W02 Library active object/revision/selection → immutable NoteContextBinding; same V4 block contract; no invented durable Notes route,PRECOLAB-001/002/004 V4 existing owners only; pre-existing OWNER-ADJ-PROD-NOTES-001 local/browser Note owner preserved,No second StructuredContentCore/SemanticCommandCore; no hidden HTML; durable Notes persistence AUTHORITY_GATED; OS topmost PLATFORM_GATED.,WRITER_v1.1.5_SOURCE_PROVEN for the former V4 range-format subgate; 48/48 static contract; note architecture preserved from v1.1.4 without widening persistence authority.,V4 TS 12/12 + PHP 15/15 + state/history 10 PASS; v1.1.4 linked-note semantic evidence preserved; no alternate note/editor owner introduced.,Strict V4 core tsc PASS; PHP lint 215/215; anti-loss regression 11/11 baseline + successor. Browser note runtime and durable server Notes remain separate gates.,RANGE_STYLE selective source runtime PASS; browser/local note runtime and framework runtime remain unproven.,UNPROVEN / C026; same-note popout runtime remains gate,UNPROVEN_POST_CHANGE_CANDIDATE_BROWSER / C026,STATIC_SOURCE_PROVEN; mapped wide/~1024/narrow policies inspected; real browser responsive/200% proof remains UNPROVEN,STATIC_SOURCE_PROVEN_PARTIAL; keyboard/focus owners and SFC scripts compile; real browser/assistive-technology proof remains UNPROVEN,STATIC_SOURCE_PROVEN_PARTIAL; logical properties/direction owners inspected; real mixed Arabic/LTR caret/selection browser matrix remains UNPROVEN,EXACT_PLANNED_OWNER_CONTROLLER_ADJUDICATED,RUNTIME_UNPROVEN,P1,RUNTIME_UNPROVEN,Former range Color/Highlight/Underline PARTIAL is closed at source/semantic level through V4. Durable Linked Notes server persistence remains AUTHORITY_GATED and OS topmost PLATFORM_GATED; those gates are not converted to source work.,SOURCE_CONTRACT_IMPLEMENTED_EXTERNAL_NOTE_AND_BROWSER_GATES_PRESERVED,PRECOLAB-001/002/004; V4 48/48 static + TS12/PHP15/state10; linked-note v1.1.4 value preserved; source_tree=e59c0378da507faa4cc5eebcf5996e194fbb1fb3; manifest=95be84b206fff97b95665b8192ce6f99f193f1299d79e4997ee719fe596f0008,"Current note owner is a different local revision annotation; exact new destination architecture is not adjudicated.; Boundary is exact; absent providers remain explicitly authority/provider-gated, not guessed. | Destination ownership resolved by OWNER-ADJ-PROD-NOTES-001. Mapping gate may pass; capability remains unimplemented/partial until bounded Writer execution.",v1.1.5_PRE_COLAB_SOURCE_COMPLETE_CANDIDATE,e59c0378da507faa4cc5eebcf5996e194fbb1fb3,95be84b206fff97b95665b8192ce6f99f193f1299d79e4997ee719fe596f0008
LIB-038,CEP_LIBRARY_EDITOR_FINAL_REQUIREMENT_PRESERVATION_CROSSWALK_v1.2.17_ACCEPTED.json + CEP_LIBRARY_EDITOR_EXECUTABLE_BLUEPRINT_v1.2.17_ACCEPTED_DESIGN_REFERENCE.html,LIB-038,script#requirement-reconciliation-ledger :: LIB-038 :: NOTES-001; NOTE-ADD-001,"New Note opens a floating contextual editor near invocation, body autofocuses, Source chip remains read-only, ordinary blur/hover-leave does not dismiss, close/discard/recovery prevents silent loss, window is draggable/resizable with non-pointer equivalent, and pin persists the floating presentation inside CEP while preserving note/source identity.",Linked Sticky Notes system,LinkedStickyNoteCore.NoteWorkingState + NoteContextBinding + StickyNoteWindowState,Existing SemanticCommandCore: note.new/open/close/pin/move/resize/source.focus,StickyNoteHost + StickyNoteEditorSurface,NEW_SHARED_CORE_OWNER: LinkedStickyNoteCore + Library domain adapter,LOCAL_WRITER_COPY same-lineage; Writer-B v1.1.5_PRE_COLAB_SOURCE_COMPLETE_CANDIDATE; sole baseline v1.1.4 preserved; no GitHub/governed-Drive mutation,writer_source_tree=e59c0378da507faa4cc5eebcf5996e194fbb1fb3; source_manifest_sha256=95be84b206fff97b95665b8192ce6f99f193f1299d79e4997ee719fe596f0008; baseline_v1.1.4_zip_sha256=5954e55db93411293cacb28b4082f54cf53fe8fc3950e9e56ad36cf97b82d636,resources/js/shared/LinkedStickyNoteCore.ts; resources/js/workbench/StickyNoteHost.vue; resources/js/workbench/StickyNoteEditorSurface.vue; resources/js/workbench/LibraryWorkspace.vue; resources/js/shared/SemanticCommandCore.ts; resources/js/workbench/context.ts; resources/js/workbench/Workbench.vue,LinkedStickyNoteCore.create/open/updateWindow; StickyNoteHost pointer+keyboard window controller; StickyNoteEditorSurface autofocus/recovery surface,LinkedStickyNoteCore local/browser working-state storage only; durable server Notes API/schema AUTHORITY_GATED; OS always-on-top PLATFORM_GATED,W02 Library route: active object/revision + selected block/selection → immutable NoteContextBinding; no canonical Notes backend route is invented,resources/js/shared/LinkedStickyNoteCore.ts; resources/js/workbench/LibraryNotesLens.vue; resources/js/workbench/StickyNoteHost.vue; resources/js/workbench/StickyNoteEditorSurface.vue; resources/js/workbench/BlockContextMenu.vue; resources/js/workbench/LibraryWorkspace.vue; resources/js/workbench/StructuredEditor.vue; resources/js/workbench/context.ts; resources/js/workbench/Workbench.vue; resources/js/tests/ProductionForgeCore.spec.ts; resources/js/tests/ProductionForgeIntegration.spec.ts,OWNER-ADJ-PROD-NOTES-001: Do not repurpose WorkspaceMemoryCore.note; do not fork StructuredContentCore/StructuredDocument; do not create a second SemanticCommandCore; do not invent durable Notes schema/API; keep W04 Review/Evidence/Mastery separate.,WRITER_v1.1.4_STATIC_PROVEN; exact mapped Production paths/symbol owners re-inspected; writer_source_tree=acd14514dddbd5e45aeb2fc25fed22560511d8ca; source_manifest_sha256=b5de82d4cb83534bab55de52cf7b2f64fec952e9b97062a294338ed21691edf5; changed-file scope audit=18/18 within Controller-mapped 67-row write scopes; full-matrix file-path existence audit=296/296.,WRITER_v1.1.4_SEMANTIC_REVIEW_EXECUTED against Controller-adjudicated owner graph; no alternate semantic/state/command/style/API owner introduced; Node semantic harness 34/34 PASS where applicable.,Strict TypeScript shared-core compile PASS; strict changed-SFC-script compile PASS; ProductionForgeCore.spec.ts source typecheck PASS; Node semantic harness 34/34 PASS; PHP syntax 211/211 PASS; public/workbench-bootstrap.js syntax PASS; full Vitest/Vite/vue-tsc/ESLint/Prettier suite NOT_RUN_TO_PASS because npm ci timed out and local Node/npm do not match declared engines. Writer-B v1.1.5 anti-loss regression harness 11/11 PASS on baseline and 11/11 PASS on successor; PHP syntax 215/215 PASS. Full project Vitest/Vite/Laravel/PostgreSQL/browser suite remains environment-gated where applicable.,SELECTIVE_NODE_SEMANTIC_RUNTIME_34_34_PASS_WHERE_APPLICABLE; FULL_VUE_LARAVEL_POSTGRESQL_RUNTIME_UNPROVEN,UNPROVEN_EXACT_ROUTE; system Chromium 144 headless smoke test timed out even on a minimal data URL; Playwright browser binary unavailable; no browser PASS promoted,UNPROVEN_POST_CHANGE_VISUAL; system Chromium harness and minimal smoke both timed out; no candidate-bound screenshot PASS promoted,STATIC_SOURCE_PROVEN; mapped wide/~1024/narrow policies inspected; real browser responsive/200% proof remains UNPROVEN,STATIC_SOURCE_PROVEN_PARTIAL; keyboard/focus owners and SFC scripts compile; real browser/assistive-technology proof remains UNPROVEN,STATIC_SOURCE_PROVEN_PARTIAL; logical properties/direction owners inspected; real mixed Arabic/LTR caret/selection browser matrix remains UNPROVEN,EXACT_PLANNED_OWNER_CONTROLLER_ADJUDICATED,RUNTIME_UNPROVEN,P1,RUNTIME_UNPROVEN,WRITER_v1.1.4: mapped source implementation is present and static/semantic checks pass; required framework or real-browser runtime evidence remains open and is not promoted.,SOURCE_IMPLEMENTED_RUNTIME_PROOF_OPEN,Writer-B post-zero-orphan bounded parity successor; source manifest ec9d022617f1a88c6f39ea175407a68d77fe5d2f65effb457f73755f0465f3e6; patch 95b109a121a44a72121ae659a7fe084995674dc31b9f2e315d8e2168c682a6ff; 31/31 semantic harness; strict TS core/SFC scripts PASS; PHP syntax 211/211; no GitHub/Drive mutation.,"Current note owner is a different local revision annotation; exact new destination architecture is not adjudicated.; Accepted Blueprint names note.new + NoteContextBinding/StickyNoteHost, but current Production has no exact linked-note owner/file/symbol. | Destination ownership resolved by OWNER-ADJ-PROD-NOTES-001. Mapping gate may pass; capability remains unimplemented/partial until bounded Writer execution.",v1.1.5_PRE_COLAB_SOURCE_COMPLETE_CANDIDATE,e59c0378da507faa4cc5eebcf5996e194fbb1fb3,95be84b206fff97b95665b8192ce6f99f193f1299d79e4997ee719fe596f0008
LIB-039,CEP_LIBRARY_EDITOR_FINAL_REQUIREMENT_PRESERVATION_CROSSWALK_v1.2.17_ACCEPTED.json + CEP_LIBRARY_EDITOR_EXECUTABLE_BLUEPRINT_v1.2.17_ACCEPTED_DESIGN_REFERENCE.html,LIB-039,script#requirement-reconciliation-ledger :: LIB-039 :: NOTES-001; PROD-001,Require in-app CEP pinning; allow same-instance browser/PWA pop-out mapping; true OS cross-application always-on-top remains PLATFORM_CAPABILITY_GATED unless a directly verified native/platform capability opens it. No false capability claim.,Linked Sticky Notes system + platform capability boundary,LinkedStickyNoteCore.StickyNoteWindowState,Existing SemanticCommandCore: note.pin/unpin/note.popout.map; OS always-on-top remains PLATFORM_GATED,StickyNoteHost in-app pinning/popout mapping surface,NEW_SHARED_CORE_OWNER: LinkedStickyNoteCore + PLATFORM_BOUNDARY for browser/PWA/OS capability,LOCAL_WRITER_COPY same-lineage; Writer-B v1.1.5_PRE_COLAB_SOURCE_COMPLETE_CANDIDATE; sole baseline v1.1.4 preserved; no GitHub/governed-Drive mutation,writer_source_tree=e59c0378da507faa4cc5eebcf5996e194fbb1fb3; source_manifest_sha256=95be84b206fff97b95665b8192ce6f99f193f1299d79e4997ee719fe596f0008; baseline_v1.1.4_zip_sha256=5954e55db93411293cacb28b4082f54cf53fe8fc3950e9e56ad36cf97b82d636,resources/js/shared/LinkedStickyNoteCore.ts; resources/js/workbench/StickyNoteHost.vue; resources/js/workbench/LibraryWorkspace.vue; resources/js/shared/SemanticCommandCore.ts; resources/js/workbench/context.ts; resources/js/workbench/Workbench.vue,LinkedStickyNoteCore window identity; StickyNoteHost pin/popout mapping adapter; no OS topmost owner,LinkedStickyNoteCore local/browser working-state storage only; durable server Notes API/schema AUTHORITY_GATED; OS always-on-top PLATFORM_GATED,W02 Library route: active object/revision + selected block/selection → immutable NoteContextBinding; no canonical Notes backend route is invented,resources/js/shared/LinkedStickyNoteCore.ts; resources/js/workbench/LibraryNotesLens.vue; resources/js/workbench/StickyNoteHost.vue; resources/js/workbench/StickyNoteEditorSurface.vue; resources/js/workbench/BlockContextMenu.vue; resources/js/workbench/LibraryWorkspace.vue; resources/js/workbench/StructuredEditor.vue; resources/js/workbench/context.ts; resources/js/workbench/Workbench.vue; resources/js/tests/ProductionForgeCore.spec.ts; resources/js/tests/ProductionForgeIntegration.spec.ts,OWNER-ADJ-PROD-NOTES-001: Do not repurpose WorkspaceMemoryCore.note; do not fork StructuredContentCore/StructuredDocument; do not create a second SemanticCommandCore; do not invent durable Notes schema/API; keep W04 Review/Evidence/Mastery separate.,WRITER_v1.1.4_STATIC_PROVEN; exact mapped Production paths/symbol owners re-inspected; writer_source_tree=acd14514dddbd5e45aeb2fc25fed22560511d8ca; source_manifest_sha256=b5de82d4cb83534bab55de52cf7b2f64fec952e9b97062a294338ed21691edf5; changed-file scope audit=18/18 within Controller-mapped 67-row write scopes; full-matrix file-path existence audit=296/296.,WRITER_v1.1.4_SEMANTIC_REVIEW_EXECUTED against Controller-adjudicated owner graph; no alternate semantic/state/command/style/API owner introduced; Node semantic harness 34/34 PASS where applicable.,Strict TypeScript shared-core compile PASS; strict changed-SFC-script compile PASS; ProductionForgeCore.spec.ts source typecheck PASS; Node semantic harness 34/34 PASS; PHP syntax 211/211 PASS; public/workbench-bootstrap.js syntax PASS; full Vitest/Vite/vue-tsc/ESLint/Prettier suite NOT_RUN_TO_PASS because npm ci timed out and local Node/npm do not match declared engines. Writer-B v1.1.5 anti-loss regression harness 11/11 PASS on baseline and 11/11 PASS on successor; PHP syntax 215/215 PASS. Full project Vitest/Vite/Laravel/PostgreSQL/browser suite remains environment-gated where applicable.,SELECTIVE_NODE_SEMANTIC_RUNTIME_34_34_PASS_WHERE_APPLICABLE; FULL_VUE_LARAVEL_POSTGRESQL_RUNTIME_UNPROVEN,UNPROVEN_EXACT_ROUTE; system Chromium 144 headless smoke test timed out even on a minimal data URL; Playwright browser binary unavailable; no browser PASS promoted,UNPROVEN_POST_CHANGE_VISUAL; system Chromium harness and minimal smoke both timed out; no candidate-bound screenshot PASS promoted,STATIC_SOURCE_PROVEN; mapped wide/~1024/narrow policies inspected; real browser responsive/200% proof remains UNPROVEN,STATIC_SOURCE_PROVEN_PARTIAL; keyboard/focus owners and SFC scripts compile; real browser/assistive-technology proof remains UNPROVEN,STATIC_SOURCE_PROVEN_PARTIAL; logical properties/direction owners inspected; real mixed Arabic/LTR caret/selection browser matrix remains UNPROVEN,EXACT_PLANNED_OWNER_CONTROLLER_ADJUDICATED,RUNTIME_UNPROVEN,P1,RUNTIME_UNPROVEN,"WRITER_v1.1.4: in-app CEP pinning is implemented; same-origin Browser/PWA pop-out mapping now opens the exact same note ID, preserves existing route query, and synchronizes working state between windows through the adjudicated local/browser storage owner. Node harness proves URL identity + cross-window storage synchronization. Real popup/browser runtime remains UNPROVEN. OS cross-application always-on-top remains PLATFORM_GATED and is not claimed.",SOURCE_IMPLEMENTED_RUNTIME_PROOF_OPEN,Writer-B post-zero-orphan bounded parity successor; source manifest ec9d022617f1a88c6f39ea175407a68d77fe5d2f65effb457f73755f0465f3e6; patch 95b109a121a44a72121ae659a7fe084995674dc31b9f2e315d8e2168c682a6ff; 31/31 semantic harness; strict TS core/SFC scripts PASS; PHP syntax 211/211; no GitHub/Drive mutation.,"Current note owner is a different local revision annotation; exact new destination architecture is not adjudicated.; Boundary is exact; absent providers remain explicitly authority/provider-gated, not guessed. | Destination ownership resolved by OWNER-ADJ-PROD-NOTES-001. Mapping gate may pass; capability remains unimplemented/partial until bounded Writer execution.",v1.1.5_PRE_COLAB_SOURCE_COMPLETE_CANDIDATE,e59c0378da507faa4cc5eebcf5996e194fbb1fb3,95be84b206fff97b95665b8192ce6f99f193f1299d79e4997ee719fe596f0008
LIB-040,CEP_LIBRARY_EDITOR_FINAL_REQUIREMENT_PRESERVATION_CROSSWALK_v1.2.17_ACCEPTED.json + CEP_LIBRARY_EDITOR_EXECUTABLE_BLUEPRINT_v1.2.17_ACCEPTED_DESIGN_REFERENCE.html,LIB-040,script#requirement-reconciliation-ledger :: LIB-040 :: VALUE-001; PRESERVE-001,"Before review-ready, maintain a compact OLD BASELINE → CURRENT CANDIDATE ledger with PRESERVE / RECOVER / RESTRUCTURE / DROP_EXPLICITLY for LEFT, RIGHT, Notes, Bottom and editor/pane interaction value. Material old value cannot disappear without explicit disposition.",Value recovery evidence; Value preservation evidence,Review evidence,none,not product-facing,GOVERNANCE,LOCAL_WRITER_COPY same-lineage; Writer-B v1.1.5_PRE_COLAB_SOURCE_COMPLETE_CANDIDATE; sole baseline v1.1.4 preserved; no GitHub/governed-Drive mutation,writer_source_tree=e59c0378da507faa4cc5eebcf5996e194fbb1fb3; source_manifest_sha256=95be84b206fff97b95665b8192ce6f99f193f1299d79e4997ee719fe596f0008; baseline_v1.1.4_zip_sha256=5954e55db93411293cacb28b4082f54cf53fe8fc3950e9e56ad36cf97b82d636,CEP_LIBRARY_EDITOR_EXECUTABLE_BLUEPRINT_v1.2.17_ACCEPTED_DESIGN_REFERENCE.html; CEP_W01_W02_ASTRA1_DEEP_CORRECTION_AUDIT_v1.0.md,value recovery ledger; audit + requirement reconciliation,N/A,governance/evidence,evidence only,NONE_IDENTIFIED_IN_CURRENT_CONTROLLER_MAPPING,STATIC_PROVEN for owner/path/symbol statements listed; local source re-inspected after corrections; see static/test receipt.,SEMANTIC_PROVEN only where behavior was directly reasoned/executed in safe harness; otherwise PARTIAL/UNPROVEN as reflected by verdict/notes.,See CEP_W01_W02_STATIC_AND_RUNTIME_TEST_RECEIPT_v1.1.1.json; no unexecuted suite is promoted to TEST_PROVEN. Writer-B v1.1.5 anti-loss regression harness 11/11 PASS on baseline and 11/11 PASS on successor; PHP syntax 215/215 PASS. Full project Vitest/Vite/Laravel/PostgreSQL/browser suite remains environment-gated where applicable.,Selective safe-harness runtime only; Laravel/PostgreSQL framework runtime NOT_RUN.,NOT_RUN_REAL_AUTHENTICATED_BROWSER,NOT_RUN_CURRENT_CORRECTED_CANDIDATE_VISUAL_REFERENCE_GATE,STATIC_PROVEN_PARTIAL; browser responsive/200% proof NOT_RUN.,STATIC_PROVEN_PARTIAL; focus/AT/browser proof NOT_RUN.,STATIC_PROVEN_PARTIAL; mixed-caret/browser matrix NOT_RUN.,EXACT_CURRENT_OWNER_OR_GOVERNANCE_ROW,NOT_APPLICABLE_JUSTIFIED,P1,NOT_APPLICABLE_JUSTIFIED,NO_ADDITIONAL_NOTES,NOT_IN_CURRENT_67_ROW_IMPLEMENTATION_WAVE__CONTROLLER_DISPOSITION_PRESERVED,Preserved from Controller-adjudicated v1.1.2; no Writer promotion beyond evidence.,NOT_APPLICABLE__ROW_NOT_IN_67_ROW_IMPLEMENTATION_WAVE,v1.1.5_PRE_COLAB_SOURCE_COMPLETE_CANDIDATE,e59c0378da507faa4cc5eebcf5996e194fbb1fb3,95be84b206fff97b95665b8192ce6f99f193f1299d79e4997ee719fe596f0008
SH-001,CEP_LIBRARY_EDITOR_FINAL_REQUIREMENT_PRESERVATION_CROSSWALK_v1.2.17_ACCEPTED.json + CEP_LIBRARY_EDITOR_EXECUTABLE_BLUEPRINT_v1.2.17_ACCEPTED_DESIGN_REFERENCE.html,SH-001,script#requirement-reconciliation-ledger :: SH-001 :: PRESERVE-001; PANE-003; STR-001; CTX-001; CENTER-001; CENTER-002; BOTTOM-001; BANNER-001,Preserve CENTER dominance and one semantic home per region.,Value preservation evidence; Preferred/effective responsive panes; Library hierarchy representation; One Library context owner; Knowledge/Content center projection; Related Learning/Context projections; Bottom deep-work visibility; Library document identity/banner,Review evidence; WorkspaceLayoutCore + overlay refs; LibraryHierarchyProjector + route selection; selected/inspected block projection; LibraryWorkspace local projection; WorkspaceLayoutCore.bottomOpen; Library surface presentation,none; pane.toggle/reveal; tree navigation/search; context inspect actions; disclosure native details; layout.set bottomOpen; Library toolbar/banner actions,not product-facing; WorkspaceFrame; LibraryHierarchyTree + LibraryWorkspace LEFT; LibraryWorkspace #right via WorkspaceFrame; LibraryWorkspace content-section; WorkspaceFrame #bottom + Library deep work; LibraryWorkspace .document-banner,GOVERNANCE; SHARED_CORE; DOMAIN_ADAPTER,LOCAL_WRITER_COPY same-lineage; Writer-B v1.1.5_PRE_COLAB_SOURCE_COMPLETE_CANDIDATE; sole baseline v1.1.4 preserved; no GitHub/governed-Drive mutation,writer_source_tree=e59c0378da507faa4cc5eebcf5996e194fbb1fb3; source_manifest_sha256=95be84b206fff97b95665b8192ce6f99f193f1299d79e4997ee719fe596f0008; baseline_v1.1.4_zip_sha256=5954e55db93411293cacb28b4082f54cf53fe8fc3950e9e56ad36cf97b82d636,CEP_W01_W02_ASTRA1_DEEP_CORRECTION_AUDIT_v1.0.md; CEP_LIBRARY_EDITOR_EXECUTABLE_BLUEPRINT_v1.2.17_ACCEPTED_DESIGN_REFERENCE.html; resources/js/workbench/WorkspaceFrame.vue; resources/js/shared/WorkspaceLayoutCore.ts; resources/css/workbench.css; app/Modules/Knowledge/Application/Library/LibraryHierarchyProjector.php; resources/js/pages/KnowledgeLearning/components/library/LibraryHierarchyTree.vue; resources/js/workbench/LibraryWorkspace.vue,audit + requirement reconciliation; preferredLeftOpen/rightOpen; leftOverlay/rightOverlay; structure-overlay/context-overlay; LibraryHierarchyProjector.project; LibraryHierarchyTree; template #left; template #right; selected; inspectedBlockId; contextPanel; details.content-section Knowledge & content; details.content-section Related learning; Related context; bottomOpen; preferredBottomOpen; template #bottom; template .document-banner; workbench-heading,N/A,governance/evidence; W02 Library/Learn workbench,evidence only; bounded local candidate only,NONE_IDENTIFIED_IN_CURRENT_CONTROLLER_MAPPING,WRITER_v1.1.4_STATIC_PROVEN; exact mapped Production paths/symbol owners re-inspected; writer_source_tree=acd14514dddbd5e45aeb2fc25fed22560511d8ca; source_manifest_sha256=b5de82d4cb83534bab55de52cf7b2f64fec952e9b97062a294338ed21691edf5; changed-file scope audit=18/18 within Controller-mapped 67-row write scopes; full-matrix file-path existence audit=296/296.,WRITER_v1.1.4_SEMANTIC_REVIEW_EXECUTED against Controller-adjudicated owner graph; no alternate semantic/state/command/style/API owner introduced; Node semantic harness 34/34 PASS where applicable.,Strict TypeScript shared-core compile PASS; strict changed-SFC-script compile PASS; ProductionForgeCore.spec.ts source typecheck PASS; Node semantic harness 34/34 PASS; PHP syntax 211/211 PASS; public/workbench-bootstrap.js syntax PASS; full Vitest/Vite/vue-tsc/ESLint/Prettier suite NOT_RUN_TO_PASS because npm ci timed out and local Node/npm do not match declared engines. Writer-B v1.1.5 anti-loss regression harness 11/11 PASS on baseline and 11/11 PASS on successor; PHP syntax 215/215 PASS. Full project Vitest/Vite/Laravel/PostgreSQL/browser suite remains environment-gated where applicable.,SELECTIVE_NODE_SEMANTIC_RUNTIME_34_34_PASS_WHERE_APPLICABLE; FULL_VUE_LARAVEL_POSTGRESQL_RUNTIME_UNPROVEN,UNPROVEN_EXACT_ROUTE; system Chromium 144 headless smoke test timed out even on a minimal data URL; Playwright browser binary unavailable; no browser PASS promoted,UNPROVEN_POST_CHANGE_VISUAL; system Chromium harness and minimal smoke both timed out; no candidate-bound screenshot PASS promoted,STATIC_SOURCE_PROVEN; mapped wide/~1024/narrow policies inspected; real browser responsive/200% proof remains UNPROVEN,STATIC_SOURCE_PROVEN_PARTIAL; keyboard/focus owners and SFC scripts compile; real browser/assistive-technology proof remains UNPROVEN,STATIC_SOURCE_PROVEN_PARTIAL; logical properties/direction owners inspected; real mixed Arabic/LTR caret/selection browser matrix remains UNPROVEN,EXACT_CURRENT_OWNER_OR_GOVERNANCE_ROW,VISUAL_UNPROVEN,P0,VISUAL_UNPROVEN,WRITER_v1.1.4: mapped source implementation is present; source/responsive semantics are statically inspected; fresh post-change visual proof remains unavailable because the browser renderer is environment-blocked.,SOURCE_IMPLEMENTED_VISUAL_PROOF_OPEN,Writer-B post-zero-orphan bounded parity successor; source manifest ec9d022617f1a88c6f39ea175407a68d77fe5d2f65effb457f73755f0465f3e6; patch 95b109a121a44a72121ae659a7fe084995674dc31b9f2e315d8e2168c682a6ff; 31/31 semantic harness; strict TS core/SFC scripts PASS; PHP syntax 211/211; no GitHub/Drive mutation.,"Missing hierarchy context remains explicit unresolved technical fallback, not fabricated localized title.; Exact one-owner location exists; full lens host/tabs are incomplete.; Projection/navigation only; no canonical relationship mutation.; Persistent presentation owner separated from semantic preferences; browser inertness proof pending.; Exact current destination owner exists; EXPANDED/COMPACT/HIDDEN state is not implemented.",v1.1.5_PRE_COLAB_SOURCE_COMPLETE_CANDIDATE,e59c0378da507faa4cc5eebcf5996e194fbb1fb3,95be84b206fff97b95665b8192ce6f99f193f1299d79e4997ee719fe596f0008
SH-002,CEP_LIBRARY_EDITOR_FINAL_REQUIREMENT_PRESERVATION_CROSSWALK_v1.2.17_ACCEPTED.json + CEP_LIBRARY_EDITOR_EXECUTABLE_BLUEPRINT_v1.2.17_ACCEPTED_DESIGN_REFERENCE.html,SH-002,script#requirement-reconciliation-ledger :: SH-002 :: PROD-001,Extract minimum shared mechanics without merging surface business semantics.,Production integration boundary,canonical production services external to UI,authoritative save/notes/identity only when authorized,N/A,DOMAIN_BOUNDARY,LOCAL_WRITER_COPY same-lineage; Writer-B v1.1.5_PRE_COLAB_SOURCE_COMPLETE_CANDIDATE; sole baseline v1.1.4 preserved; no GitHub/governed-Drive mutation,writer_source_tree=e59c0378da507faa4cc5eebcf5996e194fbb1fb3; source_manifest_sha256=95be84b206fff97b95665b8192ce6f99f193f1299d79e4997ee719fe596f0008; baseline_v1.1.4_zip_sha256=5954e55db93411293cacb28b4082f54cf53fe8fc3950e9e56ad36cf97b82d636,app/Modules/Knowledge/Publication/LessonRevisionWorkflow.php; app/Http/Controllers/KnowledgeLearning/WorkbenchController.php,LessonRevisionWorkflow; WorkbenchController,Existing Library revision API; durable Notes/identity remap not authorized,W02 Library/Learn workbench,NO_WRITE_OUTSIDE_EXISTING_AUTHORIZED_SERVICE_CONTRACT,Do not invent durable Notes/schema/remap/OS topmost authority.,STATIC_PROVEN for owner/path/symbol statements listed; local source re-inspected after corrections; see static/test receipt.,SEMANTIC_PROVEN only where behavior was directly reasoned/executed in safe harness; otherwise PARTIAL/UNPROVEN as reflected by verdict/notes.,See CEP_W01_W02_STATIC_AND_RUNTIME_TEST_RECEIPT_v1.1.1.json; no unexecuted suite is promoted to TEST_PROVEN. Writer-B v1.1.5 anti-loss regression harness 11/11 PASS on baseline and 11/11 PASS on successor; PHP syntax 215/215 PASS. Full project Vitest/Vite/Laravel/PostgreSQL/browser suite remains environment-gated where applicable.,Selective safe-harness runtime only; Laravel/PostgreSQL framework runtime NOT_RUN.,NOT_RUN_REAL_AUTHENTICATED_BROWSER,NOT_RUN_CURRENT_CORRECTED_CANDIDATE_VISUAL_REFERENCE_GATE,STATIC_PROVEN_PARTIAL; browser responsive/200% proof NOT_RUN.,STATIC_PROVEN_PARTIAL; focus/AT/browser proof NOT_RUN.,STATIC_PROVEN_PARTIAL; mixed-caret/browser matrix NOT_RUN.,EXACT_BOUNDARY_GATED,AUTHORITY_GATED,P1,AUTHORITY_GATED,"Boundary is exact; absent providers remain explicitly authority/provider-gated, not guessed.",NOT_IN_CURRENT_67_ROW_IMPLEMENTATION_WAVE__CONTROLLER_DISPOSITION_PRESERVED,Preserved from Controller-adjudicated v1.1.2; no Writer promotion beyond evidence.,NOT_APPLICABLE__ROW_NOT_IN_67_ROW_IMPLEMENTATION_WAVE,v1.1.5_PRE_COLAB_SOURCE_COMPLETE_CANDIDATE,e59c0378da507faa4cc5eebcf5996e194fbb1fb3,95be84b206fff97b95665b8192ce6f99f193f1299d79e4997ee719fe596f0008
SH-003,CEP_LIBRARY_EDITOR_FINAL_REQUIREMENT_PRESERVATION_CROSSWALK_v1.2.17_ACCEPTED.json + CEP_LIBRARY_EDITOR_EXECUTABLE_BLUEPRINT_v1.2.17_ACCEPTED_DESIGN_REFERENCE.html,SH-003,script#requirement-reconciliation-ledger :: SH-003 :: CSS-001,Shared primitives render consistent metrics unless explicit surface override is documented.,Workbench presentation grammar,presentation only,N/A,workbench.css/app.css,SHARED_CORE,LOCAL_WRITER_COPY same-lineage; Writer-B v1.1.5_PRE_COLAB_SOURCE_COMPLETE_CANDIDATE; sole baseline v1.1.4 preserved; no GitHub/governed-Drive mutation,writer_source_tree=e59c0378da507faa4cc5eebcf5996e194fbb1fb3; source_manifest_sha256=95be84b206fff97b95665b8192ce6f99f193f1299d79e4997ee719fe596f0008; baseline_v1.1.4_zip_sha256=5954e55db93411293cacb28b4082f54cf53fe8fc3950e9e56ad36cf97b82d636,resources/css/workbench.css; resources/css/app.css,workbench layer; legacy-shell scope,N/A,W02 Library/Learn workbench,bounded local candidate only,NONE_IDENTIFIED_IN_CURRENT_CONTROLLER_MAPPING,WRITER_v1.1.4_STATIC_PROVEN; exact mapped Production paths/symbol owners re-inspected; writer_source_tree=acd14514dddbd5e45aeb2fc25fed22560511d8ca; source_manifest_sha256=b5de82d4cb83534bab55de52cf7b2f64fec952e9b97062a294338ed21691edf5; changed-file scope audit=18/18 within Controller-mapped 67-row write scopes; full-matrix file-path existence audit=296/296.,WRITER_v1.1.4_SEMANTIC_REVIEW_EXECUTED against Controller-adjudicated owner graph; no alternate semantic/state/command/style/API owner introduced; Node semantic harness 34/34 PASS where applicable.,Strict TypeScript shared-core compile PASS; strict changed-SFC-script compile PASS; ProductionForgeCore.spec.ts source typecheck PASS; Node semantic harness 34/34 PASS; PHP syntax 211/211 PASS; public/workbench-bootstrap.js syntax PASS; full Vitest/Vite/vue-tsc/ESLint/Prettier suite NOT_RUN_TO_PASS because npm ci timed out and local Node/npm do not match declared engines. Writer-B v1.1.5 anti-loss regression harness 11/11 PASS on baseline and 11/11 PASS on successor; PHP syntax 215/215 PASS. Full project Vitest/Vite/Laravel/PostgreSQL/browser suite remains environment-gated where applicable.,SELECTIVE_NODE_SEMANTIC_RUNTIME_34_34_PASS_WHERE_APPLICABLE; FULL_VUE_LARAVEL_POSTGRESQL_RUNTIME_UNPROVEN,UNPROVEN_EXACT_ROUTE; system Chromium 144 headless smoke test timed out even on a minimal data URL; Playwright browser binary unavailable; no browser PASS promoted,UNPROVEN_POST_CHANGE_VISUAL; system Chromium harness and minimal smoke both timed out; no candidate-bound screenshot PASS promoted,STATIC_SOURCE_PROVEN; mapped wide/~1024/narrow policies inspected; real browser responsive/200% proof remains UNPROVEN,STATIC_SOURCE_PROVEN_PARTIAL; keyboard/focus owners and SFC scripts compile; real browser/assistive-technology proof remains UNPROVEN,STATIC_SOURCE_PROVEN_PARTIAL; logical properties/direction owners inspected; real mixed Arabic/LTR caret/selection browser matrix remains UNPROVEN,EXACT_CURRENT_OWNER_OR_GOVERNANCE_ROW,VISUAL_UNPROVEN,P1,VISUAL_UNPROVEN,WRITER_v1.1.4: mapped source implementation is present; source/responsive semantics are statically inspected; fresh post-change visual proof remains unavailable because the browser renderer is environment-blocked.,SOURCE_IMPLEMENTED_VISUAL_PROOF_OPEN,Writer-B post-zero-orphan bounded parity successor; source manifest ec9d022617f1a88c6f39ea175407a68d77fe5d2f65effb457f73755f0465f3e6; patch 95b109a121a44a72121ae659a7fe084995674dc31b9f2e315d8e2168c682a6ff; 31/31 semantic harness; strict TS core/SFC scripts PASS; PHP syntax 211/211; no GitHub/Drive mutation.,NO_HISTORICAL_CONTROLLER_NOTES,v1.1.5_PRE_COLAB_SOURCE_COMPLETE_CANDIDATE,e59c0378da507faa4cc5eebcf5996e194fbb1fb3,95be84b206fff97b95665b8192ce6f99f193f1299d79e4997ee719fe596f0008
SH-004,CEP_LIBRARY_EDITOR_FINAL_REQUIREMENT_PRESERVATION_CROSSWALK_v1.2.17_ACCEPTED.json + CEP_LIBRARY_EDITOR_EXECUTABLE_BLUEPRINT_v1.2.17_ACCEPTED_DESIGN_REFERENCE.html,SH-004,script#requirement-reconciliation-ledger :: SH-004 :: PANE-001; PANE-002; PANE-003; PANE-004,Implement FIXED/RESIZABLE/COLLAPSED/OVERLAY/HIDDEN semantics with CENTER minimum and state preservation.,Pane geometry; Pane keyboard geometry; Preferred/effective responsive panes; Pane preference persistence,WorkspaceLayoutCore; WorkspaceLayoutCore + overlay refs,pane.resize; pane.resize keyboard; pane.toggle/reveal; layout.set/import/export,WorkspaceFrame; WorkspaceLayoutCore,SHARED_CORE,LOCAL_WRITER_COPY same-lineage; Writer-B v1.1.5_PRE_COLAB_SOURCE_COMPLETE_CANDIDATE; sole baseline v1.1.4 preserved; no GitHub/governed-Drive mutation,writer_source_tree=e59c0378da507faa4cc5eebcf5996e194fbb1fb3; source_manifest_sha256=95be84b206fff97b95665b8192ce6f99f193f1299d79e4997ee719fe596f0008; baseline_v1.1.4_zip_sha256=5954e55db93411293cacb28b4082f54cf53fe8fc3950e9e56ad36cf97b82d636,resources/js/workbench/WorkspaceFrame.vue; resources/js/shared/WorkspaceLayoutCore.ts; resources/css/workbench.css,drag; setWidth; WorkspaceLayoutCore; resizeByKeyboard; preferredLeftOpen/rightOpen; leftOverlay/rightOverlay; structure-overlay/context-overlay; WorkspaceLayoutCore.resolve/set/import/export,N/A,W02 Library/Learn workbench,bounded local candidate only,NONE_IDENTIFIED_IN_CURRENT_CONTROLLER_MAPPING,WRITER_v1.1.4_STATIC_PROVEN; exact mapped Production paths/symbol owners re-inspected; writer_source_tree=acd14514dddbd5e45aeb2fc25fed22560511d8ca; source_manifest_sha256=b5de82d4cb83534bab55de52cf7b2f64fec952e9b97062a294338ed21691edf5; changed-file scope audit=18/18 within Controller-mapped 67-row write scopes; full-matrix file-path existence audit=296/296.,WRITER_v1.1.4_SEMANTIC_REVIEW_EXECUTED against Controller-adjudicated owner graph; no alternate semantic/state/command/style/API owner introduced; Node semantic harness 34/34 PASS where applicable.,Strict TypeScript shared-core compile PASS; strict changed-SFC-script compile PASS; ProductionForgeCore.spec.ts source typecheck PASS; Node semantic harness 34/34 PASS; PHP syntax 211/211 PASS; public/workbench-bootstrap.js syntax PASS; full Vitest/Vite/vue-tsc/ESLint/Prettier suite NOT_RUN_TO_PASS because npm ci timed out and local Node/npm do not match declared engines. Writer-B v1.1.5 anti-loss regression harness 11/11 PASS on baseline and 11/11 PASS on successor; PHP syntax 215/215 PASS. Full project Vitest/Vite/Laravel/PostgreSQL/browser suite remains environment-gated where applicable.,SELECTIVE_NODE_SEMANTIC_RUNTIME_34_34_PASS_WHERE_APPLICABLE; FULL_VUE_LARAVEL_POSTGRESQL_RUNTIME_UNPROVEN,UNPROVEN_EXACT_ROUTE; system Chromium 144 headless smoke test timed out even on a minimal data URL; Playwright browser binary unavailable; no browser PASS promoted,UNPROVEN_POST_CHANGE_VISUAL; system Chromium harness and minimal smoke both timed out; no candidate-bound screenshot PASS promoted,STATIC_SOURCE_PROVEN; mapped wide/~1024/narrow policies inspected; real browser responsive/200% proof remains UNPROVEN,STATIC_SOURCE_PROVEN_PARTIAL; keyboard/focus owners and SFC scripts compile; real browser/assistive-technology proof remains UNPROVEN,STATIC_SOURCE_PROVEN_PARTIAL; logical properties/direction owners inspected; real mixed Arabic/LTR caret/selection browser matrix remains UNPROVEN,EXACT_CURRENT_OWNER_OR_GOVERNANCE_ROW,RUNTIME_UNPROVEN,P0,RUNTIME_UNPROVEN,WRITER_v1.1.4: mapped source implementation is present and static/semantic checks pass; required framework or real-browser runtime evidence remains open and is not promoted.,SOURCE_IMPLEMENTED_RUNTIME_PROOF_OPEN,Writer-B post-zero-orphan bounded parity successor; source manifest ec9d022617f1a88c6f39ea175407a68d77fe5d2f65effb457f73755f0465f3e6; patch 95b109a121a44a72121ae659a7fe084995674dc31b9f2e315d8e2168c682a6ff; 31/31 semantic harness; strict TS core/SFC scripts PASS; PHP syntax 211/211; no GitHub/Drive mutation.,NO_HISTORICAL_CONTROLLER_NOTES,v1.1.5_PRE_COLAB_SOURCE_COMPLETE_CANDIDATE,e59c0378da507faa4cc5eebcf5996e194fbb1fb3,95be84b206fff97b95665b8192ce6f99f193f1299d79e4997ee719fe596f0008
SH-005,CEP_LIBRARY_EDITOR_FINAL_REQUIREMENT_PRESERVATION_CROSSWALK_v1.2.17_ACCEPTED.json + CEP_LIBRARY_EDITOR_EXECUTABLE_BLUEPRINT_v1.2.17_ACCEPTED_DESIGN_REFERENCE.html,SH-005,script#requirement-reconciliation-ledger :: SH-005 :: PANE-003; A11Y-001,Closed pane descendants are inert/unfocusable; reopen restores same content; close returns focus.,Preferred/effective responsive panes; Accessibility interaction,WorkspaceLayoutCore + overlay refs; DOM focus + transient UI,pane.toggle/reveal; focus/skip/modal/menu commands,WorkspaceFrame; Workbench/WorkspaceFrame/workbench.css,SHARED_CORE,LOCAL_WRITER_COPY same-lineage; Writer-B v1.1.5_PRE_COLAB_SOURCE_COMPLETE_CANDIDATE; sole baseline v1.1.4 preserved; no GitHub/governed-Drive mutation,writer_source_tree=e59c0378da507faa4cc5eebcf5996e194fbb1fb3; source_manifest_sha256=95be84b206fff97b95665b8192ce6f99f193f1299d79e4997ee719fe596f0008; baseline_v1.1.4_zip_sha256=5954e55db93411293cacb28b4082f54cf53fe8fc3950e9e56ad36cf97b82d636,resources/js/workbench/WorkspaceFrame.vue; resources/js/shared/WorkspaceLayoutCore.ts; resources/css/workbench.css; resources/js/workbench/Workbench.vue,preferredLeftOpen/rightOpen; leftOverlay/rightOverlay; structure-overlay/context-overlay; keydown; focusWorkspace; trap; closeOverlay; .skip-link,N/A,W02 Library/Learn workbench,bounded local candidate only,NONE_IDENTIFIED_IN_CURRENT_CONTROLLER_MAPPING,WRITER_v1.1.4_STATIC_PROVEN; exact mapped Production paths/symbol owners re-inspected; writer_source_tree=acd14514dddbd5e45aeb2fc25fed22560511d8ca; source_manifest_sha256=b5de82d4cb83534bab55de52cf7b2f64fec952e9b97062a294338ed21691edf5; changed-file scope audit=18/18 within Controller-mapped 67-row write scopes; full-matrix file-path existence audit=296/296.,WRITER_v1.1.4_SEMANTIC_REVIEW_EXECUTED against Controller-adjudicated owner graph; no alternate semantic/state/command/style/API owner introduced; Node semantic harness 34/34 PASS where applicable.,Strict TypeScript shared-core compile PASS; strict changed-SFC-script compile PASS; ProductionForgeCore.spec.ts source typecheck PASS; Node semantic harness 34/34 PASS; PHP syntax 211/211 PASS; public/workbench-bootstrap.js syntax PASS; full Vitest/Vite/vue-tsc/ESLint/Prettier suite NOT_RUN_TO_PASS because npm ci timed out and local Node/npm do not match declared engines. Writer-B v1.1.5 anti-loss regression harness 11/11 PASS on baseline and 11/11 PASS on successor; PHP syntax 215/215 PASS. Full project Vitest/Vite/Laravel/PostgreSQL/browser suite remains environment-gated where applicable.,SELECTIVE_NODE_SEMANTIC_RUNTIME_34_34_PASS_WHERE_APPLICABLE; FULL_VUE_LARAVEL_POSTGRESQL_RUNTIME_UNPROVEN,UNPROVEN_EXACT_ROUTE; system Chromium 144 headless smoke test timed out even on a minimal data URL; Playwright browser binary unavailable; no browser PASS promoted,UNPROVEN_POST_CHANGE_VISUAL; system Chromium harness and minimal smoke both timed out; no candidate-bound screenshot PASS promoted,STATIC_SOURCE_PROVEN; mapped wide/~1024/narrow policies inspected; real browser responsive/200% proof remains UNPROVEN,STATIC_SOURCE_PROVEN_PARTIAL; keyboard/focus owners and SFC scripts compile; real browser/assistive-technology proof remains UNPROVEN,STATIC_SOURCE_PROVEN_PARTIAL; logical properties/direction owners inspected; real mixed Arabic/LTR caret/selection browser matrix remains UNPROVEN,EXACT_CURRENT_OWNER_OR_GOVERNANCE_ROW,RUNTIME_UNPROVEN,P0,RUNTIME_UNPROVEN,WRITER_v1.1.4: mapped source implementation is present and static/semantic checks pass; required framework or real-browser runtime evidence remains open and is not promoted.,SOURCE_IMPLEMENTED_RUNTIME_PROOF_OPEN,Writer-B post-zero-orphan bounded parity successor; source manifest ec9d022617f1a88c6f39ea175407a68d77fe5d2f65effb457f73755f0465f3e6; patch 95b109a121a44a72121ae659a7fe084995674dc31b9f2e315d8e2168c682a6ff; 31/31 semantic harness; strict TS core/SFC scripts PASS; PHP syntax 211/211; no GitHub/Drive mutation.,Static owner exact; browser/focus runtime remains C026.,v1.1.5_PRE_COLAB_SOURCE_COMPLETE_CANDIDATE,e59c0378da507faa4cc5eebcf5996e194fbb1fb3,95be84b206fff97b95665b8192ce6f99f193f1299d79e4997ee719fe596f0008
SH-006,CEP_LIBRARY_EDITOR_FINAL_REQUIREMENT_PRESERVATION_CROSSWALK_v1.2.17_ACCEPTED.json + CEP_LIBRARY_EDITOR_EXECUTABLE_BLUEPRINT_v1.2.17_ACCEPTED_DESIGN_REFERENCE.html,SH-006,script#requirement-reconciliation-ledger :: SH-006 :: BOTTOM-001; A11Y-001,Closed state compact only; open explicit; hidden descendants unreachable; close returns focus.,Bottom deep-work visibility; Accessibility interaction,WorkspaceLayoutCore.bottomOpen; DOM focus + transient UI,layout.set bottomOpen; focus/skip/modal/menu commands,WorkspaceFrame #bottom + Library deep work; Workbench/WorkspaceFrame/workbench.css,SHARED_CORE,LOCAL_WRITER_COPY same-lineage; Writer-B v1.1.5_PRE_COLAB_SOURCE_COMPLETE_CANDIDATE; sole baseline v1.1.4 preserved; no GitHub/governed-Drive mutation,writer_source_tree=e59c0378da507faa4cc5eebcf5996e194fbb1fb3; source_manifest_sha256=95be84b206fff97b95665b8192ce6f99f193f1299d79e4997ee719fe596f0008; baseline_v1.1.4_zip_sha256=5954e55db93411293cacb28b4082f54cf53fe8fc3950e9e56ad36cf97b82d636,resources/js/shared/WorkspaceLayoutCore.ts; resources/js/workbench/WorkspaceFrame.vue; resources/js/workbench/LibraryWorkspace.vue; resources/js/workbench/Workbench.vue; resources/css/workbench.css,bottomOpen; preferredBottomOpen; template #bottom; keydown; focusWorkspace; trap; closeOverlay; .skip-link,N/A,W02 Library/Learn workbench,bounded local candidate only,NONE_IDENTIFIED_IN_CURRENT_CONTROLLER_MAPPING,WRITER_v1.1.4_STATIC_PROVEN; exact mapped Production paths/symbol owners re-inspected; writer_source_tree=acd14514dddbd5e45aeb2fc25fed22560511d8ca; source_manifest_sha256=b5de82d4cb83534bab55de52cf7b2f64fec952e9b97062a294338ed21691edf5; changed-file scope audit=18/18 within Controller-mapped 67-row write scopes; full-matrix file-path existence audit=296/296.,WRITER_v1.1.4_SEMANTIC_REVIEW_EXECUTED against Controller-adjudicated owner graph; no alternate semantic/state/command/style/API owner introduced; Node semantic harness 34/34 PASS where applicable.,Strict TypeScript shared-core compile PASS; strict changed-SFC-script compile PASS; ProductionForgeCore.spec.ts source typecheck PASS; Node semantic harness 34/34 PASS; PHP syntax 211/211 PASS; public/workbench-bootstrap.js syntax PASS; full Vitest/Vite/vue-tsc/ESLint/Prettier suite NOT_RUN_TO_PASS because npm ci timed out and local Node/npm do not match declared engines. Writer-B v1.1.5 anti-loss regression harness 11/11 PASS on baseline and 11/11 PASS on successor; PHP syntax 215/215 PASS. Full project Vitest/Vite/Laravel/PostgreSQL/browser suite remains environment-gated where applicable.,SELECTIVE_NODE_SEMANTIC_RUNTIME_34_34_PASS_WHERE_APPLICABLE; FULL_VUE_LARAVEL_POSTGRESQL_RUNTIME_UNPROVEN,UNPROVEN_EXACT_ROUTE; system Chromium 144 headless smoke test timed out even on a minimal data URL; Playwright browser binary unavailable; no browser PASS promoted,UNPROVEN_POST_CHANGE_VISUAL; system Chromium harness and minimal smoke both timed out; no candidate-bound screenshot PASS promoted,STATIC_SOURCE_PROVEN; mapped wide/~1024/narrow policies inspected; real browser responsive/200% proof remains UNPROVEN,STATIC_SOURCE_PROVEN_PARTIAL; keyboard/focus owners and SFC scripts compile; real browser/assistive-technology proof remains UNPROVEN,STATIC_SOURCE_PROVEN_PARTIAL; logical properties/direction owners inspected; real mixed Arabic/LTR caret/selection browser matrix remains UNPROVEN,EXACT_CURRENT_OWNER_OR_GOVERNANCE_ROW,RUNTIME_UNPROVEN,P1,RUNTIME_UNPROVEN,WRITER_v1.1.4: mapped source implementation is present and static/semantic checks pass; required framework or real-browser runtime evidence remains open and is not promoted.,SOURCE_IMPLEMENTED_RUNTIME_PROOF_OPEN,Writer-B post-zero-orphan bounded parity successor; source manifest ec9d022617f1a88c6f39ea175407a68d77fe5d2f65effb457f73755f0465f3e6; patch 95b109a121a44a72121ae659a7fe084995674dc31b9f2e315d8e2168c682a6ff; 31/31 semantic harness; strict TS core/SFC scripts PASS; PHP syntax 211/211; no GitHub/Drive mutation.,Persistent presentation owner separated from semantic preferences; browser inertness proof pending.; Static owner exact; browser/focus runtime remains C026.,v1.1.5_PRE_COLAB_SOURCE_COMPLETE_CANDIDATE,e59c0378da507faa4cc5eebcf5996e194fbb1fb3,95be84b206fff97b95665b8192ce6f99f193f1299d79e4997ee719fe596f0008
SH-007,CEP_LIBRARY_EDITOR_FINAL_REQUIREMENT_PRESERVATION_CROSSWALK_v1.2.17_ACCEPTED.json + CEP_LIBRARY_EDITOR_EXECUTABLE_BLUEPRINT_v1.2.17_ACCEPTED_DESIGN_REFERENCE.html,SH-007,script#requirement-reconciliation-ledger :: SH-007 :: ACTION-001; MENU-001,One semantic command owner per action; pointer/keyboard/palette/context outcomes equivalent.,Semantic command availability; Block command surface,command registry + editor selection; StructuredEditor transient target + selection,SemanticCommandCore + StructuredEditor.run; block.* via StructuredDocument,Workbench/StructuredEditor; StructuredEditor contextmenu surface,SHARED_CORE; DOMAIN_ADAPTER,LOCAL_WRITER_COPY same-lineage; Writer-B v1.1.5_PRE_COLAB_SOURCE_COMPLETE_CANDIDATE; sole baseline v1.1.4 preserved; no GitHub/governed-Drive mutation,writer_source_tree=e59c0378da507faa4cc5eebcf5996e194fbb1fb3; source_manifest_sha256=95be84b206fff97b95665b8192ce6f99f193f1299d79e4997ee719fe596f0008; baseline_v1.1.4_zip_sha256=5954e55db93411293cacb28b4082f54cf53fe8fc3950e9e56ad36cf97b82d636,resources/js/shared/SemanticCommandCore.ts; resources/js/workbench/StructuredEditor.vue; resources/js/shared/StructuredContentCore.ts,SemanticCommandCore; run; active; @contextmenu; document.select; StructuredDocument methods,N/A,W02 Library/Learn workbench,bounded local candidate only,NONE_IDENTIFIED_IN_CURRENT_CONTROLLER_MAPPING,WRITER_v1.1.4_STATIC_PROVEN; exact mapped Production paths/symbol owners re-inspected; writer_source_tree=acd14514dddbd5e45aeb2fc25fed22560511d8ca; source_manifest_sha256=b5de82d4cb83534bab55de52cf7b2f64fec952e9b97062a294338ed21691edf5; changed-file scope audit=18/18 within Controller-mapped 67-row write scopes; full-matrix file-path existence audit=296/296.,WRITER_v1.1.4_SEMANTIC_REVIEW_EXECUTED against Controller-adjudicated owner graph; no alternate semantic/state/command/style/API owner introduced; Node semantic harness 34/34 PASS where applicable.,Strict TypeScript shared-core compile PASS; strict changed-SFC-script compile PASS; ProductionForgeCore.spec.ts source typecheck PASS; Node semantic harness 34/34 PASS; PHP syntax 211/211 PASS; public/workbench-bootstrap.js syntax PASS; full Vitest/Vite/vue-tsc/ESLint/Prettier suite NOT_RUN_TO_PASS because npm ci timed out and local Node/npm do not match declared engines. Writer-B v1.1.5 anti-loss regression harness 11/11 PASS on baseline and 11/11 PASS on successor; PHP syntax 215/215 PASS. Full project Vitest/Vite/Laravel/PostgreSQL/browser suite remains environment-gated where applicable.,SELECTIVE_NODE_SEMANTIC_RUNTIME_34_34_PASS_WHERE_APPLICABLE; FULL_VUE_LARAVEL_POSTGRESQL_RUNTIME_UNPROVEN,UNPROVEN_EXACT_ROUTE; system Chromium 144 headless smoke test timed out even on a minimal data URL; Playwright browser binary unavailable; no browser PASS promoted,UNPROVEN_POST_CHANGE_VISUAL; system Chromium harness and minimal smoke both timed out; no candidate-bound screenshot PASS promoted,STATIC_SOURCE_PROVEN; mapped wide/~1024/narrow policies inspected; real browser responsive/200% proof remains UNPROVEN,STATIC_SOURCE_PROVEN_PARTIAL; keyboard/focus owners and SFC scripts compile; real browser/assistive-technology proof remains UNPROVEN,STATIC_SOURCE_PROVEN_PARTIAL; logical properties/direction owners inspected; real mixed Arabic/LTR caret/selection browser matrix remains UNPROVEN,EXACT_CURRENT_OWNER_OR_GOVERNANCE_ROW,TRANSFERRED_WITH_PRODUCTION_ADAPTATION,P1,TRANSFERRED_WITH_PRODUCTION_ADAPTATION,WRITER_v1.1.4: mapped capability source implementation is present under the exact Controller owner graph; available static/semantic tests pass; no broader runtime/browser claim is implied.,SOURCE_IMPLEMENTED_AVAILABLE_ASSURANCE_PASS,Writer-B post-zero-orphan bounded parity successor; source manifest ec9d022617f1a88c6f39ea175407a68d77fe5d2f65effb457f73755f0465f3e6; patch 95b109a121a44a72121ae659a7fe084995674dc31b9f2e315d8e2168c682a6ff; 31/31 semantic harness; strict TS core/SFC scripts PASS; PHP syntax 211/211; no GitHub/Drive mutation.,Shell registry exists; editor action surfaces are not yet fully converged.; True grouped BlockContextMenu UI is missing; current semantic destination owner is exact.,v1.1.5_PRE_COLAB_SOURCE_COMPLETE_CANDIDATE,e59c0378da507faa4cc5eebcf5996e194fbb1fb3,95be84b206fff97b95665b8192ce6f99f193f1299d79e4997ee719fe596f0008
SH-008,CEP_LIBRARY_EDITOR_FINAL_REQUIREMENT_PRESERVATION_CROSSWALK_v1.2.17_ACCEPTED.json + CEP_LIBRARY_EDITOR_EXECUTABLE_BLUEPRINT_v1.2.17_ACCEPTED_DESIGN_REFERENCE.html,SH-008,script#requirement-reconciliation-ledger :: SH-008 :: A11Y-001; MENU-001,Shared transient-layer lifecycle; modality correct; Escape LIFO; deterministic invoker return.,Accessibility interaction; Block command surface,DOM focus + transient UI; StructuredEditor transient target + selection,focus/skip/modal/menu commands; block.* via StructuredDocument,Workbench/WorkspaceFrame/workbench.css; StructuredEditor contextmenu surface,SHARED_CORE; DOMAIN_ADAPTER,LOCAL_WRITER_COPY same-lineage; Writer-B v1.1.5_PRE_COLAB_SOURCE_COMPLETE_CANDIDATE; sole baseline v1.1.4 preserved; no GitHub/governed-Drive mutation,writer_source_tree=e59c0378da507faa4cc5eebcf5996e194fbb1fb3; source_manifest_sha256=95be84b206fff97b95665b8192ce6f99f193f1299d79e4997ee719fe596f0008; baseline_v1.1.4_zip_sha256=5954e55db93411293cacb28b4082f54cf53fe8fc3950e9e56ad36cf97b82d636,resources/js/workbench/Workbench.vue; resources/js/workbench/WorkspaceFrame.vue; resources/css/workbench.css; resources/js/workbench/StructuredEditor.vue; resources/js/shared/StructuredContentCore.ts,keydown; focusWorkspace; trap; closeOverlay; .skip-link; @contextmenu; document.select; run; StructuredDocument methods,N/A,W02 Library/Learn workbench,bounded local candidate only,NONE_IDENTIFIED_IN_CURRENT_CONTROLLER_MAPPING,WRITER_v1.1.4_STATIC_PROVEN; exact mapped Production paths/symbol owners re-inspected; writer_source_tree=acd14514dddbd5e45aeb2fc25fed22560511d8ca; source_manifest_sha256=b5de82d4cb83534bab55de52cf7b2f64fec952e9b97062a294338ed21691edf5; changed-file scope audit=18/18 within Controller-mapped 67-row write scopes; full-matrix file-path existence audit=296/296.,WRITER_v1.1.4_SEMANTIC_REVIEW_EXECUTED against Controller-adjudicated owner graph; no alternate semantic/state/command/style/API owner introduced; Node semantic harness 34/34 PASS where applicable.,Strict TypeScript shared-core compile PASS; strict changed-SFC-script compile PASS; ProductionForgeCore.spec.ts source typecheck PASS; Node semantic harness 34/34 PASS; PHP syntax 211/211 PASS; public/workbench-bootstrap.js syntax PASS; full Vitest/Vite/vue-tsc/ESLint/Prettier suite NOT_RUN_TO_PASS because npm ci timed out and local Node/npm do not match declared engines. Writer-B v1.1.5 anti-loss regression harness 11/11 PASS on baseline and 11/11 PASS on successor; PHP syntax 215/215 PASS. Full project Vitest/Vite/Laravel/PostgreSQL/browser suite remains environment-gated where applicable.,SELECTIVE_NODE_SEMANTIC_RUNTIME_34_34_PASS_WHERE_APPLICABLE; FULL_VUE_LARAVEL_POSTGRESQL_RUNTIME_UNPROVEN,UNPROVEN_EXACT_ROUTE; system Chromium 144 headless smoke test timed out even on a minimal data URL; Playwright browser binary unavailable; no browser PASS promoted,UNPROVEN_POST_CHANGE_VISUAL; system Chromium harness and minimal smoke both timed out; no candidate-bound screenshot PASS promoted,STATIC_SOURCE_PROVEN; mapped wide/~1024/narrow policies inspected; real browser responsive/200% proof remains UNPROVEN,STATIC_SOURCE_PROVEN_PARTIAL; keyboard/focus owners and SFC scripts compile; real browser/assistive-technology proof remains UNPROVEN,STATIC_SOURCE_PROVEN_PARTIAL; logical properties/direction owners inspected; real mixed Arabic/LTR caret/selection browser matrix remains UNPROVEN,EXACT_CURRENT_OWNER_OR_GOVERNANCE_ROW,RUNTIME_UNPROVEN,P1,RUNTIME_UNPROVEN,WRITER_v1.1.4: mapped source implementation is present and static/semantic checks pass; required framework or real-browser runtime evidence remains open and is not promoted.,SOURCE_IMPLEMENTED_RUNTIME_PROOF_OPEN,Writer-B post-zero-orphan bounded parity successor; source manifest ec9d022617f1a88c6f39ea175407a68d77fe5d2f65effb457f73755f0465f3e6; patch 95b109a121a44a72121ae659a7fe084995674dc31b9f2e315d8e2168c682a6ff; 31/31 semantic harness; strict TS core/SFC scripts PASS; PHP syntax 211/211; no GitHub/Drive mutation.,Static owner exact; browser/focus runtime remains C026.; True grouped BlockContextMenu UI is missing; current semantic destination owner is exact.,v1.1.5_PRE_COLAB_SOURCE_COMPLETE_CANDIDATE,e59c0378da507faa4cc5eebcf5996e194fbb1fb3,95be84b206fff97b95665b8192ce6f99f193f1299d79e4997ee719fe596f0008
SH-009,CEP_LIBRARY_EDITOR_FINAL_REQUIREMENT_PRESERVATION_CROSSWALK_v1.2.17_ACCEPTED.json + CEP_LIBRARY_EDITOR_EXECUTABLE_BLUEPRINT_v1.2.17_ACCEPTED_DESIGN_REFERENCE.html,SH-009,script#requirement-reconciliation-ledger :: SH-009 :: PROD-001,Server-authoritative canonical IDs; temporary IDs atomically remap without stale references/history/selection.,Production integration boundary,canonical production services external to UI,authoritative save/notes/identity only when authorized,N/A,DOMAIN_BOUNDARY,LOCAL_WRITER_COPY same-lineage; Writer-B v1.1.5_PRE_COLAB_SOURCE_COMPLETE_CANDIDATE; sole baseline v1.1.4 preserved; no GitHub/governed-Drive mutation,writer_source_tree=e59c0378da507faa4cc5eebcf5996e194fbb1fb3; source_manifest_sha256=95be84b206fff97b95665b8192ce6f99f193f1299d79e4997ee719fe596f0008; baseline_v1.1.4_zip_sha256=5954e55db93411293cacb28b4082f54cf53fe8fc3950e9e56ad36cf97b82d636,app/Modules/Knowledge/Publication/LessonRevisionWorkflow.php; app/Http/Controllers/KnowledgeLearning/WorkbenchController.php,LessonRevisionWorkflow; WorkbenchController,Existing Library revision API; durable Notes/identity remap not authorized,W02 Library/Learn workbench,NO_WRITE_OUTSIDE_EXISTING_AUTHORIZED_SERVICE_CONTRACT,Do not invent durable Notes/schema/remap/OS topmost authority.,STATIC_PROVEN for owner/path/symbol statements listed; local source re-inspected after corrections; see static/test receipt.,SEMANTIC_PROVEN only where behavior was directly reasoned/executed in safe harness; otherwise PARTIAL/UNPROVEN as reflected by verdict/notes.,See CEP_W01_W02_STATIC_AND_RUNTIME_TEST_RECEIPT_v1.1.1.json; no unexecuted suite is promoted to TEST_PROVEN. Writer-B v1.1.5 anti-loss regression harness 11/11 PASS on baseline and 11/11 PASS on successor; PHP syntax 215/215 PASS. Full project Vitest/Vite/Laravel/PostgreSQL/browser suite remains environment-gated where applicable.,Selective safe-harness runtime only; Laravel/PostgreSQL framework runtime NOT_RUN.,NOT_RUN_REAL_AUTHENTICATED_BROWSER,NOT_RUN_CURRENT_CORRECTED_CANDIDATE_VISUAL_REFERENCE_GATE,STATIC_PROVEN_PARTIAL; browser responsive/200% proof NOT_RUN.,STATIC_PROVEN_PARTIAL; focus/AT/browser proof NOT_RUN.,STATIC_PROVEN_PARTIAL; mixed-caret/browser matrix NOT_RUN.,EXACT_BOUNDARY_GATED,AUTHORITY_GATED,P0,AUTHORITY_GATED,"Boundary is exact; absent providers remain explicitly authority/provider-gated, not guessed.",NOT_IN_CURRENT_67_ROW_IMPLEMENTATION_WAVE__CONTROLLER_DISPOSITION_PRESERVED,Preserved from Controller-adjudicated v1.1.2; no Writer promotion beyond evidence.,NOT_APPLICABLE__ROW_NOT_IN_67_ROW_IMPLEMENTATION_WAVE,v1.1.5_PRE_COLAB_SOURCE_COMPLETE_CANDIDATE,e59c0378da507faa4cc5eebcf5996e194fbb1fb3,95be84b206fff97b95665b8192ce6f99f193f1299d79e4997ee719fe596f0008
SH-010,CEP_LIBRARY_EDITOR_FINAL_REQUIREMENT_PRESERVATION_CROSSWALK_v1.2.17_ACCEPTED.json + CEP_LIBRARY_EDITOR_EXECUTABLE_BLUEPRINT_v1.2.17_ACCEPTED_DESIGN_REFERENCE.html,SH-010,script#requirement-reconciliation-ledger :: SH-010 :: SAVE-001; SAVE-002; PROD-001,"Revision-token save, draft/recovery, ambiguous-result reconciliation, stale conflict and readback in production.",Canonical draft save boundary; Local Recovery boundary; Production integration boundary,Library dirty/saving/conflict + revision lock; Library recovery state keyed by revision; canonical production services external to UI,document.save; recovery.restore; authoritative save/notes/identity only when authorized,LibraryWorkspace + LessonRevisionWorkflow; LibraryWorkspace; N/A,DOMAIN_ADAPTER; DOMAIN_BOUNDARY,LOCAL_WRITER_COPY same-lineage; Writer-B v1.1.5_PRE_COLAB_SOURCE_COMPLETE_CANDIDATE; sole baseline v1.1.4 preserved; no GitHub/governed-Drive mutation,writer_source_tree=e59c0378da507faa4cc5eebcf5996e194fbb1fb3; source_manifest_sha256=95be84b206fff97b95665b8192ce6f99f193f1299d79e4997ee719fe596f0008; baseline_v1.1.4_zip_sha256=5954e55db93411293cacb28b4082f54cf53fe8fc3950e9e56ad36cf97b82d636,resources/js/workbench/LibraryWorkspace.vue; app/Modules/Knowledge/Publication/LessonRevisionWorkflow.php; app/Http/Controllers/KnowledgeLearning/WorkbenchController.php,save; lock_version; updateDraft; recoveryKey; changed; restoreRecovery; LessonRevisionWorkflow; WorkbenchController,PATCH /api/cep/v1/library/revisions/{revision}; localStorage recovery only; Existing Library revision API; durable Notes/identity remap not authorized,W02 Library/Learn workbench,bounded local candidate only; NO_WRITE_OUTSIDE_EXISTING_AUTHORIZED_SERVICE_CONTRACT,Recovery != canonical save/autosave; no durable recovery claim.; Do not invent durable Notes/schema/remap/OS topmost authority.,STATIC_PROVEN for owner/path/symbol statements listed; local source re-inspected after corrections; see static/test receipt.,SEMANTIC_PROVEN only where behavior was directly reasoned/executed in safe harness; otherwise PARTIAL/UNPROVEN as reflected by verdict/notes.,See CEP_W01_W02_STATIC_AND_RUNTIME_TEST_RECEIPT_v1.1.1.json; no unexecuted suite is promoted to TEST_PROVEN. Writer-B v1.1.5 anti-loss regression harness 11/11 PASS on baseline and 11/11 PASS on successor; PHP syntax 215/215 PASS. Full project Vitest/Vite/Laravel/PostgreSQL/browser suite remains environment-gated where applicable.,Selective safe-harness runtime only; Laravel/PostgreSQL framework runtime NOT_RUN.,NOT_RUN_REAL_AUTHENTICATED_BROWSER,NOT_RUN_CURRENT_CORRECTED_CANDIDATE_VISUAL_REFERENCE_GATE,STATIC_PROVEN_PARTIAL; browser responsive/200% proof NOT_RUN.,STATIC_PROVEN_PARTIAL; focus/AT/browser proof NOT_RUN.,STATIC_PROVEN_PARTIAL; mixed-caret/browser matrix NOT_RUN.,EXACT_BOUNDARY_GATED,AUTHORITY_GATED,P0,AUTHORITY_GATED,"Autosave preference/scheduler absent, but canonical save/conflict destination is exact.; Boundary is exact; absent providers remain explicitly authority/provider-gated, not guessed.",NOT_IN_CURRENT_67_ROW_IMPLEMENTATION_WAVE__CONTROLLER_DISPOSITION_PRESERVED,Preserved from Controller-adjudicated v1.1.2; no Writer promotion beyond evidence.,NOT_APPLICABLE__ROW_NOT_IN_67_ROW_IMPLEMENTATION_WAVE,v1.1.5_PRE_COLAB_SOURCE_COMPLETE_CANDIDATE,e59c0378da507faa4cc5eebcf5996e194fbb1fb3,95be84b206fff97b95665b8192ce6f99f193f1299d79e4997ee719fe596f0008
SH-011,CEP_LIBRARY_EDITOR_FINAL_REQUIREMENT_PRESERVATION_CROSSWALK_v1.2.17_ACCEPTED.json + CEP_LIBRARY_EDITOR_EXECUTABLE_BLUEPRINT_v1.2.17_ACCEPTED_DESIGN_REFERENCE.html,SH-011,script#requirement-reconciliation-ledger :: SH-011 :: BIDI-001; BIDI-002,"Arabic RTL/auto, technical atoms LTR-isolated; semantic graph direction/coordinates not locale-mirrored.",Chrome/block direction; Block direction/alignment,GlobalPreferenceCore + block metadata; block metadata + global preference,preference.set / block metadata; StructuredDocument.metadata,Workbench + StructuredEditor + CSS; StructuredEditor + Library Context controls,SHARED_CORE,LOCAL_WRITER_COPY same-lineage; Writer-B v1.1.5_PRE_COLAB_SOURCE_COMPLETE_CANDIDATE; sole baseline v1.1.4 preserved; no GitHub/governed-Drive mutation,writer_source_tree=e59c0378da507faa4cc5eebcf5996e194fbb1fb3; source_manifest_sha256=95be84b206fff97b95665b8192ce6f99f193f1299d79e4997ee719fe596f0008; baseline_v1.1.4_zip_sha256=5954e55db93411293cacb28b4082f54cf53fe8fc3950e9e56ad36cf97b82d636,resources/js/shared/GlobalPreferenceCore.ts; resources/js/shared/StructuredContentCore.ts; resources/js/workbench/StructuredEditor.vue; resources/css/workbench.css; resources/js/workbench/LibraryWorkspace.vue,chromeDirection; StructuredDocument.metadata; textarea :dir; selected.dir/align controls,N/A,W02 Library/Learn workbench,bounded local candidate only,NONE_IDENTIFIED_IN_CURRENT_CONTROLLER_MAPPING,WRITER_v1.1.4_STATIC_PROVEN; exact mapped Production paths/symbol owners re-inspected; writer_source_tree=acd14514dddbd5e45aeb2fc25fed22560511d8ca; source_manifest_sha256=b5de82d4cb83534bab55de52cf7b2f64fec952e9b97062a294338ed21691edf5; changed-file scope audit=18/18 within Controller-mapped 67-row write scopes; full-matrix file-path existence audit=296/296.,WRITER_v1.1.4_SEMANTIC_REVIEW_EXECUTED against Controller-adjudicated owner graph; no alternate semantic/state/command/style/API owner introduced; Node semantic harness 34/34 PASS where applicable.,Strict TypeScript shared-core compile PASS; strict changed-SFC-script compile PASS; ProductionForgeCore.spec.ts source typecheck PASS; Node semantic harness 34/34 PASS; PHP syntax 211/211 PASS; public/workbench-bootstrap.js syntax PASS; full Vitest/Vite/vue-tsc/ESLint/Prettier suite NOT_RUN_TO_PASS because npm ci timed out and local Node/npm do not match declared engines. Writer-B v1.1.5 anti-loss regression harness 11/11 PASS on baseline and 11/11 PASS on successor; PHP syntax 215/215 PASS. Full project Vitest/Vite/Laravel/PostgreSQL/browser suite remains environment-gated where applicable.,SELECTIVE_NODE_SEMANTIC_RUNTIME_34_34_PASS_WHERE_APPLICABLE; FULL_VUE_LARAVEL_POSTGRESQL_RUNTIME_UNPROVEN,UNPROVEN_EXACT_ROUTE; system Chromium 144 headless smoke test timed out even on a minimal data URL; Playwright browser binary unavailable; no browser PASS promoted,UNPROVEN_POST_CHANGE_VISUAL; system Chromium harness and minimal smoke both timed out; no candidate-bound screenshot PASS promoted,STATIC_SOURCE_PROVEN; mapped wide/~1024/narrow policies inspected; real browser responsive/200% proof remains UNPROVEN,STATIC_SOURCE_PROVEN_PARTIAL; keyboard/focus owners and SFC scripts compile; real browser/assistive-technology proof remains UNPROVEN,STATIC_SOURCE_PROVEN_PARTIAL; logical properties/direction owners inspected; real mixed Arabic/LTR caret/selection browser matrix remains UNPROVEN,EXACT_CURRENT_OWNER_OR_GOVERNANCE_ROW,RUNTIME_UNPROVEN,P1,RUNTIME_UNPROVEN,WRITER_v1.1.4: mapped source implementation is present and static/semantic checks pass; required framework or real-browser runtime evidence remains open and is not promoted.,SOURCE_IMPLEMENTED_RUNTIME_PROOF_OPEN,Writer-B post-zero-orphan bounded parity successor; source manifest ec9d022617f1a88c6f39ea175407a68d77fe5d2f65effb457f73755f0465f3e6; patch 95b109a121a44a72121ae659a7fe084995674dc31b9f2e315d8e2168c682a6ff; 31/31 semantic harness; strict TS core/SFC scripts PASS; PHP syntax 211/211; no GitHub/Drive mutation.,Static logic present; mixed-caret browser matrix unproven.,v1.1.5_PRE_COLAB_SOURCE_COMPLETE_CANDIDATE,e59c0378da507faa4cc5eebcf5996e194fbb1fb3,95be84b206fff97b95665b8192ce6f99f193f1299d79e4997ee719fe596f0008
SH-012,CEP_LIBRARY_EDITOR_FINAL_REQUIREMENT_PRESERVATION_CROSSWALK_v1.2.17_ACCEPTED.json + CEP_LIBRARY_EDITOR_EXECUTABLE_BLUEPRINT_v1.2.17_ACCEPTED_DESIGN_REFERENCE.html,SH-012,script#requirement-reconciliation-ledger :: SH-012 :: A11Y-001,`prefers-reduced-motion` suppresses non-essential transitions without hiding state.,Accessibility interaction,DOM focus + transient UI,focus/skip/modal/menu commands,Workbench/WorkspaceFrame/workbench.css,SHARED_CORE,LOCAL_WRITER_COPY same-lineage; Writer-B v1.1.5_PRE_COLAB_SOURCE_COMPLETE_CANDIDATE; sole baseline v1.1.4 preserved; no GitHub/governed-Drive mutation,writer_source_tree=e59c0378da507faa4cc5eebcf5996e194fbb1fb3; source_manifest_sha256=95be84b206fff97b95665b8192ce6f99f193f1299d79e4997ee719fe596f0008; baseline_v1.1.4_zip_sha256=5954e55db93411293cacb28b4082f54cf53fe8fc3950e9e56ad36cf97b82d636,resources/js/workbench/Workbench.vue; resources/js/workbench/WorkspaceFrame.vue; resources/css/workbench.css,keydown; focusWorkspace; trap; closeOverlay; .skip-link,N/A,W02 Library/Learn workbench,bounded local candidate only,NONE_IDENTIFIED_IN_CURRENT_CONTROLLER_MAPPING,WRITER_v1.1.4_STATIC_PROVEN; exact mapped Production paths/symbol owners re-inspected; writer_source_tree=acd14514dddbd5e45aeb2fc25fed22560511d8ca; source_manifest_sha256=b5de82d4cb83534bab55de52cf7b2f64fec952e9b97062a294338ed21691edf5; changed-file scope audit=18/18 within Controller-mapped 67-row write scopes; full-matrix file-path existence audit=296/296.,WRITER_v1.1.4_SEMANTIC_REVIEW_EXECUTED against Controller-adjudicated owner graph; no alternate semantic/state/command/style/API owner introduced; Node semantic harness 34/34 PASS where applicable.,Strict TypeScript shared-core compile PASS; strict changed-SFC-script compile PASS; ProductionForgeCore.spec.ts source typecheck PASS; Node semantic harness 34/34 PASS; PHP syntax 211/211 PASS; public/workbench-bootstrap.js syntax PASS; full Vitest/Vite/vue-tsc/ESLint/Prettier suite NOT_RUN_TO_PASS because npm ci timed out and local Node/npm do not match declared engines. Writer-B v1.1.5 anti-loss regression harness 11/11 PASS on baseline and 11/11 PASS on successor; PHP syntax 215/215 PASS. Full project Vitest/Vite/Laravel/PostgreSQL/browser suite remains environment-gated where applicable.,SELECTIVE_NODE_SEMANTIC_RUNTIME_34_34_PASS_WHERE_APPLICABLE; FULL_VUE_LARAVEL_POSTGRESQL_RUNTIME_UNPROVEN,UNPROVEN_EXACT_ROUTE; system Chromium 144 headless smoke test timed out even on a minimal data URL; Playwright browser binary unavailable; no browser PASS promoted,UNPROVEN_POST_CHANGE_VISUAL; system Chromium harness and minimal smoke both timed out; no candidate-bound screenshot PASS promoted,STATIC_SOURCE_PROVEN; mapped wide/~1024/narrow policies inspected; real browser responsive/200% proof remains UNPROVEN,STATIC_SOURCE_PROVEN_PARTIAL; keyboard/focus owners and SFC scripts compile; real browser/assistive-technology proof remains UNPROVEN,STATIC_SOURCE_PROVEN_PARTIAL; logical properties/direction owners inspected; real mixed Arabic/LTR caret/selection browser matrix remains UNPROVEN,EXACT_CURRENT_OWNER_OR_GOVERNANCE_ROW,RUNTIME_UNPROVEN,P1,RUNTIME_UNPROVEN,WRITER_v1.1.4: mapped source implementation is present and static/semantic checks pass; required framework or real-browser runtime evidence remains open and is not promoted.,SOURCE_IMPLEMENTED_RUNTIME_PROOF_OPEN,Writer-B post-zero-orphan bounded parity successor; source manifest ec9d022617f1a88c6f39ea175407a68d77fe5d2f65effb457f73755f0465f3e6; patch 95b109a121a44a72121ae659a7fe084995674dc31b9f2e315d8e2168c682a6ff; 31/31 semantic harness; strict TS core/SFC scripts PASS; PHP syntax 211/211; no GitHub/Drive mutation.,Static owner exact; browser/focus runtime remains C026.,v1.1.5_PRE_COLAB_SOURCE_COMPLETE_CANDIDATE,e59c0378da507faa4cc5eebcf5996e194fbb1fb3,95be84b206fff97b95665b8192ce6f99f193f1299d79e4997ee719fe596f0008
SH-013,CEP_LIBRARY_EDITOR_FINAL_REQUIREMENT_PRESERVATION_CROSSWALK_v1.2.17_ACCEPTED.json + CEP_LIBRARY_EDITOR_EXECUTABLE_BLUEPRINT_v1.2.17_ACCEPTED_DESIGN_REFERENCE.html,SH-013,script#requirement-reconciliation-ledger :: SH-013 :: ACTION-001; A11Y-001; QUALITY-001,Capture representative exact-candidate states; focus distinguishable from hover/selection; no color-only meaning.,Semantic command availability; Accessibility interaction; Writer assurance evidence,command registry + editor selection; DOM focus + transient UI; Review evidence,SemanticCommandCore + StructuredEditor.run; focus/skip/modal/menu commands; none,Workbench/StructuredEditor; Workbench/WorkspaceFrame/workbench.css; not product-facing,SHARED_CORE; GOVERNANCE,LOCAL_WRITER_COPY same-lineage; Writer-B v1.1.5_PRE_COLAB_SOURCE_COMPLETE_CANDIDATE; sole baseline v1.1.4 preserved; no GitHub/governed-Drive mutation,writer_source_tree=e59c0378da507faa4cc5eebcf5996e194fbb1fb3; source_manifest_sha256=95be84b206fff97b95665b8192ce6f99f193f1299d79e4997ee719fe596f0008; baseline_v1.1.4_zip_sha256=5954e55db93411293cacb28b4082f54cf53fe8fc3950e9e56ad36cf97b82d636,resources/js/shared/SemanticCommandCore.ts; resources/js/workbench/StructuredEditor.vue; resources/js/workbench/Workbench.vue; resources/js/workbench/WorkspaceFrame.vue; resources/css/workbench.css; CEP_LIBRARY_EDITOR_EXECUTABLE_BLUEPRINT_v1.2.17_ACCEPTED_DESIGN_REFERENCE.html,SemanticCommandCore; run; active; keydown; focusWorkspace; trap; closeOverlay; .skip-link; writer receipts + review ledgers,N/A,W02 Library/Learn workbench; governance/evidence,bounded local candidate only; evidence only,NONE_IDENTIFIED_IN_CURRENT_CONTROLLER_MAPPING,WRITER_v1.1.4_STATIC_PROVEN; exact mapped Production paths/symbol owners re-inspected; writer_source_tree=acd14514dddbd5e45aeb2fc25fed22560511d8ca; source_manifest_sha256=b5de82d4cb83534bab55de52cf7b2f64fec952e9b97062a294338ed21691edf5; changed-file scope audit=18/18 within Controller-mapped 67-row write scopes; full-matrix file-path existence audit=296/296.,WRITER_v1.1.4_SEMANTIC_REVIEW_EXECUTED against Controller-adjudicated owner graph; no alternate semantic/state/command/style/API owner introduced; Node semantic harness 34/34 PASS where applicable.,Strict TypeScript shared-core compile PASS; strict changed-SFC-script compile PASS; ProductionForgeCore.spec.ts source typecheck PASS; Node semantic harness 34/34 PASS; PHP syntax 211/211 PASS; public/workbench-bootstrap.js syntax PASS; full Vitest/Vite/vue-tsc/ESLint/Prettier suite NOT_RUN_TO_PASS because npm ci timed out and local Node/npm do not match declared engines. Writer-B v1.1.5 anti-loss regression harness 11/11 PASS on baseline and 11/11 PASS on successor; PHP syntax 215/215 PASS. Full project Vitest/Vite/Laravel/PostgreSQL/browser suite remains environment-gated where applicable.,SELECTIVE_NODE_SEMANTIC_RUNTIME_34_34_PASS_WHERE_APPLICABLE; FULL_VUE_LARAVEL_POSTGRESQL_RUNTIME_UNPROVEN,UNPROVEN_EXACT_ROUTE; system Chromium 144 headless smoke test timed out even on a minimal data URL; Playwright browser binary unavailable; no browser PASS promoted,UNPROVEN_POST_CHANGE_VISUAL; system Chromium harness and minimal smoke both timed out; no candidate-bound screenshot PASS promoted,STATIC_SOURCE_PROVEN; mapped wide/~1024/narrow policies inspected; real browser responsive/200% proof remains UNPROVEN,STATIC_SOURCE_PROVEN_PARTIAL; keyboard/focus owners and SFC scripts compile; real browser/assistive-technology proof remains UNPROVEN,STATIC_SOURCE_PROVEN_PARTIAL; logical properties/direction owners inspected; real mixed Arabic/LTR caret/selection browser matrix remains UNPROVEN,EXACT_CURRENT_OWNER_OR_GOVERNANCE_ROW,VISUAL_UNPROVEN,P1,VISUAL_UNPROVEN,WRITER_v1.1.4: mapped source implementation is present; source/responsive semantics are statically inspected; fresh post-change visual proof remains unavailable because the browser renderer is environment-blocked.,SOURCE_IMPLEMENTED_VISUAL_PROOF_OPEN,Writer-B post-zero-orphan bounded parity successor; source manifest ec9d022617f1a88c6f39ea175407a68d77fe5d2f65effb457f73755f0465f3e6; patch 95b109a121a44a72121ae659a7fe084995674dc31b9f2e315d8e2168c682a6ff; 31/31 semantic harness; strict TS core/SFC scripts PASS; PHP syntax 211/211; no GitHub/Drive mutation.,Shell registry exists; editor action surfaces are not yet fully converged.; Static owner exact; browser/focus runtime remains C026.,v1.1.5_PRE_COLAB_SOURCE_COMPLETE_CANDIDATE,e59c0378da507faa4cc5eebcf5996e194fbb1fb3,95be84b206fff97b95665b8192ce6f99f193f1299d79e4997ee719fe596f0008
SH-014,CEP_LIBRARY_EDITOR_FINAL_REQUIREMENT_PRESERVATION_CROSSWALK_v1.2.17_ACCEPTED.json + CEP_LIBRARY_EDITOR_EXECUTABLE_BLUEPRINT_v1.2.17_ACCEPTED_DESIGN_REFERENCE.html,SH-014,script#requirement-reconciliation-ledger :: SH-014 :: PROD-001,Fixture adapter and production adapter feed the same component/view-model structure.,Production integration boundary,canonical production services external to UI,authoritative save/notes/identity only when authorized,N/A,DOMAIN_BOUNDARY,LOCAL_WRITER_COPY same-lineage; Writer-B v1.1.5_PRE_COLAB_SOURCE_COMPLETE_CANDIDATE; sole baseline v1.1.4 preserved; no GitHub/governed-Drive mutation,writer_source_tree=e59c0378da507faa4cc5eebcf5996e194fbb1fb3; source_manifest_sha256=95be84b206fff97b95665b8192ce6f99f193f1299d79e4997ee719fe596f0008; baseline_v1.1.4_zip_sha256=5954e55db93411293cacb28b4082f54cf53fe8fc3950e9e56ad36cf97b82d636,app/Modules/Knowledge/Publication/LessonRevisionWorkflow.php; app/Http/Controllers/KnowledgeLearning/WorkbenchController.php,LessonRevisionWorkflow; WorkbenchController,Existing Library revision API; durable Notes/identity remap not authorized,W02 Library/Learn workbench,NO_WRITE_OUTSIDE_EXISTING_AUTHORIZED_SERVICE_CONTRACT,Do not invent durable Notes/schema/remap/OS topmost authority.,STATIC_PROVEN for owner/path/symbol statements listed; local source re-inspected after corrections; see static/test receipt.,SEMANTIC_PROVEN only where behavior was directly reasoned/executed in safe harness; otherwise PARTIAL/UNPROVEN as reflected by verdict/notes.,See CEP_W01_W02_STATIC_AND_RUNTIME_TEST_RECEIPT_v1.1.1.json; no unexecuted suite is promoted to TEST_PROVEN. Writer-B v1.1.5 anti-loss regression harness 11/11 PASS on baseline and 11/11 PASS on successor; PHP syntax 215/215 PASS. Full project Vitest/Vite/Laravel/PostgreSQL/browser suite remains environment-gated where applicable.,Selective safe-harness runtime only; Laravel/PostgreSQL framework runtime NOT_RUN.,NOT_RUN_REAL_AUTHENTICATED_BROWSER,NOT_RUN_CURRENT_CORRECTED_CANDIDATE_VISUAL_REFERENCE_GATE,STATIC_PROVEN_PARTIAL; browser responsive/200% proof NOT_RUN.,STATIC_PROVEN_PARTIAL; focus/AT/browser proof NOT_RUN.,STATIC_PROVEN_PARTIAL; mixed-caret/browser matrix NOT_RUN.,EXACT_BOUNDARY_GATED,AUTHORITY_GATED,P1,AUTHORITY_GATED,"Boundary is exact; absent providers remain explicitly authority/provider-gated, not guessed.",NOT_IN_CURRENT_67_ROW_IMPLEMENTATION_WAVE__CONTROLLER_DISPOSITION_PRESERVED,Preserved from Controller-adjudicated v1.1.2; no Writer promotion beyond evidence.,NOT_APPLICABLE__ROW_NOT_IN_67_ROW_IMPLEMENTATION_WAVE,v1.1.5_PRE_COLAB_SOURCE_COMPLETE_CANDIDATE,e59c0378da507faa4cc5eebcf5996e194fbb1fb3,95be84b206fff97b95665b8192ce6f99f193f1299d79e4997ee719fe596f0008
SH-015,CEP_LIBRARY_EDITOR_FINAL_REQUIREMENT_PRESERVATION_CROSSWALK_v1.2.17_ACCEPTED.json + CEP_LIBRARY_EDITOR_EXECUTABLE_BLUEPRINT_v1.2.17_ACCEPTED_DESIGN_REFERENCE.html,SH-015,script#requirement-reconciliation-ledger :: SH-015 :: TRUST-001; PROD-001,Normal data escaped; legitimate rich content passes one sanctioned trust/sanitization renderer.,Rich-input trust boundary; Production integration boundary,clipboard input only; canonical production services external to UI,paste; authoritative save/notes/identity only when authorized,ClipboardTrustCore; N/A,SHARED_CORE; DOMAIN_BOUNDARY,LOCAL_WRITER_COPY same-lineage; Writer-B v1.1.5_PRE_COLAB_SOURCE_COMPLETE_CANDIDATE; sole baseline v1.1.4 preserved; no GitHub/governed-Drive mutation,writer_source_tree=e59c0378da507faa4cc5eebcf5996e194fbb1fb3; source_manifest_sha256=95be84b206fff97b95665b8192ce6f99f193f1299d79e4997ee719fe596f0008; baseline_v1.1.4_zip_sha256=5954e55db93411293cacb28b4082f54cf53fe8fc3950e9e56ad36cf97b82d636,resources/js/shared/ClipboardTrustCore.ts; app/Modules/Knowledge/Publication/LessonRevisionWorkflow.php; app/Http/Controllers/KnowledgeLearning/WorkbenchController.php,sanitizePaste; LessonRevisionWorkflow; WorkbenchController,N/A; Existing Library revision API; durable Notes/identity remap not authorized,W02 Library/Learn workbench,bounded local candidate only; NO_WRITE_OUTSIDE_EXISTING_AUTHORIZED_SERVICE_CONTRACT,Do not invent durable Notes/schema/remap/OS topmost authority.,STATIC_PROVEN for owner/path/symbol statements listed; local source re-inspected after corrections; see static/test receipt.,SEMANTIC_PROVEN only where behavior was directly reasoned/executed in safe harness; otherwise PARTIAL/UNPROVEN as reflected by verdict/notes.,See CEP_W01_W02_STATIC_AND_RUNTIME_TEST_RECEIPT_v1.1.1.json; no unexecuted suite is promoted to TEST_PROVEN. Writer-B v1.1.5 anti-loss regression harness 11/11 PASS on baseline and 11/11 PASS on successor; PHP syntax 215/215 PASS. Full project Vitest/Vite/Laravel/PostgreSQL/browser suite remains environment-gated where applicable.,Selective safe-harness runtime only; Laravel/PostgreSQL framework runtime NOT_RUN.,NOT_RUN_REAL_AUTHENTICATED_BROWSER,NOT_RUN_CURRENT_CORRECTED_CANDIDATE_VISUAL_REFERENCE_GATE,STATIC_PROVEN_PARTIAL; browser responsive/200% proof NOT_RUN.,STATIC_PROVEN_PARTIAL; focus/AT/browser proof NOT_RUN.,STATIC_PROVEN_PARTIAL; mixed-caret/browser matrix NOT_RUN.,EXACT_BOUNDARY_GATED,AUTHORITY_GATED,P1,AUTHORITY_GATED,"Boundary is exact; absent providers remain explicitly authority/provider-gated, not guessed.",NOT_IN_CURRENT_67_ROW_IMPLEMENTATION_WAVE__CONTROLLER_DISPOSITION_PRESERVED,Preserved from Controller-adjudicated v1.1.2; no Writer promotion beyond evidence.,NOT_APPLICABLE__ROW_NOT_IN_67_ROW_IMPLEMENTATION_WAVE,v1.1.5_PRE_COLAB_SOURCE_COMPLETE_CANDIDATE,e59c0378da507faa4cc5eebcf5996e194fbb1fb3,95be84b206fff97b95665b8192ce6f99f193f1299d79e4997ee719fe596f0008
SH-016,CEP_LIBRARY_EDITOR_FINAL_REQUIREMENT_PRESERVATION_CROSSWALK_v1.2.17_ACCEPTED.json + CEP_LIBRARY_EDITOR_EXECUTABLE_BLUEPRINT_v1.2.17_ACCEPTED_DESIGN_REFERENCE.html,SH-016,script#requirement-reconciliation-ledger :: SH-016 :: CLIP-003,Await actual result; fallback/error on denied clipboard; never false-success.,Clipboard operation surface,selection/document working state,copy/cut/paste,StructuredEditor,SHARED_CORE,LOCAL_WRITER_COPY same-lineage; Writer-B v1.1.5_PRE_COLAB_SOURCE_COMPLETE_CANDIDATE; sole baseline v1.1.4 preserved; no GitHub/governed-Drive mutation,writer_source_tree=e59c0378da507faa4cc5eebcf5996e194fbb1fb3; source_manifest_sha256=95be84b206fff97b95665b8192ce6f99f193f1299d79e4997ee719fe596f0008; baseline_v1.1.4_zip_sha256=5954e55db93411293cacb28b4082f54cf53fe8fc3950e9e56ad36cf97b82d636,resources/js/shared/ClipboardTrustCore.ts; resources/js/workbench/StructuredEditor.vue,sanitizePaste; paste; current browser selection,N/A,W02 Library/Learn workbench,bounded local candidate only,NONE_IDENTIFIED_IN_CURRENT_CONTROLLER_MAPPING,WRITER_v1.1.4_STATIC_PROVEN; exact mapped Production paths/symbol owners re-inspected; writer_source_tree=acd14514dddbd5e45aeb2fc25fed22560511d8ca; source_manifest_sha256=b5de82d4cb83534bab55de52cf7b2f64fec952e9b97062a294338ed21691edf5; changed-file scope audit=18/18 within Controller-mapped 67-row write scopes; full-matrix file-path existence audit=296/296.,WRITER_v1.1.4_SEMANTIC_REVIEW_EXECUTED against Controller-adjudicated owner graph; no alternate semantic/state/command/style/API owner introduced; Node semantic harness 34/34 PASS where applicable.,Strict TypeScript shared-core compile PASS; strict changed-SFC-script compile PASS; ProductionForgeCore.spec.ts source typecheck PASS; Node semantic harness 34/34 PASS; PHP syntax 211/211 PASS; public/workbench-bootstrap.js syntax PASS; full Vitest/Vite/vue-tsc/ESLint/Prettier suite NOT_RUN_TO_PASS because npm ci timed out and local Node/npm do not match declared engines. Writer-B v1.1.5 anti-loss regression harness 11/11 PASS on baseline and 11/11 PASS on successor; PHP syntax 215/215 PASS. Full project Vitest/Vite/Laravel/PostgreSQL/browser suite remains environment-gated where applicable.,SELECTIVE_NODE_SEMANTIC_RUNTIME_34_34_PASS_WHERE_APPLICABLE; FULL_VUE_LARAVEL_POSTGRESQL_RUNTIME_UNPROVEN,UNPROVEN_EXACT_ROUTE; system Chromium 144 headless smoke test timed out even on a minimal data URL; Playwright browser binary unavailable; no browser PASS promoted,UNPROVEN_POST_CHANGE_VISUAL; system Chromium harness and minimal smoke both timed out; no candidate-bound screenshot PASS promoted,STATIC_SOURCE_PROVEN; mapped wide/~1024/narrow policies inspected; real browser responsive/200% proof remains UNPROVEN,STATIC_SOURCE_PROVEN_PARTIAL; keyboard/focus owners and SFC scripts compile; real browser/assistive-technology proof remains UNPROVEN,STATIC_SOURCE_PROVEN_PARTIAL; logical properties/direction owners inspected; real mixed Arabic/LTR caret/selection browser matrix remains UNPROVEN,EXACT_CURRENT_OWNER_OR_GOVERNANCE_ROW,RUNTIME_UNPROVEN,P1,RUNTIME_UNPROVEN,WRITER_v1.1.4: mapped source implementation is present and static/semantic checks pass; required framework or real-browser runtime evidence remains open and is not promoted.,SOURCE_IMPLEMENTED_RUNTIME_PROOF_OPEN,Writer-B post-zero-orphan bounded parity successor; source manifest ec9d022617f1a88c6f39ea175407a68d77fe5d2f65effb457f73755f0465f3e6; patch 95b109a121a44a72121ae659a7fe084995674dc31b9f2e315d8e2168c682a6ff; 31/31 semantic harness; strict TS core/SFC scripts PASS; PHP syntax 211/211; no GitHub/Drive mutation.,"Copy/Cut atomic/result paths are incomplete, but destination owner is exact.",v1.1.5_PRE_COLAB_SOURCE_COMPLETE_CANDIDATE,e59c0378da507faa4cc5eebcf5996e194fbb1fb3,95be84b206fff97b95665b8192ce6f99f193f1299d79e4997ee719fe596f0008
SH-017,CEP_LIBRARY_EDITOR_FINAL_REQUIREMENT_PRESERVATION_CROSSWALK_v1.2.17_ACCEPTED.json + CEP_LIBRARY_EDITOR_EXECUTABLE_BLUEPRINT_v1.2.17_ACCEPTED_DESIGN_REFERENCE.html,SH-017,script#requirement-reconciliation-ledger :: SH-017 :: A11Y-001; SAVE-001,Truthful live strategy without duplicate chatter or focus stealing.,Accessibility interaction; Canonical draft save boundary,DOM focus + transient UI; Library dirty/saving/conflict + revision lock,focus/skip/modal/menu commands; document.save,Workbench/WorkspaceFrame/workbench.css; LibraryWorkspace + LessonRevisionWorkflow,SHARED_CORE; DOMAIN_ADAPTER,LOCAL_WRITER_COPY same-lineage; Writer-B v1.1.5_PRE_COLAB_SOURCE_COMPLETE_CANDIDATE; sole baseline v1.1.4 preserved; no GitHub/governed-Drive mutation,writer_source_tree=e59c0378da507faa4cc5eebcf5996e194fbb1fb3; source_manifest_sha256=95be84b206fff97b95665b8192ce6f99f193f1299d79e4997ee719fe596f0008; baseline_v1.1.4_zip_sha256=5954e55db93411293cacb28b4082f54cf53fe8fc3950e9e56ad36cf97b82d636,resources/js/workbench/Workbench.vue; resources/js/workbench/WorkspaceFrame.vue; resources/css/workbench.css; resources/js/workbench/LibraryWorkspace.vue; app/Modules/Knowledge/Publication/LessonRevisionWorkflow.php; app/Http/Controllers/KnowledgeLearning/WorkbenchController.php,keydown; focusWorkspace; trap; closeOverlay; .skip-link; save; lock_version; updateDraft,N/A; PATCH /api/cep/v1/library/revisions/{revision},W02 Library/Learn workbench,bounded local candidate only,NONE_IDENTIFIED_IN_CURRENT_CONTROLLER_MAPPING,WRITER_v1.1.4_STATIC_PROVEN; exact mapped Production paths/symbol owners re-inspected; writer_source_tree=acd14514dddbd5e45aeb2fc25fed22560511d8ca; source_manifest_sha256=b5de82d4cb83534bab55de52cf7b2f64fec952e9b97062a294338ed21691edf5; changed-file scope audit=18/18 within Controller-mapped 67-row write scopes; full-matrix file-path existence audit=296/296.,WRITER_v1.1.4_SEMANTIC_REVIEW_EXECUTED against Controller-adjudicated owner graph; no alternate semantic/state/command/style/API owner introduced; Node semantic harness 34/34 PASS where applicable.,Strict TypeScript shared-core compile PASS; strict changed-SFC-script compile PASS; ProductionForgeCore.spec.ts source typecheck PASS; Node semantic harness 34/34 PASS; PHP syntax 211/211 PASS; public/workbench-bootstrap.js syntax PASS; full Vitest/Vite/vue-tsc/ESLint/Prettier suite NOT_RUN_TO_PASS because npm ci timed out and local Node/npm do not match declared engines. Writer-B v1.1.5 anti-loss regression harness 11/11 PASS on baseline and 11/11 PASS on successor; PHP syntax 215/215 PASS. Full project Vitest/Vite/Laravel/PostgreSQL/browser suite remains environment-gated where applicable.,SELECTIVE_NODE_SEMANTIC_RUNTIME_34_34_PASS_WHERE_APPLICABLE; FULL_VUE_LARAVEL_POSTGRESQL_RUNTIME_UNPROVEN,UNPROVEN_EXACT_ROUTE; system Chromium 144 headless smoke test timed out even on a minimal data URL; Playwright browser binary unavailable; no browser PASS promoted,UNPROVEN_POST_CHANGE_VISUAL; system Chromium harness and minimal smoke both timed out; no candidate-bound screenshot PASS promoted,STATIC_SOURCE_PROVEN; mapped wide/~1024/narrow policies inspected; real browser responsive/200% proof remains UNPROVEN,STATIC_SOURCE_PROVEN_PARTIAL; keyboard/focus owners and SFC scripts compile; real browser/assistive-technology proof remains UNPROVEN,STATIC_SOURCE_PROVEN_PARTIAL; logical properties/direction owners inspected; real mixed Arabic/LTR caret/selection browser matrix remains UNPROVEN,EXACT_CURRENT_OWNER_OR_GOVERNANCE_ROW,RUNTIME_UNPROVEN,P1,RUNTIME_UNPROVEN,WRITER_v1.1.4: mapped source implementation is present and static/semantic checks pass; required framework or real-browser runtime evidence remains open and is not promoted.,SOURCE_IMPLEMENTED_RUNTIME_PROOF_OPEN,Writer-B post-zero-orphan bounded parity successor; source manifest ec9d022617f1a88c6f39ea175407a68d77fe5d2f65effb457f73755f0465f3e6; patch 95b109a121a44a72121ae659a7fe084995674dc31b9f2e315d8e2168c682a6ff; 31/31 semantic harness; strict TS core/SFC scripts PASS; PHP syntax 211/211; no GitHub/Drive mutation.,"Static owner exact; browser/focus runtime remains C026.; Autosave preference/scheduler absent, but canonical save/conflict destination is exact.",v1.1.5_PRE_COLAB_SOURCE_COMPLETE_CANDIDATE,e59c0378da507faa4cc5eebcf5996e194fbb1fb3,95be84b206fff97b95665b8192ce6f99f193f1299d79e4997ee719fe596f0008
SH-018,CEP_LIBRARY_EDITOR_FINAL_REQUIREMENT_PRESERVATION_CROSSWALK_v1.2.17_ACCEPTED.json + CEP_LIBRARY_EDITOR_EXECUTABLE_BLUEPRINT_v1.2.17_ACCEPTED_DESIGN_REFERENCE.html,SH-018,script#requirement-reconciliation-ledger :: SH-018 :: A11Y-001,Essential controls remain reachable; document-level 2D overflow avoided except bounded essential surfaces.,Accessibility interaction,DOM focus + transient UI,focus/skip/modal/menu commands,Workbench/WorkspaceFrame/workbench.css,SHARED_CORE,LOCAL_WRITER_COPY same-lineage; Writer-B v1.1.5_PRE_COLAB_SOURCE_COMPLETE_CANDIDATE; sole baseline v1.1.4 preserved; no GitHub/governed-Drive mutation,writer_source_tree=e59c0378da507faa4cc5eebcf5996e194fbb1fb3; source_manifest_sha256=95be84b206fff97b95665b8192ce6f99f193f1299d79e4997ee719fe596f0008; baseline_v1.1.4_zip_sha256=5954e55db93411293cacb28b4082f54cf53fe8fc3950e9e56ad36cf97b82d636,resources/js/workbench/Workbench.vue; resources/js/workbench/WorkspaceFrame.vue; resources/css/workbench.css,keydown; focusWorkspace; trap; closeOverlay; .skip-link,N/A,W02 Library/Learn workbench,bounded local candidate only,NONE_IDENTIFIED_IN_CURRENT_CONTROLLER_MAPPING,WRITER_v1.1.4_STATIC_PROVEN; exact mapped Production paths/symbol owners re-inspected; writer_source_tree=acd14514dddbd5e45aeb2fc25fed22560511d8ca; source_manifest_sha256=b5de82d4cb83534bab55de52cf7b2f64fec952e9b97062a294338ed21691edf5; changed-file scope audit=18/18 within Controller-mapped 67-row write scopes; full-matrix file-path existence audit=296/296.,WRITER_v1.1.4_SEMANTIC_REVIEW_EXECUTED against Controller-adjudicated owner graph; no alternate semantic/state/command/style/API owner introduced; Node semantic harness 34/34 PASS where applicable.,Strict TypeScript shared-core compile PASS; strict changed-SFC-script compile PASS; ProductionForgeCore.spec.ts source typecheck PASS; Node semantic harness 34/34 PASS; PHP syntax 211/211 PASS; public/workbench-bootstrap.js syntax PASS; full Vitest/Vite/vue-tsc/ESLint/Prettier suite NOT_RUN_TO_PASS because npm ci timed out and local Node/npm do not match declared engines. Writer-B v1.1.5 anti-loss regression harness 11/11 PASS on baseline and 11/11 PASS on successor; PHP syntax 215/215 PASS. Full project Vitest/Vite/Laravel/PostgreSQL/browser suite remains environment-gated where applicable.,SELECTIVE_NODE_SEMANTIC_RUNTIME_34_34_PASS_WHERE_APPLICABLE; FULL_VUE_LARAVEL_POSTGRESQL_RUNTIME_UNPROVEN,UNPROVEN_EXACT_ROUTE; system Chromium 144 headless smoke test timed out even on a minimal data URL; Playwright browser binary unavailable; no browser PASS promoted,UNPROVEN_POST_CHANGE_VISUAL; system Chromium harness and minimal smoke both timed out; no candidate-bound screenshot PASS promoted,STATIC_SOURCE_PROVEN; mapped wide/~1024/narrow policies inspected; real browser responsive/200% proof remains UNPROVEN,STATIC_SOURCE_PROVEN_PARTIAL; keyboard/focus owners and SFC scripts compile; real browser/assistive-technology proof remains UNPROVEN,STATIC_SOURCE_PROVEN_PARTIAL; logical properties/direction owners inspected; real mixed Arabic/LTR caret/selection browser matrix remains UNPROVEN,EXACT_CURRENT_OWNER_OR_GOVERNANCE_ROW,VISUAL_UNPROVEN,P1,VISUAL_UNPROVEN,WRITER_v1.1.4: mapped source implementation is present; source/responsive semantics are statically inspected; fresh post-change visual proof remains unavailable because the browser renderer is environment-blocked.,SOURCE_IMPLEMENTED_VISUAL_PROOF_OPEN,Writer-B post-zero-orphan bounded parity successor; source manifest ec9d022617f1a88c6f39ea175407a68d77fe5d2f65effb457f73755f0465f3e6; patch 95b109a121a44a72121ae659a7fe084995674dc31b9f2e315d8e2168c682a6ff; 31/31 semantic harness; strict TS core/SFC scripts PASS; PHP syntax 211/211; no GitHub/Drive mutation.,Static owner exact; browser/focus runtime remains C026.,v1.1.5_PRE_COLAB_SOURCE_COMPLETE_CANDIDATE,e59c0378da507faa4cc5eebcf5996e194fbb1fb3,95be84b206fff97b95665b8192ce6f99f193f1299d79e4997ee719fe596f0008
SH-019,CEP_LIBRARY_EDITOR_FINAL_REQUIREMENT_PRESERVATION_CROSSWALK_v1.2.17_ACCEPTED.json + CEP_LIBRARY_EDITOR_EXECUTABLE_BLUEPRINT_v1.2.17_ACCEPTED_DESIGN_REFERENCE.html,SH-019,script#requirement-reconciliation-ledger :: SH-019 :: WORKSPACE-001; BANNER-001; FOCUS-001,Shared mechanics may expose LEFT/RIGHT/BOTTOM/TOP_BANNER visibility and Focus Mode while surface semantics remain local. This does not authorize a generic business-state framework.,Workspace presentation control; Library document identity/banner; Workspace focus presentation,WorkspaceLayoutCore; Library surface presentation; WorkspaceLayoutCore + transient focus,pane/banner/bottom/focus presentation commands; Library toolbar/banner actions; focus enter/exit,WorkspaceFrame/Workbench; LibraryWorkspace .document-banner,SHARED_CORE; DOMAIN_ADAPTER,LOCAL_WRITER_COPY same-lineage; Writer-B v1.1.5_PRE_COLAB_SOURCE_COMPLETE_CANDIDATE; sole baseline v1.1.4 preserved; no GitHub/governed-Drive mutation,writer_source_tree=e59c0378da507faa4cc5eebcf5996e194fbb1fb3; source_manifest_sha256=95be84b206fff97b95665b8192ce6f99f193f1299d79e4997ee719fe596f0008; baseline_v1.1.4_zip_sha256=5954e55db93411293cacb28b4082f54cf53fe8fc3950e9e56ad36cf97b82d636,resources/js/shared/WorkspaceLayoutCore.ts; resources/js/workbench/WorkspaceFrame.vue; resources/js/workbench/Workbench.vue; resources/js/workbench/LibraryWorkspace.vue,WorkspaceLayoutCore; pane controls; shell action surface; template .document-banner; workbench-heading; WorkspaceFrame pane owners; Workbench focus handlers,N/A,W02 Library/Learn workbench,bounded local candidate only,NONE_IDENTIFIED_IN_CURRENT_CONTROLLER_MAPPING,WRITER_v1.1.4_STATIC_PROVEN; exact mapped Production paths/symbol owners re-inspected; writer_source_tree=acd14514dddbd5e45aeb2fc25fed22560511d8ca; source_manifest_sha256=b5de82d4cb83534bab55de52cf7b2f64fec952e9b97062a294338ed21691edf5; changed-file scope audit=18/18 within Controller-mapped 67-row write scopes; full-matrix file-path existence audit=296/296.,WRITER_v1.1.4_SEMANTIC_REVIEW_EXECUTED against Controller-adjudicated owner graph; no alternate semantic/state/command/style/API owner introduced; Node semantic harness 34/34 PASS where applicable.,Strict TypeScript shared-core compile PASS; strict changed-SFC-script compile PASS; ProductionForgeCore.spec.ts source typecheck PASS; Node semantic harness 34/34 PASS; PHP syntax 211/211 PASS; public/workbench-bootstrap.js syntax PASS; full Vitest/Vite/vue-tsc/ESLint/Prettier suite NOT_RUN_TO_PASS because npm ci timed out and local Node/npm do not match declared engines. Writer-B v1.1.5 anti-loss regression harness 11/11 PASS on baseline and 11/11 PASS on successor; PHP syntax 215/215 PASS. Full project Vitest/Vite/Laravel/PostgreSQL/browser suite remains environment-gated where applicable.,SELECTIVE_NODE_SEMANTIC_RUNTIME_34_34_PASS_WHERE_APPLICABLE; FULL_VUE_LARAVEL_POSTGRESQL_RUNTIME_UNPROVEN,UNPROVEN_EXACT_ROUTE; system Chromium 144 headless smoke test timed out even on a minimal data URL; Playwright browser binary unavailable; no browser PASS promoted,UNPROVEN_POST_CHANGE_VISUAL; system Chromium harness and minimal smoke both timed out; no candidate-bound screenshot PASS promoted,STATIC_SOURCE_PROVEN; mapped wide/~1024/narrow policies inspected; real browser responsive/200% proof remains UNPROVEN,STATIC_SOURCE_PROVEN_PARTIAL; keyboard/focus owners and SFC scripts compile; real browser/assistive-technology proof remains UNPROVEN,STATIC_SOURCE_PROVEN_PARTIAL; logical properties/direction owners inspected; real mixed Arabic/LTR caret/selection browser matrix remains UNPROVEN,EXACT_CURRENT_OWNER_OR_GOVERNANCE_ROW,VISUAL_UNPROVEN,P1,VISUAL_UNPROVEN,WRITER_v1.1.4: mapped source implementation is present; source/responsive semantics are statically inspected; fresh post-change visual proof remains unavailable because the browser renderer is environment-blocked.,SOURCE_IMPLEMENTED_VISUAL_PROOF_OPEN,Writer-B post-zero-orphan bounded parity successor; source manifest ec9d022617f1a88c6f39ea175407a68d77fe5d2f65effb457f73755f0465f3e6; patch 95b109a121a44a72121ae659a7fe084995674dc31b9f2e315d8e2168c682a6ff; 31/31 semantic harness; strict TS core/SFC scripts PASS; PHP syntax 211/211; no GitHub/Drive mutation.,Central Workspace View/Focus control is missing; underlying exact layout/action owners are established.; Exact current destination owner exists; EXPANDED/COMPACT/HIDDEN state is not implemented.; One-action Focus Mode state is absent; exact layout/focus owners are established.,v1.1.5_PRE_COLAB_SOURCE_COMPLETE_CANDIDATE,e59c0378da507faa4cc5eebcf5996e194fbb1fb3,95be84b206fff97b95665b8192ce6f99f193f1299d79e4997ee719fe596f0008
SH-020,CEP_LIBRARY_EDITOR_FINAL_REQUIREMENT_PRESERVATION_CROSSWALK_v1.2.17_ACCEPTED.json + CEP_LIBRARY_EDITOR_EXECUTABLE_BLUEPRINT_v1.2.17_ACCEPTED_DESIGN_REFERENCE.html,SH-020,script#requirement-reconciliation-ledger :: SH-020 :: NOTES-001; NOTE-ADD-001; PROD-001,Extract/model one reusable BlockDocumentCore / UnifiedEditorCore plus StickyNoteHost/compact surface adapter. This is shared-foundation candidate value only; Learn/Visualize/R&Q implementation still requires separate Controller dispatch.,Shared linked-note working-state foundation; domain adapters remain surface-owned,LinkedStickyNoteCore.NoteWorkingState + NoteContextBinding + StickyNoteWindowState,Existing SemanticCommandCore + StructuredDocument; no second note/editor command engine,LibraryNotesLens + StickyNoteHost + StickyNoteEditorSurface + BlockContextMenu adapters,NEW_SHARED_CORE_OWNER: LinkedStickyNoteCore; EXISTING_SHARED_CORE: StructuredContentCore/SemanticCommandCore; W02 Library domain adapter only in this lane,LOCAL_WRITER_COPY same-lineage; Writer-B v1.1.5_PRE_COLAB_SOURCE_COMPLETE_CANDIDATE; sole baseline v1.1.4 preserved; no GitHub/governed-Drive mutation,writer_source_tree=e59c0378da507faa4cc5eebcf5996e194fbb1fb3; source_manifest_sha256=95be84b206fff97b95665b8192ce6f99f193f1299d79e4997ee719fe596f0008; baseline_v1.1.4_zip_sha256=5954e55db93411293cacb28b4082f54cf53fe8fc3950e9e56ad36cf97b82d636,resources/js/shared/LinkedStickyNoteCore.ts; resources/js/shared/StructuredContentCore.ts; resources/js/shared/SemanticCommandCore.ts; resources/js/workbench/LibraryNotesLens.vue; resources/js/workbench/StickyNoteHost.vue; resources/js/workbench/StickyNoteEditorSurface.vue; resources/js/workbench/BlockContextMenu.vue; resources/js/workbench/LibraryWorkspace.vue; resources/js/workbench/StructuredEditor.vue; resources/js/workbench/context.ts; resources/js/workbench/Workbench.vue,LinkedStickyNoteCore; StructuredDocument; SemanticCommandCore; Library note presentation adapters,LinkedStickyNoteCore local/browser working-state storage only; durable server Notes API/schema AUTHORITY_GATED; OS always-on-top PLATFORM_GATED,W02 Library route: active object/revision + selected block/selection → immutable NoteContextBinding; no canonical Notes backend route is invented,resources/js/shared/LinkedStickyNoteCore.ts; resources/js/workbench/LibraryNotesLens.vue; resources/js/workbench/StickyNoteHost.vue; resources/js/workbench/StickyNoteEditorSurface.vue; resources/js/workbench/BlockContextMenu.vue; resources/js/workbench/LibraryWorkspace.vue; resources/js/workbench/StructuredEditor.vue; resources/js/workbench/context.ts; resources/js/workbench/Workbench.vue; resources/js/tests/ProductionForgeCore.spec.ts; resources/js/tests/ProductionForgeIntegration.spec.ts,OWNER-ADJ-PROD-NOTES-001: Do not repurpose WorkspaceMemoryCore.note; do not fork StructuredContentCore/StructuredDocument; do not create a second SemanticCommandCore; do not invent durable Notes schema/API; keep W04 Review/Evidence/Mastery separate.,WRITER_v1.1.4_STATIC_PROVEN; exact mapped Production paths/symbol owners re-inspected; writer_source_tree=acd14514dddbd5e45aeb2fc25fed22560511d8ca; source_manifest_sha256=b5de82d4cb83534bab55de52cf7b2f64fec952e9b97062a294338ed21691edf5; changed-file scope audit=18/18 within Controller-mapped 67-row write scopes; full-matrix file-path existence audit=296/296.,WRITER_v1.1.4_SEMANTIC_REVIEW_EXECUTED against Controller-adjudicated owner graph; no alternate semantic/state/command/style/API owner introduced; Node semantic harness 34/34 PASS where applicable.,Strict TypeScript shared-core compile PASS; strict changed-SFC-script compile PASS; ProductionForgeCore.spec.ts source typecheck PASS; Node semantic harness 34/34 PASS; PHP syntax 211/211 PASS; public/workbench-bootstrap.js syntax PASS; full Vitest/Vite/vue-tsc/ESLint/Prettier suite NOT_RUN_TO_PASS because npm ci timed out and local Node/npm do not match declared engines. Writer-B v1.1.5 anti-loss regression harness 11/11 PASS on baseline and 11/11 PASS on successor; PHP syntax 215/215 PASS. Full project Vitest/Vite/Laravel/PostgreSQL/browser suite remains environment-gated where applicable.,SELECTIVE_NODE_SEMANTIC_RUNTIME_34_34_PASS_WHERE_APPLICABLE; FULL_VUE_LARAVEL_POSTGRESQL_RUNTIME_UNPROVEN,UNPROVEN_EXACT_ROUTE; system Chromium 144 headless smoke test timed out even on a minimal data URL; Playwright browser binary unavailable; no browser PASS promoted,UNPROVEN_POST_CHANGE_VISUAL; system Chromium harness and minimal smoke both timed out; no candidate-bound screenshot PASS promoted,STATIC_SOURCE_PROVEN; mapped wide/~1024/narrow policies inspected; real browser responsive/200% proof remains UNPROVEN,STATIC_SOURCE_PROVEN_PARTIAL; keyboard/focus owners and SFC scripts compile; real browser/assistive-technology proof remains UNPROVEN,STATIC_SOURCE_PROVEN_PARTIAL; logical properties/direction owners inspected; real mixed Arabic/LTR caret/selection browser matrix remains UNPROVEN,EXACT_PLANNED_OWNER_CONTROLLER_ADJUDICATED,TRANSFERRED_WITH_PRODUCTION_ADAPTATION,P1,TRANSFERRED_WITH_PRODUCTION_ADAPTATION,WRITER_v1.1.4: mapped capability source implementation is present under the exact Controller owner graph; available static/semantic tests pass; no broader runtime/browser claim is implied.,SOURCE_IMPLEMENTED_AVAILABLE_ASSURANCE_PASS,Writer-B post-zero-orphan bounded parity successor; source manifest ec9d022617f1a88c6f39ea175407a68d77fe5d2f65effb457f73755f0465f3e6; patch 95b109a121a44a72121ae659a7fe084995674dc31b9f2e315d8e2168c682a6ff; 31/31 semantic harness; strict TS core/SFC scripts PASS; PHP syntax 211/211; no GitHub/Drive mutation.,"Current note owner is a different local revision annotation; exact new destination architecture is not adjudicated.; Accepted Blueprint names note.new + NoteContextBinding/StickyNoteHost, but current Production has no exact linked-note owner/file/symbol.; Boundary is exact; absent providers remain explicitly authority/provider-gated, not guessed. | Destination ownership resolved by OWNER-ADJ-PROD-NOTES-001. Mapping gate may pass; capability remains unimplemented/partial until bounded Writer execution.",v1.1.5_PRE_COLAB_SOURCE_COMPLETE_CANDIDATE,e59c0378da507faa4cc5eebcf5996e194fbb1fb3,95be84b206fff97b95665b8192ce6f99f193f1299d79e4997ee719fe596f0008
W03-LIB-001,CEP_LIBRARY_EDITOR_FINAL_REQUIREMENT_PRESERVATION_CROSSWALK_v1.2.17_ACCEPTED.json + CEP_LIBRARY_EDITOR_EXECUTABLE_BLUEPRINT_v1.2.17_ACCEPTED_DESIGN_REFERENCE.html,W03-LIB-001,script#requirement-reconciliation-ledger :: W03-LIB-001 :: STR-001,Direct exact-candidate closure required by Owner Direct Review 02.,Library hierarchy representation,LibraryHierarchyProjector + route selection,tree navigation/search,LibraryHierarchyTree + LibraryWorkspace LEFT,DOMAIN_ADAPTER,LOCAL_WRITER_COPY same-lineage; Writer-B v1.1.5_PRE_COLAB_SOURCE_COMPLETE_CANDIDATE; sole baseline v1.1.4 preserved; no GitHub/governed-Drive mutation,writer_source_tree=e59c0378da507faa4cc5eebcf5996e194fbb1fb3; source_manifest_sha256=95be84b206fff97b95665b8192ce6f99f193f1299d79e4997ee719fe596f0008; baseline_v1.1.4_zip_sha256=5954e55db93411293cacb28b4082f54cf53fe8fc3950e9e56ad36cf97b82d636,app/Modules/Knowledge/Application/Library/LibraryHierarchyProjector.php; resources/js/pages/KnowledgeLearning/components/library/LibraryHierarchyTree.vue; resources/js/workbench/LibraryWorkspace.vue,LibraryHierarchyProjector.project; LibraryHierarchyTree; template #left,N/A,W02 Library/Learn workbench,bounded local candidate only,NONE_IDENTIFIED_IN_CURRENT_CONTROLLER_MAPPING,WRITER_v1.1.4_STATIC_PROVEN; exact mapped Production paths/symbol owners re-inspected; writer_source_tree=acd14514dddbd5e45aeb2fc25fed22560511d8ca; source_manifest_sha256=b5de82d4cb83534bab55de52cf7b2f64fec952e9b97062a294338ed21691edf5; changed-file scope audit=18/18 within Controller-mapped 67-row write scopes; full-matrix file-path existence audit=296/296.,WRITER_v1.1.4_SEMANTIC_REVIEW_EXECUTED against Controller-adjudicated owner graph; no alternate semantic/state/command/style/API owner introduced; Node semantic harness 34/34 PASS where applicable.,Strict TypeScript shared-core compile PASS; strict changed-SFC-script compile PASS; ProductionForgeCore.spec.ts source typecheck PASS; Node semantic harness 34/34 PASS; PHP syntax 211/211 PASS; public/workbench-bootstrap.js syntax PASS; full Vitest/Vite/vue-tsc/ESLint/Prettier suite NOT_RUN_TO_PASS because npm ci timed out and local Node/npm do not match declared engines. Writer-B v1.1.5 anti-loss regression harness 11/11 PASS on baseline and 11/11 PASS on successor; PHP syntax 215/215 PASS. Full project Vitest/Vite/Laravel/PostgreSQL/browser suite remains environment-gated where applicable.,SELECTIVE_NODE_SEMANTIC_RUNTIME_34_34_PASS_WHERE_APPLICABLE; FULL_VUE_LARAVEL_POSTGRESQL_RUNTIME_UNPROVEN,UNPROVEN_EXACT_ROUTE; system Chromium 144 headless smoke test timed out even on a minimal data URL; Playwright browser binary unavailable; no browser PASS promoted,UNPROVEN_POST_CHANGE_VISUAL; system Chromium harness and minimal smoke both timed out; no candidate-bound screenshot PASS promoted,STATIC_SOURCE_PROVEN; mapped wide/~1024/narrow policies inspected; real browser responsive/200% proof remains UNPROVEN,STATIC_SOURCE_PROVEN_PARTIAL; keyboard/focus owners and SFC scripts compile; real browser/assistive-technology proof remains UNPROVEN,STATIC_SOURCE_PROVEN_PARTIAL; logical properties/direction owners inspected; real mixed Arabic/LTR caret/selection browser matrix remains UNPROVEN,EXACT_CURRENT_OWNER_OR_GOVERNANCE_ROW,RUNTIME_UNPROVEN,P0/P1,RUNTIME_UNPROVEN,WRITER_v1.1.4: mapped source implementation is present and static/semantic checks pass; required framework or real-browser runtime evidence remains open and is not promoted.,SOURCE_IMPLEMENTED_RUNTIME_PROOF_OPEN,Writer-B post-zero-orphan bounded parity successor; source manifest ec9d022617f1a88c6f39ea175407a68d77fe5d2f65effb457f73755f0465f3e6; patch 95b109a121a44a72121ae659a7fe084995674dc31b9f2e315d8e2168c682a6ff; 31/31 semantic harness; strict TS core/SFC scripts PASS; PHP syntax 211/211; no GitHub/Drive mutation.,"Missing hierarchy context remains explicit unresolved technical fallback, not fabricated localized title.",v1.1.5_PRE_COLAB_SOURCE_COMPLETE_CANDIDATE,e59c0378da507faa4cc5eebcf5996e194fbb1fb3,95be84b206fff97b95665b8192ce6f99f193f1299d79e4997ee719fe596f0008
W03-LIB-002,CEP_LIBRARY_EDITOR_FINAL_REQUIREMENT_PRESERVATION_CROSSWALK_v1.2.17_ACCEPTED.json + CEP_LIBRARY_EDITOR_EXECUTABLE_BLUEPRINT_v1.2.17_ACCEPTED_DESIGN_REFERENCE.html,W03-LIB-002,script#requirement-reconciliation-ledger :: W03-LIB-002 :: CTX-001,Direct exact-candidate closure required by Owner Direct Review 02.,One Library context owner,selected/inspected block projection,context inspect actions,LibraryWorkspace #right via WorkspaceFrame,DOMAIN_ADAPTER,LOCAL_WRITER_COPY same-lineage; Writer-B v1.1.5_PRE_COLAB_SOURCE_COMPLETE_CANDIDATE; sole baseline v1.1.4 preserved; no GitHub/governed-Drive mutation,writer_source_tree=e59c0378da507faa4cc5eebcf5996e194fbb1fb3; source_manifest_sha256=95be84b206fff97b95665b8192ce6f99f193f1299d79e4997ee719fe596f0008; baseline_v1.1.4_zip_sha256=5954e55db93411293cacb28b4082f54cf53fe8fc3950e9e56ad36cf97b82d636,resources/js/workbench/LibraryWorkspace.vue; resources/js/workbench/WorkspaceFrame.vue,template #right; selected; inspectedBlockId; contextPanel,N/A,W02 Library/Learn workbench,bounded local candidate only,NONE_IDENTIFIED_IN_CURRENT_CONTROLLER_MAPPING,WRITER_v1.1.4_STATIC_PROVEN; exact mapped Production paths/symbol owners re-inspected; writer_source_tree=acd14514dddbd5e45aeb2fc25fed22560511d8ca; source_manifest_sha256=b5de82d4cb83534bab55de52cf7b2f64fec952e9b97062a294338ed21691edf5; changed-file scope audit=18/18 within Controller-mapped 67-row write scopes; full-matrix file-path existence audit=296/296.,WRITER_v1.1.4_SEMANTIC_REVIEW_EXECUTED against Controller-adjudicated owner graph; no alternate semantic/state/command/style/API owner introduced; Node semantic harness 34/34 PASS where applicable.,Strict TypeScript shared-core compile PASS; strict changed-SFC-script compile PASS; ProductionForgeCore.spec.ts source typecheck PASS; Node semantic harness 34/34 PASS; PHP syntax 211/211 PASS; public/workbench-bootstrap.js syntax PASS; full Vitest/Vite/vue-tsc/ESLint/Prettier suite NOT_RUN_TO_PASS because npm ci timed out and local Node/npm do not match declared engines. Writer-B v1.1.5 anti-loss regression harness 11/11 PASS on baseline and 11/11 PASS on successor; PHP syntax 215/215 PASS. Full project Vitest/Vite/Laravel/PostgreSQL/browser suite remains environment-gated where applicable.,SELECTIVE_NODE_SEMANTIC_RUNTIME_34_34_PASS_WHERE_APPLICABLE; FULL_VUE_LARAVEL_POSTGRESQL_RUNTIME_UNPROVEN,UNPROVEN_EXACT_ROUTE; system Chromium 144 headless smoke test timed out even on a minimal data URL; Playwright browser binary unavailable; no browser PASS promoted,UNPROVEN_POST_CHANGE_VISUAL; system Chromium harness and minimal smoke both timed out; no candidate-bound screenshot PASS promoted,STATIC_SOURCE_PROVEN; mapped wide/~1024/narrow policies inspected; real browser responsive/200% proof remains UNPROVEN,STATIC_SOURCE_PROVEN_PARTIAL; keyboard/focus owners and SFC scripts compile; real browser/assistive-technology proof remains UNPROVEN,STATIC_SOURCE_PROVEN_PARTIAL; logical properties/direction owners inspected; real mixed Arabic/LTR caret/selection browser matrix remains UNPROVEN,EXACT_CURRENT_OWNER_OR_GOVERNANCE_ROW,RUNTIME_UNPROVEN,P0/P1,RUNTIME_UNPROVEN,WRITER_v1.1.4: mapped source implementation is present and static/semantic checks pass; required framework or real-browser runtime evidence remains open and is not promoted.,SOURCE_IMPLEMENTED_RUNTIME_PROOF_OPEN,Writer-B post-zero-orphan bounded parity successor; source manifest ec9d022617f1a88c6f39ea175407a68d77fe5d2f65effb457f73755f0465f3e6; patch 95b109a121a44a72121ae659a7fe084995674dc31b9f2e315d8e2168c682a6ff; 31/31 semantic harness; strict TS core/SFC scripts PASS; PHP syntax 211/211; no GitHub/Drive mutation.,Exact one-owner location exists; full lens host/tabs are incomplete.,v1.1.5_PRE_COLAB_SOURCE_COMPLETE_CANDIDATE,e59c0378da507faa4cc5eebcf5996e194fbb1fb3,95be84b206fff97b95665b8192ce6f99f193f1299d79e4997ee719fe596f0008
W03-LIB-003,CEP_LIBRARY_EDITOR_FINAL_REQUIREMENT_PRESERVATION_CROSSWALK_v1.2.17_ACCEPTED.json + CEP_LIBRARY_EDITOR_EXECUTABLE_BLUEPRINT_v1.2.17_ACCEPTED_DESIGN_REFERENCE.html,W03-LIB-003,script#requirement-reconciliation-ledger :: W03-LIB-003 :: TOGGLE-001; DRAG-001; HIST-001,Direct exact-candidate closure required by Owner Direct Review 02.,Toggle/container semantics; Structural movement; Structured history,StructuredDocument + contract; StructuredDocument; StructuredDocument history/cursor,toggle/open/body/indent; block.move; history undo/redo,StructuredEditor; StructuredEditor block rows; StructuredEditor toolbar/keyboard,SHARED_CORE,LOCAL_WRITER_COPY same-lineage; Writer-B v1.1.5_PRE_COLAB_SOURCE_COMPLETE_CANDIDATE; sole baseline v1.1.4 preserved; no GitHub/governed-Drive mutation,writer_source_tree=e59c0378da507faa4cc5eebcf5996e194fbb1fb3; source_manifest_sha256=95be84b206fff97b95665b8192ce6f99f193f1299d79e4997ee719fe596f0008; baseline_v1.1.4_zip_sha256=5954e55db93411293cacb28b4082f54cf53fe8fc3950e9e56ad36cf97b82d636,resources/js/shared/StructuredContentCore.ts; resources/js/workbench/StructuredEditor.vue; app/Modules/Knowledge/Content/LessonContentContract.php,childAdmittingBlockTypes; StructuredDocument.enter/indent/insert; toggle; CHILD_ADMITTING_TYPES; StructuredDocument.move; block-row; StructuredDocument.transact/undo/redo; key,N/A,W02 Library/Learn workbench,bounded local candidate only,NONE_IDENTIFIED_IN_CURRENT_CONTROLLER_MAPPING,WRITER_v1.1.4_STATIC_PROVEN; exact mapped Production paths/symbol owners re-inspected; writer_source_tree=acd14514dddbd5e45aeb2fc25fed22560511d8ca; source_manifest_sha256=b5de82d4cb83534bab55de52cf7b2f64fec952e9b97062a294338ed21691edf5; changed-file scope audit=18/18 within Controller-mapped 67-row write scopes; full-matrix file-path existence audit=296/296.,WRITER_v1.1.4_SEMANTIC_REVIEW_EXECUTED against Controller-adjudicated owner graph; no alternate semantic/state/command/style/API owner introduced; Node semantic harness 34/34 PASS where applicable.,Strict TypeScript shared-core compile PASS; strict changed-SFC-script compile PASS; ProductionForgeCore.spec.ts source typecheck PASS; Node semantic harness 34/34 PASS; PHP syntax 211/211 PASS; public/workbench-bootstrap.js syntax PASS; full Vitest/Vite/vue-tsc/ESLint/Prettier suite NOT_RUN_TO_PASS because npm ci timed out and local Node/npm do not match declared engines. Writer-B v1.1.5 anti-loss regression harness 11/11 PASS on baseline and 11/11 PASS on successor; PHP syntax 215/215 PASS. Full project Vitest/Vite/Laravel/PostgreSQL/browser suite remains environment-gated where applicable.,SELECTIVE_NODE_SEMANTIC_RUNTIME_34_34_PASS_WHERE_APPLICABLE; FULL_VUE_LARAVEL_POSTGRESQL_RUNTIME_UNPROVEN,UNPROVEN_EXACT_ROUTE; system Chromium 144 headless smoke test timed out even on a minimal data URL; Playwright browser binary unavailable; no browser PASS promoted,UNPROVEN_POST_CHANGE_VISUAL; system Chromium harness and minimal smoke both timed out; no candidate-bound screenshot PASS promoted,STATIC_SOURCE_PROVEN; mapped wide/~1024/narrow policies inspected; real browser responsive/200% proof remains UNPROVEN,STATIC_SOURCE_PROVEN_PARTIAL; keyboard/focus owners and SFC scripts compile; real browser/assistive-technology proof remains UNPROVEN,STATIC_SOURCE_PROVEN_PARTIAL; logical properties/direction owners inspected; real mixed Arabic/LTR caret/selection browser matrix remains UNPROVEN,EXACT_CURRENT_OWNER_OR_GOVERNANCE_ROW,RUNTIME_UNPROVEN,P0/P1,RUNTIME_UNPROVEN,WRITER_v1.1.4: mapped source implementation is present and static/semantic checks pass; required framework or real-browser runtime evidence remains open and is not promoted.,SOURCE_IMPLEMENTED_RUNTIME_PROOF_OPEN,Writer-B post-zero-orphan bounded parity successor; source manifest ec9d022617f1a88c6f39ea175407a68d77fe5d2f65effb457f73755f0465f3e6; patch 95b109a121a44a72121ae659a7fe084995674dc31b9f2e315d8e2168c682a6ff; 31/31 semantic harness; strict TS core/SFC scripts PASS; PHP syntax 211/211; no GitHub/Drive mutation.,Pointer drag/reorder/autoscroll/cancel adapter missing.; Logical content restoration exists; caret bookmark restoration is missing.,v1.1.5_PRE_COLAB_SOURCE_COMPLETE_CANDIDATE,e59c0378da507faa4cc5eebcf5996e194fbb1fb3,95be84b206fff97b95665b8192ce6f99f193f1299d79e4997ee719fe596f0008
W03-LIB-004,CEP_LIBRARY_EDITOR_FINAL_REQUIREMENT_PRESERVATION_CROSSWALK_v1.2.17_ACCEPTED.json + CEP_LIBRARY_EDITOR_EXECUTABLE_BLUEPRINT_v1.2.17_ACCEPTED_DESIGN_REFERENCE.html,W03-LIB-004,script#requirement-reconciliation-ledger :: W03-LIB-004 :: NEST-001; GUTTER-001; CSS-001,Direct exact-candidate closure required by Owner Direct Review 02.,Block nesting; Block gutter/insertion; Workbench presentation grammar,StructuredDocument; StructuredEditor transient insertion; presentation only,indent/outdent; insertion.open -> block.insert; N/A,StructuredEditor; StructuredEditor block-gutter; workbench.css/app.css,SHARED_CORE; DOMAIN_ADAPTER,LOCAL_WRITER_COPY same-lineage; Writer-B v1.1.5_PRE_COLAB_SOURCE_COMPLETE_CANDIDATE; sole baseline v1.1.4 preserved; no GitHub/governed-Drive mutation,writer_source_tree=e59c0378da507faa4cc5eebcf5996e194fbb1fb3; source_manifest_sha256=95be84b206fff97b95665b8192ce6f99f193f1299d79e4997ee719fe596f0008; baseline_v1.1.4_zip_sha256=5954e55db93411293cacb28b4082f54cf53fe8fc3950e9e56ad36cf97b82d636,resources/js/shared/StructuredContentCore.ts; resources/js/workbench/StructuredEditor.vue; resources/css/workbench.css; resources/css/app.css,StructuredDocument.indent; childAdmittingBlockTypes; block-gutter; openInsertion; insert; workbench layer; legacy-shell scope,N/A,W02 Library/Learn workbench,bounded local candidate only,NONE_IDENTIFIED_IN_CURRENT_CONTROLLER_MAPPING,WRITER_v1.1.4_STATIC_PROVEN; exact mapped Production paths/symbol owners re-inspected; writer_source_tree=acd14514dddbd5e45aeb2fc25fed22560511d8ca; source_manifest_sha256=b5de82d4cb83534bab55de52cf7b2f64fec952e9b97062a294338ed21691edf5; changed-file scope audit=18/18 within Controller-mapped 67-row write scopes; full-matrix file-path existence audit=296/296.,WRITER_v1.1.4_SEMANTIC_REVIEW_EXECUTED against Controller-adjudicated owner graph; no alternate semantic/state/command/style/API owner introduced; Node semantic harness 34/34 PASS where applicable.,Strict TypeScript shared-core compile PASS; strict changed-SFC-script compile PASS; ProductionForgeCore.spec.ts source typecheck PASS; Node semantic harness 34/34 PASS; PHP syntax 211/211 PASS; public/workbench-bootstrap.js syntax PASS; full Vitest/Vite/vue-tsc/ESLint/Prettier suite NOT_RUN_TO_PASS because npm ci timed out and local Node/npm do not match declared engines. Writer-B v1.1.5 anti-loss regression harness 11/11 PASS on baseline and 11/11 PASS on successor; PHP syntax 215/215 PASS. Full project Vitest/Vite/Laravel/PostgreSQL/browser suite remains environment-gated where applicable.,SELECTIVE_NODE_SEMANTIC_RUNTIME_34_34_PASS_WHERE_APPLICABLE; FULL_VUE_LARAVEL_POSTGRESQL_RUNTIME_UNPROVEN,UNPROVEN_EXACT_ROUTE; system Chromium 144 headless smoke test timed out even on a minimal data URL; Playwright browser binary unavailable; no browser PASS promoted,UNPROVEN_POST_CHANGE_VISUAL; system Chromium harness and minimal smoke both timed out; no candidate-bound screenshot PASS promoted,STATIC_SOURCE_PROVEN; mapped wide/~1024/narrow policies inspected; real browser responsive/200% proof remains UNPROVEN,STATIC_SOURCE_PROVEN_PARTIAL; keyboard/focus owners and SFC scripts compile; real browser/assistive-technology proof remains UNPROVEN,STATIC_SOURCE_PROVEN_PARTIAL; logical properties/direction owners inspected; real mixed Arabic/LTR caret/selection browser matrix remains UNPROVEN,EXACT_CURRENT_OWNER_OR_GOVERNANCE_ROW,VISUAL_UNPROVEN,P0/P1,VISUAL_UNPROVEN,WRITER_v1.1.4: mapped source implementation is present; source/responsive semantics are statically inspected; fresh post-change visual proof remains unavailable because the browser renderer is environment-blocked.,SOURCE_IMPLEMENTED_VISUAL_PROOF_OPEN,Writer-B post-zero-orphan bounded parity successor; source manifest ec9d022617f1a88c6f39ea175407a68d77fe5d2f65effb457f73755f0465f3e6; patch 95b109a121a44a72121ae659a7fe084995674dc31b9f2e315d8e2168c682a6ff; 31/31 semantic harness; strict TS core/SFC scripts PASS; PHP syntax 211/211; no GitHub/Drive mutation.,NO_HISTORICAL_CONTROLLER_NOTES,v1.1.5_PRE_COLAB_SOURCE_COMPLETE_CANDIDATE,e59c0378da507faa4cc5eebcf5996e194fbb1fb3,95be84b206fff97b95665b8192ce6f99f193f1299d79e4997ee719fe596f0008
W03-LIB-005,CEP_LIBRARY_EDITOR_FINAL_REQUIREMENT_PRESERVATION_CROSSWALK_v1.2.17_ACCEPTED.json + CEP_LIBRARY_EDITOR_EXECUTABLE_BLUEPRINT_v1.2.17_ACCEPTED_DESIGN_REFERENCE.html,W03-LIB-005,script#requirement-reconciliation-ledger :: W03-LIB-005 :: GUTTER-001; EDITOR-002,Direct exact-candidate closure required by Owner Direct Review 02.,Block gutter/insertion; Structured insertion,StructuredEditor transient insertion; StructuredDocument,insertion.open -> block.insert; block.insert / insertion.open,StructuredEditor block-gutter; StructuredEditor,DOMAIN_ADAPTER; SHARED_CORE,LOCAL_WRITER_COPY same-lineage; Writer-B v1.1.5_PRE_COLAB_SOURCE_COMPLETE_CANDIDATE; sole baseline v1.1.4 preserved; no GitHub/governed-Drive mutation,writer_source_tree=e59c0378da507faa4cc5eebcf5996e194fbb1fb3; source_manifest_sha256=95be84b206fff97b95665b8192ce6f99f193f1299d79e4997ee719fe596f0008; baseline_v1.1.4_zip_sha256=5954e55db93411293cacb28b4082f54cf53fe8fc3950e9e56ad36cf97b82d636,resources/js/workbench/StructuredEditor.vue; resources/js/shared/StructuredContentCore.ts,block-gutter; openInsertion; insert; StructuredDocument.insert,N/A,W02 Library/Learn workbench,bounded local candidate only,NONE_IDENTIFIED_IN_CURRENT_CONTROLLER_MAPPING,WRITER_v1.1.4_STATIC_PROVEN; exact mapped Production paths/symbol owners re-inspected; writer_source_tree=acd14514dddbd5e45aeb2fc25fed22560511d8ca; source_manifest_sha256=b5de82d4cb83534bab55de52cf7b2f64fec952e9b97062a294338ed21691edf5; changed-file scope audit=18/18 within Controller-mapped 67-row write scopes; full-matrix file-path existence audit=296/296.,WRITER_v1.1.4_SEMANTIC_REVIEW_EXECUTED against Controller-adjudicated owner graph; no alternate semantic/state/command/style/API owner introduced; Node semantic harness 34/34 PASS where applicable.,Strict TypeScript shared-core compile PASS; strict changed-SFC-script compile PASS; ProductionForgeCore.spec.ts source typecheck PASS; Node semantic harness 34/34 PASS; PHP syntax 211/211 PASS; public/workbench-bootstrap.js syntax PASS; full Vitest/Vite/vue-tsc/ESLint/Prettier suite NOT_RUN_TO_PASS because npm ci timed out and local Node/npm do not match declared engines. Writer-B v1.1.5 anti-loss regression harness 11/11 PASS on baseline and 11/11 PASS on successor; PHP syntax 215/215 PASS. Full project Vitest/Vite/Laravel/PostgreSQL/browser suite remains environment-gated where applicable.,SELECTIVE_NODE_SEMANTIC_RUNTIME_34_34_PASS_WHERE_APPLICABLE; FULL_VUE_LARAVEL_POSTGRESQL_RUNTIME_UNPROVEN,UNPROVEN_EXACT_ROUTE; system Chromium 144 headless smoke test timed out even on a minimal data URL; Playwright browser binary unavailable; no browser PASS promoted,UNPROVEN_POST_CHANGE_VISUAL; system Chromium harness and minimal smoke both timed out; no candidate-bound screenshot PASS promoted,STATIC_SOURCE_PROVEN; mapped wide/~1024/narrow policies inspected; real browser responsive/200% proof remains UNPROVEN,STATIC_SOURCE_PROVEN_PARTIAL; keyboard/focus owners and SFC scripts compile; real browser/assistive-technology proof remains UNPROVEN,STATIC_SOURCE_PROVEN_PARTIAL; logical properties/direction owners inspected; real mixed Arabic/LTR caret/selection browser matrix remains UNPROVEN,EXACT_CURRENT_OWNER_OR_GOVERNANCE_ROW,TRANSFERRED_WITH_PRODUCTION_ADAPTATION,P0/P1,TRANSFERRED_WITH_PRODUCTION_ADAPTATION,WRITER_v1.1.4: mapped capability source implementation is present under the exact Controller owner graph; available static/semantic tests pass; no broader runtime/browser claim is implied.,SOURCE_IMPLEMENTED_AVAILABLE_ASSURANCE_PASS,Writer-B post-zero-orphan bounded parity successor; source manifest ec9d022617f1a88c6f39ea175407a68d77fe5d2f65effb457f73755f0465f3e6; patch 95b109a121a44a72121ae659a7fe084995674dc31b9f2e315d8e2168c682a6ff; 31/31 semantic harness; strict TS core/SFC scripts PASS; PHP syntax 211/211; no GitHub/Drive mutation.,NO_HISTORICAL_CONTROLLER_NOTES,v1.1.5_PRE_COLAB_SOURCE_COMPLETE_CANDIDATE,e59c0378da507faa4cc5eebcf5996e194fbb1fb3,95be84b206fff97b95665b8192ce6f99f193f1299d79e4997ee719fe596f0008
W03-LIB-006,CEP_LIBRARY_EDITOR_FINAL_REQUIREMENT_PRESERVATION_CROSSWALK_v1.2.17_ACCEPTED.json + CEP_LIBRARY_EDITOR_EXECUTABLE_BLUEPRINT_v1.2.17_ACCEPTED_DESIGN_REFERENCE.html,W03-LIB-006,script#requirement-reconciliation-ledger :: W03-LIB-006 :: GUTTER-001; MENU-001,Direct exact-candidate closure required by Owner Direct Review 02.,Block gutter/insertion; Block command surface,StructuredEditor transient insertion; StructuredEditor transient target + selection,insertion.open -> block.insert; block.* via StructuredDocument,StructuredEditor block-gutter; StructuredEditor contextmenu surface,DOMAIN_ADAPTER,LOCAL_WRITER_COPY same-lineage; Writer-B v1.1.5_PRE_COLAB_SOURCE_COMPLETE_CANDIDATE; sole baseline v1.1.4 preserved; no GitHub/governed-Drive mutation,writer_source_tree=e59c0378da507faa4cc5eebcf5996e194fbb1fb3; source_manifest_sha256=95be84b206fff97b95665b8192ce6f99f193f1299d79e4997ee719fe596f0008; baseline_v1.1.4_zip_sha256=5954e55db93411293cacb28b4082f54cf53fe8fc3950e9e56ad36cf97b82d636,resources/js/workbench/StructuredEditor.vue; resources/js/shared/StructuredContentCore.ts,block-gutter; openInsertion; insert; @contextmenu; document.select; run; StructuredDocument methods,N/A,W02 Library/Learn workbench,bounded local candidate only,NONE_IDENTIFIED_IN_CURRENT_CONTROLLER_MAPPING,WRITER_v1.1.4_STATIC_PROVEN; exact mapped Production paths/symbol owners re-inspected; writer_source_tree=acd14514dddbd5e45aeb2fc25fed22560511d8ca; source_manifest_sha256=b5de82d4cb83534bab55de52cf7b2f64fec952e9b97062a294338ed21691edf5; changed-file scope audit=18/18 within Controller-mapped 67-row write scopes; full-matrix file-path existence audit=296/296.,WRITER_v1.1.4_SEMANTIC_REVIEW_EXECUTED against Controller-adjudicated owner graph; no alternate semantic/state/command/style/API owner introduced; Node semantic harness 34/34 PASS where applicable.,Strict TypeScript shared-core compile PASS; strict changed-SFC-script compile PASS; ProductionForgeCore.spec.ts source typecheck PASS; Node semantic harness 34/34 PASS; PHP syntax 211/211 PASS; public/workbench-bootstrap.js syntax PASS; full Vitest/Vite/vue-tsc/ESLint/Prettier suite NOT_RUN_TO_PASS because npm ci timed out and local Node/npm do not match declared engines. Writer-B v1.1.5 anti-loss regression harness 11/11 PASS on baseline and 11/11 PASS on successor; PHP syntax 215/215 PASS. Full project Vitest/Vite/Laravel/PostgreSQL/browser suite remains environment-gated where applicable.,SELECTIVE_NODE_SEMANTIC_RUNTIME_34_34_PASS_WHERE_APPLICABLE; FULL_VUE_LARAVEL_POSTGRESQL_RUNTIME_UNPROVEN,UNPROVEN_EXACT_ROUTE; system Chromium 144 headless smoke test timed out even on a minimal data URL; Playwright browser binary unavailable; no browser PASS promoted,UNPROVEN_POST_CHANGE_VISUAL; system Chromium harness and minimal smoke both timed out; no candidate-bound screenshot PASS promoted,STATIC_SOURCE_PROVEN; mapped wide/~1024/narrow policies inspected; real browser responsive/200% proof remains UNPROVEN,STATIC_SOURCE_PROVEN_PARTIAL; keyboard/focus owners and SFC scripts compile; real browser/assistive-technology proof remains UNPROVEN,STATIC_SOURCE_PROVEN_PARTIAL; logical properties/direction owners inspected; real mixed Arabic/LTR caret/selection browser matrix remains UNPROVEN,EXACT_CURRENT_OWNER_OR_GOVERNANCE_ROW,RUNTIME_UNPROVEN,P0/P1,RUNTIME_UNPROVEN,WRITER_v1.1.4: mapped source implementation is present and static/semantic checks pass; required framework or real-browser runtime evidence remains open and is not promoted.,SOURCE_IMPLEMENTED_RUNTIME_PROOF_OPEN,Writer-B post-zero-orphan bounded parity successor; source manifest ec9d022617f1a88c6f39ea175407a68d77fe5d2f65effb457f73755f0465f3e6; patch 95b109a121a44a72121ae659a7fe084995674dc31b9f2e315d8e2168c682a6ff; 31/31 semantic harness; strict TS core/SFC scripts PASS; PHP syntax 211/211; no GitHub/Drive mutation.,True grouped BlockContextMenu UI is missing; current semantic destination owner is exact.,v1.1.5_PRE_COLAB_SOURCE_COMPLETE_CANDIDATE,e59c0378da507faa4cc5eebcf5996e194fbb1fb3,95be84b206fff97b95665b8192ce6f99f193f1299d79e4997ee719fe596f0008
W03-LIB-007,CEP_LIBRARY_EDITOR_FINAL_REQUIREMENT_PRESERVATION_CROSSWALK_v1.2.17_ACCEPTED.json + CEP_LIBRARY_EDITOR_EXECUTABLE_BLUEPRINT_v1.2.17_ACCEPTED_DESIGN_REFERENCE.html,W03-LIB-007,script#requirement-reconciliation-ledger :: W03-LIB-007 :: MENU-001; NOTE-ADD-001,Direct exact-candidate closure required by Owner Direct Review 02.,Block command surface + Linked Sticky Note creation,StructuredEditor selection + LinkedStickyNoteCore.NoteContextBinding,Existing SemanticCommandCore: block.* + note.new(context=selected block),BlockContextMenu + StickyNoteHost invocation adapter,EXISTING_SHARED_CORE: StructuredContentCore/SemanticCommandCore + NEW_SHARED_NOTE_CORE: LinkedStickyNoteCore,LOCAL_WRITER_COPY same-lineage; Writer-B v1.1.5_PRE_COLAB_SOURCE_COMPLETE_CANDIDATE; sole baseline v1.1.4 preserved; no GitHub/governed-Drive mutation,writer_source_tree=e59c0378da507faa4cc5eebcf5996e194fbb1fb3; source_manifest_sha256=95be84b206fff97b95665b8192ce6f99f193f1299d79e4997ee719fe596f0008; baseline_v1.1.4_zip_sha256=5954e55db93411293cacb28b4082f54cf53fe8fc3950e9e56ad36cf97b82d636,resources/js/workbench/StructuredEditor.vue; resources/js/workbench/BlockContextMenu.vue; resources/js/shared/LinkedStickyNoteCore.ts; resources/js/shared/SemanticCommandCore.ts; resources/js/shared/StructuredContentCore.ts; resources/js/workbench/LibraryWorkspace.vue; resources/js/workbench/context.ts; resources/js/workbench/Workbench.vue,StructuredEditor context target; BlockContextMenu; LinkedStickyNoteCore.create; WorkbenchContext.commands,LinkedStickyNoteCore local/browser working-state storage only; durable server Notes API/schema AUTHORITY_GATED; OS always-on-top PLATFORM_GATED,W02 Library route: active object/revision + selected block/selection → immutable NoteContextBinding; no canonical Notes backend route is invented,resources/js/shared/LinkedStickyNoteCore.ts; resources/js/workbench/LibraryNotesLens.vue; resources/js/workbench/StickyNoteHost.vue; resources/js/workbench/StickyNoteEditorSurface.vue; resources/js/workbench/BlockContextMenu.vue; resources/js/workbench/LibraryWorkspace.vue; resources/js/workbench/StructuredEditor.vue; resources/js/workbench/context.ts; resources/js/workbench/Workbench.vue; resources/js/tests/ProductionForgeCore.spec.ts; resources/js/tests/ProductionForgeIntegration.spec.ts,OWNER-ADJ-PROD-NOTES-001: Do not repurpose WorkspaceMemoryCore.note; do not fork StructuredContentCore/StructuredDocument; do not create a second SemanticCommandCore; do not invent durable Notes schema/API; keep W04 Review/Evidence/Mastery separate.,WRITER_v1.1.4_STATIC_PROVEN; exact mapped Production paths/symbol owners re-inspected; writer_source_tree=acd14514dddbd5e45aeb2fc25fed22560511d8ca; source_manifest_sha256=b5de82d4cb83534bab55de52cf7b2f64fec952e9b97062a294338ed21691edf5; changed-file scope audit=18/18 within Controller-mapped 67-row write scopes; full-matrix file-path existence audit=296/296.,WRITER_v1.1.4_SEMANTIC_REVIEW_EXECUTED against Controller-adjudicated owner graph; no alternate semantic/state/command/style/API owner introduced; Node semantic harness 34/34 PASS where applicable.,Strict TypeScript shared-core compile PASS; strict changed-SFC-script compile PASS; ProductionForgeCore.spec.ts source typecheck PASS; Node semantic harness 34/34 PASS; PHP syntax 211/211 PASS; public/workbench-bootstrap.js syntax PASS; full Vitest/Vite/vue-tsc/ESLint/Prettier suite NOT_RUN_TO_PASS because npm ci timed out and local Node/npm do not match declared engines. Writer-B v1.1.5 anti-loss regression harness 11/11 PASS on baseline and 11/11 PASS on successor; PHP syntax 215/215 PASS. Full project Vitest/Vite/Laravel/PostgreSQL/browser suite remains environment-gated where applicable.,SELECTIVE_NODE_SEMANTIC_RUNTIME_34_34_PASS_WHERE_APPLICABLE; FULL_VUE_LARAVEL_POSTGRESQL_RUNTIME_UNPROVEN,UNPROVEN_EXACT_ROUTE; system Chromium 144 headless smoke test timed out even on a minimal data URL; Playwright browser binary unavailable; no browser PASS promoted,UNPROVEN_POST_CHANGE_VISUAL; system Chromium harness and minimal smoke both timed out; no candidate-bound screenshot PASS promoted,STATIC_SOURCE_PROVEN; mapped wide/~1024/narrow policies inspected; real browser responsive/200% proof remains UNPROVEN,STATIC_SOURCE_PROVEN_PARTIAL; keyboard/focus owners and SFC scripts compile; real browser/assistive-technology proof remains UNPROVEN,STATIC_SOURCE_PROVEN_PARTIAL; logical properties/direction owners inspected; real mixed Arabic/LTR caret/selection browser matrix remains UNPROVEN,EXACT_PLANNED_OWNER_CONTROLLER_ADJUDICATED,RUNTIME_UNPROVEN,P0/P1,RUNTIME_UNPROVEN,WRITER_v1.1.4: mapped source implementation is present and static/semantic checks pass; required framework or real-browser runtime evidence remains open and is not promoted.,SOURCE_IMPLEMENTED_RUNTIME_PROOF_OPEN,Writer-B post-zero-orphan bounded parity successor; source manifest ec9d022617f1a88c6f39ea175407a68d77fe5d2f65effb457f73755f0465f3e6; patch 95b109a121a44a72121ae659a7fe084995674dc31b9f2e315d8e2168c682a6ff; 31/31 semantic harness; strict TS core/SFC scripts PASS; PHP syntax 211/211; no GitHub/Drive mutation.,"True grouped BlockContextMenu UI is missing; current semantic destination owner is exact.; Accepted Blueprint names note.new + NoteContextBinding/StickyNoteHost, but current Production has no exact linked-note owner/file/symbol. | Destination ownership resolved by OWNER-ADJ-PROD-NOTES-001. Mapping gate may pass; capability remains unimplemented/partial until bounded Writer execution.",v1.1.5_PRE_COLAB_SOURCE_COMPLETE_CANDIDATE,e59c0378da507faa4cc5eebcf5996e194fbb1fb3,95be84b206fff97b95665b8192ce6f99f193f1299d79e4997ee719fe596f0008
W03-LIB-008,CEP_LIBRARY_EDITOR_FINAL_REQUIREMENT_PRESERVATION_CROSSWALK_v1.2.17_ACCEPTED.json + CEP_LIBRARY_EDITOR_EXECUTABLE_BLUEPRINT_v1.2.17_ACCEPTED_DESIGN_REFERENCE.html,W03-LIB-008,script#requirement-reconciliation-ledger :: W03-LIB-008 :: SEL-001; BIDI-002; ACTION-001,Direct exact-candidate closure required by Owner Direct Review 02.,CEP_W02_STRUCTURED_CONTENT_V4 canonical inline range marks + existing block direction/alignment/selection semantics,LessonBlock.inline_marks in canonical StructuredDocument working state; persisted in existing lesson_revisions.blocks JSONB; selection state remains transient,StructuredDocument.inlineMark/clearInlineMarks/text mutation transforms + StructuredEditor selection commands; existing SemanticCommandCore routing preserved,StructuredEditor Selection Toolbar + LessonContentRenderer + theme-safe token CSS,EXISTING_SHARED_CORE + EXISTING_W02_DOMAIN_ADAPTER,LOCAL_WRITER_COPY same-lineage; Writer-B v1.1.5_PRE_COLAB_SOURCE_COMPLETE_CANDIDATE; sole baseline v1.1.4 preserved; no GitHub/governed-Drive mutation,writer_source_tree=e59c0378da507faa4cc5eebcf5996e194fbb1fb3; source_manifest_sha256=95be84b206fff97b95665b8192ce6f99f193f1299d79e4997ee719fe596f0008; baseline_v1.1.4_zip_sha256=5954e55db93411293cacb28b4082f54cf53fe8fc3950e9e56ad36cf97b82d636,app/Modules/Knowledge/Content/LessonContentContract.php; resources/js/pages/KnowledgeLearning/components/content/lessonContent.ts; resources/js/shared/StructuredContentCore.ts; resources/js/workbench/StructuredEditor.vue; resources/js/pages/KnowledgeLearning/components/content/LessonContentRenderer.vue; resources/js/shared/ClipboardTrustCore.ts; resources/js/workbench/LibraryWorkspace.vue; resources/css/workbench.css,LessonContentContract V4 normalize/validate; normalizeInlineMarks/applyInlineMark/transformInlineMarksForTextEdit; StructuredDocument inlineMark/clearInlineMarks/replaceRange; StructuredEditor applyInlineStyle; inlineMarkedLessonTokens,"Existing lesson_revisions.blocks JSONB; no new DB column/table; persistent canonical state is inline_marks, never HTML",CEP_W02_STRUCTURED_CONTENT_V4; half-open Unicode code-point offsets; max 256 marks; bounded token palettes; V3 omission backward compatible,Controller adjudication PRECOLAB-001/002/004 exact existing owners only,No second editor model or hidden persistent HTML. VS001/VS002 marked revisions are blocked from legacy mutation under C002-safe boundary.,WRITER_v1.1.5_SOURCE_PROVEN: PRE-COLAB static contract 48/48 PASS; V4 owners/persistence/legacy boundaries present; changed-file scope 35/35 authorized; no alternate persistence architecture.,V4 TypeScript golden vectors 12/12 PASS; PHP V4 golden/invalid/bounds vectors 15/15 PASS; state/history/text-edit harness 10 transitions PASS with exact inline_marks round-trip.,Strict TypeScript V4 core compile PASS; PHP syntax 215/215 PASS; v1.1.4 anti-loss regression 11/11 baseline and 11/11 successor; project framework/browser suites remain separately gated.,SELECTIVE_STANDALONE_SOURCE_RUNTIME_PROVEN for canonical normalization/state transforms; Laravel/PostgreSQL/Vue application runtime remains C025/NODE environment-gated.,UNPROVEN_EXACT_ROUTE / C026,UNPROVEN_POST_CHANGE_CANDIDATE_BROWSER / C026,STATIC_SOURCE_PROVEN; mapped wide/~1024/narrow policies inspected; real browser responsive/200% proof remains UNPROVEN,STATIC_SOURCE_PROVEN_PARTIAL; keyboard/focus owners and SFC scripts compile; real browser/assistive-technology proof remains UNPROVEN,STATIC_SOURCE_PROVEN_PARTIAL; logical properties/direction owners inspected; real mixed Arabic/LTR caret/selection browser matrix remains UNPROVEN,EXACT_CURRENT_OWNER_OR_GOVERNANCE_ROW,RUNTIME_UNPROVEN,P0/P1,RUNTIME_UNPROVEN,Writer v1.1.5 closes the former persistent Color/Highlight/Underline SOURCE CONTRACT through canonical V4 inline_marks. Remaining uncertainty is runtime/browser/DB evidence only; no source/semantic PARTIAL remains for this family.,SOURCE_CONTRACT_IMPLEMENTED_RUNTIME_BROWSER_PROOF_OPEN,PRECOLAB-001/002/004; 48/48 static; TS 12/12; PHP 15/15; state/history 10 PASS; strict tsc PASS; PHP lint 215/215; source_tree=e59c0378da507faa4cc5eebcf5996e194fbb1fb3; manifest=95be84b206fff97b95665b8192ce6f99f193f1299d79e4997ee719fe596f0008,Captured range helpers exist; selection-adjacent toolbar UI and full actions are incomplete.; Shell registry exists; editor action surfaces are not yet fully converged.,v1.1.5_PRE_COLAB_SOURCE_COMPLETE_CANDIDATE,e59c0378da507faa4cc5eebcf5996e194fbb1fb3,95be84b206fff97b95665b8192ce6f99f193f1299d79e4997ee719fe596f0008
W03-LIB-009,CEP_LIBRARY_EDITOR_FINAL_REQUIREMENT_PRESERVATION_CROSSWALK_v1.2.17_ACCEPTED.json + CEP_LIBRARY_EDITOR_EXECUTABLE_BLUEPRINT_v1.2.17_ACCEPTED_DESIGN_REFERENCE.html,W03-LIB-009,script#requirement-reconciliation-ledger :: W03-LIB-009 :: CSS-001; LAYOUT-001; DENSITY-001; QUALITY-001,Direct exact-candidate closure required by Owner Direct Review 02.,Workbench presentation grammar; Document measure presentation; Editor density preference; Writer assurance evidence,presentation only; WorkspaceLayoutCore; GlobalPreferenceCore presentation preference; Review evidence,N/A; layout preference; preference.set; none,workbench.css/app.css; LibraryWorkspace document surface + workbench.css; StructuredEditor/workbench.css; not product-facing,SHARED_CORE; GOVERNANCE,LOCAL_WRITER_COPY same-lineage; Writer-B v1.1.5_PRE_COLAB_SOURCE_COMPLETE_CANDIDATE; sole baseline v1.1.4 preserved; no GitHub/governed-Drive mutation,writer_source_tree=e59c0378da507faa4cc5eebcf5996e194fbb1fb3; source_manifest_sha256=95be84b206fff97b95665b8192ce6f99f193f1299d79e4997ee719fe596f0008; baseline_v1.1.4_zip_sha256=5954e55db93411293cacb28b4082f54cf53fe8fc3950e9e56ad36cf97b82d636,resources/css/workbench.css; resources/css/app.css; resources/js/shared/WorkspaceLayoutCore.ts; resources/js/workbench/LibraryWorkspace.vue; resources/js/shared/GlobalPreferenceCore.ts; resources/js/workbench/StructuredEditor.vue; CEP_LIBRARY_EDITOR_EXECUTABLE_BLUEPRINT_v1.2.17_ACCEPTED_DESIGN_REFERENCE.html,workbench layer; legacy-shell scope; WorkspaceLayoutCore; .document-banner/StructuredEditor center surface; GlobalPreferenceCore preference registry; .structured-editor; writer receipts + review ledgers,N/A,W02 Library/Learn workbench; governance/evidence,bounded local candidate only; evidence only,NONE_IDENTIFIED_IN_CURRENT_CONTROLLER_MAPPING,WRITER_v1.1.4_STATIC_PROVEN; exact mapped Production paths/symbol owners re-inspected; writer_source_tree=acd14514dddbd5e45aeb2fc25fed22560511d8ca; source_manifest_sha256=b5de82d4cb83534bab55de52cf7b2f64fec952e9b97062a294338ed21691edf5; changed-file scope audit=18/18 within Controller-mapped 67-row write scopes; full-matrix file-path existence audit=296/296.,WRITER_v1.1.4_SEMANTIC_REVIEW_EXECUTED against Controller-adjudicated owner graph; no alternate semantic/state/command/style/API owner introduced; Node semantic harness 34/34 PASS where applicable.,Strict TypeScript shared-core compile PASS; strict changed-SFC-script compile PASS; ProductionForgeCore.spec.ts source typecheck PASS; Node semantic harness 34/34 PASS; PHP syntax 211/211 PASS; public/workbench-bootstrap.js syntax PASS; full Vitest/Vite/vue-tsc/ESLint/Prettier suite NOT_RUN_TO_PASS because npm ci timed out and local Node/npm do not match declared engines. Writer-B v1.1.5 anti-loss regression harness 11/11 PASS on baseline and 11/11 PASS on successor; PHP syntax 215/215 PASS. Full project Vitest/Vite/Laravel/PostgreSQL/browser suite remains environment-gated where applicable.,SELECTIVE_NODE_SEMANTIC_RUNTIME_34_34_PASS_WHERE_APPLICABLE; FULL_VUE_LARAVEL_POSTGRESQL_RUNTIME_UNPROVEN,UNPROVEN_EXACT_ROUTE; system Chromium 144 headless smoke test timed out even on a minimal data URL; Playwright browser binary unavailable; no browser PASS promoted,UNPROVEN_POST_CHANGE_VISUAL; system Chromium harness and minimal smoke both timed out; no candidate-bound screenshot PASS promoted,STATIC_SOURCE_PROVEN; mapped wide/~1024/narrow policies inspected; real browser responsive/200% proof remains UNPROVEN,STATIC_SOURCE_PROVEN_PARTIAL; keyboard/focus owners and SFC scripts compile; real browser/assistive-technology proof remains UNPROVEN,STATIC_SOURCE_PROVEN_PARTIAL; logical properties/direction owners inspected; real mixed Arabic/LTR caret/selection browser matrix remains UNPROVEN,EXACT_CURRENT_OWNER_OR_GOVERNANCE_ROW,VISUAL_UNPROVEN,P0/P1,VISUAL_UNPROVEN,WRITER_v1.1.4: mapped source implementation is present; source/responsive semantics are statically inspected; fresh post-change visual proof remains unavailable because the browser renderer is environment-blocked.,SOURCE_IMPLEMENTED_VISUAL_PROOF_OPEN,Writer-B post-zero-orphan bounded parity successor; source manifest ec9d022617f1a88c6f39ea175407a68d77fe5d2f65effb457f73755f0465f3e6; patch 95b109a121a44a72121ae659a7fe084995674dc31b9f2e315d8e2168c682a6ff; 31/31 semantic harness; strict TS core/SFC scripts PASS; PHP syntax 211/211; no GitHub/Drive mutation.,Document width presets/custom preference absent; exact workspace layout owner is established.; Density option absent; preference and render owners are already established.,v1.1.5_PRE_COLAB_SOURCE_COMPLETE_CANDIDATE,e59c0378da507faa4cc5eebcf5996e194fbb1fb3,95be84b206fff97b95665b8192ce6f99f193f1299d79e4997ee719fe596f0008
W03-LIB-010,CEP_LIBRARY_EDITOR_FINAL_REQUIREMENT_PRESERVATION_CROSSWALK_v1.2.17_ACCEPTED.json + CEP_LIBRARY_EDITOR_EXECUTABLE_BLUEPRINT_v1.2.17_ACCEPTED_DESIGN_REFERENCE.html,W03-LIB-010,script#requirement-reconciliation-ledger :: W03-LIB-010 :: NOTES-001; NOTE-ADD-001,Direct exact-candidate closure required by Owner Direct Review 02.,Linked Sticky Notes system,LinkedStickyNoteCore.NoteWorkingState + NoteContextBinding + StickyNoteWindowState,Existing SemanticCommandCore note.*,LibraryNotesLens + StickyNoteHost + StickyNoteEditorSurface,NEW_SHARED_CORE_OWNER: LinkedStickyNoteCore + existing StructuredContentCore/SemanticCommandCore,LOCAL_WRITER_COPY same-lineage; Writer-B v1.1.5_PRE_COLAB_SOURCE_COMPLETE_CANDIDATE; sole baseline v1.1.4 preserved; no GitHub/governed-Drive mutation,writer_source_tree=e59c0378da507faa4cc5eebcf5996e194fbb1fb3; source_manifest_sha256=95be84b206fff97b95665b8192ce6f99f193f1299d79e4997ee719fe596f0008; baseline_v1.1.4_zip_sha256=5954e55db93411293cacb28b4082f54cf53fe8fc3950e9e56ad36cf97b82d636,resources/js/shared/LinkedStickyNoteCore.ts; resources/js/workbench/LibraryNotesLens.vue; resources/js/workbench/StickyNoteHost.vue; resources/js/workbench/StickyNoteEditorSurface.vue; resources/js/workbench/LibraryWorkspace.vue; resources/js/shared/StructuredContentCore.ts; resources/js/shared/SemanticCommandCore.ts; resources/js/workbench/context.ts; resources/js/workbench/Workbench.vue,LinkedStickyNoteCore + Library note presentation adapters,LinkedStickyNoteCore local/browser working-state storage only; durable server Notes API/schema AUTHORITY_GATED; OS always-on-top PLATFORM_GATED,W02 Library route: active object/revision + selected block/selection → immutable NoteContextBinding; no canonical Notes backend route is invented,resources/js/shared/LinkedStickyNoteCore.ts; resources/js/workbench/LibraryNotesLens.vue; resources/js/workbench/StickyNoteHost.vue; resources/js/workbench/StickyNoteEditorSurface.vue; resources/js/workbench/BlockContextMenu.vue; resources/js/workbench/LibraryWorkspace.vue; resources/js/workbench/StructuredEditor.vue; resources/js/workbench/context.ts; resources/js/workbench/Workbench.vue; resources/js/tests/ProductionForgeCore.spec.ts; resources/js/tests/ProductionForgeIntegration.spec.ts,OWNER-ADJ-PROD-NOTES-001: Do not repurpose WorkspaceMemoryCore.note; do not fork StructuredContentCore/StructuredDocument; do not create a second SemanticCommandCore; do not invent durable Notes schema/API; keep W04 Review/Evidence/Mastery separate.,WRITER_v1.1.4_STATIC_PROVEN; exact mapped Production paths/symbol owners re-inspected; writer_source_tree=acd14514dddbd5e45aeb2fc25fed22560511d8ca; source_manifest_sha256=b5de82d4cb83534bab55de52cf7b2f64fec952e9b97062a294338ed21691edf5; changed-file scope audit=18/18 within Controller-mapped 67-row write scopes; full-matrix file-path existence audit=296/296.,WRITER_v1.1.4_SEMANTIC_REVIEW_EXECUTED against Controller-adjudicated owner graph; no alternate semantic/state/command/style/API owner introduced; Node semantic harness 34/34 PASS where applicable.,Strict TypeScript shared-core compile PASS; strict changed-SFC-script compile PASS; ProductionForgeCore.spec.ts source typecheck PASS; Node semantic harness 34/34 PASS; PHP syntax 211/211 PASS; public/workbench-bootstrap.js syntax PASS; full Vitest/Vite/vue-tsc/ESLint/Prettier suite NOT_RUN_TO_PASS because npm ci timed out and local Node/npm do not match declared engines. Writer-B v1.1.5 anti-loss regression harness 11/11 PASS on baseline and 11/11 PASS on successor; PHP syntax 215/215 PASS. Full project Vitest/Vite/Laravel/PostgreSQL/browser suite remains environment-gated where applicable.,SELECTIVE_NODE_SEMANTIC_RUNTIME_34_34_PASS_WHERE_APPLICABLE; FULL_VUE_LARAVEL_POSTGRESQL_RUNTIME_UNPROVEN,UNPROVEN_EXACT_ROUTE; system Chromium 144 headless smoke test timed out even on a minimal data URL; Playwright browser binary unavailable; no browser PASS promoted,UNPROVEN_POST_CHANGE_VISUAL; system Chromium harness and minimal smoke both timed out; no candidate-bound screenshot PASS promoted,STATIC_SOURCE_PROVEN; mapped wide/~1024/narrow policies inspected; real browser responsive/200% proof remains UNPROVEN,STATIC_SOURCE_PROVEN_PARTIAL; keyboard/focus owners and SFC scripts compile; real browser/assistive-technology proof remains UNPROVEN,STATIC_SOURCE_PROVEN_PARTIAL; logical properties/direction owners inspected; real mixed Arabic/LTR caret/selection browser matrix remains UNPROVEN,EXACT_PLANNED_OWNER_CONTROLLER_ADJUDICATED,RUNTIME_UNPROVEN,P0/P1,RUNTIME_UNPROVEN,WRITER_v1.1.4: mapped source implementation is present and static/semantic checks pass; required framework or real-browser runtime evidence remains open and is not promoted.,SOURCE_IMPLEMENTED_RUNTIME_PROOF_OPEN,Writer-B post-zero-orphan bounded parity successor; source manifest ec9d022617f1a88c6f39ea175407a68d77fe5d2f65effb457f73755f0465f3e6; patch 95b109a121a44a72121ae659a7fe084995674dc31b9f2e315d8e2168c682a6ff; 31/31 semantic harness; strict TS core/SFC scripts PASS; PHP syntax 211/211; no GitHub/Drive mutation.,"Current note owner is a different local revision annotation; exact new destination architecture is not adjudicated.; Accepted Blueprint names note.new + NoteContextBinding/StickyNoteHost, but current Production has no exact linked-note owner/file/symbol. | Destination ownership resolved by OWNER-ADJ-PROD-NOTES-001. Mapping gate may pass; capability remains unimplemented/partial until bounded Writer execution.",v1.1.5_PRE_COLAB_SOURCE_COMPLETE_CANDIDATE,e59c0378da507faa4cc5eebcf5996e194fbb1fb3,95be84b206fff97b95665b8192ce6f99f193f1299d79e4997ee719fe596f0008
W03-LIB-011,CEP_LIBRARY_EDITOR_FINAL_REQUIREMENT_PRESERVATION_CROSSWALK_v1.2.17_ACCEPTED.json + CEP_LIBRARY_EDITOR_EXECUTABLE_BLUEPRINT_v1.2.17_ACCEPTED_DESIGN_REFERENCE.html,W03-LIB-011,script#requirement-reconciliation-ledger :: W03-LIB-011 :: PRESERVE-001; VALUE-001,Direct exact-candidate closure required by Owner Direct Review 02.,Value preservation evidence; Value recovery evidence,Review evidence,none,not product-facing,GOVERNANCE,LOCAL_WRITER_COPY same-lineage; Writer-B v1.1.5_PRE_COLAB_SOURCE_COMPLETE_CANDIDATE; sole baseline v1.1.4 preserved; no GitHub/governed-Drive mutation,writer_source_tree=e59c0378da507faa4cc5eebcf5996e194fbb1fb3; source_manifest_sha256=95be84b206fff97b95665b8192ce6f99f193f1299d79e4997ee719fe596f0008; baseline_v1.1.4_zip_sha256=5954e55db93411293cacb28b4082f54cf53fe8fc3950e9e56ad36cf97b82d636,CEP_W01_W02_ASTRA1_DEEP_CORRECTION_AUDIT_v1.0.md; CEP_LIBRARY_EDITOR_EXECUTABLE_BLUEPRINT_v1.2.17_ACCEPTED_DESIGN_REFERENCE.html,audit + requirement reconciliation; value recovery ledger,N/A,governance/evidence,evidence only,NONE_IDENTIFIED_IN_CURRENT_CONTROLLER_MAPPING,STATIC_PROVEN for owner/path/symbol statements listed; local source re-inspected after corrections; see static/test receipt.,SEMANTIC_PROVEN only where behavior was directly reasoned/executed in safe harness; otherwise PARTIAL/UNPROVEN as reflected by verdict/notes.,See CEP_W01_W02_STATIC_AND_RUNTIME_TEST_RECEIPT_v1.1.1.json; no unexecuted suite is promoted to TEST_PROVEN. Writer-B v1.1.5 anti-loss regression harness 11/11 PASS on baseline and 11/11 PASS on successor; PHP syntax 215/215 PASS. Full project Vitest/Vite/Laravel/PostgreSQL/browser suite remains environment-gated where applicable.,Selective safe-harness runtime only; Laravel/PostgreSQL framework runtime NOT_RUN.,NOT_RUN_REAL_AUTHENTICATED_BROWSER,NOT_RUN_CURRENT_CORRECTED_CANDIDATE_VISUAL_REFERENCE_GATE,STATIC_PROVEN_PARTIAL; browser responsive/200% proof NOT_RUN.,STATIC_PROVEN_PARTIAL; focus/AT/browser proof NOT_RUN.,STATIC_PROVEN_PARTIAL; mixed-caret/browser matrix NOT_RUN.,EXACT_CURRENT_OWNER_OR_GOVERNANCE_ROW,NOT_APPLICABLE_JUSTIFIED,P0/P1,NOT_APPLICABLE_JUSTIFIED,NO_ADDITIONAL_NOTES,NOT_IN_CURRENT_67_ROW_IMPLEMENTATION_WAVE__CONTROLLER_DISPOSITION_PRESERVED,Preserved from Controller-adjudicated v1.1.2; no Writer promotion beyond evidence.,NOT_APPLICABLE__ROW_NOT_IN_67_ROW_IMPLEMENTATION_WAVE,v1.1.5_PRE_COLAB_SOURCE_COMPLETE_CANDIDATE,e59c0378da507faa4cc5eebcf5996e194fbb1fb3,95be84b206fff97b95665b8192ce6f99f193f1299d79e4997ee719fe596f0008
W03-LIB-012,CEP_LIBRARY_EDITOR_FINAL_REQUIREMENT_PRESERVATION_CROSSWALK_v1.2.17_ACCEPTED.json + CEP_LIBRARY_EDITOR_EXECUTABLE_BLUEPRINT_v1.2.17_ACCEPTED_DESIGN_REFERENCE.html,W03-LIB-012,script#requirement-reconciliation-ledger :: W03-LIB-012 :: QUALITY-001,Direct exact-candidate closure required by Owner Direct Review 02.,Writer assurance evidence,Review evidence,none,not product-facing,GOVERNANCE,LOCAL_WRITER_COPY same-lineage; Writer-B v1.1.5_PRE_COLAB_SOURCE_COMPLETE_CANDIDATE; sole baseline v1.1.4 preserved; no GitHub/governed-Drive mutation,writer_source_tree=e59c0378da507faa4cc5eebcf5996e194fbb1fb3; source_manifest_sha256=95be84b206fff97b95665b8192ce6f99f193f1299d79e4997ee719fe596f0008; baseline_v1.1.4_zip_sha256=5954e55db93411293cacb28b4082f54cf53fe8fc3950e9e56ad36cf97b82d636,CEP_LIBRARY_EDITOR_EXECUTABLE_BLUEPRINT_v1.2.17_ACCEPTED_DESIGN_REFERENCE.html,writer receipts + review ledgers,N/A,governance/evidence,evidence only,NONE_IDENTIFIED_IN_CURRENT_CONTROLLER_MAPPING,STATIC_PROVEN for owner/path/symbol statements listed; local source re-inspected after corrections; see static/test receipt.,SEMANTIC_PROVEN only where behavior was directly reasoned/executed in safe harness; otherwise PARTIAL/UNPROVEN as reflected by verdict/notes.,See CEP_W01_W02_STATIC_AND_RUNTIME_TEST_RECEIPT_v1.1.1.json; no unexecuted suite is promoted to TEST_PROVEN. Writer-B v1.1.5 anti-loss regression harness 11/11 PASS on baseline and 11/11 PASS on successor; PHP syntax 215/215 PASS. Full project Vitest/Vite/Laravel/PostgreSQL/browser suite remains environment-gated where applicable.,Selective safe-harness runtime only; Laravel/PostgreSQL framework runtime NOT_RUN.,NOT_RUN_REAL_AUTHENTICATED_BROWSER,NOT_RUN_CURRENT_CORRECTED_CANDIDATE_VISUAL_REFERENCE_GATE,STATIC_PROVEN_PARTIAL; browser responsive/200% proof NOT_RUN.,STATIC_PROVEN_PARTIAL; focus/AT/browser proof NOT_RUN.,STATIC_PROVEN_PARTIAL; mixed-caret/browser matrix NOT_RUN.,EXACT_CURRENT_OWNER_OR_GOVERNANCE_ROW,NOT_APPLICABLE_JUSTIFIED,P0/P1,NOT_APPLICABLE_JUSTIFIED,NO_ADDITIONAL_NOTES,NOT_IN_CURRENT_67_ROW_IMPLEMENTATION_WAVE__CONTROLLER_DISPOSITION_PRESERVED,Preserved from Controller-adjudicated v1.1.2; no Writer promotion beyond evidence.,NOT_APPLICABLE__ROW_NOT_IN_67_ROW_IMPLEMENTATION_WAVE,v1.1.5_PRE_COLAB_SOURCE_COMPLETE_CANDIDATE,e59c0378da507faa4cc5eebcf5996e194fbb1fb3,95be84b206fff97b95665b8192ce6f99f193f1299d79e4997ee719fe596f0008
OWNER-20260906-001,CEP_LIBRARY_EDITOR_FINAL_REQUIREMENT_PRESERVATION_CROSSWALK_v1.2.17_ACCEPTED.json + CEP_LIBRARY_EDITOR_EXECUTABLE_BLUEPRINT_v1.2.17_ACCEPTED_DESIGN_REFERENCE.html,OWNER-20260906-001,script#requirement-reconciliation-ledger :: OWNER-20260906-001 :: PREF-001; BIDI-001; BIDI-002,Customization-first defaults; no fixed Arabic content defaults; direction/alignment configurable without mixed-Bidi breakage,Global semantic preferences; Chrome/block direction; Block direction/alignment,GlobalPreferenceCore; GlobalPreferenceCore + block metadata; block metadata + global preference,preference.set/reset/import/export; preference.set / block metadata; StructuredDocument.metadata,Workbench settings; Workbench + StructuredEditor + CSS; StructuredEditor + Library Context controls,SHARED_CORE,LOCAL_WRITER_COPY same-lineage; Writer-B v1.1.5_PRE_COLAB_SOURCE_COMPLETE_CANDIDATE; sole baseline v1.1.4 preserved; no GitHub/governed-Drive mutation,writer_source_tree=e59c0378da507faa4cc5eebcf5996e194fbb1fb3; source_manifest_sha256=95be84b206fff97b95665b8192ce6f99f193f1299d79e4997ee719fe596f0008; baseline_v1.1.4_zip_sha256=5954e55db93411293cacb28b4082f54cf53fe8fc3950e9e56ad36cf97b82d636,resources/js/shared/GlobalPreferenceCore.ts; resources/js/workbench/Workbench.vue; resources/js/shared/StructuredContentCore.ts; resources/js/workbench/StructuredEditor.vue; resources/css/workbench.css; resources/js/workbench/LibraryWorkspace.vue,GlobalPreferenceCore; settings; setSetting; chromeDirection; StructuredDocument.metadata; textarea :dir; selected.dir/align controls,N/A,W02 Library/Learn workbench,bounded local candidate only,NONE_IDENTIFIED_IN_CURRENT_CONTROLLER_MAPPING,WRITER_v1.1.4_STATIC_PROVEN; exact mapped Production paths/symbol owners re-inspected; writer_source_tree=acd14514dddbd5e45aeb2fc25fed22560511d8ca; source_manifest_sha256=b5de82d4cb83534bab55de52cf7b2f64fec952e9b97062a294338ed21691edf5; changed-file scope audit=18/18 within Controller-mapped 67-row write scopes; full-matrix file-path existence audit=296/296.,WRITER_v1.1.4_SEMANTIC_REVIEW_EXECUTED against Controller-adjudicated owner graph; no alternate semantic/state/command/style/API owner introduced; Node semantic harness 34/34 PASS where applicable.,Strict TypeScript shared-core compile PASS; strict changed-SFC-script compile PASS; ProductionForgeCore.spec.ts source typecheck PASS; Node semantic harness 34/34 PASS; PHP syntax 211/211 PASS; public/workbench-bootstrap.js syntax PASS; full Vitest/Vite/vue-tsc/ESLint/Prettier suite NOT_RUN_TO_PASS because npm ci timed out and local Node/npm do not match declared engines. Writer-B v1.1.5 anti-loss regression harness 11/11 PASS on baseline and 11/11 PASS on successor; PHP syntax 215/215 PASS. Full project Vitest/Vite/Laravel/PostgreSQL/browser suite remains environment-gated where applicable.,SELECTIVE_NODE_SEMANTIC_RUNTIME_34_34_PASS_WHERE_APPLICABLE; FULL_VUE_LARAVEL_POSTGRESQL_RUNTIME_UNPROVEN,UNPROVEN_EXACT_ROUTE; system Chromium 144 headless smoke test timed out even on a minimal data URL; Playwright browser binary unavailable; no browser PASS promoted,UNPROVEN_POST_CHANGE_VISUAL; system Chromium harness and minimal smoke both timed out; no candidate-bound screenshot PASS promoted,STATIC_SOURCE_PROVEN; mapped wide/~1024/narrow policies inspected; real browser responsive/200% proof remains UNPROVEN,STATIC_SOURCE_PROVEN_PARTIAL; keyboard/focus owners and SFC scripts compile; real browser/assistive-technology proof remains UNPROVEN,STATIC_SOURCE_PROVEN_PARTIAL; logical properties/direction owners inspected; real mixed Arabic/LTR caret/selection browser matrix remains UNPROVEN,EXACT_CURRENT_OWNER_OR_GOVERNANCE_ROW,RUNTIME_UNPROVEN,P1,RUNTIME_UNPROVEN,WRITER_v1.1.4: mapped source implementation is present and static/semantic checks pass; required framework or real-browser runtime evidence remains open and is not promoted.,SOURCE_IMPLEMENTED_RUNTIME_PROOF_OPEN,Writer-B post-zero-orphan bounded parity successor; source manifest ec9d022617f1a88c6f39ea175407a68d77fe5d2f65effb457f73755f0465f3e6; patch 95b109a121a44a72121ae659a7fe084995674dc31b9f2e315d8e2168c682a6ff; 31/31 semantic harness; strict TS core/SFC scripts PASS; PHP syntax 211/211; no GitHub/Drive mutation.,Static logic present; mixed-caret browser matrix unproven.,v1.1.5_PRE_COLAB_SOURCE_COMPLETE_CANDIDATE,e59c0378da507faa4cc5eebcf5996e194fbb1fb3,95be84b206fff97b95665b8192ce6f99f193f1299d79e4997ee719fe596f0008
OWNER-20260906-002,CEP_LIBRARY_EDITOR_FINAL_REQUIREMENT_PRESERVATION_CROSSWALK_v1.2.17_ACCEPTED.json + CEP_LIBRARY_EDITOR_EXECUTABLE_BLUEPRINT_v1.2.17_ACCEPTED_DESIGN_REFERENCE.html,OWNER-20260906-002,script#requirement-reconciliation-ledger :: OWNER-20260906-002 :: SAVE-001; SAVE-002,Autosave optional/configurable; Recovery separate,Canonical draft save boundary; Local Recovery boundary,Library dirty/saving/conflict + revision lock; Library recovery state keyed by revision,document.save; recovery.restore,LibraryWorkspace + LessonRevisionWorkflow; LibraryWorkspace,DOMAIN_ADAPTER,LOCAL_WRITER_COPY same-lineage; Writer-B v1.1.5_PRE_COLAB_SOURCE_COMPLETE_CANDIDATE; sole baseline v1.1.4 preserved; no GitHub/governed-Drive mutation,writer_source_tree=e59c0378da507faa4cc5eebcf5996e194fbb1fb3; source_manifest_sha256=95be84b206fff97b95665b8192ce6f99f193f1299d79e4997ee719fe596f0008; baseline_v1.1.4_zip_sha256=5954e55db93411293cacb28b4082f54cf53fe8fc3950e9e56ad36cf97b82d636,resources/js/workbench/LibraryWorkspace.vue; app/Modules/Knowledge/Publication/LessonRevisionWorkflow.php; app/Http/Controllers/KnowledgeLearning/WorkbenchController.php,save; lock_version; updateDraft; recoveryKey; changed; restoreRecovery,PATCH /api/cep/v1/library/revisions/{revision}; localStorage recovery only,W02 Library/Learn workbench,bounded local candidate only,Recovery != canonical save/autosave; no durable recovery claim.,WRITER_v1.1.4_STATIC_PROVEN; exact mapped Production paths/symbol owners re-inspected; writer_source_tree=acd14514dddbd5e45aeb2fc25fed22560511d8ca; source_manifest_sha256=b5de82d4cb83534bab55de52cf7b2f64fec952e9b97062a294338ed21691edf5; changed-file scope audit=18/18 within Controller-mapped 67-row write scopes; full-matrix file-path existence audit=296/296.,WRITER_v1.1.4_SEMANTIC_REVIEW_EXECUTED against Controller-adjudicated owner graph; no alternate semantic/state/command/style/API owner introduced; Node semantic harness 34/34 PASS where applicable.,Strict TypeScript shared-core compile PASS; strict changed-SFC-script compile PASS; ProductionForgeCore.spec.ts source typecheck PASS; Node semantic harness 34/34 PASS; PHP syntax 211/211 PASS; public/workbench-bootstrap.js syntax PASS; full Vitest/Vite/vue-tsc/ESLint/Prettier suite NOT_RUN_TO_PASS because npm ci timed out and local Node/npm do not match declared engines. Writer-B v1.1.5 anti-loss regression harness 11/11 PASS on baseline and 11/11 PASS on successor; PHP syntax 215/215 PASS. Full project Vitest/Vite/Laravel/PostgreSQL/browser suite remains environment-gated where applicable.,SELECTIVE_NODE_SEMANTIC_RUNTIME_34_34_PASS_WHERE_APPLICABLE; FULL_VUE_LARAVEL_POSTGRESQL_RUNTIME_UNPROVEN,UNPROVEN_EXACT_ROUTE; system Chromium 144 headless smoke test timed out even on a minimal data URL; Playwright browser binary unavailable; no browser PASS promoted,UNPROVEN_POST_CHANGE_VISUAL; system Chromium harness and minimal smoke both timed out; no candidate-bound screenshot PASS promoted,STATIC_SOURCE_PROVEN; mapped wide/~1024/narrow policies inspected; real browser responsive/200% proof remains UNPROVEN,STATIC_SOURCE_PROVEN_PARTIAL; keyboard/focus owners and SFC scripts compile; real browser/assistive-technology proof remains UNPROVEN,STATIC_SOURCE_PROVEN_PARTIAL; logical properties/direction owners inspected; real mixed Arabic/LTR caret/selection browser matrix remains UNPROVEN,EXACT_CURRENT_OWNER_OR_GOVERNANCE_ROW,RUNTIME_UNPROVEN,P1,RUNTIME_UNPROVEN,WRITER_v1.1.4: mapped source implementation is present and static/semantic checks pass; required framework or real-browser runtime evidence remains open and is not promoted.,SOURCE_IMPLEMENTED_RUNTIME_PROOF_OPEN,Writer-B post-zero-orphan bounded parity successor; source manifest ec9d022617f1a88c6f39ea175407a68d77fe5d2f65effb457f73755f0465f3e6; patch 95b109a121a44a72121ae659a7fe084995674dc31b9f2e315d8e2168c682a6ff; 31/31 semantic harness; strict TS core/SFC scripts PASS; PHP syntax 211/211; no GitHub/Drive mutation.,"Autosave preference/scheduler absent, but canonical save/conflict destination is exact.",v1.1.5_PRE_COLAB_SOURCE_COMPLETE_CANDIDATE,e59c0378da507faa4cc5eebcf5996e194fbb1fb3,95be84b206fff97b95665b8192ce6f99f193f1299d79e4997ee719fe596f0008
OWNER-20260906-003,CEP_LIBRARY_EDITOR_FINAL_REQUIREMENT_PRESERVATION_CROSSWALK_v1.2.17_ACCEPTED.json + CEP_LIBRARY_EDITOR_EXECUTABLE_BLUEPRINT_v1.2.17_ACCEPTED_DESIGN_REFERENCE.html,OWNER-20260906-003,script#requirement-reconciliation-ledger :: OWNER-20260906-003 :: CODE-001; CODE-002; CLIP-001; CLIP-003,Automatic syntax highlight + one copy icon driven by global copy mode,Code render presentation; Code user formatting/copy actions; Clipboard policy; Clipboard operation surface,block raw code + presentation preference; block code metadata; GlobalPreferenceCore.clipboard + browser selection; selection/document working state,code render/copy; code annotation/copy; paste/copy family; copy/cut/paste,StructuredEditor code branch; StructuredEditor,DOMAIN_ADAPTER; SHARED_CORE,LOCAL_WRITER_COPY same-lineage; Writer-B v1.1.5_PRE_COLAB_SOURCE_COMPLETE_CANDIDATE; sole baseline v1.1.4 preserved; no GitHub/governed-Drive mutation,writer_source_tree=e59c0378da507faa4cc5eebcf5996e194fbb1fb3; source_manifest_sha256=95be84b206fff97b95665b8192ce6f99f193f1299d79e4997ee719fe596f0008; baseline_v1.1.4_zip_sha256=5954e55db93411293cacb28b4082f54cf53fe8fc3950e9e56ad36cf97b82d636,resources/js/workbench/StructuredEditor.vue; resources/js/pages/KnowledgeLearning/components/content/lessonContent.ts; resources/js/shared/ClipboardTrustCore.ts; resources/js/shared/GlobalPreferenceCore.ts,code-block branch; pre/code rendering; inlineLessonTokens; wrap guard; sanitizePaste; preferences.clipboard; paste; current browser selection,N/A,W02 Library/Learn workbench,bounded local candidate only,Do not mutate raw canonical code with automatic syntax tokens.,WRITER_v1.1.4_STATIC_PROVEN; exact mapped Production paths/symbol owners re-inspected; writer_source_tree=acd14514dddbd5e45aeb2fc25fed22560511d8ca; source_manifest_sha256=b5de82d4cb83534bab55de52cf7b2f64fec952e9b97062a294338ed21691edf5; changed-file scope audit=18/18 within Controller-mapped 67-row write scopes; full-matrix file-path existence audit=296/296.,WRITER_v1.1.4_SEMANTIC_REVIEW_EXECUTED against Controller-adjudicated owner graph; no alternate semantic/state/command/style/API owner introduced; Node semantic harness 34/34 PASS where applicable.,Strict TypeScript shared-core compile PASS; strict changed-SFC-script compile PASS; ProductionForgeCore.spec.ts source typecheck PASS; Node semantic harness 34/34 PASS; PHP syntax 211/211 PASS; public/workbench-bootstrap.js syntax PASS; full Vitest/Vite/vue-tsc/ESLint/Prettier suite NOT_RUN_TO_PASS because npm ci timed out and local Node/npm do not match declared engines. Writer-B v1.1.5 anti-loss regression harness 11/11 PASS on baseline and 11/11 PASS on successor; PHP syntax 215/215 PASS. Full project Vitest/Vite/Laravel/PostgreSQL/browser suite remains environment-gated where applicable.,SELECTIVE_NODE_SEMANTIC_RUNTIME_34_34_PASS_WHERE_APPLICABLE; FULL_VUE_LARAVEL_POSTGRESQL_RUNTIME_UNPROVEN,UNPROVEN_EXACT_ROUTE; system Chromium 144 headless smoke test timed out even on a minimal data URL; Playwright browser binary unavailable; no browser PASS promoted,UNPROVEN_POST_CHANGE_VISUAL; system Chromium harness and minimal smoke both timed out; no candidate-bound screenshot PASS promoted,STATIC_SOURCE_PROVEN; mapped wide/~1024/narrow policies inspected; real browser responsive/200% proof remains UNPROVEN,STATIC_SOURCE_PROVEN_PARTIAL; keyboard/focus owners and SFC scripts compile; real browser/assistive-technology proof remains UNPROVEN,STATIC_SOURCE_PROVEN_PARTIAL; logical properties/direction owners inspected; real mixed Arabic/LTR caret/selection browser matrix remains UNPROVEN,EXACT_CURRENT_OWNER_OR_GOVERNANCE_ROW,TRANSFERRED_WITH_PRODUCTION_ADAPTATION,P1,TRANSFERRED_WITH_PRODUCTION_ADAPTATION,WRITER_v1.1.4: mapped capability source implementation is present under the exact Controller owner graph; available static/semantic tests pass; no broader runtime/browser claim is implied.,SOURCE_IMPLEMENTED_AVAILABLE_ASSURANCE_PASS,Writer-B post-zero-orphan bounded parity successor; source manifest ec9d022617f1a88c6f39ea175407a68d77fe5d2f65effb457f73755f0465f3e6; patch 95b109a121a44a72121ae659a7fe084995674dc31b9f2e315d8e2168c682a6ff; 31/31 semantic harness; strict TS core/SFC scripts PASS; PHP syntax 211/211; no GitHub/Drive mutation.,"Automatic syntax highlighting renderer is missing; current code rendering owner is exact.; Manual code annotation contract is not implemented.; Paste policy exists; complete structured Copy/Cut remains C019.; Copy/Cut atomic/result paths are incomplete, but destination owner is exact.",v1.1.5_PRE_COLAB_SOURCE_COMPLETE_CANDIDATE,e59c0378da507faa4cc5eebcf5996e194fbb1fb3,95be84b206fff97b95665b8192ce6f99f193f1299d79e4997ee719fe596f0008
OWNER-20260906-004,CEP_LIBRARY_EDITOR_FINAL_REQUIREMENT_PRESERVATION_CROSSWALK_v1.2.17_ACCEPTED.json + CEP_LIBRARY_EDITOR_EXECUTABLE_BLUEPRINT_v1.2.17_ACCEPTED_DESIGN_REFERENCE.html,OWNER-20260906-004,script#requirement-reconciliation-ledger :: OWNER-20260906-004 :: CLIP-001; CLIP-002; TRUST-001,Global Plain/Formatted Clipboard behavior across blocks; rich paste sanitized,Clipboard policy; External rich-input trust boundary; Rich-input trust boundary,GlobalPreferenceCore.clipboard + browser selection; transient clipboard data; clipboard input only,paste/copy family; paste,StructuredEditor; ClipboardTrustCore,SHARED_CORE,LOCAL_WRITER_COPY same-lineage; Writer-B v1.1.5_PRE_COLAB_SOURCE_COMPLETE_CANDIDATE; sole baseline v1.1.4 preserved; no GitHub/governed-Drive mutation,writer_source_tree=e59c0378da507faa4cc5eebcf5996e194fbb1fb3; source_manifest_sha256=95be84b206fff97b95665b8192ce6f99f193f1299d79e4997ee719fe596f0008; baseline_v1.1.4_zip_sha256=5954e55db93411293cacb28b4082f54cf53fe8fc3950e9e56ad36cf97b82d636,resources/js/shared/ClipboardTrustCore.ts; resources/js/shared/GlobalPreferenceCore.ts; resources/js/workbench/StructuredEditor.vue,sanitizePaste; preferences.clipboard; paste,N/A,W02 Library/Learn workbench,bounded local candidate only,NONE_IDENTIFIED_IN_CURRENT_CONTROLLER_MAPPING,WRITER_v1.1.4_STATIC_PROVEN; exact mapped Production paths/symbol owners re-inspected; writer_source_tree=acd14514dddbd5e45aeb2fc25fed22560511d8ca; source_manifest_sha256=b5de82d4cb83534bab55de52cf7b2f64fec952e9b97062a294338ed21691edf5; changed-file scope audit=18/18 within Controller-mapped 67-row write scopes; full-matrix file-path existence audit=296/296.,WRITER_v1.1.4_SEMANTIC_REVIEW_EXECUTED against Controller-adjudicated owner graph; no alternate semantic/state/command/style/API owner introduced; Node semantic harness 34/34 PASS where applicable.,Strict TypeScript shared-core compile PASS; strict changed-SFC-script compile PASS; ProductionForgeCore.spec.ts source typecheck PASS; Node semantic harness 34/34 PASS; PHP syntax 211/211 PASS; public/workbench-bootstrap.js syntax PASS; full Vitest/Vite/vue-tsc/ESLint/Prettier suite NOT_RUN_TO_PASS because npm ci timed out and local Node/npm do not match declared engines. Writer-B v1.1.5 anti-loss regression harness 11/11 PASS on baseline and 11/11 PASS on successor; PHP syntax 215/215 PASS. Full project Vitest/Vite/Laravel/PostgreSQL/browser suite remains environment-gated where applicable.,SELECTIVE_NODE_SEMANTIC_RUNTIME_34_34_PASS_WHERE_APPLICABLE; FULL_VUE_LARAVEL_POSTGRESQL_RUNTIME_UNPROVEN,UNPROVEN_EXACT_ROUTE; system Chromium 144 headless smoke test timed out even on a minimal data URL; Playwright browser binary unavailable; no browser PASS promoted,UNPROVEN_POST_CHANGE_VISUAL; system Chromium harness and minimal smoke both timed out; no candidate-bound screenshot PASS promoted,STATIC_SOURCE_PROVEN; mapped wide/~1024/narrow policies inspected; real browser responsive/200% proof remains UNPROVEN,STATIC_SOURCE_PROVEN_PARTIAL; keyboard/focus owners and SFC scripts compile; real browser/assistive-technology proof remains UNPROVEN,STATIC_SOURCE_PROVEN_PARTIAL; logical properties/direction owners inspected; real mixed Arabic/LTR caret/selection browser matrix remains UNPROVEN,EXACT_CURRENT_OWNER_OR_GOVERNANCE_ROW,RUNTIME_UNPROVEN,P1,RUNTIME_UNPROVEN,WRITER_v1.1.4: mapped source implementation is present and static/semantic checks pass; required framework or real-browser runtime evidence remains open and is not promoted.,SOURCE_IMPLEMENTED_RUNTIME_PROOF_OPEN,Writer-B post-zero-orphan bounded parity successor; source manifest ec9d022617f1a88c6f39ea175407a68d77fe5d2f65effb457f73755f0465f3e6; patch 95b109a121a44a72121ae659a7fe084995674dc31b9f2e315d8e2168c682a6ff; 31/31 semantic harness; strict TS core/SFC scripts PASS; PHP syntax 211/211; no GitHub/Drive mutation.,Paste policy exists; complete structured Copy/Cut remains C019.,v1.1.5_PRE_COLAB_SOURCE_COMPLETE_CANDIDATE,e59c0378da507faa4cc5eebcf5996e194fbb1fb3,95be84b206fff97b95665b8192ce6f99f193f1299d79e4997ee719fe596f0008
OWNER-20260906-005,CEP_LIBRARY_EDITOR_FINAL_REQUIREMENT_PRESERVATION_CROSSWALK_v1.2.17_ACCEPTED.json + CEP_LIBRARY_EDITOR_EXECUTABLE_BLUEPRINT_v1.2.17_ACCEPTED_DESIGN_REFERENCE.html,OWNER-20260906-005,script#requirement-reconciliation-ledger :: OWNER-20260906-005 :: READ-001; ACTION-001,No insertion indicator in Read when insertion is unavailable,Read/Edit capability projection; Semantic command availability,LibraryWorkspace.editing + revision.editable; command registry + editor selection,mode/action availability; SemanticCommandCore + StructuredEditor.run,StructuredEditor/LibraryWorkspace; Workbench/StructuredEditor,DOMAIN_ADAPTER; SHARED_CORE,LOCAL_WRITER_COPY same-lineage; Writer-B v1.1.5_PRE_COLAB_SOURCE_COMPLETE_CANDIDATE; sole baseline v1.1.4 preserved; no GitHub/governed-Drive mutation,writer_source_tree=e59c0378da507faa4cc5eebcf5996e194fbb1fb3; source_manifest_sha256=95be84b206fff97b95665b8192ce6f99f193f1299d79e4997ee719fe596f0008; baseline_v1.1.4_zip_sha256=5954e55db93411293cacb28b4082f54cf53fe8fc3950e9e56ad36cf97b82d636,resources/js/workbench/LibraryWorkspace.vue; resources/js/workbench/StructuredEditor.vue; resources/js/shared/SemanticCommandCore.ts,editing; editable prop; read inspect; SemanticCommandCore; run; active,N/A,W02 Library/Learn workbench,bounded local candidate only,NONE_IDENTIFIED_IN_CURRENT_CONTROLLER_MAPPING,WRITER_v1.1.4_STATIC_PROVEN; exact mapped Production paths/symbol owners re-inspected; writer_source_tree=acd14514dddbd5e45aeb2fc25fed22560511d8ca; source_manifest_sha256=b5de82d4cb83534bab55de52cf7b2f64fec952e9b97062a294338ed21691edf5; changed-file scope audit=18/18 within Controller-mapped 67-row write scopes; full-matrix file-path existence audit=296/296.,WRITER_v1.1.4_SEMANTIC_REVIEW_EXECUTED against Controller-adjudicated owner graph; no alternate semantic/state/command/style/API owner introduced; Node semantic harness 34/34 PASS where applicable.,Strict TypeScript shared-core compile PASS; strict changed-SFC-script compile PASS; ProductionForgeCore.spec.ts source typecheck PASS; Node semantic harness 34/34 PASS; PHP syntax 211/211 PASS; public/workbench-bootstrap.js syntax PASS; full Vitest/Vite/vue-tsc/ESLint/Prettier suite NOT_RUN_TO_PASS because npm ci timed out and local Node/npm do not match declared engines. Writer-B v1.1.5 anti-loss regression harness 11/11 PASS on baseline and 11/11 PASS on successor; PHP syntax 215/215 PASS. Full project Vitest/Vite/Laravel/PostgreSQL/browser suite remains environment-gated where applicable.,SELECTIVE_NODE_SEMANTIC_RUNTIME_34_34_PASS_WHERE_APPLICABLE; FULL_VUE_LARAVEL_POSTGRESQL_RUNTIME_UNPROVEN,UNPROVEN_EXACT_ROUTE; system Chromium 144 headless smoke test timed out even on a minimal data URL; Playwright browser binary unavailable; no browser PASS promoted,UNPROVEN_POST_CHANGE_VISUAL; system Chromium harness and minimal smoke both timed out; no candidate-bound screenshot PASS promoted,STATIC_SOURCE_PROVEN; mapped wide/~1024/narrow policies inspected; real browser responsive/200% proof remains UNPROVEN,STATIC_SOURCE_PROVEN_PARTIAL; keyboard/focus owners and SFC scripts compile; real browser/assistive-technology proof remains UNPROVEN,STATIC_SOURCE_PROVEN_PARTIAL; logical properties/direction owners inspected; real mixed Arabic/LTR caret/selection browser matrix remains UNPROVEN,EXACT_CURRENT_OWNER_OR_GOVERNANCE_ROW,RUNTIME_UNPROVEN,P1,RUNTIME_UNPROVEN,WRITER_v1.1.4: mapped source implementation is present and static/semantic checks pass; required framework or real-browser runtime evidence remains open and is not promoted.,SOURCE_IMPLEMENTED_RUNTIME_PROOF_OPEN,Writer-B post-zero-orphan bounded parity successor; source manifest ec9d022617f1a88c6f39ea175407a68d77fe5d2f65effb457f73755f0465f3e6; patch 95b109a121a44a72121ae659a7fe084995674dc31b9f2e315d8e2168c682a6ff; 31/31 semantic harness; strict TS core/SFC scripts PASS; PHP syntax 211/211; no GitHub/Drive mutation.,Accepted Read Mode formatting/style action matrix is not complete.; Shell registry exists; editor action surfaces are not yet fully converged.,v1.1.5_PRE_COLAB_SOURCE_COMPLETE_CANDIDATE,e59c0378da507faa4cc5eebcf5996e194fbb1fb3,95be84b206fff97b95665b8192ce6f99f193f1299d79e4997ee719fe596f0008
OWNER-20260906-006,CEP_LIBRARY_EDITOR_FINAL_REQUIREMENT_PRESERVATION_CROSSWALK_v1.2.17_ACCEPTED.json + CEP_LIBRARY_EDITOR_EXECUTABLE_BLUEPRINT_v1.2.17_ACCEPTED_DESIGN_REFERENCE.html,OWNER-20260906-006,script#requirement-reconciliation-ledger :: OWNER-20260906-006 :: SEL-001,Neutral workspace interaction can clear block focus/selection appropriately,Inline selection semantics,StructuredEditor inlineRange + active block,selection formatting/link/reference,StructuredEditor,DOMAIN_ADAPTER,LOCAL_WRITER_COPY same-lineage; Writer-B v1.1.5_PRE_COLAB_SOURCE_COMPLETE_CANDIDATE; sole baseline v1.1.4 preserved; no GitHub/governed-Drive mutation,writer_source_tree=e59c0378da507faa4cc5eebcf5996e194fbb1fb3; source_manifest_sha256=95be84b206fff97b95665b8192ce6f99f193f1299d79e4997ee719fe596f0008; baseline_v1.1.4_zip_sha256=5954e55db93411293cacb28b4082f54cf53fe8fc3950e9e56ad36cf97b82d636,resources/js/workbench/StructuredEditor.vue,inlineRange; wrap; openInline; applyInline,N/A,W02 Library/Learn workbench,bounded local candidate only,NONE_IDENTIFIED_IN_CURRENT_CONTROLLER_MAPPING,WRITER_v1.1.4_STATIC_PROVEN; exact mapped Production paths/symbol owners re-inspected; writer_source_tree=acd14514dddbd5e45aeb2fc25fed22560511d8ca; source_manifest_sha256=b5de82d4cb83534bab55de52cf7b2f64fec952e9b97062a294338ed21691edf5; changed-file scope audit=18/18 within Controller-mapped 67-row write scopes; full-matrix file-path existence audit=296/296.,WRITER_v1.1.4_SEMANTIC_REVIEW_EXECUTED against Controller-adjudicated owner graph; no alternate semantic/state/command/style/API owner introduced; Node semantic harness 34/34 PASS where applicable.,Strict TypeScript shared-core compile PASS; strict changed-SFC-script compile PASS; ProductionForgeCore.spec.ts source typecheck PASS; Node semantic harness 34/34 PASS; PHP syntax 211/211 PASS; public/workbench-bootstrap.js syntax PASS; full Vitest/Vite/vue-tsc/ESLint/Prettier suite NOT_RUN_TO_PASS because npm ci timed out and local Node/npm do not match declared engines. Writer-B v1.1.5 anti-loss regression harness 11/11 PASS on baseline and 11/11 PASS on successor; PHP syntax 215/215 PASS. Full project Vitest/Vite/Laravel/PostgreSQL/browser suite remains environment-gated where applicable.,SELECTIVE_NODE_SEMANTIC_RUNTIME_34_34_PASS_WHERE_APPLICABLE; FULL_VUE_LARAVEL_POSTGRESQL_RUNTIME_UNPROVEN,UNPROVEN_EXACT_ROUTE; system Chromium 144 headless smoke test timed out even on a minimal data URL; Playwright browser binary unavailable; no browser PASS promoted,UNPROVEN_POST_CHANGE_VISUAL; system Chromium harness and minimal smoke both timed out; no candidate-bound screenshot PASS promoted,STATIC_SOURCE_PROVEN; mapped wide/~1024/narrow policies inspected; real browser responsive/200% proof remains UNPROVEN,STATIC_SOURCE_PROVEN_PARTIAL; keyboard/focus owners and SFC scripts compile; real browser/assistive-technology proof remains UNPROVEN,STATIC_SOURCE_PROVEN_PARTIAL; logical properties/direction owners inspected; real mixed Arabic/LTR caret/selection browser matrix remains UNPROVEN,EXACT_CURRENT_OWNER_OR_GOVERNANCE_ROW,RUNTIME_UNPROVEN,P1,RUNTIME_UNPROVEN,WRITER_v1.1.4: mapped source implementation is present and static/semantic checks pass; required framework or real-browser runtime evidence remains open and is not promoted.,SOURCE_IMPLEMENTED_RUNTIME_PROOF_OPEN,Writer-B post-zero-orphan bounded parity successor; source manifest ec9d022617f1a88c6f39ea175407a68d77fe5d2f65effb457f73755f0465f3e6; patch 95b109a121a44a72121ae659a7fe084995674dc31b9f2e315d8e2168c682a6ff; 31/31 semantic harness; strict TS core/SFC scripts PASS; PHP syntax 211/211; no GitHub/Drive mutation.,Captured range helpers exist; selection-adjacent toolbar UI and full actions are incomplete.,v1.1.5_PRE_COLAB_SOURCE_COMPLETE_CANDIDATE,e59c0378da507faa4cc5eebcf5996e194fbb1fb3,95be84b206fff97b95665b8192ce6f99f193f1299d79e4997ee719fe596f0008
OWNER-20260906-007,CEP_LIBRARY_EDITOR_FINAL_REQUIREMENT_PRESERVATION_CROSSWALK_v1.2.17_ACCEPTED.json + CEP_LIBRARY_EDITOR_EXECUTABLE_BLUEPRINT_v1.2.17_ACCEPTED_DESIGN_REFERENCE.html,OWNER-20260906-007,script#requirement-reconciliation-ledger :: OWNER-20260906-007 :: CENTER-001; CENTER-002,"Three major CENTER groups: Knowledge/Content, Related Learning, Related Context",Knowledge/Content center projection; Related Learning/Context projections,LibraryWorkspace local projection,disclosure native details,LibraryWorkspace content-section,DOMAIN_ADAPTER,LOCAL_WRITER_COPY same-lineage; Writer-B v1.1.5_PRE_COLAB_SOURCE_COMPLETE_CANDIDATE; sole baseline v1.1.4 preserved; no GitHub/governed-Drive mutation,writer_source_tree=e59c0378da507faa4cc5eebcf5996e194fbb1fb3; source_manifest_sha256=95be84b206fff97b95665b8192ce6f99f193f1299d79e4997ee719fe596f0008; baseline_v1.1.4_zip_sha256=5954e55db93411293cacb28b4082f54cf53fe8fc3950e9e56ad36cf97b82d636,resources/js/workbench/LibraryWorkspace.vue,details.content-section Knowledge & content; details.content-section Related learning; Related context,N/A,W02 Library/Learn workbench,bounded local candidate only,NONE_IDENTIFIED_IN_CURRENT_CONTROLLER_MAPPING,STATIC_PROVEN for owner/path/symbol statements listed; local source re-inspected after corrections; see static/test receipt.,SEMANTIC_PROVEN only where behavior was directly reasoned/executed in safe harness; otherwise PARTIAL/UNPROVEN as reflected by verdict/notes.,See CEP_W01_W02_STATIC_AND_RUNTIME_TEST_RECEIPT_v1.1.1.json; no unexecuted suite is promoted to TEST_PROVEN. Writer-B v1.1.5 anti-loss regression harness 11/11 PASS on baseline and 11/11 PASS on successor; PHP syntax 215/215 PASS. Full project Vitest/Vite/Laravel/PostgreSQL/browser suite remains environment-gated where applicable.,Selective safe-harness runtime only; Laravel/PostgreSQL framework runtime NOT_RUN.,NOT_RUN_REAL_AUTHENTICATED_BROWSER,NOT_RUN_CURRENT_CORRECTED_CANDIDATE_VISUAL_REFERENCE_GATE,STATIC_PROVEN_PARTIAL; browser responsive/200% proof NOT_RUN.,STATIC_PROVEN_PARTIAL; focus/AT/browser proof NOT_RUN.,STATIC_PROVEN_PARTIAL; mixed-caret/browser matrix NOT_RUN.,EXACT_CURRENT_OWNER_OR_GOVERNANCE_ROW,TRANSFERRED_WITH_PRODUCTION_ADAPTATION,P1,TRANSFERRED_WITH_PRODUCTION_ADAPTATION,Projection/navigation only; no canonical relationship mutation.,NOT_IN_CURRENT_67_ROW_IMPLEMENTATION_WAVE__CONTROLLER_DISPOSITION_PRESERVED,Preserved from Controller-adjudicated v1.1.2; no Writer promotion beyond evidence.,NOT_APPLICABLE__ROW_NOT_IN_67_ROW_IMPLEMENTATION_WAVE,v1.1.5_PRE_COLAB_SOURCE_COMPLETE_CANDIDATE,e59c0378da507faa4cc5eebcf5996e194fbb1fb3,95be84b206fff97b95665b8192ce6f99f193f1299d79e4997ee719fe596f0008
OWNER-20260906-008,CEP_LIBRARY_EDITOR_FINAL_REQUIREMENT_PRESERVATION_CROSSWALK_v1.2.17_ACCEPTED.json + CEP_LIBRARY_EDITOR_EXECUTABLE_BLUEPRINT_v1.2.17_ACCEPTED_DESIGN_REFERENCE.html,OWNER-20260906-008,script#requirement-reconciliation-ledger :: OWNER-20260906-008 :: NOTE-ADD-001; NOTES-001; MENU-001,Block Menu Add grouping with linked Sticky Note action bound to selected block,Linked Sticky Note creation + Sticky Notes system + Block command surface,LinkedStickyNoteCore.NoteWorkingState/NoteContextBinding/StickyNoteWindowState + StructuredEditor selection,"Existing SemanticCommandCore: note.new(context=selected block), note.open/pin/move/resize + block.*",BlockContextMenu + LibraryNotesLens + StickyNoteHost + StickyNoteEditorSurface,NEW_SHARED_CORE_OWNER: LinkedStickyNoteCore + EXISTING_SHARED_CORE: StructuredContentCore/SemanticCommandCore + Library adapter,LOCAL_WRITER_COPY same-lineage; Writer-B v1.1.5_PRE_COLAB_SOURCE_COMPLETE_CANDIDATE; sole baseline v1.1.4 preserved; no GitHub/governed-Drive mutation,writer_source_tree=e59c0378da507faa4cc5eebcf5996e194fbb1fb3; source_manifest_sha256=95be84b206fff97b95665b8192ce6f99f193f1299d79e4997ee719fe596f0008; baseline_v1.1.4_zip_sha256=5954e55db93411293cacb28b4082f54cf53fe8fc3950e9e56ad36cf97b82d636,resources/js/shared/LinkedStickyNoteCore.ts; resources/js/workbench/BlockContextMenu.vue; resources/js/workbench/LibraryNotesLens.vue; resources/js/workbench/StickyNoteHost.vue; resources/js/workbench/StickyNoteEditorSurface.vue; resources/js/workbench/StructuredEditor.vue; resources/js/workbench/LibraryWorkspace.vue; resources/js/shared/StructuredContentCore.ts; resources/js/shared/SemanticCommandCore.ts; resources/js/workbench/context.ts; resources/js/workbench/Workbench.vue,LinkedStickyNoteCore; BlockContextMenu; LibraryNotesLens; StickyNoteHost; StickyNoteEditorSurface; WorkbenchContext.commands,LinkedStickyNoteCore local/browser working-state storage only; durable server Notes API/schema AUTHORITY_GATED; OS always-on-top PLATFORM_GATED,W02 Library route: active object/revision + selected block/selection → immutable NoteContextBinding; no canonical Notes backend route is invented,resources/js/shared/LinkedStickyNoteCore.ts; resources/js/workbench/LibraryNotesLens.vue; resources/js/workbench/StickyNoteHost.vue; resources/js/workbench/StickyNoteEditorSurface.vue; resources/js/workbench/BlockContextMenu.vue; resources/js/workbench/LibraryWorkspace.vue; resources/js/workbench/StructuredEditor.vue; resources/js/workbench/context.ts; resources/js/workbench/Workbench.vue; resources/js/tests/ProductionForgeCore.spec.ts; resources/js/tests/ProductionForgeIntegration.spec.ts,OWNER-ADJ-PROD-NOTES-001: Do not repurpose WorkspaceMemoryCore.note; do not fork StructuredContentCore/StructuredDocument; do not create a second SemanticCommandCore; do not invent durable Notes schema/API; keep W04 Review/Evidence/Mastery separate.,WRITER_v1.1.4_STATIC_PROVEN; exact mapped Production paths/symbol owners re-inspected; writer_source_tree=acd14514dddbd5e45aeb2fc25fed22560511d8ca; source_manifest_sha256=b5de82d4cb83534bab55de52cf7b2f64fec952e9b97062a294338ed21691edf5; changed-file scope audit=18/18 within Controller-mapped 67-row write scopes; full-matrix file-path existence audit=296/296.,WRITER_v1.1.4_SEMANTIC_REVIEW_EXECUTED against Controller-adjudicated owner graph; no alternate semantic/state/command/style/API owner introduced; Node semantic harness 34/34 PASS where applicable.,Strict TypeScript shared-core compile PASS; strict changed-SFC-script compile PASS; ProductionForgeCore.spec.ts source typecheck PASS; Node semantic harness 34/34 PASS; PHP syntax 211/211 PASS; public/workbench-bootstrap.js syntax PASS; full Vitest/Vite/vue-tsc/ESLint/Prettier suite NOT_RUN_TO_PASS because npm ci timed out and local Node/npm do not match declared engines. Writer-B v1.1.5 anti-loss regression harness 11/11 PASS on baseline and 11/11 PASS on successor; PHP syntax 215/215 PASS. Full project Vitest/Vite/Laravel/PostgreSQL/browser suite remains environment-gated where applicable.,SELECTIVE_NODE_SEMANTIC_RUNTIME_34_34_PASS_WHERE_APPLICABLE; FULL_VUE_LARAVEL_POSTGRESQL_RUNTIME_UNPROVEN,UNPROVEN_EXACT_ROUTE; system Chromium 144 headless smoke test timed out even on a minimal data URL; Playwright browser binary unavailable; no browser PASS promoted,UNPROVEN_POST_CHANGE_VISUAL; system Chromium harness and minimal smoke both timed out; no candidate-bound screenshot PASS promoted,STATIC_SOURCE_PROVEN; mapped wide/~1024/narrow policies inspected; real browser responsive/200% proof remains UNPROVEN,STATIC_SOURCE_PROVEN_PARTIAL; keyboard/focus owners and SFC scripts compile; real browser/assistive-technology proof remains UNPROVEN,STATIC_SOURCE_PROVEN_PARTIAL; logical properties/direction owners inspected; real mixed Arabic/LTR caret/selection browser matrix remains UNPROVEN,EXACT_PLANNED_OWNER_CONTROLLER_ADJUDICATED,RUNTIME_UNPROVEN,P1,RUNTIME_UNPROVEN,WRITER_v1.1.4: mapped source implementation is present and static/semantic checks pass; required framework or real-browser runtime evidence remains open and is not promoted.,SOURCE_IMPLEMENTED_RUNTIME_PROOF_OPEN,Writer-B post-zero-orphan bounded parity successor; source manifest ec9d022617f1a88c6f39ea175407a68d77fe5d2f65effb457f73755f0465f3e6; patch 95b109a121a44a72121ae659a7fe084995674dc31b9f2e315d8e2168c682a6ff; 31/31 semantic harness; strict TS core/SFC scripts PASS; PHP syntax 211/211; no GitHub/Drive mutation.,"Accepted Blueprint names note.new + NoteContextBinding/StickyNoteHost, but current Production has no exact linked-note owner/file/symbol.; Current note owner is a different local revision annotation; exact new destination architecture is not adjudicated.; True grouped BlockContextMenu UI is missing; current semantic destination owner is exact. | Destination ownership resolved by OWNER-ADJ-PROD-NOTES-001. Mapping gate may pass; capability remains unimplemented/partial until bounded Writer execution.",v1.1.5_PRE_COLAB_SOURCE_COMPLETE_CANDIDATE,e59c0378da507faa4cc5eebcf5996e194fbb1fb3,95be84b206fff97b95665b8192ce6f99f193f1299d79e4997ee719fe596f0008
